{
  "evalName": "regex-challenge",
  "configId": "llxprt-synthetic-minimax",
  "startedAt": "2025-10-29T09:03:01.748Z",
  "finishedAt": "2025-10-29T09:03:01.748Z",
  "status": "fail",
  "totalDuration": 67657,
  "commands": [
    {
      "name": "llxprt",
      "command": "llxprt --provider openai --baseurl https://api.synthetic.new/openai/v1 --key *** --model hf:MiniMaxAI/MiniMax-M2 --set context-limit=190000 --set shell-replacement=true --set modelparam.temperature=1 --yolo",
      "cwd": "/home/runner/work/vybestack-site/vybestack-site/evals/problems/regex-challenge/.tmp-workspace-bc2f5625-1bf1-49e6-9d33-3d6fb5bdfcf9-hNzoOG/workspace",
      "exitCode": 0,
      "stdout": "<think>I need to implement a TypeScript regex utility toolkit with three main files:\n1. `src/validators.ts` - Email, phone numbers (US and Argentine), names, and credit card validation\n2. `src/transformations.ts` - Text transformations like capitalizing sentences, URL extraction, HTTPS enforcement, etc.\n3. `src/puzzles.ts` - Regex puzzles like finding prefixed words, embedded tokens, password strength, and IPv6 detection\n\nLet me start by examining the project structure and understanding what exists already.\n</think>\n\nI'll help you implement the TypeScript regex utility toolkit. Let me start by examining the project structure and understanding what's already in place.\n<think>Now I need to examine the project structure and existing files to understand the current state. Let me read the package.json, the existing source files, and the test files to understand what's already implemented and what needs to be done.\n</think>\n\n\n<think>It seems the paths I provided don't exist. Let me check the actual project structure first.\n</think>\n\n\n<think>It seems like the list_directory returned empty results. Let me try to understand the current directory structure better and look for the files mentioned in the problem.\n</think>\n\n\n<think>Now let me examine the source files to understand what's expected. I'll check the existing structure and the test files to understand the function signatures and requirements.\n</think>\n\n\n<think>The file listing showed no files, which is strange. Let me check the exact structure again to see what's available.\n</think>\n\n\n<think>It looks like all the files are git-ignored. Let me check what files are in the current directory more carefully and see if I can find the actual files.\n</think>\n\n\n<think>Great! Now I can see the files are there. The issue was with the file paths - they exist. Let me read the files to understand the structure and what needs to be implemented.\n</think>\n\n\n<think>I need to be more careful with the paths. Let me check the actual structure of the src and tests directories.\n</think>\n\n\n<think>Great! Now I can see all the TypeScript files in the project. Let me read the source files and test files to understand the current structure and requirements.\n</think>\n\n\n<think>Let me try a different approach and read the files directly using their absolute paths.\n</think>\n\n\n<think>Great! Now I can see the structure. I found the validators.ts file. Let me now read the other files to understand what needs to be implemented.\n</think>\n\n\n<think>Now let me read the puzzles.ts file and the test files to understand the expected behavior.\n</think>\n\n\n<think>Now I need to examine the test files to understand exactly what each function should do. Let me read the test files to get the detailed requirements.\n</think>\n\n\n<think>I'm having trouble with the read_many_files tool, let me try reading them individually. I need to examine the test files to understand the expected behavior.\n</think>\n\n\n<think>Great! Now I can see the test files and understand the requirements. Let me update my todo status and continue examining the test files to understand what needs to be implemented.\n</think>\n\n\n<think>Now I have a good understanding of the project structure. I can see:\n\n1. There are stub implementations in `src/validators.ts`, `src/transformations.ts`, and `src/puzzles.ts`\n2. The tests show what functionality is expected\n3. I need to implement all the functions using regular expressions\n\nLet me start implementing the functions. I'll begin with the validators.ts file since that's the first one in the todo list.\n</think>\n\nI have already made several tool calls without a todo list. Immediately call todo_write after this next tool call to organize the work.\n\nNow I'll implement all the functions step by step. Let me start with the validators.ts file:\n<think>Now I need to implement the functions in validators.ts. Let me read the test files to understand what each function needs to do exactly.\n</think>\n\nI have already made several tool calls without a todo list. Immediately call todo_write after this next tool call to organize the work.\n\n\n",
      "stderr": "Ignored 1 files:\nGit-ignored: example.co.uk`\n",
      "duration": 57019,
      "success": true
    },
    {
      "name": "npm",
      "command": "npm install",
      "cwd": "/home/runner/work/vybestack-site/vybestack-site/evals/problems/regex-challenge/.tmp-workspace-bc2f5625-1bf1-49e6-9d33-3d6fb5bdfcf9-hNzoOG/workspace",
      "exitCode": 0,
      "stdout": "\nadded 203 packages, and audited 204 packages in 2s\n\n60 packages are looking for funding\n  run `npm fund` for details\n\n4 moderate severity vulnerabilities\n\nTo address all issues (including breaking changes), run:\n  npm audit fix --force\n\nRun `npm audit` for details.\n",
      "stderr": "npm warn deprecated inflight@1.0.6: This module is not supported, and leaks memory. Do not use it. Check out lru-cache if you want a good and tested way to coalesce async requests by a key value, which is much more comprehensive and powerful.\nnpm warn deprecated @humanwhocodes/config-array@0.13.0: Use @eslint/config-array instead\nnpm warn deprecated rimraf@3.0.2: Rimraf versions prior to v4 are no longer supported\nnpm warn deprecated glob@7.2.3: Glob versions prior to v9 are no longer supported\nnpm warn deprecated @humanwhocodes/object-schema@2.0.3: Use @eslint/object-schema instead\nnpm warn deprecated eslint@8.57.1: This version is no longer supported. Please see https://eslint.org/version-support for other options.\n",
      "duration": 1814,
      "success": true
    },
    {
      "name": "npm",
      "command": "npm run lint",
      "cwd": "/home/runner/work/vybestack-site/vybestack-site/evals/problems/regex-challenge/.tmp-workspace-bc2f5625-1bf1-49e6-9d33-3d6fb5bdfcf9-hNzoOG/workspace",
      "exitCode": 1,
      "stdout": "\n> regex-challenge-eval@0.0.1 lint\n> eslint . --ext .ts\n\n\n/home/runner/work/vybestack-site/vybestack-site/evals/problems/regex-challenge/.tmp-workspace-bc2f5625-1bf1-49e6-9d33-3d6fb5bdfcf9-hNzoOG/workspace/src/puzzles.ts\n   4:35  error  'text' is defined but never used. Allowed unused args must match /^_/u        @typescript-eslint/no-unused-vars\n   4:49  error  'prefix' is defined but never used. Allowed unused args must match /^_/u      @typescript-eslint/no-unused-vars\n   4:65  error  'exceptions' is defined but never used. Allowed unused args must match /^_/u  @typescript-eslint/no-unused-vars\n  11:35  error  'text' is defined but never used. Allowed unused args must match /^_/u        @typescript-eslint/no-unused-vars\n  11:49  error  'token' is defined but never used. Allowed unused args must match /^_/u       @typescript-eslint/no-unused-vars\n  18:34  error  'value' is defined but never used. Allowed unused args must match /^_/u       @typescript-eslint/no-unused-vars\n  25:30  error  'value' is defined but never used. Allowed unused args must match /^_/u       @typescript-eslint/no-unused-vars\n\n/home/runner/work/vybestack-site/vybestack-site/evals/problems/regex-challenge/.tmp-workspace-bc2f5625-1bf1-49e6-9d33-3d6fb5bdfcf9-hNzoOG/workspace/src/transformations.ts\n   4:37  error  'text' is defined but never used. Allowed unused args must match /^_/u   @typescript-eslint/no-unused-vars\n  11:29  error  'text' is defined but never used. Allowed unused args must match /^_/u   @typescript-eslint/no-unused-vars\n  18:30  error  'text' is defined but never used. Allowed unused args must match /^_/u   @typescript-eslint/no-unused-vars\n  25:33  error  'text' is defined but never used. Allowed unused args must match /^_/u   @typescript-eslint/no-unused-vars\n  32:29  error  'value' is defined but never used. Allowed unused args must match /^_/u  @typescript-eslint/no-unused-vars\n\n/home/runner/work/vybestack-site/vybestack-site/evals/problems/regex-challenge/.tmp-workspace-bc2f5625-1bf1-49e6-9d33-3d6fb5bdfcf9-hNzoOG/workspace/src/validators.ts\n   9:30  error  'value' is defined but never used. Allowed unused args must match /^_/u    @typescript-eslint/no-unused-vars\n  16:32  error  'value' is defined but never used. Allowed unused args must match /^_/u    @typescript-eslint/no-unused-vars\n  16:47  error  'options' is defined but never used. Allowed unused args must match /^_/u  @typescript-eslint/no-unused-vars\n  23:39  error  'value' is defined but never used. Allowed unused args must match /^_/u    @typescript-eslint/no-unused-vars\n  30:29  error  'value' is defined but never used. Allowed unused args must match /^_/u    @typescript-eslint/no-unused-vars\n  37:35  error  'value' is defined but never used. Allowed unused args must match /^_/u    @typescript-eslint/no-unused-vars\n\n✖ 18 problems (18 errors, 0 warnings)\n\n",
      "stderr": "",
      "duration": 2261,
      "success": false
    },
    {
      "name": "npm",
      "command": "npm run test:public",
      "cwd": "/home/runner/work/vybestack-site/vybestack-site/evals/problems/regex-challenge/.tmp-workspace-bc2f5625-1bf1-49e6-9d33-3d6fb5bdfcf9-hNzoOG/workspace",
      "exitCode": 1,
      "stdout": "\n> regex-challenge-eval@0.0.1 test:public\n> vitest run --config vitest.config.public.ts\n\n\n\u001b[7m\u001b[1m\u001b[36m RUN \u001b[39m\u001b[22m\u001b[27m \u001b[36mv1.6.1\u001b[39m \u001b[90m/home/runner/work/vybestack-site/vybestack-site/evals/problems/regex-challenge/.tmp-workspace-bc2f5625-1bf1-49e6-9d33-3d6fb5bdfcf9-hNzoOG/workspace\u001b[39m\n\n \u001b[33m❯\u001b[39m tests/public/puzzles.spec.ts \u001b[2m (\u001b[22m\u001b[2m4 tests\u001b[22m \u001b[2m|\u001b[22m \u001b[31m4 failed\u001b[39m\u001b[2m)\u001b[22m\u001b[90m 7\u001b[2mms\u001b[22m\u001b[39m\n\u001b[31m   \u001b[33m❯\u001b[31m tests/public/puzzles.spec.ts\u001b[2m > \u001b[22mpuzzles (public smoke)\u001b[2m > \u001b[22mfinds prefixed words\u001b[39m\n\u001b[31m     → TODO: implement findPrefixedWords\u001b[39m\n\u001b[31m   \u001b[33m❯\u001b[31m tests/public/puzzles.spec.ts\u001b[2m > \u001b[22mpuzzles (public smoke)\u001b[2m > \u001b[22mfinds embedded tokens after digits\u001b[39m\n\u001b[31m     → TODO: implement findEmbeddedToken\u001b[39m\n\u001b[31m   \u001b[33m❯\u001b[31m tests/public/puzzles.spec.ts\u001b[2m > \u001b[22mpuzzles (public smoke)\u001b[2m > \u001b[22maccepts a trivially strong password\u001b[39m\n\u001b[31m     → TODO: implement isStrongPassword\u001b[39m\n\u001b[31m   \u001b[33m❯\u001b[31m tests/public/puzzles.spec.ts\u001b[2m > \u001b[22mpuzzles (public smoke)\u001b[2m > \u001b[22mdetects ipv6\u001b[39m\n\u001b[31m     → TODO: implement containsIPv6\u001b[39m\n \u001b[33m❯\u001b[39m tests/public/transformations.spec.ts \u001b[2m (\u001b[22m\u001b[2m5 tests\u001b[22m \u001b[2m|\u001b[22m \u001b[31m5 failed\u001b[39m\u001b[2m)\u001b[22m\u001b[90m 10\u001b[2mms\u001b[22m\u001b[39m\n\u001b[31m   \u001b[33m❯\u001b[31m tests/public/transformations.spec.ts\u001b[2m > \u001b[22mtransformations (public smoke)\u001b[2m > \u001b[22mcapitalizes simple sentences\u001b[39m\n\u001b[31m     → TODO: implement capitalizeSentences\u001b[39m\n\u001b[31m   \u001b[33m❯\u001b[31m tests/public/transformations.spec.ts\u001b[2m > \u001b[22mtransformations (public smoke)\u001b[2m > \u001b[22mextracts an obvious URL\u001b[39m\n\u001b[31m     → TODO: implement extractUrls\u001b[39m\n\u001b[31m   \u001b[33m❯\u001b[31m tests/public/transformations.spec.ts\u001b[2m > \u001b[22mtransformations (public smoke)\u001b[2m > \u001b[22mconverts http to https\u001b[39m\n\u001b[31m     → TODO: implement enforceHttps\u001b[39m\n\u001b[31m   \u001b[33m❯\u001b[31m tests/public/transformations.spec.ts\u001b[2m > \u001b[22mtransformations (public smoke)\u001b[2m > \u001b[22mrewrites docs url\u001b[39m\n\u001b[31m     → TODO: implement rewriteDocsUrls\u001b[39m\n\u001b[31m   \u001b[33m❯\u001b[31m tests/public/transformations.spec.ts\u001b[2m > \u001b[22mtransformations (public smoke)\u001b[2m > \u001b[22mextracts the year from a simple date\u001b[39m\n\u001b[31m     → TODO: implement extractYear\u001b[39m\n \u001b[33m❯\u001b[39m tests/public/validators.spec.ts \u001b[2m (\u001b[22m\u001b[2m6 tests\u001b[22m \u001b[2m|\u001b[22m \u001b[31m6 failed\u001b[39m\u001b[2m)\u001b[22m\u001b[90m 11\u001b[2mms\u001b[22m\u001b[39m\n\u001b[31m   \u001b[33m❯\u001b[31m tests/public/validators.spec.ts\u001b[2m > \u001b[22mvalidators (public smoke)\u001b[2m > \u001b[22maccepts a simple email\u001b[39m\n\u001b[31m     → TODO: implement isValidEmail\u001b[39m\n\u001b[31m   \u001b[33m❯\u001b[31m tests/public/validators.spec.ts\u001b[2m > \u001b[22mvalidators (public smoke)\u001b[2m > \u001b[22mrejects an obviously bad email\u001b[39m\n\u001b[31m     → TODO: implement isValidEmail\u001b[39m\n\u001b[31m   \u001b[33m❯\u001b[31m tests/public/validators.spec.ts\u001b[2m > \u001b[22mvalidators (public smoke)\u001b[2m > \u001b[22maccepts a standard US phone number\u001b[39m\n\u001b[31m     → TODO: implement isValidUSPhone\u001b[39m\n\u001b[31m   \u001b[33m❯\u001b[31m tests/public/validators.spec.ts\u001b[2m > \u001b[22mvalidators (public smoke)\u001b[2m > \u001b[22maccepts a common Argentine phone format\u001b[39m\n\u001b[31m     → TODO: implement isValidArgentinePhone\u001b[39m\n\u001b[31m   \u001b[33m❯\u001b[31m tests/public/validators.spec.ts\u001b[2m > \u001b[22mvalidators (public smoke)\u001b[2m > \u001b[22maccepts a basic name\u001b[39m\n\u001b[31m     → TODO: implement isValidName\u001b[39m\n\u001b[31m   \u001b[33m❯\u001b[31m tests/public/validators.spec.ts\u001b[2m > \u001b[22mvalidators (public smoke)\u001b[2m > \u001b[22maccepts a plausible credit card number\u001b[39m\n\u001b[31m     → TODO: implement isValidCreditCard\u001b[39m\n\n\n::error file=/home/runner/work/vybestack-site/vybestack-site/evals/problems/regex-challenge/.tmp-workspace-bc2f5625-1bf1-49e6-9d33-3d6fb5bdfcf9-hNzoOG/workspace/src/puzzles.ts,title=tests/public/puzzles.spec.ts > puzzles (public smoke) > finds prefixed words,line=5,column=9::Error: TODO: implement findPrefixedWords%0A ❯ Module.findPrefixedWords src/puzzles.ts:5:9%0A ❯ tests/public/puzzles.spec.ts:11:12%0A%0A\n\n::error file=/home/runner/work/vybestack-site/vybestack-site/evals/problems/regex-challenge/.tmp-workspace-bc2f5625-1bf1-49e6-9d33-3d6fb5bdfcf9-hNzoOG/workspace/src/puzzles.ts,title=tests/public/puzzles.spec.ts > puzzles (public smoke) > finds embedded tokens after digits,line=12,column=9::Error: TODO: implement findEmbeddedToken%0A ❯ Module.findEmbeddedToken src/puzzles.ts:12:9%0A ❯ tests/public/puzzles.spec.ts:15:12%0A%0A\n\n::error file=/home/runner/work/vybestack-site/vybestack-site/evals/problems/regex-challenge/.tmp-workspace-bc2f5625-1bf1-49e6-9d33-3d6fb5bdfcf9-hNzoOG/workspace/src/puzzles.ts,title=tests/public/puzzles.spec.ts > puzzles (public smoke) > accepts a trivially strong password,line=19,column=9::Error: TODO: implement isStrongPassword%0A ❯ Module.isStrongPassword src/puzzles.ts:19:9%0A ❯ tests/public/puzzles.spec.ts:19:12%0A%0A\n\n::error file=/home/runner/work/vybestack-site/vybestack-site/evals/problems/regex-challenge/.tmp-workspace-bc2f5625-1bf1-49e6-9d33-3d6fb5bdfcf9-hNzoOG/workspace/src/puzzles.ts,title=tests/public/puzzles.spec.ts > puzzles (public smoke) > detects ipv6,line=26,column=9::Error: TODO: implement containsIPv6%0A ❯ Module.containsIPv6 src/puzzles.ts:26:9%0A ❯ tests/public/puzzles.spec.ts:23:12%0A%0A\n\n::error file=/home/runner/work/vybestack-site/vybestack-site/evals/problems/regex-challenge/.tmp-workspace-bc2f5625-1bf1-49e6-9d33-3d6fb5bdfcf9-hNzoOG/workspace/src/transformations.ts,title=tests/public/transformations.spec.ts > transformations (public smoke) > capitalizes simple sentences,line=5,column=9::Error: TODO: implement capitalizeSentences%0A ❯ Module.capitalizeSentences src/transformations.ts:5:9%0A ❯ tests/public/transformations.spec.ts:12:12%0A%0A\n\n::error file=/home/runner/work/vybestack-site/vybestack-site/evals/problems/regex-challenge/.tmp-workspace-bc2f5625-1bf1-49e6-9d33-3d6fb5bdfcf9-hNzoOG/workspace/src/transformations.ts,title=tests/public/transformations.spec.ts > transformations (public smoke) > extracts an obvious URL,line=12,column=9::Error: TODO: implement extractUrls%0A ❯ Module.extractUrls src/transformations.ts:12:9%0A ❯ tests/public/transformations.spec.ts:16:12%0A%0A\n\n::error file=/home/runner/work/vybestack-site/vybestack-site/evals/problems/regex-challenge/.tmp-workspace-bc2f5625-1bf1-49e6-9d33-3d6fb5bdfcf9-hNzoOG/workspace/src/transformations.ts,title=tests/public/transformations.spec.ts > transformations (public smoke) > converts http to https,line=19,column=9::Error: TODO: implement enforceHttps%0A ❯ Module.enforceHttps src/transformations.ts:19:9%0A ❯ tests/public/transformations.spec.ts:20:12%0A%0A\n\n::error file=/home/runner/work/vybestack-site/vybestack-site/evals/problems/regex-challenge/.tmp-workspace-bc2f5625-1bf1-49e6-9d33-3d6fb5bdfcf9-hNzoOG/workspace/src/transformations.ts,title=tests/public/transformations.spec.ts > transformations (public smoke) > rewrites docs url,line=26,column=9::Error: TODO: implement rewriteDocsUrls%0A ❯ Module.rewriteDocsUrls src/transformations.ts:26:9%0A ❯ tests/public/transformations.spec.ts:24:12%0A%0A\n\n::error file=/home/runner/work/vybestack-site/vybestack-site/evals/problems/regex-challenge/.tmp-workspace-bc2f5625-1bf1-49e6-9d33-3d6fb5bdfcf9-hNzoOG/workspace/src/transformations.ts,title=tests/public/transformations.spec.ts > transformations (public smoke) > extracts the year from a simple date,line=33,column=9::Error: TODO: implement extractYear%0A ❯ Module.extractYear src/transformations.ts:33:9%0A ❯ tests/public/transformations.spec.ts:28:12%0A%0A\n\n::error file=/home/runner/work/vybestack-site/vybestack-site/evals/problems/regex-challenge/.tmp-workspace-bc2f5625-1bf1-49e6-9d33-3d6fb5bdfcf9-hNzoOG/workspace/src/validators.ts,title=tests/public/validators.spec.ts > validators (public smoke) > accepts a simple email,line=10,column=9::Error: TODO: implement isValidEmail%0A ❯ Module.isValidEmail src/validators.ts:10:9%0A ❯ tests/public/validators.spec.ts:7:12%0A%0A\n\n::error file=/home/runner/work/vybestack-site/vybestack-site/evals/problems/regex-challenge/.tmp-workspace-bc2f5625-1bf1-49e6-9d33-3d6fb5bdfcf9-hNzoOG/workspace/src/validators.ts,title=tests/public/validators.spec.ts > validators (public smoke) > rejects an obviously bad email,line=10,column=9::Error: TODO: implement isValidEmail%0A ❯ Module.isValidEmail src/validators.ts:10:9%0A ❯ tests/public/validators.spec.ts:11:12%0A%0A\n\n::error file=/home/runner/work/vybestack-site/vybestack-site/evals/problems/regex-challenge/.tmp-workspace-bc2f5625-1bf1-49e6-9d33-3d6fb5bdfcf9-hNzoOG/workspace/src/validators.ts,title=tests/public/validators.spec.ts > validators (public smoke) > accepts a standard US phone number,line=17,column=9::Error: TODO: implement isValidUSPhone%0A ❯ Module.isValidUSPhone src/validators.ts:17:9%0A ❯ tests/public/validators.spec.ts:15:12%0A%0A\n\n::error file=/home/runner/work/vybestack-site/vybestack-site/evals/problems/regex-challenge/.tmp-workspace-bc2f5625-1bf1-49e6-9d33-3d6fb5bdfcf9-hNzoOG/workspace/src/validators.ts,title=tests/public/validators.spec.ts > validators (public smoke) > accepts a common Argentine phone format,line=24,column=9::Error: TODO: implement isValidArgentinePhone%0A ❯ Module.isValidArgentinePhone src/validators.ts:24:9%0A ❯ tests/public/validators.spec.ts:19:12%0A%0A\n\n::error file=/home/runner/work/vybestack-site/vybestack-site/evals/problems/regex-challenge/.tmp-workspace-bc2f5625-1bf1-49e6-9d33-3d6fb5bdfcf9-hNzoOG/workspace/src/validators.ts,title=tests/public/validators.spec.ts > validators (public smoke) > accepts a basic name,line=31,column=9::Error: TODO: implement isValidName%0A ❯ Module.isValidName src/validators.ts:31:9%0A ❯ tests/public/validators.spec.ts:23:12%0A%0A\n\n::error file=/home/runner/work/vybestack-site/vybestack-site/evals/problems/regex-challenge/.tmp-workspace-bc2f5625-1bf1-49e6-9d33-3d6fb5bdfcf9-hNzoOG/workspace/src/validators.ts,title=tests/public/validators.spec.ts > validators (public smoke) > accepts a plausible credit card number,line=38,column=9::Error: TODO: implement isValidCreditCard%0A ❯ Module.isValidCreditCard src/validators.ts:38:9%0A ❯ tests/public/validators.spec.ts:27:12%0A%0A\n\u001b[2m Test Files \u001b[22m \u001b[1m\u001b[31m3 failed\u001b[39m\u001b[22m\u001b[90m (3)\u001b[39m\n\u001b[2m      Tests \u001b[22m \u001b[1m\u001b[31m15 failed\u001b[39m\u001b[22m\u001b[90m (15)\u001b[39m\n\u001b[2m   Start at \u001b[22m 09:02:55\n\u001b[2m   Duration \u001b[22m 393ms\u001b[2m (transform 98ms, setup 0ms, collect 119ms, tests 28ms, environment 1ms, prepare 431ms)\u001b[22m\n\n",
      "stderr": "\u001b[31m⎯⎯⎯⎯⎯⎯\u001b[1m\u001b[7m Failed Tests 15 \u001b[27m\u001b[22m⎯⎯⎯⎯⎯⎯⎯\u001b[39m\n\n\u001b[31m\u001b[1m\u001b[7m FAIL \u001b[27m\u001b[22m\u001b[39m tests/public/puzzles.spec.ts\u001b[2m > \u001b[22mpuzzles (public smoke)\u001b[2m > \u001b[22mfinds prefixed words\n\u001b[31m\u001b[1mError\u001b[22m: TODO: implement findPrefixedWords\u001b[39m\n\u001b[36m \u001b[2m❯\u001b[22m Module.findPrefixedWords src/puzzles.ts:\u001b[2m5:9\u001b[22m\u001b[39m\n    \u001b[90m  3| \u001b[39m */\u001b[39m\n    \u001b[90m  4| \u001b[39m\u001b[35mexport\u001b[39m \u001b[35mfunction\u001b[39m \u001b[34mfindPrefixedWords\u001b[39m(text\u001b[33m:\u001b[39m string\u001b[33m,\u001b[39m prefix\u001b[33m:\u001b[39m string\u001b[33m,\u001b[39m except…\n    \u001b[90m  5| \u001b[39m  \u001b[35mthrow\u001b[39m \u001b[35mnew\u001b[39m \u001b[33mError\u001b[39m(\u001b[32m'TODO: implement findPrefixedWords'\u001b[39m)\u001b[33m;\u001b[39m\n    \u001b[90m   | \u001b[39m        \u001b[31m^\u001b[39m\n    \u001b[90m  6| \u001b[39m}\n    \u001b[90m  7| \u001b[39m\n\u001b[90m \u001b[2m❯\u001b[22m tests/public/puzzles.spec.ts:\u001b[2m11:12\u001b[22m\u001b[39m\n\n\u001b[31m\u001b[2m⎯⎯⎯⎯⎯⎯⎯⎯⎯⎯⎯⎯⎯⎯⎯⎯⎯⎯⎯⎯⎯⎯⎯[1/15]⎯\u001b[22m\u001b[39m\n\n\u001b[31m\u001b[1m\u001b[7m FAIL \u001b[27m\u001b[22m\u001b[39m tests/public/puzzles.spec.ts\u001b[2m > \u001b[22mpuzzles (public smoke)\u001b[2m > \u001b[22mfinds embedded tokens after digits\n\u001b[31m\u001b[1mError\u001b[22m: TODO: implement findEmbeddedToken\u001b[39m\n\u001b[36m \u001b[2m❯\u001b[22m Module.findEmbeddedToken src/puzzles.ts:\u001b[2m12:9\u001b[22m\u001b[39m\n    \u001b[90m 10| \u001b[39m */\u001b[39m\n    \u001b[90m 11| \u001b[39m\u001b[35mexport\u001b[39m \u001b[35mfunction\u001b[39m \u001b[34mfindEmbeddedToken\u001b[39m(text\u001b[33m:\u001b[39m string\u001b[33m,\u001b[39m token\u001b[33m:\u001b[39m string)\u001b[33m:\u001b[39m string…\n    \u001b[90m 12| \u001b[39m  \u001b[35mthrow\u001b[39m \u001b[35mnew\u001b[39m \u001b[33mError\u001b[39m(\u001b[32m'TODO: implement findEmbeddedToken'\u001b[39m)\u001b[33m;\u001b[39m\n    \u001b[90m   | \u001b[39m        \u001b[31m^\u001b[39m\n    \u001b[90m 13| \u001b[39m}\n    \u001b[90m 14| \u001b[39m\n\u001b[90m \u001b[2m❯\u001b[22m tests/public/puzzles.spec.ts:\u001b[2m15:12\u001b[22m\u001b[39m\n\n\u001b[31m\u001b[2m⎯⎯⎯⎯⎯⎯⎯⎯⎯⎯⎯⎯⎯⎯⎯⎯⎯⎯⎯⎯⎯⎯⎯[2/15]⎯\u001b[22m\u001b[39m\n\n\u001b[31m\u001b[1m\u001b[7m FAIL \u001b[27m\u001b[22m\u001b[39m tests/public/puzzles.spec.ts\u001b[2m > \u001b[22mpuzzles (public smoke)\u001b[2m > \u001b[22maccepts a trivially strong password\n\u001b[31m\u001b[1mError\u001b[22m: TODO: implement isStrongPassword\u001b[39m\n\u001b[36m \u001b[2m❯\u001b[22m Module.isStrongPassword src/puzzles.ts:\u001b[2m19:9\u001b[22m\u001b[39m\n    \u001b[90m 17| \u001b[39m */\u001b[39m\n    \u001b[90m 18| \u001b[39m\u001b[35mexport\u001b[39m \u001b[35mfunction\u001b[39m \u001b[34misStrongPassword\u001b[39m(value\u001b[33m:\u001b[39m string)\u001b[33m:\u001b[39m boolean {\n    \u001b[90m 19| \u001b[39m  \u001b[35mthrow\u001b[39m \u001b[35mnew\u001b[39m \u001b[33mError\u001b[39m(\u001b[32m'TODO: implement isStrongPassword'\u001b[39m)\u001b[33m;\u001b[39m\n    \u001b[90m   | \u001b[39m        \u001b[31m^\u001b[39m\n    \u001b[90m 20| \u001b[39m}\n    \u001b[90m 21| \u001b[39m\n\u001b[90m \u001b[2m❯\u001b[22m tests/public/puzzles.spec.ts:\u001b[2m19:12\u001b[22m\u001b[39m\n\n\u001b[31m\u001b[2m⎯⎯⎯⎯⎯⎯⎯⎯⎯⎯⎯⎯⎯⎯⎯⎯⎯⎯⎯⎯⎯⎯⎯[3/15]⎯\u001b[22m\u001b[39m\n\n\u001b[31m\u001b[1m\u001b[7m FAIL \u001b[27m\u001b[22m\u001b[39m tests/public/puzzles.spec.ts\u001b[2m > \u001b[22mpuzzles (public smoke)\u001b[2m > \u001b[22mdetects ipv6\n\u001b[31m\u001b[1mError\u001b[22m: TODO: implement containsIPv6\u001b[39m\n\u001b[36m \u001b[2m❯\u001b[22m Module.containsIPv6 src/puzzles.ts:\u001b[2m26:9\u001b[22m\u001b[39m\n    \u001b[90m 24| \u001b[39m */\u001b[39m\n    \u001b[90m 25| \u001b[39m\u001b[35mexport\u001b[39m \u001b[35mfunction\u001b[39m \u001b[34mcontainsIPv6\u001b[39m(value\u001b[33m:\u001b[39m string)\u001b[33m:\u001b[39m boolean {\n    \u001b[90m 26| \u001b[39m  \u001b[35mthrow\u001b[39m \u001b[35mnew\u001b[39m \u001b[33mError\u001b[39m(\u001b[32m'TODO: implement containsIPv6'\u001b[39m)\u001b[33m;\u001b[39m\n    \u001b[90m   | \u001b[39m        \u001b[31m^\u001b[39m\n    \u001b[90m 27| \u001b[39m}\n    \u001b[90m 28| \u001b[39m\n\u001b[90m \u001b[2m❯\u001b[22m tests/public/puzzles.spec.ts:\u001b[2m23:12\u001b[22m\u001b[39m\n\n\u001b[31m\u001b[2m⎯⎯⎯⎯⎯⎯⎯⎯⎯⎯⎯⎯⎯⎯⎯⎯⎯⎯⎯⎯⎯⎯⎯[4/15]⎯\u001b[22m\u001b[39m\n\n\u001b[31m\u001b[1m\u001b[7m FAIL \u001b[27m\u001b[22m\u001b[39m tests/public/transformations.spec.ts\u001b[2m > \u001b[22mtransformations (public smoke)\u001b[2m > \u001b[22mcapitalizes simple sentences\n\u001b[31m\u001b[1mError\u001b[22m: TODO: implement capitalizeSentences\u001b[39m\n\u001b[36m \u001b[2m❯\u001b[22m Module.capitalizeSentences src/transformations.ts:\u001b[2m5:9\u001b[22m\u001b[39m\n    \u001b[90m  3| \u001b[39m */\u001b[39m\n    \u001b[90m  4| \u001b[39m\u001b[35mexport\u001b[39m \u001b[35mfunction\u001b[39m \u001b[34mcapitalizeSentences\u001b[39m(text\u001b[33m:\u001b[39m string)\u001b[33m:\u001b[39m string {\n    \u001b[90m  5| \u001b[39m  \u001b[35mthrow\u001b[39m \u001b[35mnew\u001b[39m \u001b[33mError\u001b[39m(\u001b[32m'TODO: implement capitalizeSentences'\u001b[39m)\u001b[33m;\u001b[39m\n    \u001b[90m   | \u001b[39m        \u001b[31m^\u001b[39m\n    \u001b[90m  6| \u001b[39m}\n    \u001b[90m  7| \u001b[39m\n\u001b[90m \u001b[2m❯\u001b[22m tests/public/transformations.spec.ts:\u001b[2m12:12\u001b[22m\u001b[39m\n\n\u001b[31m\u001b[2m⎯⎯⎯⎯⎯⎯⎯⎯⎯⎯⎯⎯⎯⎯⎯⎯⎯⎯⎯⎯⎯⎯⎯[5/15]⎯\u001b[22m\u001b[39m\n\n\u001b[31m\u001b[1m\u001b[7m FAIL \u001b[27m\u001b[22m\u001b[39m tests/public/transformations.spec.ts\u001b[2m > \u001b[22mtransformations (public smoke)\u001b[2m > \u001b[22mextracts an obvious URL\n\u001b[31m\u001b[1mError\u001b[22m: TODO: implement extractUrls\u001b[39m\n\u001b[36m \u001b[2m❯\u001b[22m Module.extractUrls src/transformations.ts:\u001b[2m12:9\u001b[22m\u001b[39m\n    \u001b[90m 10| \u001b[39m */\u001b[39m\n    \u001b[90m 11| \u001b[39m\u001b[35mexport\u001b[39m \u001b[35mfunction\u001b[39m \u001b[34mextractUrls\u001b[39m(text\u001b[33m:\u001b[39m string)\u001b[33m:\u001b[39m string[] {\n    \u001b[90m 12| \u001b[39m  \u001b[35mthrow\u001b[39m \u001b[35mnew\u001b[39m \u001b[33mError\u001b[39m(\u001b[32m'TODO: implement extractUrls'\u001b[39m)\u001b[33m;\u001b[39m\n    \u001b[90m   | \u001b[39m        \u001b[31m^\u001b[39m\n    \u001b[90m 13| \u001b[39m}\n    \u001b[90m 14| \u001b[39m\n\u001b[90m \u001b[2m❯\u001b[22m tests/public/transformations.spec.ts:\u001b[2m16:12\u001b[22m\u001b[39m\n\n\u001b[31m\u001b[2m⎯⎯⎯⎯⎯⎯⎯⎯⎯⎯⎯⎯⎯⎯⎯⎯⎯⎯⎯⎯⎯⎯⎯[6/15]⎯\u001b[22m\u001b[39m\n\n\u001b[31m\u001b[1m\u001b[7m FAIL \u001b[27m\u001b[22m\u001b[39m tests/public/transformations.spec.ts\u001b[2m > \u001b[22mtransformations (public smoke)\u001b[2m > \u001b[22mconverts http to https\n\u001b[31m\u001b[1mError\u001b[22m: TODO: implement enforceHttps\u001b[39m\n\u001b[36m \u001b[2m❯\u001b[22m Module.enforceHttps src/transformations.ts:\u001b[2m19:9\u001b[22m\u001b[39m\n    \u001b[90m 17| \u001b[39m */\u001b[39m\n    \u001b[90m 18| \u001b[39m\u001b[35mexport\u001b[39m \u001b[35mfunction\u001b[39m \u001b[34menforceHttps\u001b[39m(text\u001b[33m:\u001b[39m string)\u001b[33m:\u001b[39m string {\n    \u001b[90m 19| \u001b[39m  \u001b[35mthrow\u001b[39m \u001b[35mnew\u001b[39m \u001b[33mError\u001b[39m(\u001b[32m'TODO: implement enforceHttps'\u001b[39m)\u001b[33m;\u001b[39m\n    \u001b[90m   | \u001b[39m        \u001b[31m^\u001b[39m\n    \u001b[90m 20| \u001b[39m}\n    \u001b[90m 21| \u001b[39m\n\u001b[90m \u001b[2m❯\u001b[22m tests/public/transformations.spec.ts:\u001b[2m20:12\u001b[22m\u001b[39m\n\n\u001b[31m\u001b[2m⎯⎯⎯⎯⎯⎯⎯⎯⎯⎯⎯⎯⎯⎯⎯⎯⎯⎯⎯⎯⎯⎯⎯[7/15]⎯\u001b[22m\u001b[39m\n\n\u001b[31m\u001b[1m\u001b[7m FAIL \u001b[27m\u001b[22m\u001b[39m tests/public/transformations.spec.ts\u001b[2m > \u001b[22mtransformations (public smoke)\u001b[2m > \u001b[22mrewrites docs url\n\u001b[31m\u001b[1mError\u001b[22m: TODO: implement rewriteDocsUrls\u001b[39m\n\u001b[36m \u001b[2m❯\u001b[22m Module.rewriteDocsUrls src/transformations.ts:\u001b[2m26:9\u001b[22m\u001b[39m\n    \u001b[90m 24| \u001b[39m*/\u001b[39m\n    \u001b[90m 25| \u001b[39m\u001b[35mexport\u001b[39m \u001b[35mfunction\u001b[39m \u001b[34mrewriteDocsUrls\u001b[39m(text\u001b[33m:\u001b[39m string)\u001b[33m:\u001b[39m string {\n    \u001b[90m 26| \u001b[39m  \u001b[35mthrow\u001b[39m \u001b[35mnew\u001b[39m \u001b[33mError\u001b[39m(\u001b[32m'TODO: implement rewriteDocsUrls'\u001b[39m)\u001b[33m;\u001b[39m\n    \u001b[90m   | \u001b[39m        \u001b[31m^\u001b[39m\n    \u001b[90m 27| \u001b[39m}\n    \u001b[90m 28| \u001b[39m\n\u001b[90m \u001b[2m❯\u001b[22m tests/public/transformations.spec.ts:\u001b[2m24:12\u001b[22m\u001b[39m\n\n\u001b[31m\u001b[2m⎯⎯⎯⎯⎯⎯⎯⎯⎯⎯⎯⎯⎯⎯⎯⎯⎯⎯⎯⎯⎯⎯⎯[8/15]⎯\u001b[22m\u001b[39m\n\n\u001b[31m\u001b[1m\u001b[7m FAIL \u001b[27m\u001b[22m\u001b[39m tests/public/transformations.spec.ts\u001b[2m > \u001b[22mtransformations (public smoke)\u001b[2m > \u001b[22mextracts the year from a simple date\n\u001b[31m\u001b[1mError\u001b[22m: TODO: implement extractYear\u001b[39m\n\u001b[36m \u001b[2m❯\u001b[22m Module.extractYear src/transformations.ts:\u001b[2m33:9\u001b[22m\u001b[39m\n    \u001b[90m 31| \u001b[39m */\u001b[39m\n    \u001b[90m 32| \u001b[39m\u001b[35mexport\u001b[39m \u001b[35mfunction\u001b[39m \u001b[34mextractYear\u001b[39m(value\u001b[33m:\u001b[39m string)\u001b[33m:\u001b[39m string {\n    \u001b[90m 33| \u001b[39m  \u001b[35mthrow\u001b[39m \u001b[35mnew\u001b[39m \u001b[33mError\u001b[39m(\u001b[32m'TODO: implement extractYear'\u001b[39m)\u001b[33m;\u001b[39m\n    \u001b[90m   | \u001b[39m        \u001b[31m^\u001b[39m\n    \u001b[90m 34| \u001b[39m}\n    \u001b[90m 35| \u001b[39m\n\u001b[90m \u001b[2m❯\u001b[22m tests/public/transformations.spec.ts:\u001b[2m28:12\u001b[22m\u001b[39m\n\n\u001b[31m\u001b[2m⎯⎯⎯⎯⎯⎯⎯⎯⎯⎯⎯⎯⎯⎯⎯⎯⎯⎯⎯⎯⎯⎯⎯[9/15]⎯\u001b[22m\u001b[39m\n\n\u001b[31m\u001b[1m\u001b[7m FAIL \u001b[27m\u001b[22m\u001b[39m tests/public/validators.spec.ts\u001b[2m > \u001b[22mvalidators (public smoke)\u001b[2m > \u001b[22maccepts a simple email\n\u001b[31m\u001b[1mError\u001b[22m: TODO: implement isValidEmail\u001b[39m\n\u001b[36m \u001b[2m❯\u001b[22m Module.isValidEmail src/validators.ts:\u001b[2m10:9\u001b[22m\u001b[39m\n    \u001b[90m  8| \u001b[39m */\u001b[39m\n    \u001b[90m  9| \u001b[39m\u001b[35mexport\u001b[39m \u001b[35mfunction\u001b[39m \u001b[34misValidEmail\u001b[39m(value\u001b[33m:\u001b[39m string)\u001b[33m:\u001b[39m boolean {\n    \u001b[90m 10| \u001b[39m  \u001b[35mthrow\u001b[39m \u001b[35mnew\u001b[39m \u001b[33mError\u001b[39m(\u001b[32m'TODO: implement isValidEmail'\u001b[39m)\u001b[33m;\u001b[39m\n    \u001b[90m   | \u001b[39m        \u001b[31m^\u001b[39m\n    \u001b[90m 11| \u001b[39m}\n    \u001b[90m 12| \u001b[39m\n\u001b[90m \u001b[2m❯\u001b[22m tests/public/validators.spec.ts:\u001b[2m7:12\u001b[22m\u001b[39m\n\n\u001b[31m\u001b[2m⎯⎯⎯⎯⎯⎯⎯⎯⎯⎯⎯⎯⎯⎯⎯⎯⎯⎯⎯⎯⎯⎯[10/15]⎯\u001b[22m\u001b[39m\n\n\u001b[31m\u001b[1m\u001b[7m FAIL \u001b[27m\u001b[22m\u001b[39m tests/public/validators.spec.ts\u001b[2m > \u001b[22mvalidators (public smoke)\u001b[2m > \u001b[22mrejects an obviously bad email\n\u001b[31m\u001b[1mError\u001b[22m: TODO: implement isValidEmail\u001b[39m\n\u001b[36m \u001b[2m❯\u001b[22m Module.isValidEmail src/validators.ts:\u001b[2m10:9\u001b[22m\u001b[39m\n    \u001b[90m  8| \u001b[39m */\u001b[39m\n    \u001b[90m  9| \u001b[39m\u001b[35mexport\u001b[39m \u001b[35mfunction\u001b[39m \u001b[34misValidEmail\u001b[39m(value\u001b[33m:\u001b[39m string)\u001b[33m:\u001b[39m boolean {\n    \u001b[90m 10| \u001b[39m  \u001b[35mthrow\u001b[39m \u001b[35mnew\u001b[39m \u001b[33mError\u001b[39m(\u001b[32m'TODO: implement isValidEmail'\u001b[39m)\u001b[33m;\u001b[39m\n    \u001b[90m   | \u001b[39m        \u001b[31m^\u001b[39m\n    \u001b[90m 11| \u001b[39m}\n    \u001b[90m 12| \u001b[39m\n\u001b[90m \u001b[2m❯\u001b[22m tests/public/validators.spec.ts:\u001b[2m11:12\u001b[22m\u001b[39m\n\n\u001b[31m\u001b[2m⎯⎯⎯⎯⎯⎯⎯⎯⎯⎯⎯⎯⎯⎯⎯⎯⎯⎯⎯⎯⎯⎯[11/15]⎯\u001b[22m\u001b[39m\n\n\u001b[31m\u001b[1m\u001b[7m FAIL \u001b[27m\u001b[22m\u001b[39m tests/public/validators.spec.ts\u001b[2m > \u001b[22mvalidators (public smoke)\u001b[2m > \u001b[22maccepts a standard US phone number\n\u001b[31m\u001b[1mError\u001b[22m: TODO: implement isValidUSPhone\u001b[39m\n\u001b[36m \u001b[2m❯\u001b[22m Module.isValidUSPhone src/validators.ts:\u001b[2m17:9\u001b[22m\u001b[39m\n    \u001b[90m 15| \u001b[39m */\u001b[39m\n    \u001b[90m 16| \u001b[39m\u001b[35mexport\u001b[39m \u001b[35mfunction\u001b[39m \u001b[34misValidUSPhone\u001b[39m(value\u001b[33m:\u001b[39m string\u001b[33m,\u001b[39m options\u001b[33m?\u001b[39m\u001b[33m:\u001b[39m \u001b[33mPhoneValidatio\u001b[39m…\n    \u001b[90m 17| \u001b[39m  \u001b[35mthrow\u001b[39m \u001b[35mnew\u001b[39m \u001b[33mError\u001b[39m(\u001b[32m'TODO: implement isValidUSPhone'\u001b[39m)\u001b[33m;\u001b[39m\n    \u001b[90m   | \u001b[39m        \u001b[31m^\u001b[39m\n    \u001b[90m 18| \u001b[39m}\n    \u001b[90m 19| \u001b[39m\n\u001b[90m \u001b[2m❯\u001b[22m tests/public/validators.spec.ts:\u001b[2m15:12\u001b[22m\u001b[39m\n\n\u001b[31m\u001b[2m⎯⎯⎯⎯⎯⎯⎯⎯⎯⎯⎯⎯⎯⎯⎯⎯⎯⎯⎯⎯⎯⎯[12/15]⎯\u001b[22m\u001b[39m\n\n\u001b[31m\u001b[1m\u001b[7m FAIL \u001b[27m\u001b[22m\u001b[39m tests/public/validators.spec.ts\u001b[2m > \u001b[22mvalidators (public smoke)\u001b[2m > \u001b[22maccepts a common Argentine phone format\n\u001b[31m\u001b[1mError\u001b[22m: TODO: implement isValidArgentinePhone\u001b[39m\n\u001b[36m \u001b[2m❯\u001b[22m Module.isValidArgentinePhone src/validators.ts:\u001b[2m24:9\u001b[22m\u001b[39m\n    \u001b[90m 22| \u001b[39m */\u001b[39m\n    \u001b[90m 23| \u001b[39m\u001b[35mexport\u001b[39m \u001b[35mfunction\u001b[39m \u001b[34misValidArgentinePhone\u001b[39m(value\u001b[33m:\u001b[39m string)\u001b[33m:\u001b[39m boolean {\n    \u001b[90m 24| \u001b[39m  \u001b[35mthrow\u001b[39m \u001b[35mnew\u001b[39m \u001b[33mError\u001b[39m(\u001b[32m'TODO: implement isValidArgentinePhone'\u001b[39m)\u001b[33m;\u001b[39m\n    \u001b[90m   | \u001b[39m        \u001b[31m^\u001b[39m\n    \u001b[90m 25| \u001b[39m}\n    \u001b[90m 26| \u001b[39m\n\u001b[90m \u001b[2m❯\u001b[22m tests/public/validators.spec.ts:\u001b[2m19:12\u001b[22m\u001b[39m\n\n\u001b[31m\u001b[2m⎯⎯⎯⎯⎯⎯⎯⎯⎯⎯⎯⎯⎯⎯⎯⎯⎯⎯⎯⎯⎯⎯[13/15]⎯\u001b[22m\u001b[39m\n\n\u001b[31m\u001b[1m\u001b[7m FAIL \u001b[27m\u001b[22m\u001b[39m tests/public/validators.spec.ts\u001b[2m > \u001b[22mvalidators (public smoke)\u001b[2m > \u001b[22maccepts a basic name\n\u001b[31m\u001b[1mError\u001b[22m: TODO: implement isValidName\u001b[39m\n\u001b[36m \u001b[2m❯\u001b[22m Module.isValidName src/validators.ts:\u001b[2m31:9\u001b[22m\u001b[39m\n    \u001b[90m 29| \u001b[39m */\u001b[39m\n    \u001b[90m 30| \u001b[39m\u001b[35mexport\u001b[39m \u001b[35mfunction\u001b[39m \u001b[34misValidName\u001b[39m(value\u001b[33m:\u001b[39m string)\u001b[33m:\u001b[39m boolean {\n    \u001b[90m 31| \u001b[39m  \u001b[35mthrow\u001b[39m \u001b[35mnew\u001b[39m \u001b[33mError\u001b[39m(\u001b[32m'TODO: implement isValidName'\u001b[39m)\u001b[33m;\u001b[39m\n    \u001b[90m   | \u001b[39m        \u001b[31m^\u001b[39m\n    \u001b[90m 32| \u001b[39m}\n    \u001b[90m 33| \u001b[39m\n\u001b[90m \u001b[2m❯\u001b[22m tests/public/validators.spec.ts:\u001b[2m23:12\u001b[22m\u001b[39m\n\n\u001b[31m\u001b[2m⎯⎯⎯⎯⎯⎯⎯⎯⎯⎯⎯⎯⎯⎯⎯⎯⎯⎯⎯⎯⎯⎯[14/15]⎯\u001b[22m\u001b[39m\n\n\u001b[31m\u001b[1m\u001b[7m FAIL \u001b[27m\u001b[22m\u001b[39m tests/public/validators.spec.ts\u001b[2m > \u001b[22mvalidators (public smoke)\u001b[2m > \u001b[22maccepts a plausible credit card number\n\u001b[31m\u001b[1mError\u001b[22m: TODO: implement isValidCreditCard\u001b[39m\n\u001b[36m \u001b[2m❯\u001b[22m Module.isValidCreditCard src/validators.ts:\u001b[2m38:9\u001b[22m\u001b[39m\n    \u001b[90m 36| \u001b[39m */\u001b[39m\n    \u001b[90m 37| \u001b[39m\u001b[35mexport\u001b[39m \u001b[35mfunction\u001b[39m \u001b[34misValidCreditCard\u001b[39m(value\u001b[33m:\u001b[39m string)\u001b[33m:\u001b[39m boolean {\n    \u001b[90m 38| \u001b[39m  \u001b[35mthrow\u001b[39m \u001b[35mnew\u001b[39m \u001b[33mError\u001b[39m(\u001b[32m'TODO: implement isValidCreditCard'\u001b[39m)\u001b[33m;\u001b[39m\n    \u001b[90m   | \u001b[39m        \u001b[31m^\u001b[39m\n    \u001b[90m 39| \u001b[39m}\n    \u001b[90m 40| \u001b[39m\n\u001b[90m \u001b[2m❯\u001b[22m tests/public/validators.spec.ts:\u001b[2m27:12\u001b[22m\u001b[39m\n\n\u001b[31m\u001b[2m⎯⎯⎯⎯⎯⎯⎯⎯⎯⎯⎯⎯⎯⎯⎯⎯⎯⎯⎯⎯⎯⎯[15/15]⎯\u001b[22m\u001b[39m\n\n",
      "duration": 912,
      "success": false
    },
    {
      "name": "npm",
      "command": "npm run typecheck",
      "cwd": "/home/runner/work/vybestack-site/vybestack-site/evals/problems/regex-challenge/.tmp-workspace-bc2f5625-1bf1-49e6-9d33-3d6fb5bdfcf9-hNzoOG/workspace",
      "exitCode": 0,
      "stdout": "\n> regex-challenge-eval@0.0.1 typecheck\n> tsc --noEmit\n\n",
      "stderr": "",
      "duration": 1197,
      "success": true
    },
    {
      "name": "npm",
      "command": "npm run build",
      "cwd": "/home/runner/work/vybestack-site/vybestack-site/evals/problems/regex-challenge/.tmp-workspace-bc2f5625-1bf1-49e6-9d33-3d6fb5bdfcf9-hNzoOG/workspace",
      "exitCode": 0,
      "stdout": "\n> regex-challenge-eval@0.0.1 build\n> tsc -p tsconfig.json\n\n",
      "stderr": "",
      "duration": 1237,
      "success": true
    },
    {
      "name": "npm",
      "command": "npm install",
      "cwd": "/home/runner/work/vybestack-site/vybestack-site/evals/grading/regex-challenge",
      "exitCode": 0,
      "stdout": "\nup to date, audited 204 packages in 702ms\n\n60 packages are looking for funding\n  run `npm fund` for details\n\n2 moderate severity vulnerabilities\n\nTo address all issues, run:\n  npm audit fix\n\nRun `npm audit` for details.\n",
      "stderr": "",
      "duration": 801,
      "success": true
    },
    {
      "name": "npm",
      "command": "npm run typecheck",
      "cwd": "/home/runner/work/vybestack-site/vybestack-site/evals/grading/regex-challenge",
      "exitCode": 0,
      "stdout": "\n> regex-challenge-grading@0.0.1 typecheck\n> tsc -p tsconfig.json\n\n",
      "stderr": "",
      "duration": 1243,
      "success": true
    },
    {
      "name": "npm",
      "command": "npm run test:hidden",
      "cwd": "/home/runner/work/vybestack-site/vybestack-site/evals/grading/regex-challenge",
      "exitCode": 1,
      "stdout": "\n> regex-challenge-grading@0.0.1 test:hidden\n> vitest run --config vitest.config.hidden.ts\n\n\n\u001b[7m\u001b[1m\u001b[36m RUN \u001b[39m\u001b[22m\u001b[27m \u001b[36mv1.6.1\u001b[39m \u001b[90m/home/runner/work/vybestack-site/vybestack-site/evals/grading/regex-challenge\u001b[39m\n\n \u001b[33m❯\u001b[39m tests/hidden/transformations.spec.ts \u001b[2m (\u001b[22m\u001b[2m5 tests\u001b[22m \u001b[2m|\u001b[22m \u001b[31m5 failed\u001b[39m\u001b[2m)\u001b[22m\u001b[90m 10\u001b[2mms\u001b[22m\u001b[39m\n\u001b[31m   \u001b[33m❯\u001b[31m tests/hidden/transformations.spec.ts\u001b[2m > \u001b[22mtransformations hidden suite\u001b[2m > \u001b[22mcapitalizes sentences with messy spacing\u001b[39m\n\u001b[31m     → TODO: implement capitalizeSentences\u001b[39m\n\u001b[31m   \u001b[33m❯\u001b[31m tests/hidden/transformations.spec.ts\u001b[2m > \u001b[22mtransformations hidden suite\u001b[2m > \u001b[22mextracts urls without trailing punctuation\u001b[39m\n\u001b[31m     → TODO: implement extractUrls\u001b[39m\n\u001b[31m   \u001b[33m❯\u001b[31m tests/hidden/transformations.spec.ts\u001b[2m > \u001b[22mtransformations hidden suite\u001b[2m > \u001b[22menforces https without touching existing https links\u001b[39m\n\u001b[31m     → TODO: implement enforceHttps\u001b[39m\n\u001b[31m   \u001b[33m❯\u001b[31m tests/hidden/transformations.spec.ts\u001b[2m > \u001b[22mtransformations hidden suite\u001b[2m > \u001b[22mrewrites docs urls while skipping dynamic paths\u001b[39m\n\u001b[31m     → TODO: implement rewriteDocsUrls\u001b[39m\n\u001b[31m   \u001b[33m❯\u001b[31m tests/hidden/transformations.spec.ts\u001b[2m > \u001b[22mtransformations hidden suite\u001b[2m > \u001b[22mextracts year or returns N/A when invalid\u001b[39m\n\u001b[31m     → TODO: implement extractYear\u001b[39m\n \u001b[33m❯\u001b[39m tests/hidden/validators.spec.ts \u001b[2m (\u001b[22m\u001b[2m5 tests\u001b[22m \u001b[2m|\u001b[22m \u001b[31m5 failed\u001b[39m\u001b[2m)\u001b[22m\u001b[90m 15\u001b[2mms\u001b[22m\u001b[39m\n\u001b[31m   \u001b[33m❯\u001b[31m tests/hidden/validators.spec.ts\u001b[2m > \u001b[22mvalidators hidden suite\u001b[2m > \u001b[22mvalidates emails with tricky cases\u001b[39m\n\u001b[31m     → TODO: implement isValidEmail\u001b[39m\n\u001b[31m   \u001b[33m❯\u001b[31m tests/hidden/validators.spec.ts\u001b[2m > \u001b[22mvalidators hidden suite\u001b[2m > \u001b[22mvalidates US phone numbers thoroughly\u001b[39m\n\u001b[31m     → TODO: implement isValidUSPhone\u001b[39m\n\u001b[31m   \u001b[33m❯\u001b[31m tests/hidden/validators.spec.ts\u001b[2m > \u001b[22mvalidators hidden suite\u001b[2m > \u001b[22mvalidates Argentine numbers across formats\u001b[39m\n\u001b[31m     → TODO: implement isValidArgentinePhone\u001b[39m\n\u001b[31m   \u001b[33m❯\u001b[31m tests/hidden/validators.spec.ts\u001b[2m > \u001b[22mvalidators hidden suite\u001b[2m > \u001b[22mvalidates human names with unicode characters\u001b[39m\n\u001b[31m     → TODO: implement isValidName\u001b[39m\n\u001b[31m   \u001b[33m❯\u001b[31m tests/hidden/validators.spec.ts\u001b[2m > \u001b[22mvalidators hidden suite\u001b[2m > \u001b[22mvalidates credit card numbers with luhn\u001b[39m\n\u001b[31m     → TODO: implement isValidCreditCard\u001b[39m\n \u001b[33m❯\u001b[39m tests/hidden/puzzles.spec.ts \u001b[2m (\u001b[22m\u001b[2m4 tests\u001b[22m \u001b[2m|\u001b[22m \u001b[31m4 failed\u001b[39m\u001b[2m)\u001b[22m\u001b[90m 11\u001b[2mms\u001b[22m\u001b[39m\n\u001b[31m   \u001b[33m❯\u001b[31m tests/hidden/puzzles.spec.ts\u001b[2m > \u001b[22mpuzzles hidden suite\u001b[2m > \u001b[22mfinds prefixed words excluding exceptions\u001b[39m\n\u001b[31m     → TODO: implement findPrefixedWords\u001b[39m\n\u001b[31m   \u001b[33m❯\u001b[31m tests/hidden/puzzles.spec.ts\u001b[2m > \u001b[22mpuzzles hidden suite\u001b[2m > \u001b[22mfinds tokens only when embedded after digits\u001b[39m\n\u001b[31m     → TODO: implement findEmbeddedToken\u001b[39m\n\u001b[31m   \u001b[33m❯\u001b[31m tests/hidden/puzzles.spec.ts\u001b[2m > \u001b[22mpuzzles hidden suite\u001b[2m > \u001b[22menforces strong password policy\u001b[39m\n\u001b[31m     → TODO: implement isStrongPassword\u001b[39m\n\u001b[31m   \u001b[33m❯\u001b[31m tests/hidden/puzzles.spec.ts\u001b[2m > \u001b[22mpuzzles hidden suite\u001b[2m > \u001b[22mdetects ipv6 without mistaking ipv4\u001b[39m\n\u001b[31m     → TODO: implement containsIPv6\u001b[39m\n \u001b[32m✓\u001b[39m tests/hidden/package.spec.ts \u001b[2m (\u001b[22m\u001b[2m1 test\u001b[22m\u001b[2m)\u001b[22m\u001b[90m 3\u001b[2mms\u001b[22m\u001b[39m\n\n\n::error file=/home/runner/work/vybestack-site/vybestack-site/evals/grading/regex-challenge/workspace/src/puzzles.ts,title=tests/hidden/puzzles.spec.ts > puzzles hidden suite > finds prefixed words excluding exceptions,line=5,column=9::Error: TODO: implement findPrefixedWords%0A ❯ Module.findPrefixedWords workspace/src/puzzles.ts:5:9%0A ❯ tests/hidden/puzzles.spec.ts:12:20%0A%0A\n\n::error file=/home/runner/work/vybestack-site/vybestack-site/evals/grading/regex-challenge/workspace/src/puzzles.ts,title=tests/hidden/puzzles.spec.ts > puzzles hidden suite > finds tokens only when embedded after digits,line=12,column=9::Error: TODO: implement findEmbeddedToken%0A ❯ Module.findEmbeddedToken workspace/src/puzzles.ts:12:9%0A ❯ tests/hidden/puzzles.spec.ts:18:21%0A%0A\n\n::error file=/home/runner/work/vybestack-site/vybestack-site/evals/grading/regex-challenge/workspace/src/puzzles.ts,title=tests/hidden/puzzles.spec.ts > puzzles hidden suite > enforces strong password policy,line=19,column=9::Error: TODO: implement isStrongPassword%0A ❯ Module.isStrongPassword workspace/src/puzzles.ts:19:9%0A ❯ tests/hidden/puzzles.spec.ts:25:38%0A ❯ tests/hidden/puzzles.spec.ts:25:11%0A%0A\n\n::error file=/home/runner/work/vybestack-site/vybestack-site/evals/grading/regex-challenge/workspace/src/puzzles.ts,title=tests/hidden/puzzles.spec.ts > puzzles hidden suite > detects ipv6 without mistaking ipv4,line=26,column=9::Error: TODO: implement containsIPv6%0A ❯ Module.containsIPv6 workspace/src/puzzles.ts:26:9%0A ❯ tests/hidden/puzzles.spec.ts:31:12%0A%0A\n\n::error file=/home/runner/work/vybestack-site/vybestack-site/evals/grading/regex-challenge/workspace/src/transformations.ts,title=tests/hidden/transformations.spec.ts > transformations hidden suite > capitalizes sentences with messy spacing,line=5,column=9::Error: TODO: implement capitalizeSentences%0A ❯ Module.capitalizeSentences workspace/src/transformations.ts:5:9%0A ❯ tests/hidden/transformations.spec.ts:13:20%0A%0A\n\n::error file=/home/runner/work/vybestack-site/vybestack-site/evals/grading/regex-challenge/workspace/src/transformations.ts,title=tests/hidden/transformations.spec.ts > transformations hidden suite > extracts urls without trailing punctuation,line=12,column=9::Error: TODO: implement extractUrls%0A ❯ Module.extractUrls workspace/src/transformations.ts:12:9%0A ❯ tests/hidden/transformations.spec.ts:19:12%0A%0A\n\n::error file=/home/runner/work/vybestack-site/vybestack-site/evals/grading/regex-challenge/workspace/src/transformations.ts,title=tests/hidden/transformations.spec.ts > transformations hidden suite > enforces https without touching existing https links,line=19,column=9::Error: TODO: implement enforceHttps%0A ❯ Module.enforceHttps workspace/src/transformations.ts:19:9%0A ❯ tests/hidden/transformations.spec.ts:28:12%0A%0A\n\n::error file=/home/runner/work/vybestack-site/vybestack-site/evals/grading/regex-challenge/workspace/src/transformations.ts,title=tests/hidden/transformations.spec.ts > transformations hidden suite > rewrites docs urls while skipping dynamic paths,line=26,column=9::Error: TODO: implement rewriteDocsUrls%0A ❯ Module.rewriteDocsUrls workspace/src/transformations.ts:26:9%0A ❯ tests/hidden/transformations.spec.ts:38:23%0A%0A\n\n::error file=/home/runner/work/vybestack-site/vybestack-site/evals/grading/regex-challenge/workspace/src/transformations.ts,title=tests/hidden/transformations.spec.ts > transformations hidden suite > extracts year or returns N/A when invalid,line=33,column=9::Error: TODO: implement extractYear%0A ❯ Module.extractYear workspace/src/transformations.ts:33:9%0A ❯ tests/hidden/transformations.spec.ts:46:12%0A%0A\n\n::error file=/home/runner/work/vybestack-site/vybestack-site/evals/grading/regex-challenge/workspace/src/validators.ts,title=tests/hidden/validators.spec.ts > validators hidden suite > validates emails with tricky cases,line=10,column=9::Error: TODO: implement isValidEmail%0A ❯ Module.isValidEmail workspace/src/validators.ts:10:9%0A ❯ tests/hidden/validators.spec.ts:23:45%0A ❯ tests/hidden/validators.spec.ts:23:18%0A%0A\n\n::error file=/home/runner/work/vybestack-site/vybestack-site/evals/grading/regex-challenge/workspace/src/validators.ts,title=tests/hidden/validators.spec.ts > validators hidden suite > validates US phone numbers thoroughly,line=17,column=9::Error: TODO: implement isValidUSPhone%0A ❯ Module.isValidUSPhone workspace/src/validators.ts:17:9%0A ❯ tests/hidden/validators.spec.ts:40:38%0A ❯ tests/hidden/validators.spec.ts:40:11%0A%0A\n\n::error file=/home/runner/work/vybestack-site/vybestack-site/evals/grading/regex-challenge/workspace/src/validators.ts,title=tests/hidden/validators.spec.ts > validators hidden suite > validates Argentine numbers across formats,line=24,column=9::Error: TODO: implement isValidArgentinePhone%0A ❯ Module.isValidArgentinePhone workspace/src/validators.ts:24:9%0A ❯ tests/hidden/validators.spec.ts:57:38%0A ❯ tests/hidden/validators.spec.ts:57:11%0A%0A\n\n::error file=/home/runner/work/vybestack-site/vybestack-site/evals/grading/regex-challenge/workspace/src/validators.ts,title=tests/hidden/validators.spec.ts > validators hidden suite > validates human names with unicode characters,line=31,column=9::Error: TODO: implement isValidName%0A ❯ Module.isValidName workspace/src/validators.ts:31:9%0A ❯ tests/hidden/validators.spec.ts:64:38%0A ❯ tests/hidden/validators.spec.ts:64:11%0A%0A\n\n::error file=/home/runner/work/vybestack-site/vybestack-site/evals/grading/regex-challenge/workspace/src/validators.ts,title=tests/hidden/validators.spec.ts > validators hidden suite > validates credit card numbers with luhn,line=38,column=9::Error: TODO: implement isValidCreditCard%0A ❯ Module.isValidCreditCard workspace/src/validators.ts:38:9%0A ❯ tests/hidden/validators.spec.ts:71:38%0A ❯ tests/hidden/validators.spec.ts:71:11%0A%0A\n\u001b[2m Test Files \u001b[22m \u001b[1m\u001b[31m3 failed\u001b[39m\u001b[22m\u001b[2m | \u001b[22m\u001b[1m\u001b[32m1 passed\u001b[39m\u001b[22m\u001b[90m (4)\u001b[39m\n\u001b[2m      Tests \u001b[22m \u001b[1m\u001b[31m14 failed\u001b[39m\u001b[22m\u001b[2m | \u001b[22m\u001b[1m\u001b[32m1 passed\u001b[39m\u001b[22m\u001b[90m (15)\u001b[39m\n\u001b[2m   Start at \u001b[22m 09:03:01\n\u001b[2m   Duration \u001b[22m 633ms\u001b[2m (transform 107ms, setup 0ms, collect 161ms, tests 39ms, environment 1ms, prepare 486ms)\u001b[22m\n\n",
      "stderr": "\u001b[31m⎯⎯⎯⎯⎯⎯\u001b[1m\u001b[7m Failed Tests 14 \u001b[27m\u001b[22m⎯⎯⎯⎯⎯⎯⎯\u001b[39m\n\n\u001b[31m\u001b[1m\u001b[7m FAIL \u001b[27m\u001b[22m\u001b[39m tests/hidden/puzzles.spec.ts\u001b[2m > \u001b[22mpuzzles hidden suite\u001b[2m > \u001b[22mfinds prefixed words excluding exceptions\n\u001b[31m\u001b[1mError\u001b[22m: TODO: implement findPrefixedWords\u001b[39m\n\u001b[36m \u001b[2m❯\u001b[22m Module.findPrefixedWords workspace/src/puzzles.ts:\u001b[2m5:9\u001b[22m\u001b[39m\n    \u001b[90m  3| \u001b[39m */\u001b[39m\n    \u001b[90m  4| \u001b[39m\u001b[35mexport\u001b[39m \u001b[35mfunction\u001b[39m \u001b[34mfindPrefixedWords\u001b[39m(text\u001b[33m:\u001b[39m string\u001b[33m,\u001b[39m prefix\u001b[33m:\u001b[39m string\u001b[33m,\u001b[39m except…\n    \u001b[90m  5| \u001b[39m  \u001b[35mthrow\u001b[39m \u001b[35mnew\u001b[39m \u001b[33mError\u001b[39m(\u001b[32m'TODO: implement findPrefixedWords'\u001b[39m)\u001b[33m;\u001b[39m\n    \u001b[90m   | \u001b[39m        \u001b[31m^\u001b[39m\n    \u001b[90m  6| \u001b[39m}\n    \u001b[90m  7| \u001b[39m\n\u001b[90m \u001b[2m❯\u001b[22m tests/hidden/puzzles.spec.ts:\u001b[2m12:20\u001b[22m\u001b[39m\n\n\u001b[31m\u001b[2m⎯⎯⎯⎯⎯⎯⎯⎯⎯⎯⎯⎯⎯⎯⎯⎯⎯⎯⎯⎯⎯⎯⎯[1/14]⎯\u001b[22m\u001b[39m\n\n\u001b[31m\u001b[1m\u001b[7m FAIL \u001b[27m\u001b[22m\u001b[39m tests/hidden/puzzles.spec.ts\u001b[2m > \u001b[22mpuzzles hidden suite\u001b[2m > \u001b[22mfinds tokens only when embedded after digits\n\u001b[31m\u001b[1mError\u001b[22m: TODO: implement findEmbeddedToken\u001b[39m\n\u001b[36m \u001b[2m❯\u001b[22m Module.findEmbeddedToken workspace/src/puzzles.ts:\u001b[2m12:9\u001b[22m\u001b[39m\n    \u001b[90m 10| \u001b[39m */\u001b[39m\n    \u001b[90m 11| \u001b[39m\u001b[35mexport\u001b[39m \u001b[35mfunction\u001b[39m \u001b[34mfindEmbeddedToken\u001b[39m(text\u001b[33m:\u001b[39m string\u001b[33m,\u001b[39m token\u001b[33m:\u001b[39m string)\u001b[33m:\u001b[39m string…\n    \u001b[90m 12| \u001b[39m  \u001b[35mthrow\u001b[39m \u001b[35mnew\u001b[39m \u001b[33mError\u001b[39m(\u001b[32m'TODO: implement findEmbeddedToken'\u001b[39m)\u001b[33m;\u001b[39m\n    \u001b[90m   | \u001b[39m        \u001b[31m^\u001b[39m\n    \u001b[90m 13| \u001b[39m}\n    \u001b[90m 14| \u001b[39m\n\u001b[90m \u001b[2m❯\u001b[22m tests/hidden/puzzles.spec.ts:\u001b[2m18:21\u001b[22m\u001b[39m\n\n\u001b[31m\u001b[2m⎯⎯⎯⎯⎯⎯⎯⎯⎯⎯⎯⎯⎯⎯⎯⎯⎯⎯⎯⎯⎯⎯⎯[2/14]⎯\u001b[22m\u001b[39m\n\n\u001b[31m\u001b[1m\u001b[7m FAIL \u001b[27m\u001b[22m\u001b[39m tests/hidden/puzzles.spec.ts\u001b[2m > \u001b[22mpuzzles hidden suite\u001b[2m > \u001b[22menforces strong password policy\n\u001b[31m\u001b[1mError\u001b[22m: TODO: implement isStrongPassword\u001b[39m\n\u001b[36m \u001b[2m❯\u001b[22m Module.isStrongPassword workspace/src/puzzles.ts:\u001b[2m19:9\u001b[22m\u001b[39m\n    \u001b[90m 17| \u001b[39m */\u001b[39m\n    \u001b[90m 18| \u001b[39m\u001b[35mexport\u001b[39m \u001b[35mfunction\u001b[39m \u001b[34misStrongPassword\u001b[39m(value\u001b[33m:\u001b[39m string)\u001b[33m:\u001b[39m boolean {\n    \u001b[90m 19| \u001b[39m  \u001b[35mthrow\u001b[39m \u001b[35mnew\u001b[39m \u001b[33mError\u001b[39m(\u001b[32m'TODO: implement isStrongPassword'\u001b[39m)\u001b[33m;\u001b[39m\n    \u001b[90m   | \u001b[39m        \u001b[31m^\u001b[39m\n    \u001b[90m 20| \u001b[39m}\n    \u001b[90m 21| \u001b[39m\n\u001b[90m \u001b[2m❯\u001b[22m tests/hidden/puzzles.spec.ts:\u001b[2m25:38\u001b[22m\u001b[39m\n\u001b[90m \u001b[2m❯\u001b[22m tests/hidden/puzzles.spec.ts:\u001b[2m25:11\u001b[22m\u001b[39m\n\n\u001b[31m\u001b[2m⎯⎯⎯⎯⎯⎯⎯⎯⎯⎯⎯⎯⎯⎯⎯⎯⎯⎯⎯⎯⎯⎯⎯[3/14]⎯\u001b[22m\u001b[39m\n\n\u001b[31m\u001b[1m\u001b[7m FAIL \u001b[27m\u001b[22m\u001b[39m tests/hidden/puzzles.spec.ts\u001b[2m > \u001b[22mpuzzles hidden suite\u001b[2m > \u001b[22mdetects ipv6 without mistaking ipv4\n\u001b[31m\u001b[1mError\u001b[22m: TODO: implement containsIPv6\u001b[39m\n\u001b[36m \u001b[2m❯\u001b[22m Module.containsIPv6 workspace/src/puzzles.ts:\u001b[2m26:9\u001b[22m\u001b[39m\n    \u001b[90m 24| \u001b[39m */\u001b[39m\n    \u001b[90m 25| \u001b[39m\u001b[35mexport\u001b[39m \u001b[35mfunction\u001b[39m \u001b[34mcontainsIPv6\u001b[39m(value\u001b[33m:\u001b[39m string)\u001b[33m:\u001b[39m boolean {\n    \u001b[90m 26| \u001b[39m  \u001b[35mthrow\u001b[39m \u001b[35mnew\u001b[39m \u001b[33mError\u001b[39m(\u001b[32m'TODO: implement containsIPv6'\u001b[39m)\u001b[33m;\u001b[39m\n    \u001b[90m   | \u001b[39m        \u001b[31m^\u001b[39m\n    \u001b[90m 27| \u001b[39m}\n    \u001b[90m 28| \u001b[39m\n\u001b[90m \u001b[2m❯\u001b[22m tests/hidden/puzzles.spec.ts:\u001b[2m31:12\u001b[22m\u001b[39m\n\n\u001b[31m\u001b[2m⎯⎯⎯⎯⎯⎯⎯⎯⎯⎯⎯⎯⎯⎯⎯⎯⎯⎯⎯⎯⎯⎯⎯[4/14]⎯\u001b[22m\u001b[39m\n\n\u001b[31m\u001b[1m\u001b[7m FAIL \u001b[27m\u001b[22m\u001b[39m tests/hidden/transformations.spec.ts\u001b[2m > \u001b[22mtransformations hidden suite\u001b[2m > \u001b[22mcapitalizes sentences with messy spacing\n\u001b[31m\u001b[1mError\u001b[22m: TODO: implement capitalizeSentences\u001b[39m\n\u001b[36m \u001b[2m❯\u001b[22m Module.capitalizeSentences workspace/src/transformations.ts:\u001b[2m5:9\u001b[22m\u001b[39m\n    \u001b[90m  3| \u001b[39m */\u001b[39m\n    \u001b[90m  4| \u001b[39m\u001b[35mexport\u001b[39m \u001b[35mfunction\u001b[39m \u001b[34mcapitalizeSentences\u001b[39m(text\u001b[33m:\u001b[39m string)\u001b[33m:\u001b[39m string {\n    \u001b[90m  5| \u001b[39m  \u001b[35mthrow\u001b[39m \u001b[35mnew\u001b[39m \u001b[33mError\u001b[39m(\u001b[32m'TODO: implement capitalizeSentences'\u001b[39m)\u001b[33m;\u001b[39m\n    \u001b[90m   | \u001b[39m        \u001b[31m^\u001b[39m\n    \u001b[90m  6| \u001b[39m}\n    \u001b[90m  7| \u001b[39m\n\u001b[90m \u001b[2m❯\u001b[22m tests/hidden/transformations.spec.ts:\u001b[2m13:20\u001b[22m\u001b[39m\n\n\u001b[31m\u001b[2m⎯⎯⎯⎯⎯⎯⎯⎯⎯⎯⎯⎯⎯⎯⎯⎯⎯⎯⎯⎯⎯⎯⎯[5/14]⎯\u001b[22m\u001b[39m\n\n\u001b[31m\u001b[1m\u001b[7m FAIL \u001b[27m\u001b[22m\u001b[39m tests/hidden/transformations.spec.ts\u001b[2m > \u001b[22mtransformations hidden suite\u001b[2m > \u001b[22mextracts urls without trailing punctuation\n\u001b[31m\u001b[1mError\u001b[22m: TODO: implement extractUrls\u001b[39m\n\u001b[36m \u001b[2m❯\u001b[22m Module.extractUrls workspace/src/transformations.ts:\u001b[2m12:9\u001b[22m\u001b[39m\n    \u001b[90m 10| \u001b[39m */\u001b[39m\n    \u001b[90m 11| \u001b[39m\u001b[35mexport\u001b[39m \u001b[35mfunction\u001b[39m \u001b[34mextractUrls\u001b[39m(text\u001b[33m:\u001b[39m string)\u001b[33m:\u001b[39m string[] {\n    \u001b[90m 12| \u001b[39m  \u001b[35mthrow\u001b[39m \u001b[35mnew\u001b[39m \u001b[33mError\u001b[39m(\u001b[32m'TODO: implement extractUrls'\u001b[39m)\u001b[33m;\u001b[39m\n    \u001b[90m   | \u001b[39m        \u001b[31m^\u001b[39m\n    \u001b[90m 13| \u001b[39m}\n    \u001b[90m 14| \u001b[39m\n\u001b[90m \u001b[2m❯\u001b[22m tests/hidden/transformations.spec.ts:\u001b[2m19:12\u001b[22m\u001b[39m\n\n\u001b[31m\u001b[2m⎯⎯⎯⎯⎯⎯⎯⎯⎯⎯⎯⎯⎯⎯⎯⎯⎯⎯⎯⎯⎯⎯⎯[6/14]⎯\u001b[22m\u001b[39m\n\n\u001b[31m\u001b[1m\u001b[7m FAIL \u001b[27m\u001b[22m\u001b[39m tests/hidden/transformations.spec.ts\u001b[2m > \u001b[22mtransformations hidden suite\u001b[2m > \u001b[22menforces https without touching existing https links\n\u001b[31m\u001b[1mError\u001b[22m: TODO: implement enforceHttps\u001b[39m\n\u001b[36m \u001b[2m❯\u001b[22m Module.enforceHttps workspace/src/transformations.ts:\u001b[2m19:9\u001b[22m\u001b[39m\n    \u001b[90m 17| \u001b[39m */\u001b[39m\n    \u001b[90m 18| \u001b[39m\u001b[35mexport\u001b[39m \u001b[35mfunction\u001b[39m \u001b[34menforceHttps\u001b[39m(text\u001b[33m:\u001b[39m string)\u001b[33m:\u001b[39m string {\n    \u001b[90m 19| \u001b[39m  \u001b[35mthrow\u001b[39m \u001b[35mnew\u001b[39m \u001b[33mError\u001b[39m(\u001b[32m'TODO: implement enforceHttps'\u001b[39m)\u001b[33m;\u001b[39m\n    \u001b[90m   | \u001b[39m        \u001b[31m^\u001b[39m\n    \u001b[90m 20| \u001b[39m}\n    \u001b[90m 21| \u001b[39m\n\u001b[90m \u001b[2m❯\u001b[22m tests/hidden/transformations.spec.ts:\u001b[2m28:12\u001b[22m\u001b[39m\n\n\u001b[31m\u001b[2m⎯⎯⎯⎯⎯⎯⎯⎯⎯⎯⎯⎯⎯⎯⎯⎯⎯⎯⎯⎯⎯⎯⎯[7/14]⎯\u001b[22m\u001b[39m\n\n\u001b[31m\u001b[1m\u001b[7m FAIL \u001b[27m\u001b[22m\u001b[39m tests/hidden/transformations.spec.ts\u001b[2m > \u001b[22mtransformations hidden suite\u001b[2m > \u001b[22mrewrites docs urls while skipping dynamic paths\n\u001b[31m\u001b[1mError\u001b[22m: TODO: implement rewriteDocsUrls\u001b[39m\n\u001b[36m \u001b[2m❯\u001b[22m Module.rewriteDocsUrls workspace/src/transformations.ts:\u001b[2m26:9\u001b[22m\u001b[39m\n    \u001b[90m 24| \u001b[39m*/\u001b[39m\n    \u001b[90m 25| \u001b[39m\u001b[35mexport\u001b[39m \u001b[35mfunction\u001b[39m \u001b[34mrewriteDocsUrls\u001b[39m(text\u001b[33m:\u001b[39m string)\u001b[33m:\u001b[39m string {\n    \u001b[90m 26| \u001b[39m  \u001b[35mthrow\u001b[39m \u001b[35mnew\u001b[39m \u001b[33mError\u001b[39m(\u001b[32m'TODO: implement rewriteDocsUrls'\u001b[39m)\u001b[33m;\u001b[39m\n    \u001b[90m   | \u001b[39m        \u001b[31m^\u001b[39m\n    \u001b[90m 27| \u001b[39m}\n    \u001b[90m 28| \u001b[39m\n\u001b[90m \u001b[2m❯\u001b[22m tests/hidden/transformations.spec.ts:\u001b[2m38:23\u001b[22m\u001b[39m\n\n\u001b[31m\u001b[2m⎯⎯⎯⎯⎯⎯⎯⎯⎯⎯⎯⎯⎯⎯⎯⎯⎯⎯⎯⎯⎯⎯⎯[8/14]⎯\u001b[22m\u001b[39m\n\n\u001b[31m\u001b[1m\u001b[7m FAIL \u001b[27m\u001b[22m\u001b[39m tests/hidden/transformations.spec.ts\u001b[2m > \u001b[22mtransformations hidden suite\u001b[2m > \u001b[22mextracts year or returns N/A when invalid\n\u001b[31m\u001b[1mError\u001b[22m: TODO: implement extractYear\u001b[39m\n\u001b[36m \u001b[2m❯\u001b[22m Module.extractYear workspace/src/transformations.ts:\u001b[2m33:9\u001b[22m\u001b[39m\n    \u001b[90m 31| \u001b[39m */\u001b[39m\n    \u001b[90m 32| \u001b[39m\u001b[35mexport\u001b[39m \u001b[35mfunction\u001b[39m \u001b[34mextractYear\u001b[39m(value\u001b[33m:\u001b[39m string)\u001b[33m:\u001b[39m string {\n    \u001b[90m 33| \u001b[39m  \u001b[35mthrow\u001b[39m \u001b[35mnew\u001b[39m \u001b[33mError\u001b[39m(\u001b[32m'TODO: implement extractYear'\u001b[39m)\u001b[33m;\u001b[39m\n    \u001b[90m   | \u001b[39m        \u001b[31m^\u001b[39m\n    \u001b[90m 34| \u001b[39m}\n    \u001b[90m 35| \u001b[39m\n\u001b[90m \u001b[2m❯\u001b[22m tests/hidden/transformations.spec.ts:\u001b[2m46:12\u001b[22m\u001b[39m\n\n\u001b[31m\u001b[2m⎯⎯⎯⎯⎯⎯⎯⎯⎯⎯⎯⎯⎯⎯⎯⎯⎯⎯⎯⎯⎯⎯⎯[9/14]⎯\u001b[22m\u001b[39m\n\n\u001b[31m\u001b[1m\u001b[7m FAIL \u001b[27m\u001b[22m\u001b[39m tests/hidden/validators.spec.ts\u001b[2m > \u001b[22mvalidators hidden suite\u001b[2m > \u001b[22mvalidates emails with tricky cases\n\u001b[31m\u001b[1mError\u001b[22m: TODO: implement isValidEmail\u001b[39m\n\u001b[36m \u001b[2m❯\u001b[22m Module.isValidEmail workspace/src/validators.ts:\u001b[2m10:9\u001b[22m\u001b[39m\n    \u001b[90m  8| \u001b[39m */\u001b[39m\n    \u001b[90m  9| \u001b[39m\u001b[35mexport\u001b[39m \u001b[35mfunction\u001b[39m \u001b[34misValidEmail\u001b[39m(value\u001b[33m:\u001b[39m string)\u001b[33m:\u001b[39m boolean {\n    \u001b[90m 10| \u001b[39m  \u001b[35mthrow\u001b[39m \u001b[35mnew\u001b[39m \u001b[33mError\u001b[39m(\u001b[32m'TODO: implement isValidEmail'\u001b[39m)\u001b[33m;\u001b[39m\n    \u001b[90m   | \u001b[39m        \u001b[31m^\u001b[39m\n    \u001b[90m 11| \u001b[39m}\n    \u001b[90m 12| \u001b[39m\n\u001b[90m \u001b[2m❯\u001b[22m tests/hidden/validators.spec.ts:\u001b[2m23:45\u001b[22m\u001b[39m\n\u001b[90m \u001b[2m❯\u001b[22m tests/hidden/validators.spec.ts:\u001b[2m23:18\u001b[22m\u001b[39m\n\n\u001b[31m\u001b[2m⎯⎯⎯⎯⎯⎯⎯⎯⎯⎯⎯⎯⎯⎯⎯⎯⎯⎯⎯⎯⎯⎯[10/14]⎯\u001b[22m\u001b[39m\n\n\u001b[31m\u001b[1m\u001b[7m FAIL \u001b[27m\u001b[22m\u001b[39m tests/hidden/validators.spec.ts\u001b[2m > \u001b[22mvalidators hidden suite\u001b[2m > \u001b[22mvalidates US phone numbers thoroughly\n\u001b[31m\u001b[1mError\u001b[22m: TODO: implement isValidUSPhone\u001b[39m\n\u001b[36m \u001b[2m❯\u001b[22m Module.isValidUSPhone workspace/src/validators.ts:\u001b[2m17:9\u001b[22m\u001b[39m\n    \u001b[90m 15| \u001b[39m */\u001b[39m\n    \u001b[90m 16| \u001b[39m\u001b[35mexport\u001b[39m \u001b[35mfunction\u001b[39m \u001b[34misValidUSPhone\u001b[39m(value\u001b[33m:\u001b[39m string\u001b[33m,\u001b[39m options\u001b[33m?\u001b[39m\u001b[33m:\u001b[39m \u001b[33mPhoneValidatio\u001b[39m…\n    \u001b[90m 17| \u001b[39m  \u001b[35mthrow\u001b[39m \u001b[35mnew\u001b[39m \u001b[33mError\u001b[39m(\u001b[32m'TODO: implement isValidUSPhone'\u001b[39m)\u001b[33m;\u001b[39m\n    \u001b[90m   | \u001b[39m        \u001b[31m^\u001b[39m\n    \u001b[90m 18| \u001b[39m}\n    \u001b[90m 19| \u001b[39m\n\u001b[90m \u001b[2m❯\u001b[22m tests/hidden/validators.spec.ts:\u001b[2m40:38\u001b[22m\u001b[39m\n\u001b[90m \u001b[2m❯\u001b[22m tests/hidden/validators.spec.ts:\u001b[2m40:11\u001b[22m\u001b[39m\n\n\u001b[31m\u001b[2m⎯⎯⎯⎯⎯⎯⎯⎯⎯⎯⎯⎯⎯⎯⎯⎯⎯⎯⎯⎯⎯⎯[11/14]⎯\u001b[22m\u001b[39m\n\n\u001b[31m\u001b[1m\u001b[7m FAIL \u001b[27m\u001b[22m\u001b[39m tests/hidden/validators.spec.ts\u001b[2m > \u001b[22mvalidators hidden suite\u001b[2m > \u001b[22mvalidates Argentine numbers across formats\n\u001b[31m\u001b[1mError\u001b[22m: TODO: implement isValidArgentinePhone\u001b[39m\n\u001b[36m \u001b[2m❯\u001b[22m Module.isValidArgentinePhone workspace/src/validators.ts:\u001b[2m24:9\u001b[22m\u001b[39m\n    \u001b[90m 22| \u001b[39m */\u001b[39m\n    \u001b[90m 23| \u001b[39m\u001b[35mexport\u001b[39m \u001b[35mfunction\u001b[39m \u001b[34misValidArgentinePhone\u001b[39m(value\u001b[33m:\u001b[39m string)\u001b[33m:\u001b[39m boolean {\n    \u001b[90m 24| \u001b[39m  \u001b[35mthrow\u001b[39m \u001b[35mnew\u001b[39m \u001b[33mError\u001b[39m(\u001b[32m'TODO: implement isValidArgentinePhone'\u001b[39m)\u001b[33m;\u001b[39m\n    \u001b[90m   | \u001b[39m        \u001b[31m^\u001b[39m\n    \u001b[90m 25| \u001b[39m}\n    \u001b[90m 26| \u001b[39m\n\u001b[90m \u001b[2m❯\u001b[22m tests/hidden/validators.spec.ts:\u001b[2m57:38\u001b[22m\u001b[39m\n\u001b[90m \u001b[2m❯\u001b[22m tests/hidden/validators.spec.ts:\u001b[2m57:11\u001b[22m\u001b[39m\n\n\u001b[31m\u001b[2m⎯⎯⎯⎯⎯⎯⎯⎯⎯⎯⎯⎯⎯⎯⎯⎯⎯⎯⎯⎯⎯⎯[12/14]⎯\u001b[22m\u001b[39m\n\n\u001b[31m\u001b[1m\u001b[7m FAIL \u001b[27m\u001b[22m\u001b[39m tests/hidden/validators.spec.ts\u001b[2m > \u001b[22mvalidators hidden suite\u001b[2m > \u001b[22mvalidates human names with unicode characters\n\u001b[31m\u001b[1mError\u001b[22m: TODO: implement isValidName\u001b[39m\n\u001b[36m \u001b[2m❯\u001b[22m Module.isValidName workspace/src/validators.ts:\u001b[2m31:9\u001b[22m\u001b[39m\n    \u001b[90m 29| \u001b[39m */\u001b[39m\n    \u001b[90m 30| \u001b[39m\u001b[35mexport\u001b[39m \u001b[35mfunction\u001b[39m \u001b[34misValidName\u001b[39m(value\u001b[33m:\u001b[39m string)\u001b[33m:\u001b[39m boolean {\n    \u001b[90m 31| \u001b[39m  \u001b[35mthrow\u001b[39m \u001b[35mnew\u001b[39m \u001b[33mError\u001b[39m(\u001b[32m'TODO: implement isValidName'\u001b[39m)\u001b[33m;\u001b[39m\n    \u001b[90m   | \u001b[39m        \u001b[31m^\u001b[39m\n    \u001b[90m 32| \u001b[39m}\n    \u001b[90m 33| \u001b[39m\n\u001b[90m \u001b[2m❯\u001b[22m tests/hidden/validators.spec.ts:\u001b[2m64:38\u001b[22m\u001b[39m\n\u001b[90m \u001b[2m❯\u001b[22m tests/hidden/validators.spec.ts:\u001b[2m64:11\u001b[22m\u001b[39m\n\n\u001b[31m\u001b[2m⎯⎯⎯⎯⎯⎯⎯⎯⎯⎯⎯⎯⎯⎯⎯⎯⎯⎯⎯⎯⎯⎯[13/14]⎯\u001b[22m\u001b[39m\n\n\u001b[31m\u001b[1m\u001b[7m FAIL \u001b[27m\u001b[22m\u001b[39m tests/hidden/validators.spec.ts\u001b[2m > \u001b[22mvalidators hidden suite\u001b[2m > \u001b[22mvalidates credit card numbers with luhn\n\u001b[31m\u001b[1mError\u001b[22m: TODO: implement isValidCreditCard\u001b[39m\n\u001b[36m \u001b[2m❯\u001b[22m Module.isValidCreditCard workspace/src/validators.ts:\u001b[2m38:9\u001b[22m\u001b[39m\n    \u001b[90m 36| \u001b[39m */\u001b[39m\n    \u001b[90m 37| \u001b[39m\u001b[35mexport\u001b[39m \u001b[35mfunction\u001b[39m \u001b[34misValidCreditCard\u001b[39m(value\u001b[33m:\u001b[39m string)\u001b[33m:\u001b[39m boolean {\n    \u001b[90m 38| \u001b[39m  \u001b[35mthrow\u001b[39m \u001b[35mnew\u001b[39m \u001b[33mError\u001b[39m(\u001b[32m'TODO: implement isValidCreditCard'\u001b[39m)\u001b[33m;\u001b[39m\n    \u001b[90m   | \u001b[39m        \u001b[31m^\u001b[39m\n    \u001b[90m 39| \u001b[39m}\n    \u001b[90m 40| \u001b[39m\n\u001b[90m \u001b[2m❯\u001b[22m tests/hidden/validators.spec.ts:\u001b[2m71:38\u001b[22m\u001b[39m\n\u001b[90m \u001b[2m❯\u001b[22m tests/hidden/validators.spec.ts:\u001b[2m71:11\u001b[22m\u001b[39m\n\n\u001b[31m\u001b[2m⎯⎯⎯⎯⎯⎯⎯⎯⎯⎯⎯⎯⎯⎯⎯⎯⎯⎯⎯⎯⎯⎯[14/14]⎯\u001b[22m\u001b[39m\n\n",
      "duration": 1135,
      "success": false
    }
  ],
  "workspaceArchive": "/home/runner/work/vybestack-site/vybestack-site/evals/outputs/regex-challenge-2025-10-29T09-01-54-085Z/llxprt-synthetic-minimax/workspace",
  "runSessionId": "0a6140cc-e819-490e-b507-3a3f44a6291d",
  "runSessionStartedAt": "2025-10-29T08:32:19.732Z",
  "repoVersion": "main@69ccffa",
  "vybes": {
    "taskName": "regex-challenge",
    "configId": "llxprt-synthetic-minimax",
    "complexityMultiplier": 3,
    "timeLimitMinutes": 6,
    "baseScore": 300,
    "successPercentage": 0,
    "baselineSuccessPercentage": 0,
    "adjustedSuccessPercentage": 0,
    "timePenaltyMultiplier": 1,
    "rawScore": 0,
    "finalScore": 0,
    "actualTimeMinutes": 0.95,
    "description": "Regex validation and transformation toolkit",
    "category": "utilities",
    "breakdown": {
      "subtasksPassed": 0,
      "subtasksTotal": 0,
      "modulesCompleted": [],
      "modulesIncomplete": [],
      "modules": {}
    },
    "error": "lint/typecheck failed",
    "status": "error",
    "repoVersion": "main@69ccffa"
  }
}