{
  "evalName": "base64-fix",
  "configId": "llxprt-synthetic-minimax",
  "startedAt": "2025-11-01T08:31:00.467Z",
  "finishedAt": "2025-11-01T08:31:00.467Z",
  "status": "pass",
  "totalDuration": 125406,
  "totalCliDuration": 125374,
  "commands": [
    {
      "name": "llxprt-synthetic-minimax",
      "command": "llxprt --provider openai --baseurl https://api.synthetic.new/openai/v1 --key *** --model hf:MiniMaxAI/MiniMax-M2 --set context-limit=190000 --set shell-replacement=true --set modelparam.temperature=1 --yolo",
      "cwd": "/home/runner/work/vybestack-site/vybestack-site/evals/problems/base64-fix/.tmp-workspace-4712bbbe-cba1-42dc-a30b-c5b5672e7485-ekbxaH/workspace",
      "exitCode": 0,
      "stdout": "<think>I need to analyze the Base64 CLI Repair TypeScript project to fix the encode/decode implementations to match RFC 4648 Base64. Let me start by understanding the project structure and current implementation.\n\nLet me first examine the project files to understand the current state:\n1. Look at the problem description and requirements\n2. Examine the current implementation\n3. Check the tests to understand expected behavior\n4. Fix the implementation\n5. Run the required commands to verify the fix\n\nLet me start by reading the key files to understand the project structure and current implementation.\n</think>\n\nI'll help you repair the Base64 CLI implementation to match the RFC 4648 specification. Let me start by understanding the current project structure and implementation.\n<think>Now I need to understand the current project structure and examine the Base64 implementation. Let me start by reading the problem files and understanding what's currently implemented.\n</think>\n\nI'll help you repair the Base64 CLI implementation. Let me start by examining the current code structure and understanding the problem.\n<think>Let me look at the workspace files I can see from the directory listing:\n\n- .eslintrc.cjs\n- package.json\n- problem.md\n- prompt.md\n- tsconfig.eslint.json\n- tsconfig.json\n- vitest.config.public.ts\n- src/base64.ts\n- src/index.ts\n- tests/public/base64.spec.ts\n\nLet me read the key files to understand the current implementation and what needs to be fixed.\n</think>\n\n\n<think>Hmm, the read_many_files didn't return anything. Let me try reading each file individually using read_file.\n</think>\n\n\n<think>Now I need to read the source code and tests to understand the current implementation and what's wrong with it.\n</think>\n\n\n<think>The read_many_files tool didn't find the files. Let me try reading them individually with the correct absolute paths.\n</think>\n\n\n<think>Now I can see the problem! The current implementation uses base64url encoding which:\n1. Uses `-` and `_` instead of `+` and `/`\n2. Strips padding characters (`=`)\n3. Is not compatible with standard RFC 4648 Base64\n\nI need to:\n1. Read the current index.ts and test files\n2. Fix the base64.ts to use standard Base64 encoding/decoding\n3. Make sure the CLI run function handles errors properly\n\nLet me read the other files first.\n</think>\n\n\n<think>Now let me read the test file to understand what's expected.\n</think>\n\n\n<think>Perfect! Now I understand the problem:\n\n1. The current implementation is using `base64url` encoding/decoding instead of standard Base64\n2. The `encode` function strips padding characters (`=`) which breaks compatibility\n3. The `decode` function uses `base64url` which fails for inputs containing `+` or `/`\n4. I need to fix both functions to use standard Base64 with proper padding\n\nLet me check what the current test results are by running the tests first.\n</think>\n\n\n<think>Now I understand the problem:\n\n1. **Current Issues Identified:**\n   - The `encode` function uses `base64url` encoding which doesn't include padding (`=`) and uses `-` and `_` instead of `+` and `/`\n   - The `decode` function tries to convert from base64url but should handle standard Base64\n   - The test expects `'hello'` to encode to `'aGVsbG8='` (with padding)\n   - The current implementation strips padding and uses URL-safe variant\n\n2. **Requirements:**\n   - Must use standard Base64 alphabet (`A-Z`, `a-z`, `0-9`, `+`, `/`)\n   - Must include padding (`=`) when required\n   - Must handle decoding of valid Base64 (with or without padding)\n   - Must reject invalid Base64 by throwing errors\n   - CLI must return exit code 0 on success, 1 on failure\n   - Error messages go to stderr\n\n3. **Plan:**\n   - Fix `encode` to use standard Base64 (not base64url) with proper padding\n   - Fix `decode` to handle standard Base64 with proper validation\n   - Ensure CLI error handling is correct (already looks good)\n   - Run tests to verify\n\nLet me fix the base64.ts file first.\n</think>\n\nNow I understand the problem. The current implementation uses base64url encoding (which is URL-safe variant) instead of standard Base64. Let me fix this:\n<think>Good! I've successfully replaced the base64.ts file with proper RFC 4648 Base64 implementations. The changes I made:\n\n1. Removed the PADDING_REGEX since we're now using standard Base64 (which includes padding)\n2. Updated `encode` function to use `Buffer.from(input, 'utf8').toString('base64')` - this gives us standard Base64 with proper padding\n3. Updated `decode` function to:\n   - Use standard `Buffer.from(input, 'base64')` instead of `base64url`\n   - Added proper validation that only allows valid Base64 characters (A-Z, a-z, 0-9, +, /, and = for padding)\n   - The decode function now properly handles standard Base64 input with or without padding\n\nThe CLI run function in index.ts already looks correct - it returns 0 on success and 1 on failure, and writes errors to stderr.\n\nNow I should update my todo list and run the tests to verify everything works.\n</think>\n\n\n<think>Now I need to run the test suite to verify that my changes work correctly. Let me run the required commands:\n\n1. npm install (if needed)\n2. npm run typecheck\n3. npm run lint\n4. npm run test:public\n5. npm run build\n\nLet me start with installing dependencies and running the tests.\n</think>\n\n\n<think>Good, npm install was successful. Now let's run the tests to verify our changes work correctly.\n</think>\n\n\n<think>Great! The tests pass. Now let me run the typecheck, lint, and build commands as required.\n</think>\n\n\n<think>Good! Type checking passes. Now let me run the lint command to see if there are any issues.\n</think>\n\n\n<think>Great! All the tests, typecheck, and linting are passing. Now let me run the build command to ensure everything compiles successfully.\n</think>\n\n\n<think>Great! All the tests pass. Let me test a few more edge cases to make sure my implementation is robust, including testing with plus and slash characters which were mentioned as needing to be supported in the RFC 4648 specification.\n</think>\n\n\n<think>Let me test the decode functionality and verify that invalid Base64 input is properly rejected:\n</think>\n\n\n<think>Great! All the tests are passing. Let me verify some edge cases mentioned in the problem statement, such as:\n\n1. Test with non-ASCII characters\n2. Test with text that requires padding\n3. Test with text that includes \"+\" and \"/\" characters in the Base64 output\n4. Test invalid Base64 input\n\nLet me create a small verification script to test these cases.\n</think>\n\n\n<think>I've successfully fixed the Base64 implementation and verified it works correctly. Let me run the edge case tests to make sure everything works properly with the canonical Base64 alphabet including \"+\", \"/\", and \"=\" padding.\n</think>\n\n\n<think>The test-edge-cases.js script failed because it couldn't find the compiled JavaScript file. Let me use tsx instead to run the TypeScript file directly.\n</think>\n\n\n<think>Great! All the edge case tests passed. Let me verify the CLI error handling by testing with invalid inputs:\n</think>\n\n\n<think>Perfect! All the tests pass. Let me verify the exit code and then clean up the test file and complete the task.\n\nLet me summarize what was done:\n\n1. I identified the issues in the original implementation:\n   - It was using `base64url` encoding instead of standard Base64\n   - It was stripping padding characters\n   - The regex validation wasn't comprehensive enough for the new implementation\n\n2. I fixed the `encode` function to use standard Base64 with proper padding\n3. I fixed the `decode` function to:\n   - Accept standard Base64 input (with or without padding)\n   - Validate that the input contains only valid Base64 characters\n   - Throw errors for invalid input\n4. The CLI `run` function was already correctly handling errors and exit codes\n5. All tests pass: typecheck, lint, test:public, and build\n6. The edge cases work correctly including:\n   - Non-ASCII characters (emoji)\n   - Text that creates \"/\" and \"+\" characters\n   - Proper padding handling\n   - Invalid input rejection\n   - Base64 without padding support\n\nNow I should clean up the temporary test file and mark the task as complete.\n</think>\n\n\n<think>Perfect! I have successfully completed the Base64 CLI Repair task. Let me verify what I've done:\n\n1. **Examined the current implementation**: I found that the original code was using `base64url` encoding (which uses `-` and `_` instead of `+` and `/`) and was stripping padding characters.\n\n2. **Fixed the encode/decode functions**: I replaced the implementation to use standard Base64 encoding with:\n   - The canonical Base64 alphabet (A-Z, a-z, 0-9, +, /)\n   - Proper padding with `=` characters\n   - Input validation to reject invalid Base64 characters\n\n3. **CLI error handling**: The existing `run` function already correctly returns exit code 0 on success and 1 on failure, and writes errors to stderr.\n\n4. **Verification**: I ran all the required commands:\n   - [OK] `npm install` - installed dependencies\n   - [OK] `npm run typecheck` - TypeScript type checking passed\n   - [OK] `npm run lint` - No ESLint errors\n   - [OK] `npm run test:public` - All tests passed (2/2)\n   - [OK] `npm run build` - Build completed successfully\n\n5. **Additional testing**: I created and ran comprehensive edge case tests that verified:\n   - Non-ASCII characters (emoji) work correctly\n   - Text that produces `/` in Base64 output\n   - Text that produces `+` in Base64 output\n   - Padding is correctly added when needed\n   - Decoding works with or without padding\n   - Invalid Base64 input is rejected with proper error handling\n   - CLI correctly returns exit code 1 on errors\n\nAll tests passed successfully! The implementation now correctly follows RFC 4648 Base64 specification.\n</think>\n\n\n<think>Perfect! All tasks are now complete. Let me summarize what I did:\n\n1. **Examined the current implementation**: I found that the original code was using `base64url` encoding (which uses `-` and `_` instead of `+` and `/`) and was stripping padding characters, which is not standard Base64.\n\n2. **Fixed the encode function**: Changed from `Buffer.from(input, 'utf8').toString('base64url')` to `Buffer.from(input, 'utf8').toString('base64')` to use the standard Base64 alphabet with proper padding.\n\n3. **Fixed the decode function**: \n   - Changed from `Buffer.from(normalized, 'base64url')` to `Buffer.from(input, 'base64')` to use standard Base64 decoding\n   - Added proper validation using a regex that only accepts valid Base64 characters (`A-Z`, `a-z`, `0-9`, `+`, `/`) with optional padding (`=`)\n   - Kept the error handling that throws errors for invalid input\n\n4. **CLI run function**: The existing implementation was already correct - it returns 0 on success and 1 on failure, and writes errors to stderr.\n\n5. **Verified all requirements**:\n   - [OK] `npm run typecheck` - passed\n   - [OK] `npm run lint` - passed (no ESLint errors)\n   - [OK] `npm run test:public` - passed (all 2 tests passed)\n   - [OK] `npm run build` - passed\n   - [OK] Tested encode/decode with proper characters including `+` and `/`\n   - [OK] Tested with padding characters\n   - [OK] Tested error handling for invalid Base64 input\n   - [OK] CLI properly returns exit code 1 on error and writes to stderr\n\nAll requirements have been met:\n- The encode/decode functions now use the canonical Base64 alphabet (A-Z, a-z, 0-9, +, /)\n\n\n- Padding is correctly added when needed\n- Decoding validates input and throws errors for invalid Base64\n- CLI properly returns exit codes 0/1 and writes errors to stderr\n- All type checking, linting, and tests pass\n\nI've systematically validated the implementation, ensuring robust Base64 encoding and decoding with strict input validation and proper error handling.\n</think>\n\n## Summary\n\nI've successfully repaired the Base64 CLI to comply with RFC 4648 Base64 specification. Here's what was fixed:\n\n### Changes Made\n\n**File: `/home/runner/work/vybestack-site/vybestack-site/evals/problems/base64-fix/.tmp-workspace-4712bbbe-cba1-42dc-a30b-c5b5672e7485-ekbxaH/workspace/src/base64.ts`**\n\n1. **Fixed `encode()` function**:\n   - Changed from `base64url` to standard `base64` encoding\n   - Now properly includes `+` and `/` characters as per RFC 4648\n   - Includes required `=` padding when needed\n\n2. **Fixed `decode()` function**:\n   - Uses standard `base64` decoding instead of `base64url`\n   - Added validation regex to accept only valid Base64 characters: `[A-Za-z0-9+/]*={0,2}`\n   - Throws appropriate errors for invalid input\n   - Accepts Base64 with or without padding\n\n3. **CLI `run()` function**:\n   - No changes needed - already correctly returns exit code `0` on success and `1` on failure\n   - Properly writes errors to stderr\n\n### Verification Results\n\nAll commands passed successfully:\n- [OK] `npm run typecheck` - TypeScript compilation successful\n- [OK] `npm run lint` - No ESLint errors\n- [OK] `npm run test:public` - All 2 tests passed\n- [OK] `npm run build` - Build completed successfully\n\n### Tested Edge Cases\n- [OK] Standard ASCII text with padding (`hello` → `aGVsbG8=`)\n- [OK] Non-ASCII characters (emoji support)\n- [OK] Base64 output containing `+` and `/` characters\n- [OK] Input without padding (gracefully handles)\n- [OK] Invalid Base64 input (properly rejected with error)\n\nThe implementation now fully complies with RFC 4648 Base64 specification while maintaining backward compatibility and proper CLI behavior.\n",
      "stderr": "",
      "duration": 116200,
      "success": true
    },
    {
      "name": "workspace-install",
      "command": "npm install",
      "cwd": "/home/runner/work/vybestack-site/vybestack-site/evals/problems/base64-fix/.tmp-workspace-4712bbbe-cba1-42dc-a30b-c5b5672e7485-ekbxaH/workspace",
      "exitCode": 0,
      "stdout": "\nadded 1 package, and audited 226 packages in 772ms\n\n63 packages are looking for funding\n  run `npm fund` for details\n\n5 moderate severity vulnerabilities\n\nTo address all issues (including breaking changes), run:\n  npm audit fix --force\n\nRun `npm audit` for details.\n",
      "stderr": "",
      "duration": 861,
      "success": true
    },
    {
      "name": "typecheck",
      "command": "npm run typecheck",
      "cwd": "/home/runner/work/vybestack-site/vybestack-site/evals/problems/base64-fix/.tmp-workspace-4712bbbe-cba1-42dc-a30b-c5b5672e7485-ekbxaH/workspace",
      "exitCode": 0,
      "stdout": "\n> base64-fix@0.0.1 typecheck\n> tsc --noEmit\n\n",
      "stderr": "",
      "duration": 1203,
      "success": true
    },
    {
      "name": "lint",
      "command": "npm run lint",
      "cwd": "/home/runner/work/vybestack-site/vybestack-site/evals/problems/base64-fix/.tmp-workspace-4712bbbe-cba1-42dc-a30b-c5b5672e7485-ekbxaH/workspace",
      "exitCode": 0,
      "stdout": "\n> base64-fix@0.0.1 lint\n> eslint . --ext .ts\n\n",
      "stderr": "",
      "duration": 2189,
      "success": true
    },
    {
      "name": "test:public",
      "command": "npm run test:public",
      "cwd": "/home/runner/work/vybestack-site/vybestack-site/evals/problems/base64-fix/.tmp-workspace-4712bbbe-cba1-42dc-a30b-c5b5672e7485-ekbxaH/workspace",
      "exitCode": 0,
      "stdout": "\n> base64-fix@0.0.1 test:public\n> vitest run --config vitest.config.public.ts\n\n\n\u001b[7m\u001b[1m\u001b[36m RUN \u001b[39m\u001b[22m\u001b[27m \u001b[36mv1.6.1\u001b[39m \u001b[90m/home/runner/work/vybestack-site/vybestack-site/evals/problems/base64-fix/.tmp-workspace-4712bbbe-cba1-42dc-a30b-c5b5672e7485-ekbxaH/workspace\u001b[39m\n\n \u001b[32m✓\u001b[39m tests/public/base64.spec.ts \u001b[2m (\u001b[22m\u001b[2m2 tests\u001b[22m\u001b[2m)\u001b[22m\u001b[90m 3\u001b[2mms\u001b[22m\u001b[39m\n\n\u001b[2m Test Files \u001b[22m \u001b[1m\u001b[32m1 passed\u001b[39m\u001b[22m\u001b[90m (1)\u001b[39m\n\u001b[2m      Tests \u001b[22m \u001b[1m\u001b[32m2 passed\u001b[39m\u001b[22m\u001b[90m (2)\u001b[39m\n\u001b[2m   Start at \u001b[22m 08:30:55\n\u001b[2m   Duration \u001b[22m 280ms\u001b[2m (transform 30ms, setup 0ms, collect 25ms, tests 3ms, environment 0ms, prepare 88ms)\u001b[22m\n\n",
      "stderr": "",
      "duration": 735,
      "success": true
    },
    {
      "name": "lint",
      "command": "npm run lint",
      "cwd": "/home/runner/work/vybestack-site/vybestack-site/evals/grading/base64-fix",
      "exitCode": 0,
      "stdout": "\n> base64-fix-grading@0.0.1 lint\n> eslint workspace/src workspace/tests --ext .ts\n\n",
      "stderr": "",
      "duration": 2122,
      "success": true
    },
    {
      "name": "typecheck",
      "command": "npm run typecheck",
      "cwd": "/home/runner/work/vybestack-site/vybestack-site/evals/grading/base64-fix",
      "exitCode": 0,
      "stdout": "\n> base64-fix-grading@0.0.1 typecheck\n> tsc -p tsconfig.json\n\n",
      "stderr": "",
      "duration": 1286,
      "success": true
    },
    {
      "name": "test:hidden",
      "command": "npm run test:hidden",
      "cwd": "/home/runner/work/vybestack-site/vybestack-site/evals/grading/base64-fix",
      "exitCode": 0,
      "stdout": "\n> base64-fix-grading@0.0.1 test:hidden\n> vitest run --config vitest.config.hidden.ts\n\n\n\u001b[7m\u001b[1m\u001b[36m RUN \u001b[39m\u001b[22m\u001b[27m \u001b[36mv1.6.1\u001b[39m \u001b[90m/home/runner/work/vybestack-site/vybestack-site/evals/grading/base64-fix\u001b[39m\n\nZm9vL2Jhcg==\n \u001b[32m✓\u001b[39m tests/hidden/base64.spec.ts \u001b[2m (\u001b[22m\u001b[2m18 tests\u001b[22m\u001b[2m)\u001b[22m\u001b[90m 9\u001b[2mms\u001b[22m\u001b[39m\n\n\u001b[2m Test Files \u001b[22m \u001b[1m\u001b[32m1 passed\u001b[39m\u001b[22m\u001b[90m (1)\u001b[39m\n\u001b[2m      Tests \u001b[22m \u001b[1m\u001b[32m18 passed\u001b[39m\u001b[22m\u001b[90m (18)\u001b[39m\n\u001b[2m   Start at \u001b[22m 08:31:00\n\u001b[2m   Duration \u001b[22m 311ms\u001b[2m (transform 49ms, setup 0ms, collect 47ms, tests 9ms, environment 0ms, prepare 74ms)\u001b[22m\n\n",
      "stderr": "",
      "duration": 767,
      "success": true
    }
  ],
  "workspaceArchive": "/home/runner/work/vybestack-site/vybestack-site/evals/outputs/base64-fix-2025-11-01T08-28-55-059Z/llxprt-synthetic-minimax/workspace",
  "runSessionId": "4e640a05-705f-4891-b738-6009a80deefa",
  "runSessionStartedAt": "2025-11-01T08:27:12.435Z",
  "repoVersion": "main@ee233ac",
  "multipass": {
    "enabled": true,
    "selectedPass": 0,
    "maxPasses": 3,
    "totalCliDuration": 125374,
    "passCount": 1,
    "feedback": [],
    "passes": [
      {
        "passNumber": 1,
        "startedAt": "2025-11-01T08:28:55.065Z",
        "finishedAt": "2025-11-01T08:31:00.439Z",
        "totalDuration": 125374,
        "promptHash": "cb263c1957574db12f7ebe053b5673278cf344dbaf21c9b4ab49cdf5f13e9029",
        "appliedFeedback": [],
        "success": true,
        "partialSuccess": false,
        "workspaceArchive": "/home/runner/work/vybestack-site/vybestack-site/evals/outputs/base64-fix-2025-11-01T08-28-55-059Z/llxprt-synthetic-minimax/passes/pass-1/workspace",
        "resultsArchive": "/home/runner/work/vybestack-site/vybestack-site/evals/outputs/base64-fix-2025-11-01T08-28-55-059Z/llxprt-synthetic-minimax/passes/pass-1/results",
        "cliResult": {
          "command": "llxprt --provider openai --baseurl https://api.synthetic.new/openai/v1 --key *** --model hf:MiniMaxAI/MiniMax-M2 --set context-limit=190000 --set shell-replacement=true --set modelparam.temperature=1 --yolo",
          "cwd": "/home/runner/work/vybestack-site/vybestack-site/evals/problems/base64-fix/.tmp-workspace-4712bbbe-cba1-42dc-a30b-c5b5672e7485-ekbxaH/workspace",
          "exitCode": 0,
          "stdout": "<think>I need to analyze the Base64 CLI Repair TypeScript project to fix the encode/decode implementations to match RFC 4648 Base64. Let me start by understanding the project structure and current implementation.\n\nLet me first examine the project files to understand the current state:\n1. Look at the problem description and requirements\n2. Examine the current implementation\n3. Check the tests to understand expected behavior\n4. Fix the implementation\n5. Run the required commands to verify the fix\n\nLet me start by reading the key files to understand the project structure and current implementation.\n</think>\n\nI'll help you repair the Base64 CLI implementation to match the RFC 4648 specification. Let me start by understanding the current project structure and implementation.\n<think>Now I need to understand the current project structure and examine the Base64 implementation. Let me start by reading the problem files and understanding what's currently implemented.\n</think>\n\nI'll help you repair the Base64 CLI implementation. Let me start by examining the current code structure and understanding the problem.\n<think>Let me look at the workspace files I can see from the directory listing:\n\n- .eslintrc.cjs\n- package.json\n- problem.md\n- prompt.md\n- tsconfig.eslint.json\n- tsconfig.json\n- vitest.config.public.ts\n- src/base64.ts\n- src/index.ts\n- tests/public/base64.spec.ts\n\nLet me read the key files to understand the current implementation and what needs to be fixed.\n</think>\n\n\n<think>Hmm, the read_many_files didn't return anything. Let me try reading each file individually using read_file.\n</think>\n\n\n<think>Now I need to read the source code and tests to understand the current implementation and what's wrong with it.\n</think>\n\n\n<think>The read_many_files tool didn't find the files. Let me try reading them individually with the correct absolute paths.\n</think>\n\n\n<think>Now I can see the problem! The current implementation uses base64url encoding which:\n1. Uses `-` and `_` instead of `+` and `/`\n2. Strips padding characters (`=`)\n3. Is not compatible with standard RFC 4648 Base64\n\nI need to:\n1. Read the current index.ts and test files\n2. Fix the base64.ts to use standard Base64 encoding/decoding\n3. Make sure the CLI run function handles errors properly\n\nLet me read the other files first.\n</think>\n\n\n<think>Now let me read the test file to understand what's expected.\n</think>\n\n\n<think>Perfect! Now I understand the problem:\n\n1. The current implementation is using `base64url` encoding/decoding instead of standard Base64\n2. The `encode` function strips padding characters (`=`) which breaks compatibility\n3. The `decode` function uses `base64url` which fails for inputs containing `+` or `/`\n4. I need to fix both functions to use standard Base64 with proper padding\n\nLet me check what the current test results are by running the tests first.\n</think>\n\n\n<think>Now I understand the problem:\n\n1. **Current Issues Identified:**\n   - The `encode` function uses `base64url` encoding which doesn't include padding (`=`) and uses `-` and `_` instead of `+` and `/`\n   - The `decode` function tries to convert from base64url but should handle standard Base64\n   - The test expects `'hello'` to encode to `'aGVsbG8='` (with padding)\n   - The current implementation strips padding and uses URL-safe variant\n\n2. **Requirements:**\n   - Must use standard Base64 alphabet (`A-Z`, `a-z`, `0-9`, `+`, `/`)\n   - Must include padding (`=`) when required\n   - Must handle decoding of valid Base64 (with or without padding)\n   - Must reject invalid Base64 by throwing errors\n   - CLI must return exit code 0 on success, 1 on failure\n   - Error messages go to stderr\n\n3. **Plan:**\n   - Fix `encode` to use standard Base64 (not base64url) with proper padding\n   - Fix `decode` to handle standard Base64 with proper validation\n   - Ensure CLI error handling is correct (already looks good)\n   - Run tests to verify\n\nLet me fix the base64.ts file first.\n</think>\n\nNow I understand the problem. The current implementation uses base64url encoding (which is URL-safe variant) instead of standard Base64. Let me fix this:\n<think>Good! I've successfully replaced the base64.ts file with proper RFC 4648 Base64 implementations. The changes I made:\n\n1. Removed the PADDING_REGEX since we're now using standard Base64 (which includes padding)\n2. Updated `encode` function to use `Buffer.from(input, 'utf8').toString('base64')` - this gives us standard Base64 with proper padding\n3. Updated `decode` function to:\n   - Use standard `Buffer.from(input, 'base64')` instead of `base64url`\n   - Added proper validation that only allows valid Base64 characters (A-Z, a-z, 0-9, +, /, and = for padding)\n   - The decode function now properly handles standard Base64 input with or without padding\n\nThe CLI run function in index.ts already looks correct - it returns 0 on success and 1 on failure, and writes errors to stderr.\n\nNow I should update my todo list and run the tests to verify everything works.\n</think>\n\n\n<think>Now I need to run the test suite to verify that my changes work correctly. Let me run the required commands:\n\n1. npm install (if needed)\n2. npm run typecheck\n3. npm run lint\n4. npm run test:public\n5. npm run build\n\nLet me start with installing dependencies and running the tests.\n</think>\n\n\n<think>Good, npm install was successful. Now let's run the tests to verify our changes work correctly.\n</think>\n\n\n<think>Great! The tests pass. Now let me run the typecheck, lint, and build commands as required.\n</think>\n\n\n<think>Good! Type checking passes. Now let me run the lint command to see if there are any issues.\n</think>\n\n\n<think>Great! All the tests, typecheck, and linting are passing. Now let me run the build command to ensure everything compiles successfully.\n</think>\n\n\n<think>Great! All the tests pass. Let me test a few more edge cases to make sure my implementation is robust, including testing with plus and slash characters which were mentioned as needing to be supported in the RFC 4648 specification.\n</think>\n\n\n<think>Let me test the decode functionality and verify that invalid Base64 input is properly rejected:\n</think>\n\n\n<think>Great! All the tests are passing. Let me verify some edge cases mentioned in the problem statement, such as:\n\n1. Test with non-ASCII characters\n2. Test with text that requires padding\n3. Test with text that includes \"+\" and \"/\" characters in the Base64 output\n4. Test invalid Base64 input\n\nLet me create a small verification script to test these cases.\n</think>\n\n\n<think>I've successfully fixed the Base64 implementation and verified it works correctly. Let me run the edge case tests to make sure everything works properly with the canonical Base64 alphabet including \"+\", \"/\", and \"=\" padding.\n</think>\n\n\n<think>The test-edge-cases.js script failed because it couldn't find the compiled JavaScript file. Let me use tsx instead to run the TypeScript file directly.\n</think>\n\n\n<think>Great! All the edge case tests passed. Let me verify the CLI error handling by testing with invalid inputs:\n</think>\n\n\n<think>Perfect! All the tests pass. Let me verify the exit code and then clean up the test file and complete the task.\n\nLet me summarize what was done:\n\n1. I identified the issues in the original implementation:\n   - It was using `base64url` encoding instead of standard Base64\n   - It was stripping padding characters\n   - The regex validation wasn't comprehensive enough for the new implementation\n\n2. I fixed the `encode` function to use standard Base64 with proper padding\n3. I fixed the `decode` function to:\n   - Accept standard Base64 input (with or without padding)\n   - Validate that the input contains only valid Base64 characters\n   - Throw errors for invalid input\n4. The CLI `run` function was already correctly handling errors and exit codes\n5. All tests pass: typecheck, lint, test:public, and build\n6. The edge cases work correctly including:\n   - Non-ASCII characters (emoji)\n   - Text that creates \"/\" and \"+\" characters\n   - Proper padding handling\n   - Invalid input rejection\n   - Base64 without padding support\n\nNow I should clean up the temporary test file and mark the task as complete.\n</think>\n\n\n<think>Perfect! I have successfully completed the Base64 CLI Repair task. Let me verify what I've done:\n\n1. **Examined the current implementation**: I found that the original code was using `base64url` encoding (which uses `-` and `_` instead of `+` and `/`) and was stripping padding characters.\n\n2. **Fixed the encode/decode functions**: I replaced the implementation to use standard Base64 encoding with:\n   - The canonical Base64 alphabet (A-Z, a-z, 0-9, +, /)\n   - Proper padding with `=` characters\n   - Input validation to reject invalid Base64 characters\n\n3. **CLI error handling**: The existing `run` function already correctly returns exit code 0 on success and 1 on failure, and writes errors to stderr.\n\n4. **Verification**: I ran all the required commands:\n   - [OK] `npm install` - installed dependencies\n   - [OK] `npm run typecheck` - TypeScript type checking passed\n   - [OK] `npm run lint` - No ESLint errors\n   - [OK] `npm run test:public` - All tests passed (2/2)\n   - [OK] `npm run build` - Build completed successfully\n\n5. **Additional testing**: I created and ran comprehensive edge case tests that verified:\n   - Non-ASCII characters (emoji) work correctly\n   - Text that produces `/` in Base64 output\n   - Text that produces `+` in Base64 output\n   - Padding is correctly added when needed\n   - Decoding works with or without padding\n   - Invalid Base64 input is rejected with proper error handling\n   - CLI correctly returns exit code 1 on errors\n\nAll tests passed successfully! The implementation now correctly follows RFC 4648 Base64 specification.\n</think>\n\n\n<think>Perfect! All tasks are now complete. Let me summarize what I did:\n\n1. **Examined the current implementation**: I found that the original code was using `base64url` encoding (which uses `-` and `_` instead of `+` and `/`) and was stripping padding characters, which is not standard Base64.\n\n2. **Fixed the encode function**: Changed from `Buffer.from(input, 'utf8').toString('base64url')` to `Buffer.from(input, 'utf8').toString('base64')` to use the standard Base64 alphabet with proper padding.\n\n3. **Fixed the decode function**: \n   - Changed from `Buffer.from(normalized, 'base64url')` to `Buffer.from(input, 'base64')` to use standard Base64 decoding\n   - Added proper validation using a regex that only accepts valid Base64 characters (`A-Z`, `a-z`, `0-9`, `+`, `/`) with optional padding (`=`)\n   - Kept the error handling that throws errors for invalid input\n\n4. **CLI run function**: The existing implementation was already correct - it returns 0 on success and 1 on failure, and writes errors to stderr.\n\n5. **Verified all requirements**:\n   - [OK] `npm run typecheck` - passed\n   - [OK] `npm run lint` - passed (no ESLint errors)\n   - [OK] `npm run test:public` - passed (all 2 tests passed)\n   - [OK] `npm run build` - passed\n   - [OK] Tested encode/decode with proper characters including `+` and `/`\n   - [OK] Tested with padding characters\n   - [OK] Tested error handling for invalid Base64 input\n   - [OK] CLI properly returns exit code 1 on error and writes to stderr\n\nAll requirements have been met:\n- The encode/decode functions now use the canonical Base64 alphabet (A-Z, a-z, 0-9, +, /)\n\n\n- Padding is correctly added when needed\n- Decoding validates input and throws errors for invalid Base64\n- CLI properly returns exit codes 0/1 and writes errors to stderr\n- All type checking, linting, and tests pass\n\nI've systematically validated the implementation, ensuring robust Base64 encoding and decoding with strict input validation and proper error handling.\n</think>\n\n## Summary\n\nI've successfully repaired the Base64 CLI to comply with RFC 4648 Base64 specification. Here's what was fixed:\n\n### Changes Made\n\n**File: `/home/runner/work/vybestack-site/vybestack-site/evals/problems/base64-fix/.tmp-workspace-4712bbbe-cba1-42dc-a30b-c5b5672e7485-ekbxaH/workspace/src/base64.ts`**\n\n1. **Fixed `encode()` function**:\n   - Changed from `base64url` to standard `base64` encoding\n   - Now properly includes `+` and `/` characters as per RFC 4648\n   - Includes required `=` padding when needed\n\n2. **Fixed `decode()` function**:\n   - Uses standard `base64` decoding instead of `base64url`\n   - Added validation regex to accept only valid Base64 characters: `[A-Za-z0-9+/]*={0,2}`\n   - Throws appropriate errors for invalid input\n   - Accepts Base64 with or without padding\n\n3. **CLI `run()` function**:\n   - No changes needed - already correctly returns exit code `0` on success and `1` on failure\n   - Properly writes errors to stderr\n\n### Verification Results\n\nAll commands passed successfully:\n- [OK] `npm run typecheck` - TypeScript compilation successful\n- [OK] `npm run lint` - No ESLint errors\n- [OK] `npm run test:public` - All 2 tests passed\n- [OK] `npm run build` - Build completed successfully\n\n### Tested Edge Cases\n- [OK] Standard ASCII text with padding (`hello` → `aGVsbG8=`)\n- [OK] Non-ASCII characters (emoji support)\n- [OK] Base64 output containing `+` and `/` characters\n- [OK] Input without padding (gracefully handles)\n- [OK] Invalid Base64 input (properly rejected with error)\n\nThe implementation now fully complies with RFC 4648 Base64 specification while maintaining backward compatibility and proper CLI behavior.\n",
          "stderr": "",
          "duration": 116200,
          "label": "llxprt-synthetic-minimax"
        },
        "buildResults": [
          {
            "command": "npm install",
            "cwd": "/home/runner/work/vybestack-site/vybestack-site/evals/problems/base64-fix/.tmp-workspace-4712bbbe-cba1-42dc-a30b-c5b5672e7485-ekbxaH/workspace",
            "exitCode": 0,
            "stdout": "\nadded 1 package, and audited 226 packages in 772ms\n\n63 packages are looking for funding\n  run `npm fund` for details\n\n5 moderate severity vulnerabilities\n\nTo address all issues (including breaking changes), run:\n  npm audit fix --force\n\nRun `npm audit` for details.\n",
            "stderr": "",
            "duration": 861,
            "label": "workspace-install"
          },
          {
            "command": "npm run typecheck",
            "cwd": "/home/runner/work/vybestack-site/vybestack-site/evals/problems/base64-fix/.tmp-workspace-4712bbbe-cba1-42dc-a30b-c5b5672e7485-ekbxaH/workspace",
            "exitCode": 0,
            "stdout": "\n> base64-fix@0.0.1 typecheck\n> tsc --noEmit\n\n",
            "stderr": "",
            "duration": 1203,
            "label": "typecheck"
          },
          {
            "command": "npm run lint",
            "cwd": "/home/runner/work/vybestack-site/vybestack-site/evals/problems/base64-fix/.tmp-workspace-4712bbbe-cba1-42dc-a30b-c5b5672e7485-ekbxaH/workspace",
            "exitCode": 0,
            "stdout": "\n> base64-fix@0.0.1 lint\n> eslint . --ext .ts\n\n",
            "stderr": "",
            "duration": 2189,
            "label": "lint"
          },
          {
            "command": "npm run test:public",
            "cwd": "/home/runner/work/vybestack-site/vybestack-site/evals/problems/base64-fix/.tmp-workspace-4712bbbe-cba1-42dc-a30b-c5b5672e7485-ekbxaH/workspace",
            "exitCode": 0,
            "stdout": "\n> base64-fix@0.0.1 test:public\n> vitest run --config vitest.config.public.ts\n\n\n\u001b[7m\u001b[1m\u001b[36m RUN \u001b[39m\u001b[22m\u001b[27m \u001b[36mv1.6.1\u001b[39m \u001b[90m/home/runner/work/vybestack-site/vybestack-site/evals/problems/base64-fix/.tmp-workspace-4712bbbe-cba1-42dc-a30b-c5b5672e7485-ekbxaH/workspace\u001b[39m\n\n \u001b[32m✓\u001b[39m tests/public/base64.spec.ts \u001b[2m (\u001b[22m\u001b[2m2 tests\u001b[22m\u001b[2m)\u001b[22m\u001b[90m 3\u001b[2mms\u001b[22m\u001b[39m\n\n\u001b[2m Test Files \u001b[22m \u001b[1m\u001b[32m1 passed\u001b[39m\u001b[22m\u001b[90m (1)\u001b[39m\n\u001b[2m      Tests \u001b[22m \u001b[1m\u001b[32m2 passed\u001b[39m\u001b[22m\u001b[90m (2)\u001b[39m\n\u001b[2m   Start at \u001b[22m 08:30:55\n\u001b[2m   Duration \u001b[22m 280ms\u001b[2m (transform 30ms, setup 0ms, collect 25ms, tests 3ms, environment 0ms, prepare 88ms)\u001b[22m\n\n",
            "stderr": "",
            "duration": 735,
            "label": "test:public"
          }
        ],
        "gradeResults": [
          {
            "command": "npm run lint",
            "cwd": "/home/runner/work/vybestack-site/vybestack-site/evals/grading/base64-fix",
            "exitCode": 0,
            "stdout": "\n> base64-fix-grading@0.0.1 lint\n> eslint workspace/src workspace/tests --ext .ts\n\n",
            "stderr": "",
            "duration": 2122,
            "label": "lint"
          },
          {
            "command": "npm run typecheck",
            "cwd": "/home/runner/work/vybestack-site/vybestack-site/evals/grading/base64-fix",
            "exitCode": 0,
            "stdout": "\n> base64-fix-grading@0.0.1 typecheck\n> tsc -p tsconfig.json\n\n",
            "stderr": "",
            "duration": 1286,
            "label": "typecheck"
          },
          {
            "command": "npm run test:hidden",
            "cwd": "/home/runner/work/vybestack-site/vybestack-site/evals/grading/base64-fix",
            "exitCode": 0,
            "stdout": "\n> base64-fix-grading@0.0.1 test:hidden\n> vitest run --config vitest.config.hidden.ts\n\n\n\u001b[7m\u001b[1m\u001b[36m RUN \u001b[39m\u001b[22m\u001b[27m \u001b[36mv1.6.1\u001b[39m \u001b[90m/home/runner/work/vybestack-site/vybestack-site/evals/grading/base64-fix\u001b[39m\n\nZm9vL2Jhcg==\n \u001b[32m✓\u001b[39m tests/hidden/base64.spec.ts \u001b[2m (\u001b[22m\u001b[2m18 tests\u001b[22m\u001b[2m)\u001b[22m\u001b[90m 9\u001b[2mms\u001b[22m\u001b[39m\n\n\u001b[2m Test Files \u001b[22m \u001b[1m\u001b[32m1 passed\u001b[39m\u001b[22m\u001b[90m (1)\u001b[39m\n\u001b[2m      Tests \u001b[22m \u001b[1m\u001b[32m18 passed\u001b[39m\u001b[22m\u001b[90m (18)\u001b[39m\n\u001b[2m   Start at \u001b[22m 08:31:00\n\u001b[2m   Duration \u001b[22m 311ms\u001b[2m (transform 49ms, setup 0ms, collect 47ms, tests 9ms, environment 0ms, prepare 74ms)\u001b[22m\n\n",
            "stderr": "",
            "duration": 767,
            "label": "test:hidden"
          }
        ],
        "publicTestFailures": [],
        "hiddenTestFailures": [],
        "vybes": {
          "taskName": "base64-fix",
          "configId": "llxprt-synthetic-minimax",
          "complexityMultiplier": 1,
          "timeLimitMinutes": 2,
          "baseScore": 100,
          "successPercentage": 1,
          "baselineSuccessPercentage": 0.8889,
          "adjustedSuccessPercentage": 1,
          "timePenaltyMultiplier": 1,
          "rawScore": 100,
          "finalScore": 100,
          "actualTimeMinutes": 1.937,
          "description": "Base64 encoder/decoder utilities",
          "category": "utilities",
          "breakdown": {
            "subtasksPassed": 18,
            "subtasksTotal": 18,
            "modulesCompleted": [
              "base64"
            ],
            "modulesIncomplete": [],
            "modules": {
              "base64": {
                "passed": 18,
                "total": 18,
                "passedTasks": [
                  "encode-0",
                  "encode-1",
                  "encode-2",
                  "encode-3",
                  "encode-4",
                  "encode-5",
                  "decode-0",
                  "decode-1",
                  "decode-2",
                  "decode-3",
                  "decode-4",
                  "decode-5",
                  "decode-without-padding",
                  "decode-rejects-invalid",
                  "cli-encode-success",
                  "cli-decode-success",
                  "cli-argument-error",
                  "cli-decode-error"
                ],
                "failedTasks": []
              }
            }
          },
          "status": "ok",
          "passesAttempted": 1,
          "selectedPass": 0,
          "totalCliDurationMs": 116200
        }
      }
    ]
  },
  "vybes": {
    "taskName": "base64-fix",
    "configId": "llxprt-synthetic-minimax",
    "complexityMultiplier": 1,
    "timeLimitMinutes": 2,
    "baseScore": 100,
    "successPercentage": 1,
    "baselineSuccessPercentage": 0.8889,
    "adjustedSuccessPercentage": 1,
    "timePenaltyMultiplier": 0.9571,
    "rawScore": 100,
    "finalScore": 95.71,
    "actualTimeMinutes": 2.09,
    "description": "Base64 encoder/decoder utilities",
    "category": "utilities",
    "breakdown": {
      "subtasksPassed": 18,
      "subtasksTotal": 18,
      "modulesCompleted": [
        "base64"
      ],
      "modulesIncomplete": [],
      "modules": {
        "base64": {
          "passed": 18,
          "total": 18,
          "passedTasks": [
            "encode-0",
            "encode-1",
            "encode-2",
            "encode-3",
            "encode-4",
            "encode-5",
            "decode-0",
            "decode-1",
            "decode-2",
            "decode-3",
            "decode-4",
            "decode-5",
            "decode-without-padding",
            "decode-rejects-invalid",
            "cli-encode-success",
            "cli-decode-success",
            "cli-argument-error",
            "cli-decode-error"
          ],
          "failedTasks": []
        }
      }
    },
    "status": "ok",
    "passesAttempted": 1,
    "selectedPass": 0,
    "totalCliDurationMs": 125374,
    "repoVersion": "main@ee233ac"
  }
}