{
  "evalName": "form-capture",
  "configId": "llxprt-synthetic-minimax",
  "startedAt": "2025-10-28T13:43:25.547Z",
  "finishedAt": "2025-10-28T13:43:25.547Z",
  "status": "fail",
  "totalDuration": 28918,
  "commands": [
    {
      "name": "llxprt",
      "command": "llxprt --provider openai --baseurl https://api.synthetic.new/openai/v1 --key *** --model hf:MiniMaxAI/MiniMax-M2 --set context-limit=190000 --set shell-replacement=true --set modelparam.temperature 1 --yolo",
      "cwd": "/home/runner/work/vybestack-site/vybestack-site/evals/problems/form-capture/.tmp-workspace-e7a2f129-a497-4942-84f2-c41493a02470-8lqhy7/workspace",
      "exitCode": 1,
      "stdout": "",
      "stderr": "An unexpected critical error occurred:\nError: Invalid --set format: modelparam.temperature. Expected key=value\n    at applyCliSetArguments (file:///opt/hostedtoolcache/node/20.19.5/x64/lib/node_modules/@vybestack/llxprt-code/dist/src/config/cliEphemeralSettings.js:17:19)\n    at loadCliConfig (file:///opt/hostedtoolcache/node/20.19.5/x64/lib/node_modules/@vybestack/llxprt-code/dist/src/config/config.js:692:26)\n    at async main (file:///opt/hostedtoolcache/node/20.19.5/x64/lib/node_modules/@vybestack/llxprt-code/dist/src/gemini.js:219:20)\n",
      "duration": 1429,
      "success": false
    },
    {
      "name": "npm",
      "command": "npm install",
      "cwd": "/home/runner/work/vybestack-site/vybestack-site/evals/problems/form-capture/.tmp-workspace-e7a2f129-a497-4942-84f2-c41493a02470-8lqhy7/workspace",
      "exitCode": 0,
      "stdout": "\nadded 343 packages, and audited 344 packages in 3s\n\n96 packages are looking for funding\n  run `npm fund` for details\n\n4 moderate severity vulnerabilities\n\nTo address all issues (including breaking changes), run:\n  npm audit fix --force\n\nRun `npm audit` for details.\n",
      "stderr": "npm warn deprecated inflight@1.0.6: This module is not supported, and leaks memory. Do not use it. Check out lru-cache if you want a good and tested way to coalesce async requests by a key value, which is much more comprehensive and powerful.\nnpm warn deprecated @humanwhocodes/config-array@0.13.0: Use @eslint/config-array instead\nnpm warn deprecated rimraf@3.0.2: Rimraf versions prior to v4 are no longer supported\nnpm warn deprecated glob@7.2.3: Glob versions prior to v9 are no longer supported\nnpm warn deprecated @humanwhocodes/object-schema@2.0.3: Use @eslint/object-schema instead\nnpm warn deprecated eslint@8.57.1: This version is no longer supported. Please see https://eslint.org/version-support for other options.\n",
      "duration": 2676,
      "success": true
    },
    {
      "name": "npm",
      "command": "npm run lint",
      "cwd": "/home/runner/work/vybestack-site/vybestack-site/evals/problems/form-capture/.tmp-workspace-e7a2f129-a497-4942-84f2-c41493a02470-8lqhy7/workspace",
      "exitCode": 1,
      "stdout": "\n> form-capture-eval@0.0.1 lint\n> eslint . --ext .ts\n\n\n/home/runner/work/vybestack-site/vybestack-site/evals/problems/form-capture/.tmp-workspace-e7a2f129-a497-4942-84f2-c41493a02470-8lqhy7/workspace/tests/public/form.spec.ts\n  2:8   error  'request' is defined but never used       @typescript-eslint/no-unused-vars\n  3:8   error  'cheerio' is defined but never used       @typescript-eslint/no-unused-vars\n  7:13  error  Unexpected any. Specify a different type  @typescript-eslint/no-explicit-any\n  8:5   error  'app' is defined but never used           @typescript-eslint/no-unused-vars\n  8:10  error  Unexpected any. Specify a different type  @typescript-eslint/no-explicit-any\n\n✖ 5 problems (5 errors, 0 warnings)\n\n",
      "stderr": "",
      "duration": 3347,
      "success": false
    },
    {
      "name": "npm",
      "command": "npm run test:public",
      "cwd": "/home/runner/work/vybestack-site/vybestack-site/evals/problems/form-capture/.tmp-workspace-e7a2f129-a497-4942-84f2-c41493a02470-8lqhy7/workspace",
      "exitCode": 0,
      "stdout": "\n> form-capture-eval@0.0.1 test:public\n> vitest run --config vitest.config.public.ts\n\n\n\u001b[7m\u001b[1m\u001b[36m RUN \u001b[39m\u001b[22m\u001b[27m \u001b[36mv1.6.1\u001b[39m \u001b[90m/home/runner/work/vybestack-site/vybestack-site/evals/problems/form-capture/.tmp-workspace-e7a2f129-a497-4942-84f2-c41493a02470-8lqhy7/workspace\u001b[39m\n\n \u001b[32m✓\u001b[39m tests/public/form.spec.ts \u001b[2m (\u001b[22m\u001b[2m2 tests\u001b[22m\u001b[2m)\u001b[22m\u001b[90m 3\u001b[2mms\u001b[22m\u001b[39m\n\n\u001b[2m Test Files \u001b[22m \u001b[1m\u001b[32m1 passed\u001b[39m\u001b[22m\u001b[90m (1)\u001b[39m\n\u001b[2m      Tests \u001b[22m \u001b[1m\u001b[32m2 passed\u001b[39m\u001b[22m\u001b[90m (2)\u001b[39m\n\u001b[2m   Start at \u001b[22m 13:43:04\n\u001b[2m   Duration \u001b[22m 310ms\u001b[2m (transform 31ms, setup 0ms, collect 21ms, tests 3ms, environment 0ms, prepare 92ms)\u001b[22m\n\n",
      "stderr": "",
      "duration": 879,
      "success": true
    },
    {
      "name": "npm",
      "command": "npm run typecheck",
      "cwd": "/home/runner/work/vybestack-site/vybestack-site/evals/problems/form-capture/.tmp-workspace-e7a2f129-a497-4942-84f2-c41493a02470-8lqhy7/workspace",
      "exitCode": 0,
      "stdout": "\n> form-capture-eval@0.0.1 typecheck\n> tsc --noEmit\n\n",
      "stderr": "",
      "duration": 1435,
      "success": true
    },
    {
      "name": "npm",
      "command": "npm run build",
      "cwd": "/home/runner/work/vybestack-site/vybestack-site/evals/problems/form-capture/.tmp-workspace-e7a2f129-a497-4942-84f2-c41493a02470-8lqhy7/workspace",
      "exitCode": 0,
      "stdout": "\n> form-capture-eval@0.0.1 build\n> tsc -p tsconfig.json\n\n",
      "stderr": "",
      "duration": 1200,
      "success": true
    },
    {
      "name": "npm",
      "command": "npm install",
      "cwd": "/home/runner/work/vybestack-site/vybestack-site/evals/grading/form-capture",
      "exitCode": 0,
      "stdout": "\nup to date, audited 330 packages in 883ms\n\n96 packages are looking for funding\n  run `npm fund` for details\n\n2 moderate severity vulnerabilities\n\nTo address all issues, run:\n  npm audit fix\n\nRun `npm audit` for details.\n",
      "stderr": "",
      "duration": 971,
      "success": true
    },
    {
      "name": "npm",
      "command": "npm --prefix workspace install",
      "cwd": "/home/runner/work/vybestack-site/vybestack-site/evals/grading/form-capture",
      "exitCode": 0,
      "stdout": "\nadded 343 packages, and audited 344 packages in 2s\n\n96 packages are looking for funding\n  run `npm fund` for details\n\n4 moderate severity vulnerabilities\n\nTo address all issues (including breaking changes), run:\n  npm audit fix --force\n\nRun `npm audit` for details.\n",
      "stderr": "npm warn deprecated inflight@1.0.6: This module is not supported, and leaks memory. Do not use it. Check out lru-cache if you want a good and tested way to coalesce async requests by a key value, which is much more comprehensive and powerful.\nnpm warn deprecated @humanwhocodes/config-array@0.13.0: Use @eslint/config-array instead\nnpm warn deprecated rimraf@3.0.2: Rimraf versions prior to v4 are no longer supported\nnpm warn deprecated glob@7.2.3: Glob versions prior to v9 are no longer supported\nnpm warn deprecated @humanwhocodes/object-schema@2.0.3: Use @eslint/object-schema instead\nnpm warn deprecated eslint@8.57.1: This version is no longer supported. Please see https://eslint.org/version-support for other options.\n",
      "duration": 2532,
      "success": true
    },
    {
      "name": "npm",
      "command": "npm --prefix workspace run build",
      "cwd": "/home/runner/work/vybestack-site/vybestack-site/evals/grading/form-capture",
      "exitCode": 0,
      "stdout": "\n> form-capture-eval@0.0.1 build\n> tsc -p tsconfig.json\n\n",
      "stderr": "",
      "duration": 1193,
      "success": true
    },
    {
      "name": "npm",
      "command": "npm run typecheck",
      "cwd": "/home/runner/work/vybestack-site/vybestack-site/evals/grading/form-capture",
      "exitCode": 0,
      "stdout": "\n> form-capture-grading@0.0.1 typecheck\n> tsc -p tsconfig.json\n\n",
      "stderr": "",
      "duration": 1459,
      "success": true
    },
    {
      "name": "npm",
      "command": "npm run test:hidden",
      "cwd": "/home/runner/work/vybestack-site/vybestack-site/evals/grading/form-capture",
      "exitCode": 1,
      "stdout": "\n> form-capture-grading@0.0.1 test:hidden\n> vitest run --config vitest.config.hidden.ts\n\n\n\u001b[7m\u001b[1m\u001b[36m RUN \u001b[39m\u001b[22m\u001b[27m \u001b[36mv1.6.1\u001b[39m \u001b[90m/home/runner/work/vybestack-site/vybestack-site/evals/grading/form-capture\u001b[39m\n\n \u001b[32m✓\u001b[39m tests/hidden/package.spec.ts \u001b[2m (\u001b[22m\u001b[2m1 test\u001b[22m\u001b[2m)\u001b[22m\u001b[90m 4\u001b[2mms\u001b[22m\u001b[39m\n \u001b[33m❯\u001b[39m tests/hidden/form.spec.ts \u001b[2m (\u001b[22m\u001b[2m4 tests\u001b[22m\u001b[2m)\u001b[22m\n \u001b[33m❯\u001b[39m tests/hidden/form.spec.ts \u001b[2m (\u001b[22m\u001b[2m4 tests\u001b[22m\u001b[2m)\u001b[22m\u001b[33m 10515\u001b[2mms\u001b[22m\u001b[39m\n\n\u001b[2m Test Files \u001b[22m \u001b[1m\u001b[31m1 failed\u001b[39m\u001b[22m\u001b[2m | \u001b[22m\u001b[1m\u001b[32m1 passed\u001b[39m\u001b[22m\u001b[90m (2)\u001b[39m\n\u001b[2m      Tests \u001b[22m \u001b[1m\u001b[32m1 passed\u001b[39m\u001b[22m\u001b[90m (5)\u001b[39m\n\u001b[2m   Start at \u001b[22m 13:43:14\n\u001b[2m   Duration \u001b[22m 11.00s\u001b[2m (transform 84ms, setup 0ms, collect 251ms, tests 10.52s, environment 1ms, prepare 197ms)\u001b[22m\n\n",
      "stderr": "Server not implemented yet.\n\u001b[31m⎯⎯⎯⎯⎯⎯\u001b[1m\u001b[7m Failed Suites 1 \u001b[27m\u001b[22m⎯⎯⎯⎯⎯⎯⎯\u001b[39m\n\n\u001b[31m\u001b[1m\u001b[7m FAIL \u001b[27m\u001b[22m\u001b[39m tests/hidden/form.spec.ts \u001b[2m[ tests/hidden/form.spec.ts ]\u001b[22m\n\u001b[31m\u001b[1mError\u001b[22m: Hook timed out in 10000ms.\nIf this is a long-running hook, pass a timeout value as the last argument or configure it globally with \"hookTimeout\".\u001b[39m\n\u001b[31m\u001b[2m⎯⎯⎯⎯⎯⎯⎯⎯⎯⎯⎯⎯⎯⎯⎯⎯⎯⎯⎯⎯⎯⎯⎯⎯[1/1]⎯\u001b[22m\u001b[39m\n\n",
      "duration": 11487,
      "success": false
    }
  ],
  "workspaceArchive": "/home/runner/work/vybestack-site/vybestack-site/evals/outputs/form-capture-2025-10-28T13-42-56-626Z/llxprt-synthetic-minimax/workspace",
  "runSessionId": "0c1ecae2-4a90-4625-90d5-0d2f02cae232",
  "runSessionStartedAt": "2025-10-28T13:41:28.363Z",
  "repoVersion": "main@43a8c64",
  "vybes": {
    "taskName": "form-capture",
    "configId": "llxprt-synthetic-minimax",
    "complexityMultiplier": 5,
    "timeLimitMinutes": 10,
    "baseScore": 500,
    "successPercentage": 0,
    "baselineSuccessPercentage": 0,
    "adjustedSuccessPercentage": 0,
    "timePenaltyMultiplier": 1,
    "rawScore": 0,
    "finalScore": 0,
    "actualTimeMinutes": 0.024,
    "description": "Full-stack contact form application",
    "category": "full-stack",
    "breakdown": {
      "subtasksPassed": 1,
      "subtasksTotal": 6,
      "modulesCompleted": [],
      "modulesIncomplete": [
        "form-capture"
      ],
      "modules": {
        "form-capture": {
          "passed": 1,
          "total": 6,
          "passedTasks": [
            "package-integrity"
          ],
          "failedTasks": [
            "form-fields-render",
            "invalid-email-validation",
            "submission-persists",
            "thank-you-page",
            "css-styling"
          ]
        }
      }
    },
    "error": "lint/typecheck failed",
    "status": "error",
    "repoVersion": "main@43a8c64"
  }
}