{
  "evalName": "base64-fix",
  "configId": "llxprt-synthetic-minimax",
  "startedAt": "2025-10-28T01:46:03.744Z",
  "finishedAt": "2025-10-28T01:46:03.744Z",
  "status": "fail",
  "totalDuration": 14058,
  "commands": [
    {
      "name": "llxprt",
      "command": "llxprt --provider openai --baseurl https://api.synthetic.new/openai/v1 --key *** --model hf:MiniMaxAI/MiniMax-M2 --set context-limit=190000 --set shell-replacement=true --set modelparam.temperature 1 --yolo",
      "cwd": "/home/runner/work/vybestack-site/vybestack-site/evals/problems/base64-fix/.tmp-workspace-b71c0d92-ac3c-4305-800d-b0f2e3581d2a-FNPafo/workspace",
      "exitCode": 1,
      "stdout": "",
      "stderr": "An unexpected critical error occurred:\nError: Invalid --set format: modelparam.temperature. Expected key=value\n    at applyCliSetArguments (file:///opt/hostedtoolcache/node/20.19.5/x64/lib/node_modules/@vybestack/llxprt-code/dist/src/config/cliEphemeralSettings.js:17:19)\n    at loadCliConfig (file:///opt/hostedtoolcache/node/20.19.5/x64/lib/node_modules/@vybestack/llxprt-code/dist/src/config/config.js:692:26)\n    at async main (file:///opt/hostedtoolcache/node/20.19.5/x64/lib/node_modules/@vybestack/llxprt-code/dist/src/gemini.js:219:20)\n",
      "duration": 1321,
      "success": false
    },
    {
      "name": "npm",
      "command": "npm install",
      "cwd": "/home/runner/work/vybestack-site/vybestack-site/evals/problems/base64-fix/.tmp-workspace-b71c0d92-ac3c-4305-800d-b0f2e3581d2a-FNPafo/workspace",
      "exitCode": 0,
      "stdout": "\nadded 224 packages, and audited 225 packages in 5s\n\n63 packages are looking for funding\n  run `npm fund` for details\n\n5 moderate severity vulnerabilities\n\nTo address all issues (including breaking changes), run:\n  npm audit fix --force\n\nRun `npm audit` for details.\n",
      "stderr": "npm warn deprecated inflight@1.0.6: This module is not supported, and leaks memory. Do not use it. Check out lru-cache if you want a good and tested way to coalesce async requests by a key value, which is much more comprehensive and powerful.\nnpm warn deprecated @humanwhocodes/config-array@0.13.0: Use @eslint/config-array instead\nnpm warn deprecated rimraf@3.0.2: Rimraf versions prior to v4 are no longer supported\nnpm warn deprecated glob@7.2.3: Glob versions prior to v9 are no longer supported\nnpm warn deprecated @humanwhocodes/object-schema@2.0.3: Use @eslint/object-schema instead\nnpm warn deprecated eslint@8.57.1: This version is no longer supported. Please see https://eslint.org/version-support for other options.\n",
      "duration": 4626,
      "success": true
    },
    {
      "name": "npm",
      "command": "npm run typecheck",
      "cwd": "/home/runner/work/vybestack-site/vybestack-site/evals/problems/base64-fix/.tmp-workspace-b71c0d92-ac3c-4305-800d-b0f2e3581d2a-FNPafo/workspace",
      "exitCode": 0,
      "stdout": "\n> base64-fix@0.0.1 typecheck\n> tsc --noEmit\n\n",
      "stderr": "",
      "duration": 1136,
      "success": true
    },
    {
      "name": "npm",
      "command": "npm run lint",
      "cwd": "/home/runner/work/vybestack-site/vybestack-site/evals/problems/base64-fix/.tmp-workspace-b71c0d92-ac3c-4305-800d-b0f2e3581d2a-FNPafo/workspace",
      "exitCode": 0,
      "stdout": "\n> base64-fix@0.0.1 lint\n> eslint . --ext .ts\n\n",
      "stderr": "",
      "duration": 2064,
      "success": true
    },
    {
      "name": "npm",
      "command": "npm run test:public",
      "cwd": "/home/runner/work/vybestack-site/vybestack-site/evals/problems/base64-fix/.tmp-workspace-b71c0d92-ac3c-4305-800d-b0f2e3581d2a-FNPafo/workspace",
      "exitCode": 1,
      "stdout": "\n> base64-fix@0.0.1 test:public\n> vitest run --config vitest.config.public.ts\n\n\n\u001b[7m\u001b[1m\u001b[36m RUN \u001b[39m\u001b[22m\u001b[27m \u001b[36mv1.6.1\u001b[39m \u001b[90m/home/runner/work/vybestack-site/vybestack-site/evals/problems/base64-fix/.tmp-workspace-b71c0d92-ac3c-4305-800d-b0f2e3581d2a-FNPafo/workspace\u001b[39m\n\n \u001b[33m❯\u001b[39m tests/public/base64.spec.ts \u001b[2m (\u001b[22m\u001b[2m2 tests\u001b[22m \u001b[2m|\u001b[22m \u001b[31m1 failed\u001b[39m\u001b[2m)\u001b[22m\u001b[90m 7\u001b[2mms\u001b[22m\u001b[39m\n\u001b[31m   \u001b[33m❯\u001b[31m tests/public/base64.spec.ts\u001b[2m > \u001b[22mBase64 helpers (public)\u001b[2m > \u001b[22mencodes plain ASCII text with padding\u001b[39m\n\u001b[31m     → expected 'aGVsbG8' to be 'aGVsbG8=' // Object.is equality\u001b[39m\n\n\n::error file=/home/runner/work/vybestack-site/vybestack-site/evals/problems/base64-fix/.tmp-workspace-b71c0d92-ac3c-4305-800d-b0f2e3581d2a-FNPafo/workspace/tests/public/base64.spec.ts,title=tests/public/base64.spec.ts > Base64 helpers (public) > encodes plain ASCII text with padding,line=7,column=20::AssertionError: expected 'aGVsbG8' to be 'aGVsbG8=' // Object.is equality%0A%0A- Expected%0A+ Received%0A%0A- aGVsbG8=%0A+ aGVsbG8%0A%0A ❯ tests/public/base64.spec.ts:7:20%0A%0A\n\u001b[2m Test Files \u001b[22m \u001b[1m\u001b[31m1 failed\u001b[39m\u001b[22m\u001b[90m (1)\u001b[39m\n\u001b[2m      Tests \u001b[22m \u001b[1m\u001b[31m1 failed\u001b[39m\u001b[22m\u001b[2m | \u001b[22m\u001b[1m\u001b[32m1 passed\u001b[39m\u001b[22m\u001b[90m (2)\u001b[39m\n\u001b[2m   Start at \u001b[22m 01:45:59\n\u001b[2m   Duration \u001b[22m 278ms\u001b[2m (transform 28ms, setup 0ms, collect 22ms, tests 7ms, environment 0ms, prepare 84ms)\u001b[22m\n\n",
      "stderr": "\u001b[31m⎯⎯⎯⎯⎯⎯⎯\u001b[1m\u001b[7m Failed Tests 1 \u001b[27m\u001b[22m⎯⎯⎯⎯⎯⎯⎯\u001b[39m\n\n\u001b[31m\u001b[1m\u001b[7m FAIL \u001b[27m\u001b[22m\u001b[39m tests/public/base64.spec.ts\u001b[2m > \u001b[22mBase64 helpers (public)\u001b[2m > \u001b[22mencodes plain ASCII text with padding\n\u001b[31m\u001b[1mAssertionError\u001b[22m: expected 'aGVsbG8' to be 'aGVsbG8=' // Object.is equality\u001b[39m\n\n- Expected\n+ Received\n\n- aGVsbG8=\n+ aGVsbG8\n\n\u001b[36m \u001b[2m❯\u001b[22m tests/public/base64.spec.ts:\u001b[2m7:20\u001b[22m\u001b[39m\n    \u001b[90m  5| \u001b[39m  \u001b[34mit\u001b[39m(\u001b[32m'encodes plain ASCII text with padding'\u001b[39m\u001b[33m,\u001b[39m () \u001b[33m=>\u001b[39m {\n    \u001b[90m  6| \u001b[39m    \u001b[35mconst\u001b[39m result \u001b[33m=\u001b[39m \u001b[34mencode\u001b[39m(\u001b[32m'hello'\u001b[39m)\u001b[33m;\u001b[39m\n    \u001b[90m  7| \u001b[39m    \u001b[34mexpect\u001b[39m(result)\u001b[33m.\u001b[39m\u001b[34mtoBe\u001b[39m(\u001b[32m'aGVsbG8='\u001b[39m)\u001b[33m;\u001b[39m\n    \u001b[90m   | \u001b[39m                   \u001b[31m^\u001b[39m\n    \u001b[90m  8| \u001b[39m  })\u001b[33m;\u001b[39m\n    \u001b[90m  9| \u001b[39m\n\n\u001b[31m\u001b[2m⎯⎯⎯⎯⎯⎯⎯⎯⎯⎯⎯⎯⎯⎯⎯⎯⎯⎯⎯⎯⎯⎯⎯⎯[1/1]⎯\u001b[22m\u001b[39m\n\n",
      "duration": 735,
      "success": false
    },
    {
      "name": "npm",
      "command": "npm run lint",
      "cwd": "/home/runner/work/vybestack-site/vybestack-site/evals/grading/base64-fix",
      "exitCode": 0,
      "stdout": "\n> base64-fix-grading@0.0.1 lint\n> eslint workspace/src workspace/tests --ext .ts\n\n",
      "stderr": "",
      "duration": 2135,
      "success": true
    },
    {
      "name": "npm",
      "command": "npm run typecheck",
      "cwd": "/home/runner/work/vybestack-site/vybestack-site/evals/grading/base64-fix",
      "exitCode": 0,
      "stdout": "\n> base64-fix-grading@0.0.1 typecheck\n> tsc -p tsconfig.json\n\n",
      "stderr": "",
      "duration": 1237,
      "success": true
    },
    {
      "name": "npm",
      "command": "npm run test:hidden",
      "cwd": "/home/runner/work/vybestack-site/vybestack-site/evals/grading/base64-fix",
      "exitCode": 1,
      "stdout": "\n> base64-fix-grading@0.0.1 test:hidden\n> vitest run --config vitest.config.hidden.ts\n\n\n\u001b[7m\u001b[1m\u001b[36m RUN \u001b[39m\u001b[22m\u001b[27m \u001b[36mv1.6.1\u001b[39m \u001b[90m/home/runner/work/vybestack-site/vybestack-site/evals/grading/base64-fix\u001b[39m\n\nZm9vL2Jhcg\n \u001b[33m❯\u001b[39m tests/hidden/base64.spec.ts \u001b[2m (\u001b[22m\u001b[2m18 tests\u001b[22m \u001b[2m|\u001b[22m \u001b[31m8 failed\u001b[39m\u001b[2m)\u001b[22m\u001b[90m 18\u001b[2mms\u001b[22m\u001b[39m\n\u001b[31m   \u001b[33m❯\u001b[31m tests/hidden/base64.spec.ts\u001b[2m > \u001b[22mencode\u001b[2m > \u001b[22mencodes \"TypeScript\" to standard Base64\u001b[39m\n\u001b[31m     → expected 'VHlwZVNjcmlwdA' to be 'VHlwZVNjcmlwdA==' // Object.is equality\u001b[39m\n\u001b[31m   \u001b[33m❯\u001b[31m tests/hidden/base64.spec.ts\u001b[2m > \u001b[22mencode\u001b[2m > \u001b[22mencodes \"Base64?\" to standard Base64\u001b[39m\n\u001b[31m     → expected 'QmFzZTY0Pw' to be 'QmFzZTY0Pw==' // Object.is equality\u001b[39m\n\u001b[31m   \u001b[33m❯\u001b[31m tests/hidden/base64.spec.ts\u001b[2m > \u001b[22mencode\u001b[2m > \u001b[22mencodes \"~~~\" to standard Base64\u001b[39m\n\u001b[31m     → expected 'fn5-' to be 'fn5+' // Object.is equality\u001b[39m\n\u001b[31m   \u001b[33m❯\u001b[31m tests/hidden/base64.spec.ts\u001b[2m > \u001b[22mencode\u001b[2m > \u001b[22mencodes \"foo/bar\" to standard Base64\u001b[39m\n\u001b[31m     → expected 'Zm9vL2Jhcg' to be 'Zm9vL2Jhcg==' // Object.is equality\u001b[39m\n\u001b[31m   \u001b[33m❯\u001b[31m tests/hidden/base64.spec.ts\u001b[2m > \u001b[22mencode\u001b[2m > \u001b[22mencodes \"😀\" to standard Base64\u001b[39m\n\u001b[31m     → expected '8J-YgA' to be '8J+YgA==' // Object.is equality\u001b[39m\n\u001b[31m   \u001b[33m❯\u001b[31m tests/hidden/base64.spec.ts\u001b[2m > \u001b[22mdecode\u001b[2m > \u001b[22mrejects clearly invalid payloads\u001b[39m\n\u001b[31m     → expected [Function] to throw an error\u001b[39m\n\u001b[31m   \u001b[33m❯\u001b[31m tests/hidden/base64.spec.ts\u001b[2m > \u001b[22mrun CLI helper\u001b[2m > \u001b[22mprints encoded output and exits with zero\u001b[39m\n\u001b[31m     → expected \"spy\" to be called with arguments: [ 'Zm9vL2Jhcg==\\n' ]\n\nReceived: \n\n  1st spy call:\n\n  Array [\n-   \"Zm9vL2Jhcg==\n+   \"Zm9vL2Jhcg\n  \",\n  ]\n\n\nNumber of calls: 1\n\u001b[39m\n\u001b[31m   \u001b[33m❯\u001b[31m tests/hidden/base64.spec.ts\u001b[2m > \u001b[22mrun CLI helper\u001b[2m > \u001b[22msurfaces decode failures to stderr and exits with one\u001b[39m\n\u001b[31m     → expected +0 to be 1 // Object.is equality\u001b[39m\n\n\n::error file=/home/runner/work/vybestack-site/vybestack-site/evals/grading/base64-fix/tests/hidden/base64.spec.ts,title=tests/hidden/base64.spec.ts > encode > encodes \"TypeScript\" to standard Base64,line=38,column=29::AssertionError: expected 'VHlwZVNjcmlwdA' to be 'VHlwZVNjcmlwdA==' // Object.is equality%0A%0A- Expected%0A+ Received%0A%0A- VHlwZVNjcmlwdA==%0A+ VHlwZVNjcmlwdA%0A%0A ❯ tests/hidden/base64.spec.ts:38:29%0A%0A\n\n::error file=/home/runner/work/vybestack-site/vybestack-site/evals/grading/base64-fix/tests/hidden/base64.spec.ts,title=tests/hidden/base64.spec.ts > encode > encodes \"Base64?\" to standard Base64,line=38,column=29::AssertionError: expected 'QmFzZTY0Pw' to be 'QmFzZTY0Pw==' // Object.is equality%0A%0A- Expected%0A+ Received%0A%0A- QmFzZTY0Pw==%0A+ QmFzZTY0Pw%0A%0A ❯ tests/hidden/base64.spec.ts:38:29%0A%0A\n\n::error file=/home/runner/work/vybestack-site/vybestack-site/evals/grading/base64-fix/tests/hidden/base64.spec.ts,title=tests/hidden/base64.spec.ts > encode > encodes \"~~~\" to standard Base64,line=38,column=29::AssertionError: expected 'fn5-' to be 'fn5+' // Object.is equality%0A%0A- Expected%0A+ Received%0A%0A- fn5+%0A+ fn5-%0A%0A ❯ tests/hidden/base64.spec.ts:38:29%0A%0A\n\n::error file=/home/runner/work/vybestack-site/vybestack-site/evals/grading/base64-fix/tests/hidden/base64.spec.ts,title=tests/hidden/base64.spec.ts > encode > encodes \"foo/bar\" to standard Base64,line=38,column=29::AssertionError: expected 'Zm9vL2Jhcg' to be 'Zm9vL2Jhcg==' // Object.is equality%0A%0A- Expected%0A+ Received%0A%0A- Zm9vL2Jhcg==%0A+ Zm9vL2Jhcg%0A%0A ❯ tests/hidden/base64.spec.ts:38:29%0A%0A\n\n::error file=/home/runner/work/vybestack-site/vybestack-site/evals/grading/base64-fix/tests/hidden/base64.spec.ts,title=tests/hidden/base64.spec.ts > encode > encodes \"😀\" to standard Base64,line=38,column=29::AssertionError: expected '8J-YgA' to be '8J+YgA==' // Object.is equality%0A%0A- Expected%0A+ Received%0A%0A- 8J+YgA==%0A+ 8J-YgA%0A%0A ❯ tests/hidden/base64.spec.ts:38:29%0A%0A\n\n::error file=/home/runner/work/vybestack-site/vybestack-site/evals/grading/base64-fix/tests/hidden/base64.spec.ts,title=tests/hidden/base64.spec.ts > decode > rejects clearly invalid payloads,line=58,column=33::AssertionError: expected [Function] to throw an error%0A ❯ tests/hidden/base64.spec.ts:58:33%0A%0A\n\n::error file=/home/runner/work/vybestack-site/vybestack-site/evals/grading/base64-fix/tests/hidden/base64.spec.ts,title=tests/hidden/base64.spec.ts > run CLI helper > prints encoded output and exits with zero,line=80,column=25::AssertionError: expected \"spy\" to be called with arguments: [ 'Zm9vL2Jhcg==\\n' ]%0A%0AReceived: %0A%0A  1st spy call:%0A%0A  Array [%0A-   \"Zm9vL2Jhcg==%0A+   \"Zm9vL2Jhcg%0A  \",%0A  ]%0A%0A%0ANumber of calls: 1%0A%0A ❯ tests/hidden/base64.spec.ts:80:25%0A%0A\n\n::error file=/home/runner/work/vybestack-site/vybestack-site/evals/grading/base64-fix/tests/hidden/base64.spec.ts,title=tests/hidden/base64.spec.ts > run CLI helper > surfaces decode failures to stderr and exits with one,line=103,column=18::AssertionError: expected +0 to be 1 // Object.is equality%0A%0A- Expected%0A+ Received%0A%0A- 1%0A+ 0%0A%0A ❯ tests/hidden/base64.spec.ts:103:18%0A%0A\n\u001b[2m Test Files \u001b[22m \u001b[1m\u001b[31m1 failed\u001b[39m\u001b[22m\u001b[90m (1)\u001b[39m\n\u001b[2m      Tests \u001b[22m \u001b[1m\u001b[31m8 failed\u001b[39m\u001b[22m\u001b[2m | \u001b[22m\u001b[1m\u001b[32m10 passed\u001b[39m\u001b[22m\u001b[90m (18)\u001b[39m\n\u001b[2m   Start at \u001b[22m 01:46:03\n\u001b[2m   Duration \u001b[22m 308ms\u001b[2m (transform 43ms, setup 0ms, collect 46ms, tests 18ms, environment 0ms, prepare 65ms)\u001b[22m\n\n",
      "stderr": "\u001b[31m⎯⎯⎯⎯⎯⎯⎯\u001b[1m\u001b[7m Failed Tests 8 \u001b[27m\u001b[22m⎯⎯⎯⎯⎯⎯⎯\u001b[39m\n\n\u001b[31m\u001b[1m\u001b[7m FAIL \u001b[27m\u001b[22m\u001b[39m tests/hidden/base64.spec.ts\u001b[2m > \u001b[22mencode\u001b[2m > \u001b[22mencodes \"TypeScript\" to standard Base64\n\u001b[31m\u001b[1mAssertionError\u001b[22m: expected 'VHlwZVNjcmlwdA' to be 'VHlwZVNjcmlwdA==' // Object.is equality\u001b[39m\n\n- Expected\n+ Received\n\n- VHlwZVNjcmlwdA==\n+ VHlwZVNjcmlwdA\n\n\u001b[36m \u001b[2m❯\u001b[22m tests/hidden/base64.spec.ts:\u001b[2m38:29\u001b[22m\u001b[39m\n    \u001b[90m 36| \u001b[39m  fixtures\u001b[33m.\u001b[39m\u001b[34mforEach\u001b[39m(({ plain\u001b[33m,\u001b[39m base64 }\u001b[33m,\u001b[39m index) \u001b[33m=>\u001b[39m {\n    \u001b[90m 37| \u001b[39m    \u001b[34mit\u001b[39m(\u001b[32m`encodes \"\u001b[39m\u001b[36m${\u001b[39mplain\u001b[36m}\u001b[39m\u001b[32m\" to standard Base64`\u001b[39m\u001b[33m,\u001b[39m () \u001b[33m=>\u001b[39m {\n    \u001b[90m 38| \u001b[39m      \u001b[34mexpect\u001b[39m(\u001b[34mencode\u001b[39m(plain))\u001b[33m.\u001b[39m\u001b[34mtoBe\u001b[39m(base64)\u001b[33m;\u001b[39m\n    \u001b[90m   | \u001b[39m                            \u001b[31m^\u001b[39m\n    \u001b[90m 39| \u001b[39m      taskStatus\u001b[33m.\u001b[39m\u001b[35mset\u001b[39m(\u001b[32m`encode-\u001b[39m\u001b[36m${\u001b[39mindex\u001b[36m}\u001b[39m\u001b[32m`\u001b[39m\u001b[33m,\u001b[39m \u001b[35mtrue\u001b[39m)\u001b[33m;\u001b[39m\n    \u001b[90m 40| \u001b[39m    })\u001b[33m;\u001b[39m\n\n\u001b[31m\u001b[2m⎯⎯⎯⎯⎯⎯⎯⎯⎯⎯⎯⎯⎯⎯⎯⎯⎯⎯⎯⎯⎯⎯⎯⎯[1/8]⎯\u001b[22m\u001b[39m\n\n\u001b[31m\u001b[1m\u001b[7m FAIL \u001b[27m\u001b[22m\u001b[39m tests/hidden/base64.spec.ts\u001b[2m > \u001b[22mencode\u001b[2m > \u001b[22mencodes \"Base64?\" to standard Base64\n\u001b[31m\u001b[1mAssertionError\u001b[22m: expected 'QmFzZTY0Pw' to be 'QmFzZTY0Pw==' // Object.is equality\u001b[39m\n\n- Expected\n+ Received\n\n- QmFzZTY0Pw==\n+ QmFzZTY0Pw\n\n\u001b[36m \u001b[2m❯\u001b[22m tests/hidden/base64.spec.ts:\u001b[2m38:29\u001b[22m\u001b[39m\n    \u001b[90m 36| \u001b[39m  fixtures\u001b[33m.\u001b[39m\u001b[34mforEach\u001b[39m(({ plain\u001b[33m,\u001b[39m base64 }\u001b[33m,\u001b[39m index) \u001b[33m=>\u001b[39m {\n    \u001b[90m 37| \u001b[39m    \u001b[34mit\u001b[39m(\u001b[32m`encodes \"\u001b[39m\u001b[36m${\u001b[39mplain\u001b[36m}\u001b[39m\u001b[32m\" to standard Base64`\u001b[39m\u001b[33m,\u001b[39m () \u001b[33m=>\u001b[39m {\n    \u001b[90m 38| \u001b[39m      \u001b[34mexpect\u001b[39m(\u001b[34mencode\u001b[39m(plain))\u001b[33m.\u001b[39m\u001b[34mtoBe\u001b[39m(base64)\u001b[33m;\u001b[39m\n    \u001b[90m   | \u001b[39m                            \u001b[31m^\u001b[39m\n    \u001b[90m 39| \u001b[39m      taskStatus\u001b[33m.\u001b[39m\u001b[35mset\u001b[39m(\u001b[32m`encode-\u001b[39m\u001b[36m${\u001b[39mindex\u001b[36m}\u001b[39m\u001b[32m`\u001b[39m\u001b[33m,\u001b[39m \u001b[35mtrue\u001b[39m)\u001b[33m;\u001b[39m\n    \u001b[90m 40| \u001b[39m    })\u001b[33m;\u001b[39m\n\n\u001b[31m\u001b[2m⎯⎯⎯⎯⎯⎯⎯⎯⎯⎯⎯⎯⎯⎯⎯⎯⎯⎯⎯⎯⎯⎯⎯⎯[2/8]⎯\u001b[22m\u001b[39m\n\n\u001b[31m\u001b[1m\u001b[7m FAIL \u001b[27m\u001b[22m\u001b[39m tests/hidden/base64.spec.ts\u001b[2m > \u001b[22mencode\u001b[2m > \u001b[22mencodes \"~~~\" to standard Base64\n\u001b[31m\u001b[1mAssertionError\u001b[22m: expected 'fn5-' to be 'fn5+' // Object.is equality\u001b[39m\n\n- Expected\n+ Received\n\n- fn5+\n+ fn5-\n\n\u001b[36m \u001b[2m❯\u001b[22m tests/hidden/base64.spec.ts:\u001b[2m38:29\u001b[22m\u001b[39m\n    \u001b[90m 36| \u001b[39m  fixtures\u001b[33m.\u001b[39m\u001b[34mforEach\u001b[39m(({ plain\u001b[33m,\u001b[39m base64 }\u001b[33m,\u001b[39m index) \u001b[33m=>\u001b[39m {\n    \u001b[90m 37| \u001b[39m    \u001b[34mit\u001b[39m(\u001b[32m`encodes \"\u001b[39m\u001b[36m${\u001b[39mplain\u001b[36m}\u001b[39m\u001b[32m\" to standard Base64`\u001b[39m\u001b[33m,\u001b[39m () \u001b[33m=>\u001b[39m {\n    \u001b[90m 38| \u001b[39m      \u001b[34mexpect\u001b[39m(\u001b[34mencode\u001b[39m(plain))\u001b[33m.\u001b[39m\u001b[34mtoBe\u001b[39m(base64)\u001b[33m;\u001b[39m\n    \u001b[90m   | \u001b[39m                            \u001b[31m^\u001b[39m\n    \u001b[90m 39| \u001b[39m      taskStatus\u001b[33m.\u001b[39m\u001b[35mset\u001b[39m(\u001b[32m`encode-\u001b[39m\u001b[36m${\u001b[39mindex\u001b[36m}\u001b[39m\u001b[32m`\u001b[39m\u001b[33m,\u001b[39m \u001b[35mtrue\u001b[39m)\u001b[33m;\u001b[39m\n    \u001b[90m 40| \u001b[39m    })\u001b[33m;\u001b[39m\n\n\u001b[31m\u001b[2m⎯⎯⎯⎯⎯⎯⎯⎯⎯⎯⎯⎯⎯⎯⎯⎯⎯⎯⎯⎯⎯⎯⎯⎯[3/8]⎯\u001b[22m\u001b[39m\n\n\u001b[31m\u001b[1m\u001b[7m FAIL \u001b[27m\u001b[22m\u001b[39m tests/hidden/base64.spec.ts\u001b[2m > \u001b[22mencode\u001b[2m > \u001b[22mencodes \"foo/bar\" to standard Base64\n\u001b[31m\u001b[1mAssertionError\u001b[22m: expected 'Zm9vL2Jhcg' to be 'Zm9vL2Jhcg==' // Object.is equality\u001b[39m\n\n- Expected\n+ Received\n\n- Zm9vL2Jhcg==\n+ Zm9vL2Jhcg\n\n\u001b[36m \u001b[2m❯\u001b[22m tests/hidden/base64.spec.ts:\u001b[2m38:29\u001b[22m\u001b[39m\n    \u001b[90m 36| \u001b[39m  fixtures\u001b[33m.\u001b[39m\u001b[34mforEach\u001b[39m(({ plain\u001b[33m,\u001b[39m base64 }\u001b[33m,\u001b[39m index) \u001b[33m=>\u001b[39m {\n    \u001b[90m 37| \u001b[39m    \u001b[34mit\u001b[39m(\u001b[32m`encodes \"\u001b[39m\u001b[36m${\u001b[39mplain\u001b[36m}\u001b[39m\u001b[32m\" to standard Base64`\u001b[39m\u001b[33m,\u001b[39m () \u001b[33m=>\u001b[39m {\n    \u001b[90m 38| \u001b[39m      \u001b[34mexpect\u001b[39m(\u001b[34mencode\u001b[39m(plain))\u001b[33m.\u001b[39m\u001b[34mtoBe\u001b[39m(base64)\u001b[33m;\u001b[39m\n    \u001b[90m   | \u001b[39m                            \u001b[31m^\u001b[39m\n    \u001b[90m 39| \u001b[39m      taskStatus\u001b[33m.\u001b[39m\u001b[35mset\u001b[39m(\u001b[32m`encode-\u001b[39m\u001b[36m${\u001b[39mindex\u001b[36m}\u001b[39m\u001b[32m`\u001b[39m\u001b[33m,\u001b[39m \u001b[35mtrue\u001b[39m)\u001b[33m;\u001b[39m\n    \u001b[90m 40| \u001b[39m    })\u001b[33m;\u001b[39m\n\n\u001b[31m\u001b[2m⎯⎯⎯⎯⎯⎯⎯⎯⎯⎯⎯⎯⎯⎯⎯⎯⎯⎯⎯⎯⎯⎯⎯⎯[4/8]⎯\u001b[22m\u001b[39m\n\n\u001b[31m\u001b[1m\u001b[7m FAIL \u001b[27m\u001b[22m\u001b[39m tests/hidden/base64.spec.ts\u001b[2m > \u001b[22mencode\u001b[2m > \u001b[22mencodes \"😀\" to standard Base64\n\u001b[31m\u001b[1mAssertionError\u001b[22m: expected '8J-YgA' to be '8J+YgA==' // Object.is equality\u001b[39m\n\n- Expected\n+ Received\n\n- 8J+YgA==\n+ 8J-YgA\n\n\u001b[36m \u001b[2m❯\u001b[22m tests/hidden/base64.spec.ts:\u001b[2m38:29\u001b[22m\u001b[39m\n    \u001b[90m 36| \u001b[39m  fixtures\u001b[33m.\u001b[39m\u001b[34mforEach\u001b[39m(({ plain\u001b[33m,\u001b[39m base64 }\u001b[33m,\u001b[39m index) \u001b[33m=>\u001b[39m {\n    \u001b[90m 37| \u001b[39m    \u001b[34mit\u001b[39m(\u001b[32m`encodes \"\u001b[39m\u001b[36m${\u001b[39mplain\u001b[36m}\u001b[39m\u001b[32m\" to standard Base64`\u001b[39m\u001b[33m,\u001b[39m () \u001b[33m=>\u001b[39m {\n    \u001b[90m 38| \u001b[39m      \u001b[34mexpect\u001b[39m(\u001b[34mencode\u001b[39m(plain))\u001b[33m.\u001b[39m\u001b[34mtoBe\u001b[39m(base64)\u001b[33m;\u001b[39m\n    \u001b[90m   | \u001b[39m                            \u001b[31m^\u001b[39m\n    \u001b[90m 39| \u001b[39m      taskStatus\u001b[33m.\u001b[39m\u001b[35mset\u001b[39m(\u001b[32m`encode-\u001b[39m\u001b[36m${\u001b[39mindex\u001b[36m}\u001b[39m\u001b[32m`\u001b[39m\u001b[33m,\u001b[39m \u001b[35mtrue\u001b[39m)\u001b[33m;\u001b[39m\n    \u001b[90m 40| \u001b[39m    })\u001b[33m;\u001b[39m\n\n\u001b[31m\u001b[2m⎯⎯⎯⎯⎯⎯⎯⎯⎯⎯⎯⎯⎯⎯⎯⎯⎯⎯⎯⎯⎯⎯⎯⎯[5/8]⎯\u001b[22m\u001b[39m\n\n\u001b[31m\u001b[1m\u001b[7m FAIL \u001b[27m\u001b[22m\u001b[39m tests/hidden/base64.spec.ts\u001b[2m > \u001b[22mdecode\u001b[2m > \u001b[22mrejects clearly invalid payloads\n\u001b[31m\u001b[1mAssertionError\u001b[22m: expected [Function] to throw an error\u001b[39m\n\u001b[36m \u001b[2m❯\u001b[22m tests/hidden/base64.spec.ts:\u001b[2m58:33\u001b[22m\u001b[39m\n    \u001b[90m 56| \u001b[39m\n    \u001b[90m 57| \u001b[39m  \u001b[34mit\u001b[39m(\u001b[32m'rejects clearly invalid payloads'\u001b[39m\u001b[33m,\u001b[39m () \u001b[33m=>\u001b[39m {\n    \u001b[90m 58| \u001b[39m    \u001b[34mexpect\u001b[39m(() \u001b[33m=>\u001b[39m \u001b[34mdecode\u001b[39m(\u001b[32m'@@@'\u001b[39m))\u001b[33m.\u001b[39m\u001b[34mtoThrow\u001b[39m()\u001b[33m;\u001b[39m\n    \u001b[90m   | \u001b[39m                                \u001b[31m^\u001b[39m\n    \u001b[90m 59| \u001b[39m    taskStatus\u001b[33m.\u001b[39m\u001b[35mset\u001b[39m(\u001b[32m'decode-rejects-invalid'\u001b[39m\u001b[33m,\u001b[39m \u001b[35mtrue\u001b[39m)\u001b[33m;\u001b[39m\n    \u001b[90m 60| \u001b[39m  })\u001b[33m;\u001b[39m\n\n\u001b[31m\u001b[2m⎯⎯⎯⎯⎯⎯⎯⎯⎯⎯⎯⎯⎯⎯⎯⎯⎯⎯⎯⎯⎯⎯⎯⎯[6/8]⎯\u001b[22m\u001b[39m\n\n\u001b[31m\u001b[1m\u001b[7m FAIL \u001b[27m\u001b[22m\u001b[39m tests/hidden/base64.spec.ts\u001b[2m > \u001b[22mrun CLI helper\u001b[2m > \u001b[22mprints encoded output and exits with zero\n\u001b[31m\u001b[1mAssertionError\u001b[22m: expected \"spy\" to be called with arguments: [ 'Zm9vL2Jhcg==\\n' ]\n\nReceived: \n\n  1st spy call:\n\n  Array [\n-   \"Zm9vL2Jhcg==\n+   \"Zm9vL2Jhcg\n  \",\n  ]\n\n\nNumber of calls: 1\n\u001b[39m\n\u001b[36m \u001b[2m❯\u001b[22m tests/hidden/base64.spec.ts:\u001b[2m80:25\u001b[22m\u001b[39m\n    \u001b[90m 78| \u001b[39m    \u001b[35mconst\u001b[39m code \u001b[33m=\u001b[39m \u001b[34mrun\u001b[39m([\u001b[32m'--encode'\u001b[39m\u001b[33m,\u001b[39m \u001b[32m'foo/bar'\u001b[39m])\u001b[33m;\u001b[39m\n    \u001b[90m 79| \u001b[39m    \u001b[34mexpect\u001b[39m(code)\u001b[33m.\u001b[39m\u001b[34mtoBe\u001b[39m(\u001b[34m0\u001b[39m)\u001b[33m;\u001b[39m\n    \u001b[90m 80| \u001b[39m    \u001b[34mexpect\u001b[39m(stdoutWrite)\u001b[33m.\u001b[39m\u001b[34mtoHaveBeenCalledWith\u001b[39m(\u001b[32m'Zm9vL2Jhcg==\\n'\u001b[39m)\u001b[33m;\u001b[39m\n    \u001b[90m   | \u001b[39m                        \u001b[31m^\u001b[39m\n    \u001b[90m 81| \u001b[39m    \u001b[34mexpect\u001b[39m(stderrWrite)\u001b[33m.\u001b[39mnot\u001b[33m.\u001b[39m\u001b[34mtoHaveBeenCalled\u001b[39m()\u001b[33m;\u001b[39m\n    \u001b[90m 82| \u001b[39m    taskStatus\u001b[33m.\u001b[39m\u001b[35mset\u001b[39m(\u001b[32m'cli-encode-success'\u001b[39m\u001b[33m,\u001b[39m \u001b[35mtrue\u001b[39m)\u001b[33m;\u001b[39m\n\n\u001b[31m\u001b[2m⎯⎯⎯⎯⎯⎯⎯⎯⎯⎯⎯⎯⎯⎯⎯⎯⎯⎯⎯⎯⎯⎯⎯⎯[7/8]⎯\u001b[22m\u001b[39m\n\n\u001b[31m\u001b[1m\u001b[7m FAIL \u001b[27m\u001b[22m\u001b[39m tests/hidden/base64.spec.ts\u001b[2m > \u001b[22mrun CLI helper\u001b[2m > \u001b[22msurfaces decode failures to stderr and exits with one\n\u001b[31m\u001b[1mAssertionError\u001b[22m: expected +0 to be 1 // Object.is equality\u001b[39m\n\n- Expected\n+ Received\n\n- 1\n+ 0\n\n\u001b[36m \u001b[2m❯\u001b[22m tests/hidden/base64.spec.ts:\u001b[2m103:18\u001b[22m\u001b[39m\n    \u001b[90m101| \u001b[39m  \u001b[34mit\u001b[39m(\u001b[32m'surfaces decode failures to stderr and exits with one'\u001b[39m\u001b[33m,\u001b[39m () \u001b[33m=>\u001b[39m {\n    \u001b[90m102| \u001b[39m    \u001b[35mconst\u001b[39m code \u001b[33m=\u001b[39m \u001b[34mrun\u001b[39m([\u001b[32m'--decode'\u001b[39m\u001b[33m,\u001b[39m \u001b[32m'@@@'\u001b[39m])\u001b[33m;\u001b[39m\n    \u001b[90m103| \u001b[39m    \u001b[34mexpect\u001b[39m(code)\u001b[33m.\u001b[39m\u001b[34mtoBe\u001b[39m(\u001b[34m1\u001b[39m)\u001b[33m;\u001b[39m\n    \u001b[90m   | \u001b[39m                 \u001b[31m^\u001b[39m\n    \u001b[90m104| \u001b[39m    \u001b[34mexpect\u001b[39m(stderrWrite)\u001b[33m.\u001b[39m\u001b[34mtoHaveBeenCalled\u001b[39m()\u001b[33m;\u001b[39m\n    \u001b[90m105| \u001b[39m    taskStatus\u001b[33m.\u001b[39m\u001b[35mset\u001b[39m(\u001b[32m'cli-decode-error'\u001b[39m\u001b[33m,\u001b[39m \u001b[35mtrue\u001b[39m)\u001b[33m;\u001b[39m\n\n\u001b[31m\u001b[2m⎯⎯⎯⎯⎯⎯⎯⎯⎯⎯⎯⎯⎯⎯⎯⎯⎯⎯⎯⎯⎯⎯⎯⎯[8/8]⎯\u001b[22m\u001b[39m\n\n",
      "duration": 776,
      "success": false
    }
  ],
  "workspaceArchive": "/home/runner/work/vybestack-site/vybestack-site/evals/outputs/base64-fix-2025-10-28T01-45-49-691Z/llxprt-synthetic-minimax/workspace",
  "runSessionId": "f8470c7d-bf6e-4389-b958-00f06a24e527",
  "runSessionStartedAt": "2025-10-28T01:45:23.933Z",
  "repoVersion": "main@b56de59",
  "vybes": {
    "taskName": "base64-fix",
    "configId": "llxprt-synthetic-minimax",
    "complexityMultiplier": 1,
    "timeLimitMinutes": 2,
    "baseScore": 100,
    "successPercentage": 0.5556,
    "timePenaltyMultiplier": 1,
    "finalScore": 55.56,
    "actualTimeMinutes": 0.022,
    "description": "Base64 encoder/decoder utilities",
    "category": "utilities",
    "breakdown": {
      "subtasksPassed": 10,
      "subtasksTotal": 18,
      "modulesCompleted": [],
      "modulesIncomplete": [
        "base64"
      ],
      "modules": {
        "base64": {
          "passed": 10,
          "total": 18,
          "passedTasks": [
            "encode-5",
            "decode-0",
            "decode-1",
            "decode-2",
            "decode-3",
            "decode-4",
            "decode-5",
            "decode-without-padding",
            "cli-decode-success",
            "cli-argument-error"
          ],
          "failedTasks": [
            "encode-0",
            "encode-1",
            "encode-2",
            "encode-3",
            "encode-4",
            "decode-rejects-invalid",
            "cli-encode-success",
            "cli-decode-error"
          ]
        }
      }
    },
    "repoVersion": "main@b56de59"
  }
}