[
  {
    "taskId": "encode-0",
    "passed": true
  },
  {
    "taskId": "encode-1",
    "passed": true
  },
  {
    "taskId": "encode-2",
    "passed": true
  },
  {
    "taskId": "encode-3",
    "passed": true
  },
  {
    "taskId": "encode-4",
    "passed": true
  },
  {
    "taskId": "encode-5",
    "passed": true
  },
  {
    "taskId": "decode-0",
    "passed": true
  },
  {
    "taskId": "decode-1",
    "passed": true
  },
  {
    "taskId": "decode-2",
    "passed": true
  },
  {
    "taskId": "decode-3",
    "passed": true
  },
  {
    "taskId": "decode-4",
    "passed": true
  },
  {
    "taskId": "decode-5",
    "passed": true
  },
  {
    "taskId": "decode-without-padding",
    "passed": false
  },
  {
    "taskId": "decode-rejects-invalid",
    "passed": true
  },
  {
    "taskId": "cli-encode-success",
    "passed": true
  },
  {
    "taskId": "cli-decode-success",
    "passed": true
  },
  {
    "taskId": "cli-argument-error",
    "passed": true
  },
  {
    "taskId": "cli-decode-error",
    "passed": true
  }
]