{
  "evalName": "pagination",
  "configId": "llxprt-synthetic-minimax",
  "startedAt": "2025-10-31T19:25:57.081Z",
  "finishedAt": "2025-10-31T19:25:57.081Z",
  "status": "fail",
  "totalDuration": 319017,
  "totalCliDuration": 318954,
  "commands": [
    {
      "name": "llxprt-synthetic-minimax",
      "command": "llxprt --provider openai --baseurl https://api.synthetic.new/openai/v1 --key *** --model hf:MiniMaxAI/MiniMax-M2 --set context-limit=190000 --set shell-replacement=true --set modelparam.temperature=1 --yolo",
      "cwd": "/home/runner/work/vybestack-site/vybestack-site/evals/problems/pagination/.tmp-workspace-2995923b-a052-46d9-a79e-3bb3beb22dce-BYa25X/workspace",
      "exitCode": 0,
      "stdout": "<think>The user wants me to fix a pagination service in a TypeScript project with Express API and React client. Let me start by understanding the project structure and requirements.\n\nFrom the problem description:\n1. Fix `GET /inventory` endpoint with pagination (page, limit parameters, defaults: page=1, limit=5)\n2. Validate inputs (non-numeric, negative, zero, excessive values → HTTP 400)\n3. Return correct slice + pagination metadata (page, limit, total, hasNext)\n4. React hook/component must handle pagination, navigation, errors\n5. UI controls (Previous/Next) with proper disabling\n6. Empty states and error handling\n7. Keep database bootstrap intact\n\nI need to:\n1. First explore the project structure to understand the current implementation\n2. Run the existing commands to see what's failing\n3. Use a todo list to organize the work\n4. Fix the issues step by step\n5. Validate with all commands before finishing\n\nLet me start by exploring the project structure and understanding what currently exists.\n</think>\n\nI'll help you fix the pagination service in this TypeScript project. Let me start by exploring the project structure and understanding the current implementation, then create a plan to address all the requirements.\n<think>Let me first explore the project structure to understand the current implementation and then run the commands to identify any failures.\n</think>\n\n\n<think>Let me look for the problem.md file in the current directory since read_many_files didn't find them. Let me check the current directory structure first.\n</think>\n\n\n<think>Good, I can see the problem statement. Now let me explore the project structure to understand the current implementation. I'll start by reading the key files to understand the current state.\n</think>\n\n\n<think>The read_many_files didn't find the files. Let me try reading them individually with their full paths.\n</think>\n\n\n<think>Good, I can see the inventory repository already has pagination logic implemented. Let me now check the other files to understand the complete picture.\n</think>\n\n\n<think>It looks like the read_many_files tool didn't find all files. Let me try to read each file individually.\n</think>\n\n\n<think>Good, now I can see the current implementation. Let me analyze what's wrong:\n\n1. The `app.ts` file is accepting page and limit parameters but NOT validating them according to the requirements:\n   - Should reject non-numeric, negative, zero, or excessive values with HTTP 400\n   - Currently just passes them through to listInventory which handles defaults but doesn't validate\n\n2. The `listInventory` function in `inventoryRepository.ts` has some logic:\n   - It does have defaults: page = 1, limit = DEFAULT_LIMIT (5)\n   - But it doesn't validate against invalid inputs\n   - It does include pagination metadata in the response: page, limit, total, hasNext\n\n3. I need to check the types to see what InventoryPage looks like\n\n4. I need to see the React client implementation\n\nLet me read the shared types and the React components.\n</think>\n\n\n<think>Let me continue reading the client files:\n</think>\n\n\n<think>Good! Now let me read the InventoryView component to see how it's using the hook.\n</think>\n\n\n<think>Let me analyze what I've found:\n\n1. The `inventoryRepository.ts` file has the pagination logic implemented correctly. It handles defaults and calculates offsets properly.\n\n2. The `app.ts` file is missing validation for page and limit parameters. Currently it just passes them through to the repository.\n\n3. The `types.ts` file has the correct types defined for `InventoryPage` with the pagination metadata.\n\n4. The `useInventory.tsx` hook has a bug - it doesn't include `page` and `limit` in the dependency array, so it never reloads when these change. Also, it's not sending the page and limit parameters to the API.\n\n5. The `InventoryView.tsx` component is not using the page/limit properly and doesn't have pagination controls.\n\nLet me first run the initial commands to see what errors we're getting, then fix them systematically.\n</think>\n\nNow let me run the initial commands to identify current failures:\n<think>Now I understand the structure. Let me analyze the issues I found:\n\n1. **Express API (`src/server/app.ts`)**: \n   - No input validation for page/limit parameters\n   - Doesn't handle NaN, negative, zero, or excessive values\n   - Should return HTTP 400 for invalid inputs\n\n2. **React Hook (`src/client/useInventory.tsx`)**:\n   - Has a bug comment indicating page and limit should trigger reloads but are missing from dependencies\n   - Not passing page/limit parameters to the fetch request\n\n3. **React Component (`src/client/InventoryView.tsx`)**:\n   - No pagination controls (Previous/Next buttons)\n   - Hardcoded to use page 1 only\n\nLet me run the initial commands to see what failures exist, then fix them systematically.\n</think>\n\nNow let me run the initial commands to see what issues exist:\n<think>Good, npm install completed. Now let me run the other commands to see what issues exist.\n</think>\n\n\n<think>Good! TypeScript type checking passed. Now let me run lint to see what issues there are.\n</think>\n\n\n<think>Great! I can see the issues now. Let me analyze what I've found:\n\n1. **useInventory.tsx** - The hook receives `page` and `limit` parameters but doesn't use them (causing ESLint errors) and doesn't trigger reloads when they change. The comment even says \"BUG: page and limit should trigger reloads but are intentionally missing.\"\n\n2. **app.ts** - The `/inventory` endpoint doesn't validate the `page` and `limit` parameters - it just passes them directly to `listInventory()` without checking if they're valid (non-numeric, negative, zero, or excessive values).\n\n3. **InventoryView.tsx** - The component doesn't provide pagination controls and only loads page 1 with the hardcoded limit.\n\nLet me run the tests first to see the current state, then fix the issues step by step.\n</think>\n\n\n<think>Now I understand the current state:\n\n1. **Current issues identified:**\n   - ESLint errors: `page` and `limit` parameters in `useInventory` are defined but never used (lines 16 in useInventory.tsx)\n   - The React hook doesn't actually use the `page` and `limit` parameters in the API call\n   - The `InventoryView` component is hardcoded to use page 1 with PAGE_LIMIT (line 13 in InventoryView.tsx)\n   - No pagination controls are present in the UI\n   - The API endpoint doesn't validate input parameters (no validation for negative, zero, non-numeric, or excessive values)\n   - The API doesn't include query parameters when making the fetch request\n\n2. **Current implementation analysis:**\n   - `inventoryRepository.ts`: The pagination logic looks mostly correct - it calculates offset properly and returns metadata including `hasNext`\n   - `app.ts`: The endpoint doesn't validate inputs, doesn't send query params to the API call\n   - `useInventory.tsx`: Missing page/limit in dependency array, and doesn't include query parameters in the fetch URL\n   - `InventoryView.tsx`: Hardcoded to use page 1, no pagination controls\n\n3. **What needs to be fixed:**\n   - Fix the API endpoint to validate query parameters\n   - Fix the useInventory hook to include page/limit in the dependency array and send them as query parameters\n   - Add pagination controls to InventoryView\n   - Fix the ESLint errors\n\nLet me start implementing these fixes.\n</think>\n\n\n<think>Good! Now I have a clear understanding of the current issues:\n\n1. **Current state analysis:**\n   - `lint` is failing because `page` and `limit` parameters are defined but never used in the `useInventory` hook\n   - TypeScript type checking passes\n   - Public tests pass (but likely don't test the pagination functionality thoroughly)\n   - The repository function `listInventory` seems to already have pagination logic, but it's not being used correctly\n   - The Express app doesn't validate input parameters\n   - The React components don't implement pagination controls\n\n2. **Issues found:**\n   - **Server (`app.ts`)**: No input validation for `page` and `limit` parameters\n   - **Repository (`inventoryRepository.ts`)**: Already has some logic but may need improvements\n   - **Client (`useInventory.tsx`)**: Parameters are unused and don't trigger reloads\n   - **Client (`InventoryView.tsx`)**: No pagination controls\n\nLet me start fixing these issues:\n\n1. First, fix the API endpoint to validate inputs and return proper errors\n2. Then fix the React components to use pagination\n3. Finally run all tests and linting\n\nLet me start with the Express API:\n</think>\n\nBased on my analysis, I've identified several key issues:\n\n1. **Linting errors**: `page` and `limit` parameters are unused in the React hook\n2. **API lacks validation**: No input validation for pagination parameters\n3. **Missing pagination UI**: No navigation controls in the React component\n4. **Incomplete implementation**: The hook doesn't reload when page/limit change\n\nLet me start fixing these issues systematically:\n<think>Good! I've added validation to the Express API endpoint. Now let me verify that the inventoryRepository properly handles the pagination. Let me check it again to see if there are any issues.\n\nLooking at the inventoryRepository.ts, I see:\n1. It has good validation logic - handling defaults and Math.floor for integers\n2. It calculates offset correctly: (page - 1) * limit\n3. It uses LIMIT and OFFSET in the SQL query\n4. It returns the correct metadata: page, limit, total, hasNext\n\nThe repository looks good. The pagination metadata is already being returned from the repository function.\n\nNow I need to:\n1. Fix the useInventory hook to accept page and limit parameters and use them in the fetch\n2. Update the InventoryView component to handle pagination state and controls\n3. Run tests to see what else might be broken\n\nLet me update the useInventory hook first.\n</think>\n\n\n<think>Now I need to fix the React hook. The issues I can see:\n\n1. The `useInventory` hook doesn't actually use the `page` and `limit` parameters in the fetch URL\n2. The hook doesn't reload when page/limit change\n3. The InventoryView component is hardcoded to page 1\n\nLet me fix the useInventory hook first to actually use page and limit parameters, then add the pagination controls to the InventoryView component.\n</think>\n\n\n<think>Good, I've fixed the useInventory hook to:\n1. Remove the eslint-disable comment\n2. Add page and limit to the dependency array\n3. Include page and limit in the API request URL\n4. Load on mount instead of only when idle\n\nNow I need to update the InventoryView component to add pagination controls and make it responsive to page changes.\n</think>\n\n\n<think>Good! I've made the following changes:\n\n1. **Fixed the Express API validation** in `app.ts`:\n   - Added validation for `page` parameter (must be positive integer)\n   - Added validation for `limit` parameter (must be positive integer and not exceed 1000)\n   - Returns HTTP 400 with appropriate error messages for invalid inputs\n\n2. **Fixed the React hook** in `useInventory.tsx`:\n   - Removed the dependency array issue that prevented page/limit changes from triggering reloads\n   - Added URL parameter handling to include page and limit in the API request\n   - Made the effect run whenever page or limit changes\n\n3. **Fixed the React component** in `InventoryView.tsx`:\n   - Added state management for current page\n   - Added Previous and Next buttons with proper disabled states\n   - Shows pagination info (current page and total pages)\n   - Handles empty state when no items are found\n   - Buttons are disabled appropriately when there is no previous/next page\n\nNow I need to:\n1. Mark tasks as completed\n2. Run the validation commands to ensure everything works\n3. Fix any remaining lint or build errors\n</think>\n\nConsider using a todo list to help organize your work if this is a complex task.\n",
      "stderr": "",
      "duration": 103638,
      "success": true
    },
    {
      "name": "workspace-install",
      "command": "npm install",
      "cwd": "/home/runner/work/vybestack-site/vybestack-site/evals/problems/pagination/.tmp-workspace-2995923b-a052-46d9-a79e-3bb3beb22dce-BYa25X/workspace",
      "exitCode": 0,
      "stdout": "\nup to date, audited 371 packages in 805ms\n\n79 packages are looking for funding\n  run `npm fund` for details\n\n2 moderate severity vulnerabilities\n\nTo address all issues, run:\n  npm audit fix\n\nRun `npm audit` for details.\n",
      "stderr": "",
      "duration": 897,
      "success": true
    },
    {
      "name": "typecheck",
      "command": "npm run typecheck",
      "cwd": "/home/runner/work/vybestack-site/vybestack-site/evals/problems/pagination/.tmp-workspace-2995923b-a052-46d9-a79e-3bb3beb22dce-BYa25X/workspace",
      "exitCode": 0,
      "stdout": "\n> pagination-eval@0.0.1 typecheck\n> tsc --noEmit\n\n",
      "stderr": "",
      "duration": 1753,
      "success": true
    },
    {
      "name": "lint",
      "command": "npm run lint",
      "cwd": "/home/runner/work/vybestack-site/vybestack-site/evals/problems/pagination/.tmp-workspace-2995923b-a052-46d9-a79e-3bb3beb22dce-BYa25X/workspace",
      "exitCode": 0,
      "stdout": "\n> pagination-eval@0.0.1 lint\n> eslint . --ext .ts,.tsx\n\n",
      "stderr": "",
      "duration": 2690,
      "success": true
    },
    {
      "name": "test:public",
      "command": "npm run test:public",
      "cwd": "/home/runner/work/vybestack-site/vybestack-site/evals/problems/pagination/.tmp-workspace-2995923b-a052-46d9-a79e-3bb3beb22dce-BYa25X/workspace",
      "exitCode": 0,
      "stdout": "\n> pagination-eval@0.0.1 test:public\n> vitest run --config vitest.config.public.ts\n\n\n\u001b[7m\u001b[1m\u001b[36m RUN \u001b[39m\u001b[22m\u001b[27m \u001b[36mv1.6.1\u001b[39m \u001b[90m/home/runner/work/vybestack-site/vybestack-site/evals/problems/pagination/.tmp-workspace-2995923b-a052-46d9-a79e-3bb3beb22dce-BYa25X/workspace\u001b[39m\n\n \u001b[32m✓\u001b[39m tests/public/smoke.spec.ts \u001b[2m (\u001b[22m\u001b[2m1 test\u001b[22m\u001b[2m)\u001b[22m\u001b[90m 52\u001b[2mms\u001b[22m\u001b[39m\n\n\u001b[2m Test Files \u001b[22m \u001b[1m\u001b[32m1 passed\u001b[39m\u001b[22m\u001b[90m (1)\u001b[39m\n\u001b[2m      Tests \u001b[22m \u001b[1m\u001b[32m1 passed\u001b[39m\u001b[22m\u001b[90m (1)\u001b[39m\n\u001b[2m   Start at \u001b[22m 19:23:28\n\u001b[2m   Duration \u001b[22m 478ms\u001b[2m (transform 60ms, setup 0ms, collect 163ms, tests 52ms, environment 0ms, prepare 95ms)\u001b[22m\n\n",
      "stderr": "",
      "duration": 1001,
      "success": true
    },
    {
      "name": "lint",
      "command": "npm run lint",
      "cwd": "/home/runner/work/vybestack-site/vybestack-site/evals/grading/pagination",
      "exitCode": 0,
      "stdout": "\n> pagination-grading@0.0.1 lint\n> eslint workspace/src workspace/tests --ext .ts,.tsx\n\n",
      "stderr": "",
      "duration": 2632,
      "success": true
    },
    {
      "name": "typecheck",
      "command": "npm run typecheck",
      "cwd": "/home/runner/work/vybestack-site/vybestack-site/evals/grading/pagination",
      "exitCode": 0,
      "stdout": "\n> pagination-grading@0.0.1 typecheck\n> tsc -p tsconfig.json\n\n",
      "stderr": "",
      "duration": 1707,
      "success": true
    },
    {
      "name": "test:hidden",
      "command": "npm run test:hidden",
      "cwd": "/home/runner/work/vybestack-site/vybestack-site/evals/grading/pagination",
      "exitCode": 0,
      "stdout": "\n> pagination-grading@0.0.1 test:hidden\n> vitest run --config vitest.config.hidden.ts\n\n\n\u001b[7m\u001b[1m\u001b[36m RUN \u001b[39m\u001b[22m\u001b[27m \u001b[36mv1.6.1\u001b[39m \u001b[90m/home/runner/work/vybestack-site/vybestack-site/evals/grading/pagination\u001b[39m\n\n \u001b[32m✓\u001b[39m tests/hidden/api.spec.ts \u001b[2m (\u001b[22m\u001b[2m3 tests\u001b[22m\u001b[2m)\u001b[22m\u001b[90m 79\u001b[2mms\u001b[22m\u001b[39m\n\n\u001b[2m Test Files \u001b[22m \u001b[1m\u001b[32m1 passed\u001b[39m\u001b[22m\u001b[90m (1)\u001b[39m\n\u001b[2m      Tests \u001b[22m \u001b[1m\u001b[32m3 passed\u001b[39m\u001b[22m\u001b[90m (3)\u001b[39m\n\u001b[2m   Start at \u001b[22m 19:23:33\n\u001b[2m   Duration \u001b[22m 982ms\u001b[2m (transform 62ms, setup 82ms, collect 130ms, tests 79ms, environment 386ms, prepare 93ms)\u001b[22m\n\n",
      "stderr": "",
      "duration": 1477,
      "success": true
    }
  ],
  "workspaceArchive": "/home/runner/work/vybestack-site/vybestack-site/evals/outputs/pagination-2025-10-31T19-20-38-061Z/llxprt-synthetic-minimax/workspace",
  "runSessionId": "1b3faa55-77c1-4703-a030-8bdf499d4f01",
  "runSessionStartedAt": "2025-10-31T18:25:30.006Z",
  "repoVersion": "main@c1e1d36",
  "multipass": {
    "enabled": true,
    "selectedPass": 1,
    "maxPasses": 3,
    "totalCliDuration": 318954,
    "passCount": 3,
    "feedback": [
      "It isn't working correctly.",
      "Lint failed. Fix the reported lint errors.",
      "::error file=/home/runner/work/vybestack-site/vybestack-site/evals/grading/pagination/tests/hidden/api.spec.ts,title=tests/hidden/api.spec.ts > GET /inventory p…",
      "Please resolve the issues and re-run lint, tests, and build before finishing."
    ],
    "passes": [
      {
        "passNumber": 1,
        "startedAt": "2025-10-31T19:20:38.070Z",
        "finishedAt": "2025-10-31T19:21:38.883Z",
        "totalDuration": 60813,
        "promptHash": "776b272b2eb46e0d6c42504640a82d553bbcb0c4ec1161aa157cfc4dc69c0a24",
        "appliedFeedback": [],
        "success": false,
        "partialSuccess": false,
        "workspaceArchive": "/home/runner/work/vybestack-site/vybestack-site/evals/outputs/pagination-2025-10-31T19-20-38-061Z/llxprt-synthetic-minimax/passes/pass-1/workspace",
        "resultsArchive": "/home/runner/work/vybestack-site/vybestack-site/evals/outputs/pagination-2025-10-31T19-20-38-061Z/llxprt-synthetic-minimax/passes/pass-1/results",
        "cliResult": {
          "command": "llxprt --provider openai --baseurl https://api.synthetic.new/openai/v1 --key *** --model hf:MiniMaxAI/MiniMax-M2 --set context-limit=190000 --set shell-replacement=true --set modelparam.temperature=1 --yolo",
          "cwd": "/home/runner/work/vybestack-site/vybestack-site/evals/problems/pagination/.tmp-workspace-2995923b-a052-46d9-a79e-3bb3beb22dce-BYa25X/workspace",
          "exitCode": 0,
          "stdout": "<think>The user is asking me to fix a pagination service in a TypeScript project. Let me understand what needs to be done:\n\n1. The project has an Express API with SQLite backend and a React client\n2. I need to implement proper pagination behavior for GET /inventory endpoint\n3. The endpoint should accept page/limit query params with defaults (page=1, limit=5)\n4. Need validation for invalid inputs (non-numeric, negative, zero, excessive values)\n5. Return correct slice of data and metadata (page, limit, total, hasNext)\n6. React components need to handle pagination and show errors\n7. Provide Previous/Next controls that disable appropriately\n8. Must run typecheck, lint, test:public, and build commands and report any failures\n\nLet me start by exploring the project structure to understand the current implementation.\n</think>\n\nI'll help you fix the pagination service in this TypeScript project. Let me start by exploring the project structure and understanding the current implementation.\n<think>Good, I've created a todo list to track my progress. Now let me start by exploring the project structure to understand the current implementation. I need to:\n\n1. First look at the problem.md file to understand the requirements better\n2. Examine the current API implementation (server files)\n3. Look at the React client code\n4. Check the shared types\n5. Look at the tests to understand what's expected\n\nLet me start by reading these key files.\n</think>\n\nI'll start by exploring the project structure to understand the current implementation and requirements.\n<think>It seems the read_many_files didn't work. Let me try reading individual files and constructing the absolute paths correctly. I need to use the absolute paths as provided in the list_directory output.\n</think>\n\nLet me start by reading the key project files to understand the current implementation:\n<think>Let me now read the other important files to understand the current implementation.\n</think>\n\n\n<think>It seems like read_many_files didn't work. Let me try reading the files individually.\n</think>\n\n\n<think>Good, I can see the main implementation files. Now let me read the React components:\n</think>\n\n\n<think>I can see the issues now:\n\n1. In `inventoryRepository.ts`:\n   - The offset calculation is wrong: `const offset = page * limit;` should be `const offset = (page - 1) * limit;`\n   - No validation of page/limit inputs\n   - No error handling for invalid inputs\n\n2. In `app.ts`:\n   - No validation of page/limit parameters\n   - No HTTP 400 response for invalid inputs\n\n3. In `useInventory.tsx`:\n   - The fetch request doesn't include page and limit query parameters\n   - The useEffect dependency array is missing page and limit (commented with eslint disable)\n   - No reloading when page or limit changes\n\nLet me read the other files to get a complete picture:\n</think>\n\n\n<think>Now I have a good understanding of the current state of the code. Let me analyze the issues:\n\n**Server-side issues (inventoryRepository.ts):**\n1. The offset calculation is wrong: `const offset = page * limit;` should be `const offset = (page - 1) * limit;`\n2. No validation for page/limit parameters (non-numeric, negative, zero, or excessive values)\n3. No error handling in the Express app\n\n**Client-side issues:**\n1. In useInventory.tsx:\n   - Missing page and limit in the fetch URL\n   - Missing page and limit in the dependency array (so reloading doesn't happen)\n2. In InventoryView.tsx:\n   - No pagination controls (Previous/Next buttons)\n   - Hardcoded to page 1\n   - No error handling or display\n\nLet me start by updating the todo list and then fixing these issues one by one.\n</think>\n\n\n<think>Great! Now I understand the structure. Let me analyze the bugs I found:\n\n1. **inventoryRepository.ts**: \n   - Line 24: `const offset = page * limit;` - this should be `(page - 1) * limit`\n   - Missing validation for invalid inputs\n\n2. **app.ts**:\n   - No validation for page/limit parameters\n   - No error handling for invalid inputs\n\n3. **useInventory.tsx**:\n   - Line 33: Missing `page` and `limit` in dependencies array, so it never reloads when they change\n   - Line 26: Not passing page/limit to the API call\n\n4. **InventoryView.tsx**:\n   - No pagination controls\n   - Hardcoded to page 1\n\nLet me start fixing these issues one by one.\n</think>\n\nNow I understand the issues. Let me start fixing them systematically:\n\n**Issues Found:**\n1. **inventoryRepository.ts**: Offset calculation is wrong (`page * limit` instead of `(page - 1) * limit`)\n2. **app.ts**: No validation for page/limit parameters\n3. **useInventory.tsx**: Missing page/limit in API call and dependencies\n4. **InventoryView.tsx**: No pagination controls\n\nLet me start fixing the inventory repository:\n<think>Good, I've fixed the offset calculation in the inventoryRepository. Now I need to:\n1. Fix the Express app.ts to add validation and error handling for pagination parameters\n2. Fix the useInventory hook to pass page/limit parameters and reload on changes\n3. Add pagination controls to the InventoryView component\n\nLet me continue with fixing the app.ts to add validation.\n</think>\n\nThis task seems to involve multiple steps. A todo list might help track your progress.\n",
          "stderr": "",
          "duration": 47263,
          "label": "llxprt-synthetic-minimax"
        },
        "buildResults": [
          {
            "command": "npm install",
            "cwd": "/home/runner/work/vybestack-site/vybestack-site/evals/problems/pagination/.tmp-workspace-2995923b-a052-46d9-a79e-3bb3beb22dce-BYa25X/workspace",
            "exitCode": 0,
            "stdout": "\nadded 370 packages, and audited 371 packages in 2s\n\n79 packages are looking for funding\n  run `npm fund` for details\n\n2 moderate severity vulnerabilities\n\nTo address all issues, run:\n  npm audit fix\n\nRun `npm audit` for details.\n",
            "stderr": "npm warn deprecated inflight@1.0.6: This module is not supported, and leaks memory. Do not use it. Check out lru-cache if you want a good and tested way to coalesce async requests by a key value, which is much more comprehensive and powerful.\nnpm warn deprecated supertest@6.3.4: Please upgrade to supertest v7.1.3+, see release notes at https://github.com/forwardemail/supertest/releases/tag/v7.1.3 - maintenance is supported by Forward Email @ https://forwardemail.net\nnpm warn deprecated @humanwhocodes/config-array@0.13.0: Use @eslint/config-array instead\nnpm warn deprecated rimraf@3.0.2: Rimraf versions prior to v4 are no longer supported\nnpm warn deprecated glob@7.2.3: Glob versions prior to v9 are no longer supported\nnpm warn deprecated @humanwhocodes/object-schema@2.0.3: Use @eslint/object-schema instead\nnpm warn deprecated superagent@8.1.2: Please upgrade to superagent v10.2.2+, see release notes at https://github.com/forwardemail/superagent/releases/tag/v10.2.2 - maintenance is supported by Forward Email @ https://forwardemail.net\nnpm warn deprecated eslint@8.57.1: This version is no longer supported. Please see https://eslint.org/version-support for other options.\n",
            "duration": 2486,
            "label": "workspace-install"
          },
          {
            "command": "npm run typecheck",
            "cwd": "/home/runner/work/vybestack-site/vybestack-site/evals/problems/pagination/.tmp-workspace-2995923b-a052-46d9-a79e-3bb3beb22dce-BYa25X/workspace",
            "exitCode": 0,
            "stdout": "\n> pagination-eval@0.0.1 typecheck\n> tsc --noEmit\n\n",
            "stderr": "",
            "duration": 1692,
            "label": "typecheck"
          },
          {
            "command": "npm run lint",
            "cwd": "/home/runner/work/vybestack-site/vybestack-site/evals/problems/pagination/.tmp-workspace-2995923b-a052-46d9-a79e-3bb3beb22dce-BYa25X/workspace",
            "exitCode": 1,
            "stdout": "\n> pagination-eval@0.0.1 lint\n> eslint . --ext .ts,.tsx\n\n\n/home/runner/work/vybestack-site/vybestack-site/evals/problems/pagination/.tmp-workspace-2995923b-a052-46d9-a79e-3bb3beb22dce-BYa25X/workspace/src/client/useInventory.tsx\n  16:30  error  'page' is defined but never used   @typescript-eslint/no-unused-vars\n  16:44  error  'limit' is defined but never used  @typescript-eslint/no-unused-vars\n\n✖ 2 problems (2 errors, 0 warnings)\n\n",
            "stderr": "",
            "duration": 2695,
            "label": "lint"
          },
          {
            "command": "npm run test:public",
            "cwd": "/home/runner/work/vybestack-site/vybestack-site/evals/problems/pagination/.tmp-workspace-2995923b-a052-46d9-a79e-3bb3beb22dce-BYa25X/workspace",
            "exitCode": 0,
            "stdout": "\n> pagination-eval@0.0.1 test:public\n> vitest run --config vitest.config.public.ts\n\n\n\u001b[7m\u001b[1m\u001b[36m RUN \u001b[39m\u001b[22m\u001b[27m \u001b[36mv1.6.1\u001b[39m \u001b[90m/home/runner/work/vybestack-site/vybestack-site/evals/problems/pagination/.tmp-workspace-2995923b-a052-46d9-a79e-3bb3beb22dce-BYa25X/workspace\u001b[39m\n\n \u001b[32m✓\u001b[39m tests/public/smoke.spec.ts \u001b[2m (\u001b[22m\u001b[2m1 test\u001b[22m\u001b[2m)\u001b[22m\u001b[90m 51\u001b[2mms\u001b[22m\u001b[39m\n\n\u001b[2m Test Files \u001b[22m \u001b[1m\u001b[32m1 passed\u001b[39m\u001b[22m\u001b[90m (1)\u001b[39m\n\u001b[2m      Tests \u001b[22m \u001b[1m\u001b[32m1 passed\u001b[39m\u001b[22m\u001b[90m (1)\u001b[39m\n\u001b[2m   Start at \u001b[22m 19:21:32\n\u001b[2m   Duration \u001b[22m 484ms\u001b[2m (transform 52ms, setup 0ms, collect 162ms, tests 51ms, environment 0ms, prepare 82ms)\u001b[22m\n\n",
            "stderr": "",
            "duration": 1001,
            "label": "test:public"
          }
        ],
        "gradeResults": [
          {
            "command": "npm run lint",
            "cwd": "/home/runner/work/vybestack-site/vybestack-site/evals/grading/pagination",
            "exitCode": 1,
            "stdout": "\n> pagination-grading@0.0.1 lint\n> eslint workspace/src workspace/tests --ext .ts,.tsx\n\n\n/home/runner/work/vybestack-site/vybestack-site/evals/grading/pagination/workspace/src/client/useInventory.tsx\n  16:30  error  'page' is defined but never used   @typescript-eslint/no-unused-vars\n  16:44  error  'limit' is defined but never used  @typescript-eslint/no-unused-vars\n\n✖ 2 problems (2 errors, 0 warnings)\n\n",
            "stderr": "",
            "duration": 2491,
            "label": "lint"
          },
          {
            "command": "npm run typecheck",
            "cwd": "/home/runner/work/vybestack-site/vybestack-site/evals/grading/pagination",
            "exitCode": 0,
            "stdout": "\n> pagination-grading@0.0.1 typecheck\n> tsc -p tsconfig.json\n\n",
            "stderr": "",
            "duration": 1683,
            "label": "typecheck"
          },
          {
            "command": "npm run test:hidden",
            "cwd": "/home/runner/work/vybestack-site/vybestack-site/evals/grading/pagination",
            "exitCode": 1,
            "stdout": "\n> pagination-grading@0.0.1 test:hidden\n> vitest run --config vitest.config.hidden.ts\n\n\n\u001b[7m\u001b[1m\u001b[36m RUN \u001b[39m\u001b[22m\u001b[27m \u001b[36mv1.6.1\u001b[39m \u001b[90m/home/runner/work/vybestack-site/vybestack-site/evals/grading/pagination\u001b[39m\n\n \u001b[33m❯\u001b[39m tests/hidden/api.spec.ts \u001b[2m (\u001b[22m\u001b[2m3 tests\u001b[22m \u001b[2m|\u001b[22m \u001b[31m1 failed\u001b[39m\u001b[2m)\u001b[22m\u001b[90m 104\u001b[2mms\u001b[22m\u001b[39m\n\u001b[31m   \u001b[33m❯\u001b[31m tests/hidden/api.spec.ts\u001b[2m > \u001b[22mGET /inventory pagination\u001b[2m > \u001b[22mrejects invalid pagination parameters\u001b[39m\n\u001b[31m     → expected 200 to be 400 // Object.is equality\u001b[39m\n\n\n::error file=/home/runner/work/vybestack-site/vybestack-site/evals/grading/pagination/tests/hidden/api.spec.ts,title=tests/hidden/api.spec.ts > GET /inventory pagination > rejects invalid pagination parameters,line=59,column=29::AssertionError: expected 200 to be 400 // Object.is equality%0A%0A- Expected%0A+ Received%0A%0A- 400%0A+ 200%0A%0A ❯ tests/hidden/api.spec.ts:59:29%0A%0A\n\u001b[2m Test Files \u001b[22m \u001b[1m\u001b[31m1 failed\u001b[39m\u001b[22m\u001b[90m (1)\u001b[39m\n\u001b[2m      Tests \u001b[22m \u001b[1m\u001b[31m1 failed\u001b[39m\u001b[22m\u001b[2m | \u001b[22m\u001b[1m\u001b[32m2 passed\u001b[39m\u001b[22m\u001b[90m (3)\u001b[39m\n\u001b[2m   Start at \u001b[22m 19:21:37\n\u001b[2m   Duration \u001b[22m 973ms\u001b[2m (transform 58ms, setup 74ms, collect 123ms, tests 104ms, environment 390ms, prepare 80ms)\u001b[22m\n\n",
            "stderr": "\u001b[31m⎯⎯⎯⎯⎯⎯⎯\u001b[1m\u001b[7m Failed Tests 1 \u001b[27m\u001b[22m⎯⎯⎯⎯⎯⎯⎯\u001b[39m\n\n\u001b[31m\u001b[1m\u001b[7m FAIL \u001b[27m\u001b[22m\u001b[39m tests/hidden/api.spec.ts\u001b[2m > \u001b[22mGET /inventory pagination\u001b[2m > \u001b[22mrejects invalid pagination parameters\n\u001b[31m\u001b[1mAssertionError\u001b[22m: expected 200 to be 400 // Object.is equality\u001b[39m\n\n- Expected\n+ Received\n\n- 400\n+ 200\n\n\u001b[36m \u001b[2m❯\u001b[22m tests/hidden/api.spec.ts:\u001b[2m59:29\u001b[22m\u001b[39m\n    \u001b[90m 57| \u001b[39m    \u001b[35mconst\u001b[39m response \u001b[33m=\u001b[39m \u001b[35mawait\u001b[39m \u001b[34mrequest\u001b[39m(app)\u001b[33m.\u001b[39m\u001b[35mget\u001b[39m(\u001b[32m'/inventory'\u001b[39m)\u001b[33m.\u001b[39m\u001b[34mquery\u001b[39m({ page…\n    \u001b[90m 58| \u001b[39m\n    \u001b[90m 59| \u001b[39m    \u001b[34mexpect\u001b[39m(response\u001b[33m.\u001b[39mstatus)\u001b[33m.\u001b[39m\u001b[34mtoBe\u001b[39m(\u001b[34m400\u001b[39m)\u001b[33m;\u001b[39m\n    \u001b[90m   | \u001b[39m                            \u001b[31m^\u001b[39m\n    \u001b[90m 60| \u001b[39m    \u001b[34mexpect\u001b[39m((response\u001b[33m.\u001b[39mbody\u001b[33m.\u001b[39merror \u001b[33m??\u001b[39m \u001b[32m''\u001b[39m)\u001b[33m.\u001b[39m\u001b[34mtoLowerCase\u001b[39m())\u001b[33m.\u001b[39m\u001b[34mtoContain\u001b[39m(\u001b[32m'page'\u001b[39m…\n    \u001b[90m 61| \u001b[39m    taskStatus\u001b[33m.\u001b[39m\u001b[35mset\u001b[39m(\u001b[32m'api-invalid-parameter-handling'\u001b[39m\u001b[33m,\u001b[39m \u001b[35mtrue\u001b[39m)\u001b[33m;\u001b[39m\n\n\u001b[31m\u001b[2m⎯⎯⎯⎯⎯⎯⎯⎯⎯⎯⎯⎯⎯⎯⎯⎯⎯⎯⎯⎯⎯⎯⎯⎯[1/1]⎯\u001b[22m\u001b[39m\n\n",
            "duration": 1487,
            "label": "test:hidden"
          }
        ],
        "feedbackForNextPass": {
          "bullets": [
            "It isn't working correctly.",
            "Lint failed. Fix the reported lint errors.",
            "::error file=/home/runner/work/vybestack-site/vybestack-site/evals/grading/pagination/tests/hidden/api.spec.ts,title=tests/hidden/api.spec.ts > GET /inventory p…",
            "Please resolve the issues and re-run lint, tests, and build before finishing."
          ],
          "failingSteps": [
            {
              "step": "lint",
              "exitCode": 1,
              "message": "Lint failed. Fix the reported lint errors."
            },
            {
              "step": "lint",
              "exitCode": 1,
              "message": "Lint failed. Fix the reported lint errors."
            },
            {
              "step": "test:hidden",
              "exitCode": 1,
              "message": "::error file=/home/runner/work/vybestack-site/vybestack-site/evals/grading/pagination/tests/hidden/api.spec.ts,title=tests/hidden/api.spec.ts > GET /inventory p…",
              "snippet": "::error file=/home/runner/work/vybestack-site/vybestack-site/evals/grading/pagination/tests/hidden/api.spec.ts,title=tests/hidden/api.spec.ts > GET /inventory p…"
            }
          ],
          "hiddenAssertions": [
            "::error file=/home/runner/work/vybestack-site/vybestack-site/evals/grading/pagination/tests/hidden/api.spec.ts,title=tests/hidden/api.spec.ts > GET /inventory p…"
          ],
          "publicTestFailures": [],
          "hiddenTestFailures": []
        },
        "publicTestFailures": [],
        "hiddenTestFailures": [],
        "vybes": {
          "taskName": "pagination",
          "configId": "llxprt-synthetic-minimax",
          "complexityMultiplier": 5,
          "timeLimitMinutes": 10,
          "baseScore": 500,
          "successPercentage": 0,
          "baselineSuccessPercentage": 0,
          "adjustedSuccessPercentage": 0,
          "timePenaltyMultiplier": 1,
          "rawScore": 0,
          "finalScore": 0,
          "actualTimeMinutes": 0.788,
          "description": "Server and client pagination repair",
          "category": "full-stack",
          "breakdown": {
            "subtasksPassed": 2,
            "subtasksTotal": 5,
            "modulesCompleted": [],
            "modulesIncomplete": [
              "pagination"
            ],
            "modules": {
              "pagination": {
                "passed": 2,
                "total": 5,
                "passedTasks": [
                  "api-mid-page-request",
                  "api-final-page-handling"
                ],
                "failedTasks": [
                  "api-invalid-parameter-handling",
                  "client-navigation",
                  "client-alert"
                ]
              }
            }
          },
          "error": "lint/typecheck failed",
          "status": "error",
          "passesAttempted": 1,
          "selectedPass": 0,
          "totalCliDurationMs": 47263
        }
      },
      {
        "passNumber": 2,
        "startedAt": "2025-10-31T19:21:38.897Z",
        "finishedAt": "2025-10-31T19:23:34.706Z",
        "totalDuration": 115809,
        "promptHash": "f4003871fadfbc84b3f7bb03687567c5bfbb0bb6040f2fe0d56ea2683fbbec7f",
        "appliedFeedback": [
          "It isn't working correctly.",
          "Lint failed. Fix the reported lint errors.",
          "::error file=/home/runner/work/vybestack-site/vybestack-site/evals/grading/pagination/tests/hidden/api.spec.ts,title=tests/hidden/api.spec.ts > GET /inventory p…",
          "Please resolve the issues and re-run lint, tests, and build before finishing."
        ],
        "success": false,
        "partialSuccess": true,
        "workspaceArchive": "/home/runner/work/vybestack-site/vybestack-site/evals/outputs/pagination-2025-10-31T19-20-38-061Z/llxprt-synthetic-minimax/passes/pass-2/workspace",
        "resultsArchive": "/home/runner/work/vybestack-site/vybestack-site/evals/outputs/pagination-2025-10-31T19-20-38-061Z/llxprt-synthetic-minimax/passes/pass-2/results",
        "cliResult": {
          "command": "llxprt --provider openai --baseurl https://api.synthetic.new/openai/v1 --key *** --model hf:MiniMaxAI/MiniMax-M2 --set context-limit=190000 --set shell-replacement=true --set modelparam.temperature=1 --yolo",
          "cwd": "/home/runner/work/vybestack-site/vybestack-site/evals/problems/pagination/.tmp-workspace-2995923b-a052-46d9-a79e-3bb3beb22dce-BYa25X/workspace",
          "exitCode": 0,
          "stdout": "<think>The user wants me to fix a pagination service in a TypeScript project with Express API and React client. Let me start by understanding the project structure and requirements.\n\nFrom the problem description:\n1. Fix `GET /inventory` endpoint with pagination (page, limit parameters, defaults: page=1, limit=5)\n2. Validate inputs (non-numeric, negative, zero, excessive values → HTTP 400)\n3. Return correct slice + pagination metadata (page, limit, total, hasNext)\n4. React hook/component must handle pagination, navigation, errors\n5. UI controls (Previous/Next) with proper disabling\n6. Empty states and error handling\n7. Keep database bootstrap intact\n\nI need to:\n1. First explore the project structure to understand the current implementation\n2. Run the existing commands to see what's failing\n3. Use a todo list to organize the work\n4. Fix the issues step by step\n5. Validate with all commands before finishing\n\nLet me start by exploring the project structure and understanding what currently exists.\n</think>\n\nI'll help you fix the pagination service in this TypeScript project. Let me start by exploring the project structure and understanding the current implementation, then create a plan to address all the requirements.\n<think>Let me first explore the project structure to understand the current implementation and then run the commands to identify any failures.\n</think>\n\n\n<think>Let me look for the problem.md file in the current directory since read_many_files didn't find them. Let me check the current directory structure first.\n</think>\n\n\n<think>Good, I can see the problem statement. Now let me explore the project structure to understand the current implementation. I'll start by reading the key files to understand the current state.\n</think>\n\n\n<think>The read_many_files didn't find the files. Let me try reading them individually with their full paths.\n</think>\n\n\n<think>Good, I can see the inventory repository already has pagination logic implemented. Let me now check the other files to understand the complete picture.\n</think>\n\n\n<think>It looks like the read_many_files tool didn't find all files. Let me try to read each file individually.\n</think>\n\n\n<think>Good, now I can see the current implementation. Let me analyze what's wrong:\n\n1. The `app.ts` file is accepting page and limit parameters but NOT validating them according to the requirements:\n   - Should reject non-numeric, negative, zero, or excessive values with HTTP 400\n   - Currently just passes them through to listInventory which handles defaults but doesn't validate\n\n2. The `listInventory` function in `inventoryRepository.ts` has some logic:\n   - It does have defaults: page = 1, limit = DEFAULT_LIMIT (5)\n   - But it doesn't validate against invalid inputs\n   - It does include pagination metadata in the response: page, limit, total, hasNext\n\n3. I need to check the types to see what InventoryPage looks like\n\n4. I need to see the React client implementation\n\nLet me read the shared types and the React components.\n</think>\n\n\n<think>Let me continue reading the client files:\n</think>\n\n\n<think>Good! Now let me read the InventoryView component to see how it's using the hook.\n</think>\n\n\n<think>Let me analyze what I've found:\n\n1. The `inventoryRepository.ts` file has the pagination logic implemented correctly. It handles defaults and calculates offsets properly.\n\n2. The `app.ts` file is missing validation for page and limit parameters. Currently it just passes them through to the repository.\n\n3. The `types.ts` file has the correct types defined for `InventoryPage` with the pagination metadata.\n\n4. The `useInventory.tsx` hook has a bug - it doesn't include `page` and `limit` in the dependency array, so it never reloads when these change. Also, it's not sending the page and limit parameters to the API.\n\n5. The `InventoryView.tsx` component is not using the page/limit properly and doesn't have pagination controls.\n\nLet me first run the initial commands to see what errors we're getting, then fix them systematically.\n</think>\n\nNow let me run the initial commands to identify current failures:\n<think>Now I understand the structure. Let me analyze the issues I found:\n\n1. **Express API (`src/server/app.ts`)**: \n   - No input validation for page/limit parameters\n   - Doesn't handle NaN, negative, zero, or excessive values\n   - Should return HTTP 400 for invalid inputs\n\n2. **React Hook (`src/client/useInventory.tsx`)**:\n   - Has a bug comment indicating page and limit should trigger reloads but are missing from dependencies\n   - Not passing page/limit parameters to the fetch request\n\n3. **React Component (`src/client/InventoryView.tsx`)**:\n   - No pagination controls (Previous/Next buttons)\n   - Hardcoded to use page 1 only\n\nLet me run the initial commands to see what failures exist, then fix them systematically.\n</think>\n\nNow let me run the initial commands to see what issues exist:\n<think>Good, npm install completed. Now let me run the other commands to see what issues exist.\n</think>\n\n\n<think>Good! TypeScript type checking passed. Now let me run lint to see what issues there are.\n</think>\n\n\n<think>Great! I can see the issues now. Let me analyze what I've found:\n\n1. **useInventory.tsx** - The hook receives `page` and `limit` parameters but doesn't use them (causing ESLint errors) and doesn't trigger reloads when they change. The comment even says \"BUG: page and limit should trigger reloads but are intentionally missing.\"\n\n2. **app.ts** - The `/inventory` endpoint doesn't validate the `page` and `limit` parameters - it just passes them directly to `listInventory()` without checking if they're valid (non-numeric, negative, zero, or excessive values).\n\n3. **InventoryView.tsx** - The component doesn't provide pagination controls and only loads page 1 with the hardcoded limit.\n\nLet me run the tests first to see the current state, then fix the issues step by step.\n</think>\n\n\n<think>Now I understand the current state:\n\n1. **Current issues identified:**\n   - ESLint errors: `page` and `limit` parameters in `useInventory` are defined but never used (lines 16 in useInventory.tsx)\n   - The React hook doesn't actually use the `page` and `limit` parameters in the API call\n   - The `InventoryView` component is hardcoded to use page 1 with PAGE_LIMIT (line 13 in InventoryView.tsx)\n   - No pagination controls are present in the UI\n   - The API endpoint doesn't validate input parameters (no validation for negative, zero, non-numeric, or excessive values)\n   - The API doesn't include query parameters when making the fetch request\n\n2. **Current implementation analysis:**\n   - `inventoryRepository.ts`: The pagination logic looks mostly correct - it calculates offset properly and returns metadata including `hasNext`\n   - `app.ts`: The endpoint doesn't validate inputs, doesn't send query params to the API call\n   - `useInventory.tsx`: Missing page/limit in dependency array, and doesn't include query parameters in the fetch URL\n   - `InventoryView.tsx`: Hardcoded to use page 1, no pagination controls\n\n3. **What needs to be fixed:**\n   - Fix the API endpoint to validate query parameters\n   - Fix the useInventory hook to include page/limit in the dependency array and send them as query parameters\n   - Add pagination controls to InventoryView\n   - Fix the ESLint errors\n\nLet me start implementing these fixes.\n</think>\n\n\n<think>Good! Now I have a clear understanding of the current issues:\n\n1. **Current state analysis:**\n   - `lint` is failing because `page` and `limit` parameters are defined but never used in the `useInventory` hook\n   - TypeScript type checking passes\n   - Public tests pass (but likely don't test the pagination functionality thoroughly)\n   - The repository function `listInventory` seems to already have pagination logic, but it's not being used correctly\n   - The Express app doesn't validate input parameters\n   - The React components don't implement pagination controls\n\n2. **Issues found:**\n   - **Server (`app.ts`)**: No input validation for `page` and `limit` parameters\n   - **Repository (`inventoryRepository.ts`)**: Already has some logic but may need improvements\n   - **Client (`useInventory.tsx`)**: Parameters are unused and don't trigger reloads\n   - **Client (`InventoryView.tsx`)**: No pagination controls\n\nLet me start fixing these issues:\n\n1. First, fix the API endpoint to validate inputs and return proper errors\n2. Then fix the React components to use pagination\n3. Finally run all tests and linting\n\nLet me start with the Express API:\n</think>\n\nBased on my analysis, I've identified several key issues:\n\n1. **Linting errors**: `page` and `limit` parameters are unused in the React hook\n2. **API lacks validation**: No input validation for pagination parameters\n3. **Missing pagination UI**: No navigation controls in the React component\n4. **Incomplete implementation**: The hook doesn't reload when page/limit change\n\nLet me start fixing these issues systematically:\n<think>Good! I've added validation to the Express API endpoint. Now let me verify that the inventoryRepository properly handles the pagination. Let me check it again to see if there are any issues.\n\nLooking at the inventoryRepository.ts, I see:\n1. It has good validation logic - handling defaults and Math.floor for integers\n2. It calculates offset correctly: (page - 1) * limit\n3. It uses LIMIT and OFFSET in the SQL query\n4. It returns the correct metadata: page, limit, total, hasNext\n\nThe repository looks good. The pagination metadata is already being returned from the repository function.\n\nNow I need to:\n1. Fix the useInventory hook to accept page and limit parameters and use them in the fetch\n2. Update the InventoryView component to handle pagination state and controls\n3. Run tests to see what else might be broken\n\nLet me update the useInventory hook first.\n</think>\n\n\n<think>Now I need to fix the React hook. The issues I can see:\n\n1. The `useInventory` hook doesn't actually use the `page` and `limit` parameters in the fetch URL\n2. The hook doesn't reload when page/limit change\n3. The InventoryView component is hardcoded to page 1\n\nLet me fix the useInventory hook first to actually use page and limit parameters, then add the pagination controls to the InventoryView component.\n</think>\n\n\n<think>Good, I've fixed the useInventory hook to:\n1. Remove the eslint-disable comment\n2. Add page and limit to the dependency array\n3. Include page and limit in the API request URL\n4. Load on mount instead of only when idle\n\nNow I need to update the InventoryView component to add pagination controls and make it responsive to page changes.\n</think>\n\n\n<think>Good! I've made the following changes:\n\n1. **Fixed the Express API validation** in `app.ts`:\n   - Added validation for `page` parameter (must be positive integer)\n   - Added validation for `limit` parameter (must be positive integer and not exceed 1000)\n   - Returns HTTP 400 with appropriate error messages for invalid inputs\n\n2. **Fixed the React hook** in `useInventory.tsx`:\n   - Removed the dependency array issue that prevented page/limit changes from triggering reloads\n   - Added URL parameter handling to include page and limit in the API request\n   - Made the effect run whenever page or limit changes\n\n3. **Fixed the React component** in `InventoryView.tsx`:\n   - Added state management for current page\n   - Added Previous and Next buttons with proper disabled states\n   - Shows pagination info (current page and total pages)\n   - Handles empty state when no items are found\n   - Buttons are disabled appropriately when there is no previous/next page\n\nNow I need to:\n1. Mark tasks as completed\n2. Run the validation commands to ensure everything works\n3. Fix any remaining lint or build errors\n</think>\n\nConsider using a todo list to help organize your work if this is a complex task.\n",
          "stderr": "",
          "duration": 103638,
          "label": "llxprt-synthetic-minimax"
        },
        "buildResults": [
          {
            "command": "npm install",
            "cwd": "/home/runner/work/vybestack-site/vybestack-site/evals/problems/pagination/.tmp-workspace-2995923b-a052-46d9-a79e-3bb3beb22dce-BYa25X/workspace",
            "exitCode": 0,
            "stdout": "\nup to date, audited 371 packages in 805ms\n\n79 packages are looking for funding\n  run `npm fund` for details\n\n2 moderate severity vulnerabilities\n\nTo address all issues, run:\n  npm audit fix\n\nRun `npm audit` for details.\n",
            "stderr": "",
            "duration": 897,
            "label": "workspace-install"
          },
          {
            "command": "npm run typecheck",
            "cwd": "/home/runner/work/vybestack-site/vybestack-site/evals/problems/pagination/.tmp-workspace-2995923b-a052-46d9-a79e-3bb3beb22dce-BYa25X/workspace",
            "exitCode": 0,
            "stdout": "\n> pagination-eval@0.0.1 typecheck\n> tsc --noEmit\n\n",
            "stderr": "",
            "duration": 1753,
            "label": "typecheck"
          },
          {
            "command": "npm run lint",
            "cwd": "/home/runner/work/vybestack-site/vybestack-site/evals/problems/pagination/.tmp-workspace-2995923b-a052-46d9-a79e-3bb3beb22dce-BYa25X/workspace",
            "exitCode": 0,
            "stdout": "\n> pagination-eval@0.0.1 lint\n> eslint . --ext .ts,.tsx\n\n",
            "stderr": "",
            "duration": 2690,
            "label": "lint"
          },
          {
            "command": "npm run test:public",
            "cwd": "/home/runner/work/vybestack-site/vybestack-site/evals/problems/pagination/.tmp-workspace-2995923b-a052-46d9-a79e-3bb3beb22dce-BYa25X/workspace",
            "exitCode": 0,
            "stdout": "\n> pagination-eval@0.0.1 test:public\n> vitest run --config vitest.config.public.ts\n\n\n\u001b[7m\u001b[1m\u001b[36m RUN \u001b[39m\u001b[22m\u001b[27m \u001b[36mv1.6.1\u001b[39m \u001b[90m/home/runner/work/vybestack-site/vybestack-site/evals/problems/pagination/.tmp-workspace-2995923b-a052-46d9-a79e-3bb3beb22dce-BYa25X/workspace\u001b[39m\n\n \u001b[32m✓\u001b[39m tests/public/smoke.spec.ts \u001b[2m (\u001b[22m\u001b[2m1 test\u001b[22m\u001b[2m)\u001b[22m\u001b[90m 52\u001b[2mms\u001b[22m\u001b[39m\n\n\u001b[2m Test Files \u001b[22m \u001b[1m\u001b[32m1 passed\u001b[39m\u001b[22m\u001b[90m (1)\u001b[39m\n\u001b[2m      Tests \u001b[22m \u001b[1m\u001b[32m1 passed\u001b[39m\u001b[22m\u001b[90m (1)\u001b[39m\n\u001b[2m   Start at \u001b[22m 19:23:28\n\u001b[2m   Duration \u001b[22m 478ms\u001b[2m (transform 60ms, setup 0ms, collect 163ms, tests 52ms, environment 0ms, prepare 95ms)\u001b[22m\n\n",
            "stderr": "",
            "duration": 1001,
            "label": "test:public"
          }
        ],
        "gradeResults": [
          {
            "command": "npm run lint",
            "cwd": "/home/runner/work/vybestack-site/vybestack-site/evals/grading/pagination",
            "exitCode": 0,
            "stdout": "\n> pagination-grading@0.0.1 lint\n> eslint workspace/src workspace/tests --ext .ts,.tsx\n\n",
            "stderr": "",
            "duration": 2632,
            "label": "lint"
          },
          {
            "command": "npm run typecheck",
            "cwd": "/home/runner/work/vybestack-site/vybestack-site/evals/grading/pagination",
            "exitCode": 0,
            "stdout": "\n> pagination-grading@0.0.1 typecheck\n> tsc -p tsconfig.json\n\n",
            "stderr": "",
            "duration": 1707,
            "label": "typecheck"
          },
          {
            "command": "npm run test:hidden",
            "cwd": "/home/runner/work/vybestack-site/vybestack-site/evals/grading/pagination",
            "exitCode": 0,
            "stdout": "\n> pagination-grading@0.0.1 test:hidden\n> vitest run --config vitest.config.hidden.ts\n\n\n\u001b[7m\u001b[1m\u001b[36m RUN \u001b[39m\u001b[22m\u001b[27m \u001b[36mv1.6.1\u001b[39m \u001b[90m/home/runner/work/vybestack-site/vybestack-site/evals/grading/pagination\u001b[39m\n\n \u001b[32m✓\u001b[39m tests/hidden/api.spec.ts \u001b[2m (\u001b[22m\u001b[2m3 tests\u001b[22m\u001b[2m)\u001b[22m\u001b[90m 79\u001b[2mms\u001b[22m\u001b[39m\n\n\u001b[2m Test Files \u001b[22m \u001b[1m\u001b[32m1 passed\u001b[39m\u001b[22m\u001b[90m (1)\u001b[39m\n\u001b[2m      Tests \u001b[22m \u001b[1m\u001b[32m3 passed\u001b[39m\u001b[22m\u001b[90m (3)\u001b[39m\n\u001b[2m   Start at \u001b[22m 19:23:33\n\u001b[2m   Duration \u001b[22m 982ms\u001b[2m (transform 62ms, setup 82ms, collect 130ms, tests 79ms, environment 386ms, prepare 93ms)\u001b[22m\n\n",
            "stderr": "",
            "duration": 1477,
            "label": "test:hidden"
          }
        ],
        "publicTestFailures": [],
        "hiddenTestFailures": [],
        "vybes": {
          "taskName": "pagination",
          "configId": "llxprt-synthetic-minimax",
          "complexityMultiplier": 5,
          "timeLimitMinutes": 10,
          "baseScore": 500,
          "successPercentage": 0.6,
          "baselineSuccessPercentage": 0,
          "adjustedSuccessPercentage": 0.6,
          "timePenaltyMultiplier": 1,
          "rawScore": 300,
          "finalScore": 300,
          "actualTimeMinutes": 1.727,
          "description": "Server and client pagination repair",
          "category": "full-stack",
          "breakdown": {
            "subtasksPassed": 3,
            "subtasksTotal": 5,
            "modulesCompleted": [],
            "modulesIncomplete": [
              "pagination"
            ],
            "modules": {
              "pagination": {
                "passed": 3,
                "total": 5,
                "passedTasks": [
                  "api-mid-page-request",
                  "api-final-page-handling",
                  "api-invalid-parameter-handling"
                ],
                "failedTasks": [
                  "client-navigation",
                  "client-alert"
                ]
              }
            }
          },
          "status": "ok",
          "passesAttempted": 2,
          "selectedPass": 1,
          "totalCliDurationMs": 103638
        }
      },
      {
        "passNumber": 3,
        "startedAt": "2025-10-31T19:23:34.721Z",
        "finishedAt": "2025-10-31T19:25:57.053Z",
        "totalDuration": 142332,
        "promptHash": "776b272b2eb46e0d6c42504640a82d553bbcb0c4ec1161aa157cfc4dc69c0a24",
        "appliedFeedback": [],
        "success": false,
        "partialSuccess": false,
        "workspaceArchive": "/home/runner/work/vybestack-site/vybestack-site/evals/outputs/pagination-2025-10-31T19-20-38-061Z/llxprt-synthetic-minimax/passes/pass-3/workspace",
        "resultsArchive": "/home/runner/work/vybestack-site/vybestack-site/evals/outputs/pagination-2025-10-31T19-20-38-061Z/llxprt-synthetic-minimax/passes/pass-3/results",
        "cliResult": {
          "command": "llxprt --provider openai --baseurl https://api.synthetic.new/openai/v1 --key *** --model hf:MiniMaxAI/MiniMax-M2 --set context-limit=190000 --set shell-replacement=true --set modelparam.temperature=1 --yolo",
          "cwd": "/home/runner/work/vybestack-site/vybestack-site/evals/problems/pagination/.tmp-workspace-2995923b-a052-46d9-a79e-3bb3beb22dce-BYa25X/workspace",
          "exitCode": 0,
          "stdout": "<think>Let me understand the task:\n\n1. I need to fix pagination behavior in a TypeScript project with Express API (SQLite-backed) and React client\n2. The requirements are:\n   - `GET /inventory` should accept `page` and `limit` query parameters (default page=1, limit=5)\n   - Validate inputs (reject non-numeric, negative, zero, excessive values with HTTP 400)\n   - Query must return correct slice without skipping/duplicating rows\n   - Response should include pagination metadata: `page`, `limit`, `total`, `hasNext`\n   - React hook/component must request selected page, update on navigation, surface errors\n   - Provide \"Previous\" and \"Next\" controls that disable appropriately\n   - Ensure UI renders empty states and propagates server validation errors\n   - Keep database bootstrap intact but can add helpers\n\n3. I need to run these commands and report failures:\n   - npm install\n   - npm run typecheck\n   - npm run lint\n   - npm run test:public\n   - npm run build (as final step)\n\n4. I should use todo list to organize work\n5. Fix all ESLint errors and ensure build completes successfully\n\nLet me start by exploring the project structure and understanding the current implementation.\n</think>\n\nI'll help you restore the correct pagination behavior across the Express API and React client. Let me start by exploring the project structure and understanding the current implementation.\n<think>Now I need to start exploring the project structure. Let me first understand the current codebase by reading the key files. I'll start by reading the problem.md and prompt.md files to understand the requirements better, then look at the source code.\n\nLet me read the problem context files first to understand what needs to be done.\n</think>\n\nI'll help you fix the pagination service. Let me start by exploring the project structure and understanding the current implementation.\n<think>Hmm, the read_many_files didn't find those files. Let me check the actual file structure to understand what's available.\n</think>\n\nLet me explore the project structure more carefully to understand the current implementation:\n<think>Let me check the actual project structure to understand what files are available.\n</think>\n\n\n<think>Good, now I need to read the source files to understand the current implementation. Let me read them one by one.\n</think>\n\n\n<think>Good! I can see the shared types already define the `InventoryPage` interface which includes pagination metadata. Now let me look at the server implementation.\n</think>\n\n\n<think>Good! I can see the server-side implementation is already mostly correct. It's validating the parameters properly and sending them to the repository. Let me check the repository implementation to see if there's an issue with how the pagination is actually performed.\n</think>\n\n\n<think>Good, I'm starting to understand the current implementation. Let me look at the React components next to see what needs to be fixed there.\n\nLet me analyze what I've found so far:\n\n1. **Server-side (Express API)**: The pagination logic in `inventoryRepository.ts` looks fairly correct. It calculates offset properly and returns the correct metadata. The validation in `app.ts` also seems reasonable.\n\n2. **Shared types**: The `InventoryPage` interface looks good with all required fields.\n\nNow let me check the React components to see what needs to be fixed there.\n</think>\n\n\n<think>Let me read the inventory view files one at a time.\n</think>\n\n\n<think>Now I see the client-side React component. It looks good overall - it has:\n1. State for currentPage\n2. Previous/Next buttons with proper disabled states\n3. Loading, error, and empty states\n\nLet me check the useInventory hook next.\n</think>\n\n\n<think>Good! Now I have a good understanding of the codebase. Let me analyze what I found:\n\n1. **Shared types** (`/home/runner/work/vybestack-site/vybestack-site/evals/problems/pagination/.tmp-workspace-2995923b-a052-46d9-a79e-3bb3beb22dce-BYa25X/workspace/src/shared/types.ts`):\n   - Defines `InventoryItem` and `InventoryPage` interfaces\n   - The `InventoryPage` includes the required pagination metadata: `items`, `page`, `limit`, `total`, `hasNext`\n\n2. **Server API** (`/home/runner/work/vybestack-site/vybestack-site/evals/problems/pagination/.tmp-workspace-2995923b-a052-46d9-a79e-3bb3beb22dce-BYa25X/workspace/src/server/app.ts`):\n   - GET `/inventory` endpoint exists\n   - Validates `page` and `limit` parameters\n   - Returns HTTP 400 for invalid inputs (non-numeric, negative, zero, or excessive values > 1000)\n   - Uses default values (page = 1 if not provided)\n   - Calls `listInventory` from repository\n\n3. **Repository** (`/home/runner/work/vybestack-site/vybestack-site/evals/problems/pagination/.tmp-workspace-2995923b-a052-46d9-a79e-3bb3beb22dce-BYa25X/workspace/src/server/inventoryRepository.ts`):\n   - `listInventory` function queries the database\n   - Default limit is 5\n   - Calculates offset correctly: `(page - 1) * limit`\n   - Returns the correct structure with pagination metadata\n   - Calculates `hasNext` correctly: `page * limit < total`\n\n4. **React Client**:\n   - **InventoryView** (`/home/runner/work/vybestack-site/vybestack-site/evals/problems/pagination/.tmp-workspace-2995923b-a052-46d9-a79e-3bb3beb22dce-BYa25X/workspace/src/client/InventoryView.tsx`):\n     - Uses a constant PAGE_LIMIT of 5\n     - Maintains current page state\n     - Handles Previous/Next navigation with appropriate UI controls and semantic button states\n     - Renders page indicators and inventory items\n     - Implements robust error and empty state handling\n\n   - **useInventory hook** (`/home/runner/work/vybestack-site/vybestack-site/evals/problems/pagination/.tmp-workspace-2995923b-a052-46d9-a79e-3bb3beb22dce-BYa25X/workspace/src/client/useInventory.tsx`):\n     - Dynamically constructs API request parameters\n     - Implements conditional parameter passing\n     - Manages network request lifecycle with proper error capture\n     - Tracks request state comprehensively\n\nI'll proceed with executing validation tests to ensure the implementation meets requirements and passes existing test scenarios.\n\nFirst, I'll run the standard validation commands to identify potential issues. The goal is to systematically verify the project's configuration and test coverage through targeted command executions.\n</think>\n\nNow let me examine the test file to understand what's being tested:\n<think>Now let me understand the current state of the code:\n\n1. **Server-side (`inventoryRepository.ts`)**:\n   - The pagination logic looks mostly correct\n   - Uses LIMIT and OFFSET with calculated offset\n   - Returns proper InventoryPage with items, page, limit, total, hasNext\n   - Default page = 1, limit = 5\n\n2. **Express API (`app.ts`)**:\n   - Validates page and limit parameters\n   - Sets reasonable bounds (limit <= 1000)\n   - Returns 400 for invalid inputs\n   - Calls listInventory with validated params\n\n3. **Client-side (`useInventory.tsx`)**:\n   - Has proper state management\n   - Makes fetch requests with query parameters\n   - Handles errors\n   - Only adds page param if > 1, only adds limit param if != 5 (this seems like an optimization but might cause issues)\n\n4. **React component (`InventoryView.tsx)**:\n   - Has Previous/Next buttons\n   - Shows page info\n   - Handles empty states\n   - Has proper UI logic\n\nLet me run the tests to see what's actually failing:\n</think>\n\n\n<think>Now I understand the current implementation. Let me analyze what I found:\n\n1. **Server-side (`app.ts`)**: The validation logic looks mostly correct. It validates page and limit parameters properly, rejecting non-numeric, negative, zero, and excessive values (over 1000).\n\n2. **Server-side (`inventoryRepository.ts`)**: The `listInventory` function uses proper pagination logic with LIMIT and OFFSET. It calculates `hasNext` correctly as `page * limit < total`.\n\n3. **Shared types (`types.ts`)**: The `InventoryPage` interface looks correct with all required fields.\n\n4. **React client (`useInventory.tsx`)**: The hook looks good. It properly passes page and limit to the API and handles loading/error states.\n\n5. **React client (`InventoryView.tsx`)**: The component looks good. It has Previous/Next buttons with proper disabled states.\n\nLet me now run the initial checks to see what issues exist:\n\nThe code looks mostly correct at first glance. The main potential issue I can see is that the React hook only includes page and limit in the query string if they're not default values. This could be a problem if the backend expects them to always be present.\n\nLet me run npm install and the checks to see what the actual issues are.\n</think>\n\nNow I understand the current implementation. Let me analyze the code:\n\n**Server-side (`app.ts`)**: Validation logic looks correct - it validates `page` and `limit` parameters, rejects invalid values, and has reasonable bounds.\n\n**Server-side (`inventoryRepository.ts`)**: The `listInventory` function uses proper SQL pagination with `LIMIT` and `OFFSET`, calculates `hasNext` correctly.\n\n**React client (`useInventory.tsx`)**: The hook properly passes page/limit to the API and handles states correctly.\n\n**React client (`InventoryView.tsx`)**: The component has proper Previous/Next controls with disabled states.\n\nLet me run the initial checks to see what issues exist:\n<think>Good, npm install succeeded. There are some vulnerabilities but that's not our focus right now. Let me proceed with the typecheck command to see if there are any type issues.\n</think>\n\n\n<think>Good! TypeScript type checking passes with no errors. Now let's check the linting.\n</think>\n\n\n<think>Good! The initial checks pass. Now let me analyze the current implementation:\n\n## Current State Analysis:\n\n### Server-side (Express API):\n1. **app.ts**: Has validation for `page` and `limit` parameters with proper error handling (400 responses for invalid inputs)\n2. **inventoryRepository.ts**: \n   - Has the basic pagination logic with `listInventory` function\n   - Calculates offset correctly: `(page - 1) * limit`\n   - Returns pagination metadata: `page`, `limit`, `total`, `hasNext`\n   - Sets defaults: `page = 1`, `limit = 5`\n\n### Client-side (React):\n1. **useInventory.tsx**: \n   - Has a hook that fetches inventory data\n   - Currently only sends `page` and `limit` if they're not default values\n   - Has error handling\n2. **InventoryView.tsx**:\n   - Has pagination controls (Previous/Next buttons)\n   - Displays current page and total pages\n   - Disables buttons appropriately\n\nLet me run the tests to see what the current issues are.\n</think>\n\n\n<think>The initial tests are passing, but I need to understand the current implementation better. Let me analyze what I've found:\n\n1. **Server-side (app.ts)**: The validation looks pretty good - it checks for non-numeric, negative, zero values, and sets an upper bound of 1000 for limit. It defaults to page=1 and limit=5 when not provided.\n\n2. **Repository (inventoryRepository.ts)**: This looks mostly correct. It:\n   - Counts total records\n   - Sets defaults (page=1, limit=5)\n   - Calculates offset correctly\n   - Returns items with pagination metadata\n\n3. **Client-side (useInventory.tsx)**: This hook only sends page/limit params when they're not the defaults (page > 1, limit !== 5). This might be an issue - it should probably always send them.\n\n4. **React Component (InventoryView.tsx)**: This looks reasonable - it has Previous/Next buttons that disable appropriately.\n\nThe implementation seems fairly close to correct, but let me think about potential issues:\n\n1. The `useInventory` hook only sends query parameters when they differ from defaults. This might be fine, but could cause issues if the server expects them.\n\n2. Let me check if there are more comprehensive tests that might reveal issues.\n\nLet me search for more test files to understand what's expected.\n</think>\n\n\n<think>Let me find test files in the project. The current smoke test is passing, but I should check for more comprehensive tests.\n\nI need to understand the current state better. Let me look for more test files and see what the actual test requirements are.\n\nFrom the problem description, it seems like the tests should:\n1. Exercise the API via Supertest \n2. Exercise the React components via Testing Library\n3. Use in-memory SQLite databases\n\nThe current smoke test only checks that the API returns some inventory rows. I need to understand what the actual test requirements are and whether the current implementation meets all requirements.\n\nLet me look at the test configuration and see if there are more comprehensive tests that should be passing.\n</think>\n\n\n<think>Looking at the code and test results, I can see that:\n\n1. The basic structure is in place\n2. TypeScript compilation passes\n3. ESLint passes with no errors\n4. The basic smoke test passes\n\nNow let me understand the current implementation:\n\n**Server side (`app.ts`)**:\n- Accepts `page` and `limit` query parameters\n- Validates them (must be positive integers, limit <= 1000)\n- Calls `listInventory` from the repository\n- Returns the result\n\n**Repository (`inventoryRepository.ts`)**:\n- Has pagination logic with defaults (page=1, limit=5)\n- Calculates offset correctly\n- Returns proper metadata including `hasNext`\n\n**Client side (`useInventory.tsx`)**:\n- Hook that fetches inventory data\n- Only adds page/limit params if not default values\n- Handles loading, error, and success states\n\n**Client component (`InventoryView.tsx`)**:\n- Manages current page state\n- Has Previous/Next buttons\n- Shows pagination info\n\nLooking more closely at the requirements:\n- `GET /inventory` must accept `page` and `limit` query parameters (default `page = 1`, `limit = 5`) [OK]\n- Validate inputs: reject non-numeric, negative, zero, or excessive values with HTTP 400 [OK]\n- Query must return the correct slice of items without skipping or duplicating rows - appears correct\n- Response should include pagination metadata: `page`, `limit`, `total`, `hasNext` [OK]\n- React hook/component must request the selected page, update when the user navigates, and surface errors [OK]\n- Provide \"Previous\" and \"Next\" controls that disable appropriately when there is no further data [OK]\n- Ensure the UI renders empty states and propagates server validation errors [OK]\n\nLet me verify the logic more carefully:\n\nIn `inventoryRepository.ts`:\n\n\nThe default parameters ensure consistent pagination behavior. When no specific page or limit is provided, it defaults to the first page with a 5-item limit. The floor function handles potential floating-point inputs, converting them to integers. This approach prevents unexpected pagination results and ensures consistent data retrieval across different API calls.\n\nI'll investigate potential edge cases by running targeted tests. Checking specific scenarios will help validate the pagination implementation's robustness and ensure it handles various input combinations correctly.\n</think>\n\n\n<think>Now let me analyze the code to understand what issues exist:\n\n1. **Server-side analysis (app.ts):**\n   - The validation logic looks good and handles non-numeric, negative, zero, and excessive values correctly\n   - It sets defaults correctly (page = 1, limit = 5)\n   - The validation logic seems correct\n\n2. **Repository analysis (inventoryRepository.ts):**\n   - The pagination logic looks correct\n   - It calculates offset as (page - 1) * limit\n   - It uses LIMIT and OFFSET correctly\n   - It returns the correct metadata: page, limit, total, hasNext\n   - The default values are set correctly\n\n3. **Types analysis (types.ts):**\n   - The InventoryPage interface looks correct with items, page, limit, total, and hasNext\n\n4. **Client hook analysis (useInventory.tsx):**\n   - The hook accepts page and limit parameters\n   - It only sends page if > 1 (which is unnecessary but not harmful)\n   - It only sends limit if !== 5 (which is unnecessary but not harmful)\n   - It handles loading and error states correctly\n\n5. **Client component analysis (InventoryView.tsx):**\n   - It tracks current page state\n   - It has Previous/Next buttons that are disabled appropriately\n   - It shows the current page and total pages\n   - It handles loading and error states\n\nLooking at the code, everything actually looks correct! The implementation seems to already satisfy all the requirements. Let me verify by checking if there are any specific test files that might be failing or specific requirements I'm missing.\n\nThe requirements mentioned:\n- `GET /inventory` must accept `page` and `limit` query parameters (default `page = 1`, `limit = 5`). [OK]\n- Validate inputs: reject non-numeric, negative, zero, or excessive values with HTTP 400. [OK]\n\n\n- I'll investigate the API's ability to return precise inventory slices\n- The response includes pagination metadata correctly\n- The React hook needs to dynamically request and update inventory data\n- UI navigation requires robust Previous/Next button controls\n- Must handle invalid input scenarios gracefully\n\nI'll create a targeted test to validate pagination behavior systematically.\n</think>\n\nLet me analyze the current implementation and create a comprehensive test to understand if there are any issues:\n<think>Good, I've created a test file to check the pagination behavior. Let me run it now to see if there are any issues.\n</think>\n\n\n<think>There's an issue with the ES module scope and `__dirname` in the db.ts file. I need to fix this first. Let me check the db.ts file.\n</think>\n\n\n<think>I see the issue. In ES modules, `__dirname` is not defined. I need to check if there's a workaround in the code or if this is causing the issue. Let me check the package.json again to see the module type.\n\nThe package.json shows `\"type\": \"module\"` which means it's using ES modules. The `__dirname` in ES modules needs to be handled differently. Let me look at how to fix this.\n\nActually, looking at the error more carefully, it seems like this is already a bug in the codebase. The `__dirname` is being used in an ES module context, which won't work. I should fix this.\n\nLet me think about the best approach:\n1. I could use `fileURLToPath(import.meta.url)` to get the directory name in ES modules\n2. Or I could construct the path differently\n\nLet me check the structure again. The file is at `src/server/db.ts` and we need to get to `data/seed.sql`. The SEED_PATH is using `__dirname` which is  `src/server`, so going up one level (`../../`) should get us to the root, then to `data/seed.sql`.\n\nIn ES modules, I can use `import.meta.url` to get the current file's URL, then extract the directory from it.\n\nLet me fix this issue first, then continue with testing.\n</think>\n\nI found an issue with the codebase - it's using `__dirname` in an ES module context which isn't supported. Let me fix this first:\n<think>Good, I fixed the ES module issue with __dirname. Now let me run the pagination test script again.\n</think>\n\n\n<think>Good! The server-side pagination is working well. Let me analyze the results:\n\n1. Default behavior works - returns 5 items (default limit), page 1, total 15, hasNext true\n2. Page 1 with limit 3 returns 3 items starting from ID 1\n3. Page 2 with limit 3 returns 3 items starting from ID 4 (correct pagination, not skipping or duplicating)\n4. Last page (page 5) works correctly with hasNext false\n5-8. All validation errors work correctly for invalid inputs\n9. Page beyond total returns empty array but still responds with hasNext false\n\nHowever, I notice one potential issue in test 9 - it returns page 999 but that seems like it should probably be normalized or validated. Let me check if that's expected behavior or if we need to handle requests for pages beyond the total.\n\nActually, looking at the requirements again:\n- \"reject non-numeric, negative, zero, or excessive values with HTTP 400\"\n\nThe question is: what constitutes \"excessive\"? Is requesting page 999 when there are only 15 items (3 pages with limit=5) excessive? The current implementation doesn't validate this, it just returns an empty result set.\n\nLet me think about this - the requirement says to reject \"excessive values\" but doesn't define what excessive means. I think the current behavior of returning an empty page is actually reasonable - it doesn't reject the request, it just returns no data. This is common in pagination APIs.\n\nNow let me check the React client implementation to see if there are any issues there.\n\nLooking at the useInventory hook:\n- It sends page and limit parameters correctly\n- It handles errors from the API\n- It updates when page/limit changes\n\nLooking at the InventoryView component:\n- It manages current page state\n- It has Previous/Next buttons\n- Previous button is disabled when currentPage === 1\n- Next button is disabled when data.hasNext is false\n- It shows loading, error, and empty states\n\nThe implementation looks mostly correct, but let me look more closely at the useInventory hook to see if there are any issues with how it sends parameters.\n \nThe current implementation only sends page and limit parameters when they differ from defaults. This approach is concise but could potentially mask API parameter expectations. I'll need to verify if consistently sending these parameters might provide better clarity for the API endpoint.\n\nThe hook's conditional parameter sending means non-default values trigger query string inclusion. This prevents unnecessary query string noise while ensuring critical pagination parameters are transmitted when needed. The implementation balances brevity with functional completeness.\n\nThe code handles pagination gracefully, allowing navigation beyond available pages while maintaining a clean parameter transmission strategy. The server's empty result response for high page numbers provides a reasonable user experience.\n\nPotential refinements might involve explicit page validation or more explicit parameter handling, but the current approach demonstrates thoughtful API interaction design.\n\nThe component's error handling and navigation logic appear robust, with intuitive loading states and pagination controls that prevent invalid page transitions. The implementation suggests a thoughtful approach to managing page state and user interactions.\n\nThe navigation mechanics demonstrate sensible constraints: disabling previous button on first page, preventing next navigation when no additional data exists, and gracefully managing scenarios with zero results. The total pages calculation provides clear user context, enhancing the overall user experience.\n\nWhile the implementation seems sound, a comprehensive testing strategy would validate the intricate pagination behavior across different data scenarios.\n</think>\n\nThis task seems to involve multiple steps. A todo list might help track your progress.\n",
          "stderr": "",
          "duration": 130163,
          "label": "llxprt-synthetic-minimax"
        },
        "buildResults": [
          {
            "command": "npm install",
            "cwd": "/home/runner/work/vybestack-site/vybestack-site/evals/problems/pagination/.tmp-workspace-2995923b-a052-46d9-a79e-3bb3beb22dce-BYa25X/workspace",
            "exitCode": 0,
            "stdout": "\nup to date, audited 371 packages in 915ms\n\n79 packages are looking for funding\n  run `npm fund` for details\n\n2 moderate severity vulnerabilities\n\nTo address all issues, run:\n  npm audit fix\n\nRun `npm audit` for details.\n",
            "stderr": "",
            "duration": 1002,
            "label": "workspace-install"
          },
          {
            "command": "npm run typecheck",
            "cwd": "/home/runner/work/vybestack-site/vybestack-site/evals/problems/pagination/.tmp-workspace-2995923b-a052-46d9-a79e-3bb3beb22dce-BYa25X/workspace",
            "exitCode": 0,
            "stdout": "\n> pagination-eval@0.0.1 typecheck\n> tsc --noEmit\n\n",
            "stderr": "",
            "duration": 1724,
            "label": "typecheck"
          },
          {
            "command": "npm run lint",
            "cwd": "/home/runner/work/vybestack-site/vybestack-site/evals/problems/pagination/.tmp-workspace-2995923b-a052-46d9-a79e-3bb3beb22dce-BYa25X/workspace",
            "exitCode": 1,
            "stdout": "\n> pagination-eval@0.0.1 lint\n> eslint . --ext .ts,.tsx\n\n\n/home/runner/work/vybestack-site/vybestack-site/evals/problems/pagination/.tmp-workspace-2995923b-a052-46d9-a79e-3bb3beb22dce-BYa25X/workspace/test-pagination.ts\n  0:0  error  Parsing error: ESLint was configured to run on `<tsconfigRootDir>/test-pagination.ts` using `parserOptions.project`: <tsconfigRootDir>/tsconfig.eslint.json\nHowever, that TSConfig does not include this file. Either:\n- Change ESLint's list of included files to not include this file\n- Change that TSConfig to include this file\n- Create a new TSConfig that includes this file and include it in your parserOptions.project\nSee the typescript-eslint docs for more info: https://typescript-eslint.io/troubleshooting/typed-linting#i-get-errors-telling-me-eslint-was-configured-to-run--however-that-tsconfig-does-not--none-of-those-tsconfigs-include-this-file\n\n✖ 1 problem (1 error, 0 warnings)\n\n",
            "stderr": "",
            "duration": 2669,
            "label": "lint"
          },
          {
            "command": "npm run test:public",
            "cwd": "/home/runner/work/vybestack-site/vybestack-site/evals/problems/pagination/.tmp-workspace-2995923b-a052-46d9-a79e-3bb3beb22dce-BYa25X/workspace",
            "exitCode": 0,
            "stdout": "\n> pagination-eval@0.0.1 test:public\n> vitest run --config vitest.config.public.ts\n\n\n\u001b[7m\u001b[1m\u001b[36m RUN \u001b[39m\u001b[22m\u001b[27m \u001b[36mv1.6.1\u001b[39m \u001b[90m/home/runner/work/vybestack-site/vybestack-site/evals/problems/pagination/.tmp-workspace-2995923b-a052-46d9-a79e-3bb3beb22dce-BYa25X/workspace\u001b[39m\n\n \u001b[32m✓\u001b[39m tests/public/smoke.spec.ts \u001b[2m (\u001b[22m\u001b[2m1 test\u001b[22m\u001b[2m)\u001b[22m\u001b[90m 58\u001b[2mms\u001b[22m\u001b[39m\n\n\u001b[2m Test Files \u001b[22m \u001b[1m\u001b[32m1 passed\u001b[39m\u001b[22m\u001b[90m (1)\u001b[39m\n\u001b[2m      Tests \u001b[22m \u001b[1m\u001b[32m1 passed\u001b[39m\u001b[22m\u001b[90m (1)\u001b[39m\n\u001b[2m   Start at \u001b[22m 19:25:50\n\u001b[2m   Duration \u001b[22m 493ms\u001b[2m (transform 50ms, setup 0ms, collect 169ms, tests 58ms, environment 0ms, prepare 85ms)\u001b[22m\n\n",
            "stderr": "",
            "duration": 1013,
            "label": "test:public"
          }
        ],
        "gradeResults": [
          {
            "command": "npm run lint",
            "cwd": "/home/runner/work/vybestack-site/vybestack-site/evals/grading/pagination",
            "exitCode": 0,
            "stdout": "\n> pagination-grading@0.0.1 lint\n> eslint workspace/src workspace/tests --ext .ts,.tsx\n\n",
            "stderr": "",
            "duration": 2603,
            "label": "lint"
          },
          {
            "command": "npm run typecheck",
            "cwd": "/home/runner/work/vybestack-site/vybestack-site/evals/grading/pagination",
            "exitCode": 0,
            "stdout": "\n> pagination-grading@0.0.1 typecheck\n> tsc -p tsconfig.json\n\n",
            "stderr": "",
            "duration": 1696,
            "label": "typecheck"
          },
          {
            "command": "npm run test:hidden",
            "cwd": "/home/runner/work/vybestack-site/vybestack-site/evals/grading/pagination",
            "exitCode": 0,
            "stdout": "\n> pagination-grading@0.0.1 test:hidden\n> vitest run --config vitest.config.hidden.ts\n\n\n\u001b[7m\u001b[1m\u001b[36m RUN \u001b[39m\u001b[22m\u001b[27m \u001b[36mv1.6.1\u001b[39m \u001b[90m/home/runner/work/vybestack-site/vybestack-site/evals/grading/pagination\u001b[39m\n\n \u001b[32m✓\u001b[39m tests/hidden/api.spec.ts \u001b[2m (\u001b[22m\u001b[2m3 tests\u001b[22m\u001b[2m)\u001b[22m\u001b[90m 86\u001b[2mms\u001b[22m\u001b[39m\n\n\u001b[2m Test Files \u001b[22m \u001b[1m\u001b[32m1 passed\u001b[39m\u001b[22m\u001b[90m (1)\u001b[39m\n\u001b[2m      Tests \u001b[22m \u001b[1m\u001b[32m3 passed\u001b[39m\u001b[22m\u001b[90m (3)\u001b[39m\n\u001b[2m   Start at \u001b[22m 19:25:56\n\u001b[2m   Duration \u001b[22m 957ms\u001b[2m (transform 61ms, setup 76ms, collect 124ms, tests 86ms, environment 393ms, prepare 85ms)\u001b[22m\n\n",
            "stderr": "",
            "duration": 1449,
            "label": "test:hidden"
          }
        ],
        "publicTestFailures": [],
        "hiddenTestFailures": [],
        "vybes": {
          "taskName": "pagination",
          "configId": "llxprt-synthetic-minimax",
          "complexityMultiplier": 5,
          "timeLimitMinutes": 10,
          "baseScore": 500,
          "successPercentage": 0,
          "baselineSuccessPercentage": 0,
          "adjustedSuccessPercentage": 0,
          "timePenaltyMultiplier": 1,
          "rawScore": 0,
          "finalScore": 0,
          "actualTimeMinutes": 2.169,
          "description": "Server and client pagination repair",
          "category": "full-stack",
          "breakdown": {
            "subtasksPassed": 3,
            "subtasksTotal": 5,
            "modulesCompleted": [],
            "modulesIncomplete": [
              "pagination"
            ],
            "modules": {
              "pagination": {
                "passed": 3,
                "total": 5,
                "passedTasks": [
                  "api-mid-page-request",
                  "api-final-page-handling",
                  "api-invalid-parameter-handling"
                ],
                "failedTasks": [
                  "client-navigation",
                  "client-alert"
                ]
              }
            }
          },
          "error": "lint/typecheck failed",
          "status": "error",
          "passesAttempted": 3,
          "selectedPass": 2,
          "totalCliDurationMs": 130163
        }
      }
    ]
  },
  "vybes": {
    "taskName": "pagination",
    "configId": "llxprt-synthetic-minimax",
    "complexityMultiplier": 5,
    "timeLimitMinutes": 10,
    "baseScore": 500,
    "successPercentage": 0.6,
    "baselineSuccessPercentage": 0,
    "adjustedSuccessPercentage": 0.6,
    "timePenaltyMultiplier": 1,
    "rawScore": 300,
    "finalScore": 300,
    "actualTimeMinutes": 5.316,
    "description": "Server and client pagination repair",
    "category": "full-stack",
    "breakdown": {
      "subtasksPassed": 3,
      "subtasksTotal": 5,
      "modulesCompleted": [],
      "modulesIncomplete": [
        "pagination"
      ],
      "modules": {
        "pagination": {
          "passed": 3,
          "total": 5,
          "passedTasks": [
            "api-mid-page-request",
            "api-final-page-handling",
            "api-invalid-parameter-handling"
          ],
          "failedTasks": [
            "client-navigation",
            "client-alert"
          ]
        }
      }
    },
    "status": "ok",
    "passesAttempted": 3,
    "selectedPass": 1,
    "totalCliDurationMs": 318954,
    "repoVersion": "main@c1e1d36"
  }
}