{
  "evalName": "base64-fix",
  "configId": "llxprt-synthetic-minimax",
  "startedAt": "2025-11-03T06:43:37.465Z",
  "finishedAt": "2025-11-03T06:43:37.465Z",
  "status": "pass",
  "totalDuration": 176436,
  "totalCliDuration": 176405,
  "commands": [
    {
      "name": "llxprt-synthetic-minimax",
      "command": "llxprt --provider openai --baseurl https://api.synthetic.new/openai/v1 --key *** --model hf:MiniMaxAI/MiniMax-M2 --set context-limit=190000 --set shell-replacement=true --set modelparam.temperature=1 --yolo",
      "cwd": "/home/runner/work/vybestack-site/vybestack-site/evals/problems/base64-fix/.tmp-workspace-3de3a9ea-0be3-4679-ac39-f82462af59c3-Cz447i/workspace",
      "exitCode": 0,
      "stdout": "<think>I need to understand the current state of this TypeScript project for Base64 CLI repair. Let me start by exploring the workspace structure and understanding what files exist.\n\nFrom the initial listing, I can see:\n- Base structure with package.json\n- src/ directory with base64.ts and index.ts\n- tests/public/ directory with base64.spec.ts\n- Various configuration files (tsconfig, eslint, etc.)\n\nLet me first read the problem description more carefully, then examine the existing code to understand what needs to be fixed.\n\nThe key requirements are:\n1. Fix encode/decode implementations to match RFC 4648 Base64 (use \"+\" and \"/\" characters and \"=\" padding)\n2. Ensure CLI run helper returns correct exit codes and surfaces errors\n3. Don't fabricate test results\n4. Run typecheck, lint, test:public, and build commands and report any failures\n\nLet me start by reading the existing files to understand the current implementation.\n</think>\n\nI'll help you repair the Base64 CLI implementation to comply with RFC 4648. Let me start by understanding the current codebase structure and implementation.\n<think>It seems the files don't exist at the specified paths. Let me check the workspace structure first to understand what's available.\n</think>\n\n\n<think>The list_directory is showing empty results but mentioning git-ignored items. Let me try to read the specific files mentioned in the task.\n</think>\n\n\n<think>I can see the issue now. The current implementation:\n\n1. Uses `base64url` encoding which:\n   - Uses `-` and `_` instead of `+` and `/`\n   - Removes padding characters (which is intentional in base64url)\n2. For decoding, it tries to normalize from base64url back to standard base64\n\nThis is not RFC 4648 compliant Base64. I need to:\n\n1. Change the encode function to use standard Base64 with `+` and `/` characters and proper padding\n2. Change the decode function to handle standard Base64 (with padding) and properly reject invalid inputs\n3. Check the CLI runner to ensure proper exit codes\n\nLet me read the other files to understand the full context.\n</think>\n\n\n<think>The read_many_files didn't find these files. Let me check the directory structure more carefully and see what's actually there. The error might be with the paths.\n</think>\n\n\n<think>Let me use glob to find all files in the workspace.\n</think>\n\n\n<think>I'm not finding the files through the normal paths. Let me try listing the files in the workspace more thoroughly. The workspace directory appears to be /home/runner/work/vybestack-site/vybestack-site/evals/problems/base64-fix/.tmp-workspace-3de3a9ea-0be3-4679-ac39-f82462af59c3-Cz447i/workspace based on the environment context.\n\nLet me check what files are actually there by listing all files.\n</think>\n\n\n<think>Great! Now I can see the files. Let me read all the important files to understand the current implementation and requirements.\n</think>\n\n\n<think>The glob pattern isn't matching, but I can see the files from the find command. Let me try reading the files individually.\n</think>\n\n\n<think>Let me read the test file to understand what's expected.\n</think>\n\n\n<think>Great! Now I have a good understanding of the issue. Looking at the current implementation:\n\n1. **The Problem**: The current implementation uses `base64url` encoding which:\n   - Uses `-` and `_` instead of `+` and `/`\n   - Strips padding (`=`) characters\n   - This breaks compatibility with standard Base64\n\n2. **What needs to be fixed**:\n   - `encode()` should use standard Base64 (with `+`, `/`, and `=` padding)\n   - `decode()` should accept standard Base64 input and properly handle it\n   - The `run()` function should handle errors correctly (already seems OK)\n   - Need to validate that the functions work properly with tests\n\n3. **Test expectations**:\n   - `encode('hello')` should return `'aGVsbG8='` (with padding)\n   - `decode('aGVsbG8=')` should return `'hello'`\n\nThe fix is straightforward:\n- Change `Buffer.from(input, 'utf8').toString('base64url')` to `Buffer.from(input, 'utf8').toString('base64')`\n- Remove the padding removal logic in `encode()`\n- Fix `decode()` to use `base64` instead of `base64url`\n\nLet me create a todo list and start working on this.\n</think>\n\n\n<think>Let me understand the problem:\n\n1. Current implementation uses `base64url` encoding which:\n   - Uses `-` and `_` instead of `+` and `/`\n   - Strips padding (`=`) characters\n   \n2. The tests expect:\n   - `encode('hello')` should return `'aGVsbG8='` (with `+`, `/`, and `=` padding)\n   - `decode('aGVsbG8=')` should return `'hello'`\n\n3. The CLI should:\n   - Return exit code 0 on success\n   - Return exit code 1 on failure\n   - Write error messages to stderr\n\n4. I need to fix the encode/decode functions to use standard Base64 (RFC 4648)\n\n5. I should run the validation commands at the end\n\nLet me create a todo list and start fixing the issues.\n</think>\n\nNow I understand the problem. The current implementation uses base64url encoding which replaces `+` and `/` with `-` and `_`, and strips padding. I need to fix this to use standard Base64.\n\nLet me create a todo list and start working on this:\n<think>Perfect! Now I understand the project structure. Let me analyze what needs to be fixed:\n\n1. **Current Issues in `src/base64.ts`:**\n   - `encode()` uses `base64url` instead of standard `base64`, and strips padding\n   - `decode()` uses `base64url` which won't work with standard Base64 characters like `+` and `/`\n\n2. **What needs to be done:**\n   - Fix `encode()` to use standard Base64 encoding with proper padding\n   - Fix `decode()` to decode standard Base64 and validate input properly\n   - The CLI `run()` function already looks correct - it returns 0 on success, 1 on error, and writes to stderr\n\n3. **Test expectations:**\n   - `encode('hello')` should return `'aGVsbG8='` (with padding)\n   - `decode('aGVsbG8=')` should return `'hello'`\n\nLet me start implementing the fixes.\n</think>\n\nNow I understand the task. I can see that:\n\n1. The current `encode()` function uses `base64url` (URL-safe Base64) instead of standard Base64, and strips padding\n2. The `decode()` function also uses `base64url` which won't handle standard Base64 characters like `+` and `/`\n3. The test expects `encode('hello')` to return `'aGVsbG8='` (with padding)\n\nLet me fix the `base64.ts` file to use canonical RFC 4648 Base64:\n<think>Let me understand the issue:\n\n1. The current `encode()` function uses `base64url` encoding and strips padding characters (`=`), which is incorrect for standard Base64\n2. The current `decode()` function tries to handle base64url but also tries to normalize `-` and `_` to `+` and `/`, which doesn't make sense\n3. I need to fix both functions to use standard Base64 (RFC 4648) with:\n   - Standard alphabet: `A-Z`, `a-z`, `0-9`, `+`, `/`\n   - Proper padding with `=` characters\n   - Proper decoding that validates input and throws errors for invalid Base64\n\nLet me fix the encode function first. The issue is that it's using `toString('base64url')` which uses `-` and `_` instead of `+` and `/`, and it strips padding. I should use `toString('base64')` instead.\n</think>\n\nNow I understand the issue. Let me analyze the current code:\n\n**Current Problems:**\n1. `encode()` uses `base64url` encoding which replaces `+` with `-` and `/` with `_`, and strips padding\n2. `decode()` tries to normalize base64url back to standard Base64 but uses `base64url` for decoding, which won't work correctly\n\n**Plan:**\n1. Fix `encode()` to use standard Base64 with proper padding\n2. Fix `decode()` to handle standard Base64 with validation\n3. Test and validate\n\nLet me fix the `encode()` function first:\n<think>Good! I've fixed the encode function to use standard Base64 with padding. Now I need to fix the decode function. Looking at the current implementation:\n\n```typescript\nexport function decode(input: string): string {\n  const normalized = input.replace(/-/g, '+').replace(/_/g, '/');\n\n  try {\n    return Buffer.from(normalized, 'base64url').toString('utf8');\n  } catch (error) {\n    throw new Error('Failed to decode Base64 input');\n  }\n}\n```\n\nThe problem here is:\n1. It converts URL-safe Base64 (with - and _) to standard Base64 (+ and /)\n2. But then it uses `Buffer.from(normalized, 'base64url')` which is wrong - it should use `Buffer.from(normalized, 'base64')`\n3. The error handling is generic and doesn't properly validate the input\n\nFor standard Base64 decoding, I should:\n1. Accept standard Base64 input (with or without padding)\n2. Use Buffer.from(input, 'base64') to decode\n3. Validate the input properly\n4. Throw meaningful errors for invalid input\n\nLet me fix this.\n</think>\n\n\n<think>Now I need to fix the decode function. Looking at the current implementation:\n\n```typescript\nexport function decode(input: string): string {\n  const normalized = input.replace(/-/g, '+').replace(/_/g, '/');\n\n  try {\n    return Buffer.from(normalized, 'base64url').toString('utf8');\n  } catch (error) {\n    throw new Error('Failed to decode Base64 input');\n  }\n}\n```\n\nThe problem is that:\n1. It's using `base64url` instead of `base64`\n2. It's trying to normalize base64url to standard base64 by replacing `-` with `+` and `_` with `/`, but then decoding as base64url which doesn't make sense\n\nI should:\n1. Use standard `base64` decoding instead of `base64url`\n2. Add proper validation to reject invalid Base64 input\n3. Handle padding correctly (the Buffer.from base64 decoder should handle this automatically)\n\nLet me fix this:\n</think>\n\n\n<think>Good, I've fixed both functions. Now let me check if the PADDING_REGEX is still needed since we're no longer using it. Let me review the file.\n</think>\n\n\n<think>Good! I've made the necessary changes:\n\n1. Fixed `encode()` to use standard Base64 with padding by using `Buffer.from(input, 'utf8').toString('base64')` instead of the base64url version\n2. Fixed `decode()` to use standard Base64 by using `Buffer.from(padded, 'base64')` and added proper validation\n\nNow I need to:\n1. Mark the current task as completed\n2. Run the tests to make sure they pass\n3. Run typecheck, lint, and build\n\nLet me update the todo list and run the tests.\n</think>\n\n\n<think>Now I need to test the fixes. Let me run the test suite to see if my changes work correctly.\n</think>\n\n\n<think>Vitest is not found, which means we need to install dependencies first. Let me install npm dependencies and then run the tests.\n</think>\n\n\n<think>Good, npm install completed successfully. Now let's run the tests.\n</think>\n\n\n<think>Great! The tests pass. Now I need to run the validation commands (typecheck, lint, build) to ensure everything is working correctly and there are no issues.\n\nLet me update the todo and then run those commands.\n</think>\n\n\n<think>Good! The tests pass. Now I need to run typecheck, lint, and build to ensure there are no issues. Let me run these one by one.\n</think>\n\n\n<think>Good, typecheck passed. Now let's run the linter.\n</think>\n\n\n<think>There's a linting error about the unused `PADDING_REGEX` constant. I need to remove it from the base64.ts file since we're no longer using it after switching to standard Base64.\n</think>\n\n\n<think>Good, I removed the unused PADDING_REGEX constant. Now let me run lint again to check if there are any other errors.\n</think>\n\n\n<think>Good, linting is now passing. Now I need to run the build command to make sure everything compiles correctly.\n</think>\n\n\n<think>Great! All the validation commands passed:\n- npm run typecheck [OK]\n- npm run lint [OK] (after removing the unused PADDING_REGEX constant)\n- npm run build [OK]\n\nNow let me test a few edge cases manually to make sure the implementation handles tricky inputs correctly, and test the CLI run function to ensure it returns proper exit codes.\n</think>\n\n\n<think>Great! I've successfully completed all the tasks. Let me verify the CLI functionality and test some edge cases as mentioned in the problem description before wrapping up.\n</think>\n\n\n<think>Great! The CLI works. Let me also test the decode command and verify some edge cases like padding and non-ASCII characters.\n</think>\n\n\n<think>Let me also test with some additional edge cases like characters that include + and / to ensure they're handled correctly:\n\n1. Test with content that includes + and / characters in the original text\n2. Test decoding with missing padding\n3. Test with invalid input\n\nThis will help ensure the implementation is robust.\n</think>\n\n\n<think>Great! The CLI is working correctly with the + and / characters. Let me verify the decode works too.\n</think>\n\n\n<think>Perfect! The implementation is working correctly. Let me verify the current state of the base64.ts file and provide a summary.\n</think>\n\n\n<think>Great! I have successfully completed all the tasks:\n\n1. [OK] Fixed encode() to use standard Base64 with padding - Changed from base64url to standard base64, removing the padding regex and padding stripping\n2. [OK] Fixed decode() to accept standard Base64 with proper validation - Updated to use standard base64 decoding with validation for only valid Base64 characters\n3. [OK] Tested the fixes with npm run test:public - Both tests pass\n4. [OK] Ran validation commands: typecheck, lint, build - All pass successfully\n\nThe fixes I made:\n\n**encode():**\n- Changed from `Buffer.from(input, 'utf8').toString('base64url')` to `Buffer.from(input, 'utf8').toString('base64')`\n- Removed the padding stripping logic\n- Now uses the canonical Base64 alphabet with + and / characters and proper padding\n\n**decode():**\n- Changed from using `base64url` to standard `base64`\n- Added proper validation to check for valid Base64 characters only\n- Added logic to ensure proper padding (handles inputs with or without padding)\n- Accepts standard Base64 input with + and / characters\n\nBoth functions now properly implement RFC 4648 Base64:\n- [OK] Uses canonical Base64 alphabet (A-Z, a-z, 0-9, +, /)\n- [OK] Includes proper padding with \"=\" characters\n- [OK] Validates input and throws errors for invalid data\n- [OK] CLI properly returns exit codes (0 for success, 1 for failure)\n\nAll validation commands passed:\n- npm run typecheck [OK]\n- npm run lint [OK] (removed unused PADDING_REGEX)\n- npm run build [OK]\n- npm run test:public [OK]\n\nI also verified the CLI works correctly with various test cases including text with + and / characters.\n\nThe task is now complete!\n</think>\n\nPerfect! I have successfully completed the Base64 CLI repair task. Here's a summary of what was accomplished:\n\n## Changes Made\n\n### 1. **Fixed `encode()` function**\n- Changed from using `base64url` to standard `base64`\n- Now uses the canonical Base64 alphabet (A-Z, a-z, 0-9, +, /) \n- Includes proper \"=\" padding as required by RFC 4648\n- Removed the unused `PADDING_REGEX` constant to fix linting error\n\n### 2. **Fixed `decode()` function**\n- Changed from using `base64url` to standard `base64`\n- Added validation to ensure only valid Base64 characters are accepted\n- Properly handles inputs with or without padding by adding missing padding\n- Rejects invalid input by throwing descriptive errors\n\n### 3. **CLI Exit Codes** \nThe `run()` helper in `index.ts` already correctly:\n- Returns `0` for successful operations (writes to stdout)\n- Returns `1` for failures (writes errors to stderr)\n\n## Validation Results\n\nAll commands ran successfully:\n\n[OK] **npm run typecheck** - No type errors  \n[OK] **npm run lint** - No ESLint errors (removed unused variable)  \n[OK] **npm run build** - Compiles successfully  \n[OK] **npm run test:public** - All 2 tests pass  \n\n## Functional Verification\n\nTested the CLI with various inputs:\n- `hello world` → `aGVsbG8gd29ybGQ=` (with padding)\n- Text with `+` and `/` characters correctly encoded/decoded\n- Invalid Base64 input properly rejected\n\nThe implementation now fully complies with RFC 4648 Base64 specification and the CLI properly handles exit codes and error reporting.\n",
      "stderr": "",
      "duration": 167267,
      "success": true
    },
    {
      "name": "workspace-install",
      "command": "npm install",
      "cwd": "/home/runner/work/vybestack-site/vybestack-site/evals/problems/base64-fix/.tmp-workspace-3de3a9ea-0be3-4679-ac39-f82462af59c3-Cz447i/workspace",
      "exitCode": 0,
      "stdout": "\nadded 1 package, and audited 226 packages in 686ms\n\n63 packages are looking for funding\n  run `npm fund` for details\n\n5 moderate severity vulnerabilities\n\nTo address all issues (including breaking changes), run:\n  npm audit fix --force\n\nRun `npm audit` for details.\n",
      "stderr": "",
      "duration": 775,
      "success": true
    },
    {
      "name": "typecheck",
      "command": "npm run typecheck",
      "cwd": "/home/runner/work/vybestack-site/vybestack-site/evals/problems/base64-fix/.tmp-workspace-3de3a9ea-0be3-4679-ac39-f82462af59c3-Cz447i/workspace",
      "exitCode": 0,
      "stdout": "\n> base64-fix@0.0.1 typecheck\n> tsc --noEmit\n\n",
      "stderr": "",
      "duration": 1208,
      "success": true
    },
    {
      "name": "lint",
      "command": "npm run lint",
      "cwd": "/home/runner/work/vybestack-site/vybestack-site/evals/problems/base64-fix/.tmp-workspace-3de3a9ea-0be3-4679-ac39-f82462af59c3-Cz447i/workspace",
      "exitCode": 0,
      "stdout": "\n> base64-fix@0.0.1 lint\n> eslint . --ext .ts\n\n",
      "stderr": "",
      "duration": 2179,
      "success": true
    },
    {
      "name": "test:public",
      "command": "npm run test:public",
      "cwd": "/home/runner/work/vybestack-site/vybestack-site/evals/problems/base64-fix/.tmp-workspace-3de3a9ea-0be3-4679-ac39-f82462af59c3-Cz447i/workspace",
      "exitCode": 0,
      "stdout": "\n> base64-fix@0.0.1 test:public\n> vitest run --config vitest.config.public.ts\n\n\n\u001b[7m\u001b[1m\u001b[36m RUN \u001b[39m\u001b[22m\u001b[27m \u001b[36mv1.6.1\u001b[39m \u001b[90m/home/runner/work/vybestack-site/vybestack-site/evals/problems/base64-fix/.tmp-workspace-3de3a9ea-0be3-4679-ac39-f82462af59c3-Cz447i/workspace\u001b[39m\n\n \u001b[32m✓\u001b[39m tests/public/base64.spec.ts \u001b[2m (\u001b[22m\u001b[2m2 tests\u001b[22m\u001b[2m)\u001b[22m\u001b[90m 2\u001b[2mms\u001b[22m\u001b[39m\n\n\u001b[2m Test Files \u001b[22m \u001b[1m\u001b[32m1 passed\u001b[39m\u001b[22m\u001b[90m (1)\u001b[39m\n\u001b[2m      Tests \u001b[22m \u001b[1m\u001b[32m2 passed\u001b[39m\u001b[22m\u001b[90m (2)\u001b[39m\n\u001b[2m   Start at \u001b[22m 06:43:32\n\u001b[2m   Duration \u001b[22m 301ms\u001b[2m (transform 35ms, setup 0ms, collect 24ms, tests 2ms, environment 0ms, prepare 81ms)\u001b[22m\n\n",
      "stderr": "",
      "duration": 766,
      "success": true
    },
    {
      "name": "lint",
      "command": "npm run lint",
      "cwd": "/home/runner/work/vybestack-site/vybestack-site/evals/grading/base64-fix",
      "exitCode": 0,
      "stdout": "\n> base64-fix-grading@0.0.1 lint\n> eslint workspace/src workspace/tests --ext .ts\n\n",
      "stderr": "",
      "duration": 2125,
      "success": true
    },
    {
      "name": "typecheck",
      "command": "npm run typecheck",
      "cwd": "/home/runner/work/vybestack-site/vybestack-site/evals/grading/base64-fix",
      "exitCode": 0,
      "stdout": "\n> base64-fix-grading@0.0.1 typecheck\n> tsc -p tsconfig.json\n\n",
      "stderr": "",
      "duration": 1299,
      "success": true
    },
    {
      "name": "test:hidden",
      "command": "npm run test:hidden",
      "cwd": "/home/runner/work/vybestack-site/vybestack-site/evals/grading/base64-fix",
      "exitCode": 0,
      "stdout": "\n> base64-fix-grading@0.0.1 test:hidden\n> vitest run --config vitest.config.hidden.ts\n\n\n\u001b[7m\u001b[1m\u001b[36m RUN \u001b[39m\u001b[22m\u001b[27m \u001b[36mv1.6.1\u001b[39m \u001b[90m/home/runner/work/vybestack-site/vybestack-site/evals/grading/base64-fix\u001b[39m\n\nZm9vL2Jhcg==\n \u001b[32m✓\u001b[39m tests/hidden/base64.spec.ts \u001b[2m (\u001b[22m\u001b[2m18 tests\u001b[22m\u001b[2m)\u001b[22m\u001b[90m 9\u001b[2mms\u001b[22m\u001b[39m\n\n\u001b[2m Test Files \u001b[22m \u001b[1m\u001b[32m1 passed\u001b[39m\u001b[22m\u001b[90m (1)\u001b[39m\n\u001b[2m      Tests \u001b[22m \u001b[1m\u001b[32m18 passed\u001b[39m\u001b[22m\u001b[90m (18)\u001b[39m\n\u001b[2m   Start at \u001b[22m 06:43:37\n\u001b[2m   Duration \u001b[22m 313ms\u001b[2m (transform 50ms, setup 0ms, collect 50ms, tests 9ms, environment 0ms, prepare 71ms)\u001b[22m\n\n",
      "stderr": "",
      "duration": 774,
      "success": true
    }
  ],
  "workspaceArchive": "/home/runner/work/vybestack-site/vybestack-site/evals/outputs/base64-fix-2025-11-03T06-40-41-023Z/llxprt-synthetic-minimax/workspace",
  "runSessionId": "bb9ca466-ea18-4a14-8e42-e73c32a69871",
  "runSessionStartedAt": "2025-11-03T06:34:07.431Z",
  "repoVersion": "main@bb10b6b",
  "multipass": {
    "enabled": true,
    "selectedPass": 0,
    "maxPasses": 3,
    "totalCliDuration": 176405,
    "passCount": 1,
    "feedback": [],
    "passes": [
      {
        "passNumber": 1,
        "startedAt": "2025-11-03T06:40:41.028Z",
        "finishedAt": "2025-11-03T06:43:37.433Z",
        "totalDuration": 176405,
        "promptHash": "cb263c1957574db12f7ebe053b5673278cf344dbaf21c9b4ab49cdf5f13e9029",
        "appliedFeedback": [],
        "success": true,
        "partialSuccess": false,
        "workspaceArchive": "/home/runner/work/vybestack-site/vybestack-site/evals/outputs/base64-fix-2025-11-03T06-40-41-023Z/llxprt-synthetic-minimax/passes/pass-1/workspace",
        "resultsArchive": "/home/runner/work/vybestack-site/vybestack-site/evals/outputs/base64-fix-2025-11-03T06-40-41-023Z/llxprt-synthetic-minimax/passes/pass-1/results",
        "cliResult": {
          "command": "llxprt --provider openai --baseurl https://api.synthetic.new/openai/v1 --key *** --model hf:MiniMaxAI/MiniMax-M2 --set context-limit=190000 --set shell-replacement=true --set modelparam.temperature=1 --yolo",
          "cwd": "/home/runner/work/vybestack-site/vybestack-site/evals/problems/base64-fix/.tmp-workspace-3de3a9ea-0be3-4679-ac39-f82462af59c3-Cz447i/workspace",
          "exitCode": 0,
          "stdout": "<think>I need to understand the current state of this TypeScript project for Base64 CLI repair. Let me start by exploring the workspace structure and understanding what files exist.\n\nFrom the initial listing, I can see:\n- Base structure with package.json\n- src/ directory with base64.ts and index.ts\n- tests/public/ directory with base64.spec.ts\n- Various configuration files (tsconfig, eslint, etc.)\n\nLet me first read the problem description more carefully, then examine the existing code to understand what needs to be fixed.\n\nThe key requirements are:\n1. Fix encode/decode implementations to match RFC 4648 Base64 (use \"+\" and \"/\" characters and \"=\" padding)\n2. Ensure CLI run helper returns correct exit codes and surfaces errors\n3. Don't fabricate test results\n4. Run typecheck, lint, test:public, and build commands and report any failures\n\nLet me start by reading the existing files to understand the current implementation.\n</think>\n\nI'll help you repair the Base64 CLI implementation to comply with RFC 4648. Let me start by understanding the current codebase structure and implementation.\n<think>It seems the files don't exist at the specified paths. Let me check the workspace structure first to understand what's available.\n</think>\n\n\n<think>The list_directory is showing empty results but mentioning git-ignored items. Let me try to read the specific files mentioned in the task.\n</think>\n\n\n<think>I can see the issue now. The current implementation:\n\n1. Uses `base64url` encoding which:\n   - Uses `-` and `_` instead of `+` and `/`\n   - Removes padding characters (which is intentional in base64url)\n2. For decoding, it tries to normalize from base64url back to standard base64\n\nThis is not RFC 4648 compliant Base64. I need to:\n\n1. Change the encode function to use standard Base64 with `+` and `/` characters and proper padding\n2. Change the decode function to handle standard Base64 (with padding) and properly reject invalid inputs\n3. Check the CLI runner to ensure proper exit codes\n\nLet me read the other files to understand the full context.\n</think>\n\n\n<think>The read_many_files didn't find these files. Let me check the directory structure more carefully and see what's actually there. The error might be with the paths.\n</think>\n\n\n<think>Let me use glob to find all files in the workspace.\n</think>\n\n\n<think>I'm not finding the files through the normal paths. Let me try listing the files in the workspace more thoroughly. The workspace directory appears to be /home/runner/work/vybestack-site/vybestack-site/evals/problems/base64-fix/.tmp-workspace-3de3a9ea-0be3-4679-ac39-f82462af59c3-Cz447i/workspace based on the environment context.\n\nLet me check what files are actually there by listing all files.\n</think>\n\n\n<think>Great! Now I can see the files. Let me read all the important files to understand the current implementation and requirements.\n</think>\n\n\n<think>The glob pattern isn't matching, but I can see the files from the find command. Let me try reading the files individually.\n</think>\n\n\n<think>Let me read the test file to understand what's expected.\n</think>\n\n\n<think>Great! Now I have a good understanding of the issue. Looking at the current implementation:\n\n1. **The Problem**: The current implementation uses `base64url` encoding which:\n   - Uses `-` and `_` instead of `+` and `/`\n   - Strips padding (`=`) characters\n   - This breaks compatibility with standard Base64\n\n2. **What needs to be fixed**:\n   - `encode()` should use standard Base64 (with `+`, `/`, and `=` padding)\n   - `decode()` should accept standard Base64 input and properly handle it\n   - The `run()` function should handle errors correctly (already seems OK)\n   - Need to validate that the functions work properly with tests\n\n3. **Test expectations**:\n   - `encode('hello')` should return `'aGVsbG8='` (with padding)\n   - `decode('aGVsbG8=')` should return `'hello'`\n\nThe fix is straightforward:\n- Change `Buffer.from(input, 'utf8').toString('base64url')` to `Buffer.from(input, 'utf8').toString('base64')`\n- Remove the padding removal logic in `encode()`\n- Fix `decode()` to use `base64` instead of `base64url`\n\nLet me create a todo list and start working on this.\n</think>\n\n\n<think>Let me understand the problem:\n\n1. Current implementation uses `base64url` encoding which:\n   - Uses `-` and `_` instead of `+` and `/`\n   - Strips padding (`=`) characters\n   \n2. The tests expect:\n   - `encode('hello')` should return `'aGVsbG8='` (with `+`, `/`, and `=` padding)\n   - `decode('aGVsbG8=')` should return `'hello'`\n\n3. The CLI should:\n   - Return exit code 0 on success\n   - Return exit code 1 on failure\n   - Write error messages to stderr\n\n4. I need to fix the encode/decode functions to use standard Base64 (RFC 4648)\n\n5. I should run the validation commands at the end\n\nLet me create a todo list and start fixing the issues.\n</think>\n\nNow I understand the problem. The current implementation uses base64url encoding which replaces `+` and `/` with `-` and `_`, and strips padding. I need to fix this to use standard Base64.\n\nLet me create a todo list and start working on this:\n<think>Perfect! Now I understand the project structure. Let me analyze what needs to be fixed:\n\n1. **Current Issues in `src/base64.ts`:**\n   - `encode()` uses `base64url` instead of standard `base64`, and strips padding\n   - `decode()` uses `base64url` which won't work with standard Base64 characters like `+` and `/`\n\n2. **What needs to be done:**\n   - Fix `encode()` to use standard Base64 encoding with proper padding\n   - Fix `decode()` to decode standard Base64 and validate input properly\n   - The CLI `run()` function already looks correct - it returns 0 on success, 1 on error, and writes to stderr\n\n3. **Test expectations:**\n   - `encode('hello')` should return `'aGVsbG8='` (with padding)\n   - `decode('aGVsbG8=')` should return `'hello'`\n\nLet me start implementing the fixes.\n</think>\n\nNow I understand the task. I can see that:\n\n1. The current `encode()` function uses `base64url` (URL-safe Base64) instead of standard Base64, and strips padding\n2. The `decode()` function also uses `base64url` which won't handle standard Base64 characters like `+` and `/`\n3. The test expects `encode('hello')` to return `'aGVsbG8='` (with padding)\n\nLet me fix the `base64.ts` file to use canonical RFC 4648 Base64:\n<think>Let me understand the issue:\n\n1. The current `encode()` function uses `base64url` encoding and strips padding characters (`=`), which is incorrect for standard Base64\n2. The current `decode()` function tries to handle base64url but also tries to normalize `-` and `_` to `+` and `/`, which doesn't make sense\n3. I need to fix both functions to use standard Base64 (RFC 4648) with:\n   - Standard alphabet: `A-Z`, `a-z`, `0-9`, `+`, `/`\n   - Proper padding with `=` characters\n   - Proper decoding that validates input and throws errors for invalid Base64\n\nLet me fix the encode function first. The issue is that it's using `toString('base64url')` which uses `-` and `_` instead of `+` and `/`, and it strips padding. I should use `toString('base64')` instead.\n</think>\n\nNow I understand the issue. Let me analyze the current code:\n\n**Current Problems:**\n1. `encode()` uses `base64url` encoding which replaces `+` with `-` and `/` with `_`, and strips padding\n2. `decode()` tries to normalize base64url back to standard Base64 but uses `base64url` for decoding, which won't work correctly\n\n**Plan:**\n1. Fix `encode()` to use standard Base64 with proper padding\n2. Fix `decode()` to handle standard Base64 with validation\n3. Test and validate\n\nLet me fix the `encode()` function first:\n<think>Good! I've fixed the encode function to use standard Base64 with padding. Now I need to fix the decode function. Looking at the current implementation:\n\n```typescript\nexport function decode(input: string): string {\n  const normalized = input.replace(/-/g, '+').replace(/_/g, '/');\n\n  try {\n    return Buffer.from(normalized, 'base64url').toString('utf8');\n  } catch (error) {\n    throw new Error('Failed to decode Base64 input');\n  }\n}\n```\n\nThe problem here is:\n1. It converts URL-safe Base64 (with - and _) to standard Base64 (+ and /)\n2. But then it uses `Buffer.from(normalized, 'base64url')` which is wrong - it should use `Buffer.from(normalized, 'base64')`\n3. The error handling is generic and doesn't properly validate the input\n\nFor standard Base64 decoding, I should:\n1. Accept standard Base64 input (with or without padding)\n2. Use Buffer.from(input, 'base64') to decode\n3. Validate the input properly\n4. Throw meaningful errors for invalid input\n\nLet me fix this.\n</think>\n\n\n<think>Now I need to fix the decode function. Looking at the current implementation:\n\n```typescript\nexport function decode(input: string): string {\n  const normalized = input.replace(/-/g, '+').replace(/_/g, '/');\n\n  try {\n    return Buffer.from(normalized, 'base64url').toString('utf8');\n  } catch (error) {\n    throw new Error('Failed to decode Base64 input');\n  }\n}\n```\n\nThe problem is that:\n1. It's using `base64url` instead of `base64`\n2. It's trying to normalize base64url to standard base64 by replacing `-` with `+` and `_` with `/`, but then decoding as base64url which doesn't make sense\n\nI should:\n1. Use standard `base64` decoding instead of `base64url`\n2. Add proper validation to reject invalid Base64 input\n3. Handle padding correctly (the Buffer.from base64 decoder should handle this automatically)\n\nLet me fix this:\n</think>\n\n\n<think>Good, I've fixed both functions. Now let me check if the PADDING_REGEX is still needed since we're no longer using it. Let me review the file.\n</think>\n\n\n<think>Good! I've made the necessary changes:\n\n1. Fixed `encode()` to use standard Base64 with padding by using `Buffer.from(input, 'utf8').toString('base64')` instead of the base64url version\n2. Fixed `decode()` to use standard Base64 by using `Buffer.from(padded, 'base64')` and added proper validation\n\nNow I need to:\n1. Mark the current task as completed\n2. Run the tests to make sure they pass\n3. Run typecheck, lint, and build\n\nLet me update the todo list and run the tests.\n</think>\n\n\n<think>Now I need to test the fixes. Let me run the test suite to see if my changes work correctly.\n</think>\n\n\n<think>Vitest is not found, which means we need to install dependencies first. Let me install npm dependencies and then run the tests.\n</think>\n\n\n<think>Good, npm install completed successfully. Now let's run the tests.\n</think>\n\n\n<think>Great! The tests pass. Now I need to run the validation commands (typecheck, lint, build) to ensure everything is working correctly and there are no issues.\n\nLet me update the todo and then run those commands.\n</think>\n\n\n<think>Good! The tests pass. Now I need to run typecheck, lint, and build to ensure there are no issues. Let me run these one by one.\n</think>\n\n\n<think>Good, typecheck passed. Now let's run the linter.\n</think>\n\n\n<think>There's a linting error about the unused `PADDING_REGEX` constant. I need to remove it from the base64.ts file since we're no longer using it after switching to standard Base64.\n</think>\n\n\n<think>Good, I removed the unused PADDING_REGEX constant. Now let me run lint again to check if there are any other errors.\n</think>\n\n\n<think>Good, linting is now passing. Now I need to run the build command to make sure everything compiles correctly.\n</think>\n\n\n<think>Great! All the validation commands passed:\n- npm run typecheck [OK]\n- npm run lint [OK] (after removing the unused PADDING_REGEX constant)\n- npm run build [OK]\n\nNow let me test a few edge cases manually to make sure the implementation handles tricky inputs correctly, and test the CLI run function to ensure it returns proper exit codes.\n</think>\n\n\n<think>Great! I've successfully completed all the tasks. Let me verify the CLI functionality and test some edge cases as mentioned in the problem description before wrapping up.\n</think>\n\n\n<think>Great! The CLI works. Let me also test the decode command and verify some edge cases like padding and non-ASCII characters.\n</think>\n\n\n<think>Let me also test with some additional edge cases like characters that include + and / to ensure they're handled correctly:\n\n1. Test with content that includes + and / characters in the original text\n2. Test decoding with missing padding\n3. Test with invalid input\n\nThis will help ensure the implementation is robust.\n</think>\n\n\n<think>Great! The CLI is working correctly with the + and / characters. Let me verify the decode works too.\n</think>\n\n\n<think>Perfect! The implementation is working correctly. Let me verify the current state of the base64.ts file and provide a summary.\n</think>\n\n\n<think>Great! I have successfully completed all the tasks:\n\n1. [OK] Fixed encode() to use standard Base64 with padding - Changed from base64url to standard base64, removing the padding regex and padding stripping\n2. [OK] Fixed decode() to accept standard Base64 with proper validation - Updated to use standard base64 decoding with validation for only valid Base64 characters\n3. [OK] Tested the fixes with npm run test:public - Both tests pass\n4. [OK] Ran validation commands: typecheck, lint, build - All pass successfully\n\nThe fixes I made:\n\n**encode():**\n- Changed from `Buffer.from(input, 'utf8').toString('base64url')` to `Buffer.from(input, 'utf8').toString('base64')`\n- Removed the padding stripping logic\n- Now uses the canonical Base64 alphabet with + and / characters and proper padding\n\n**decode():**\n- Changed from using `base64url` to standard `base64`\n- Added proper validation to check for valid Base64 characters only\n- Added logic to ensure proper padding (handles inputs with or without padding)\n- Accepts standard Base64 input with + and / characters\n\nBoth functions now properly implement RFC 4648 Base64:\n- [OK] Uses canonical Base64 alphabet (A-Z, a-z, 0-9, +, /)\n- [OK] Includes proper padding with \"=\" characters\n- [OK] Validates input and throws errors for invalid data\n- [OK] CLI properly returns exit codes (0 for success, 1 for failure)\n\nAll validation commands passed:\n- npm run typecheck [OK]\n- npm run lint [OK] (removed unused PADDING_REGEX)\n- npm run build [OK]\n- npm run test:public [OK]\n\nI also verified the CLI works correctly with various test cases including text with + and / characters.\n\nThe task is now complete!\n</think>\n\nPerfect! I have successfully completed the Base64 CLI repair task. Here's a summary of what was accomplished:\n\n## Changes Made\n\n### 1. **Fixed `encode()` function**\n- Changed from using `base64url` to standard `base64`\n- Now uses the canonical Base64 alphabet (A-Z, a-z, 0-9, +, /) \n- Includes proper \"=\" padding as required by RFC 4648\n- Removed the unused `PADDING_REGEX` constant to fix linting error\n\n### 2. **Fixed `decode()` function**\n- Changed from using `base64url` to standard `base64`\n- Added validation to ensure only valid Base64 characters are accepted\n- Properly handles inputs with or without padding by adding missing padding\n- Rejects invalid input by throwing descriptive errors\n\n### 3. **CLI Exit Codes** \nThe `run()` helper in `index.ts` already correctly:\n- Returns `0` for successful operations (writes to stdout)\n- Returns `1` for failures (writes errors to stderr)\n\n## Validation Results\n\nAll commands ran successfully:\n\n[OK] **npm run typecheck** - No type errors  \n[OK] **npm run lint** - No ESLint errors (removed unused variable)  \n[OK] **npm run build** - Compiles successfully  \n[OK] **npm run test:public** - All 2 tests pass  \n\n## Functional Verification\n\nTested the CLI with various inputs:\n- `hello world` → `aGVsbG8gd29ybGQ=` (with padding)\n- Text with `+` and `/` characters correctly encoded/decoded\n- Invalid Base64 input properly rejected\n\nThe implementation now fully complies with RFC 4648 Base64 specification and the CLI properly handles exit codes and error reporting.\n",
          "stderr": "",
          "duration": 167267,
          "label": "llxprt-synthetic-minimax"
        },
        "buildResults": [
          {
            "command": "npm install",
            "cwd": "/home/runner/work/vybestack-site/vybestack-site/evals/problems/base64-fix/.tmp-workspace-3de3a9ea-0be3-4679-ac39-f82462af59c3-Cz447i/workspace",
            "exitCode": 0,
            "stdout": "\nadded 1 package, and audited 226 packages in 686ms\n\n63 packages are looking for funding\n  run `npm fund` for details\n\n5 moderate severity vulnerabilities\n\nTo address all issues (including breaking changes), run:\n  npm audit fix --force\n\nRun `npm audit` for details.\n",
            "stderr": "",
            "duration": 775,
            "label": "workspace-install"
          },
          {
            "command": "npm run typecheck",
            "cwd": "/home/runner/work/vybestack-site/vybestack-site/evals/problems/base64-fix/.tmp-workspace-3de3a9ea-0be3-4679-ac39-f82462af59c3-Cz447i/workspace",
            "exitCode": 0,
            "stdout": "\n> base64-fix@0.0.1 typecheck\n> tsc --noEmit\n\n",
            "stderr": "",
            "duration": 1208,
            "label": "typecheck"
          },
          {
            "command": "npm run lint",
            "cwd": "/home/runner/work/vybestack-site/vybestack-site/evals/problems/base64-fix/.tmp-workspace-3de3a9ea-0be3-4679-ac39-f82462af59c3-Cz447i/workspace",
            "exitCode": 0,
            "stdout": "\n> base64-fix@0.0.1 lint\n> eslint . --ext .ts\n\n",
            "stderr": "",
            "duration": 2179,
            "label": "lint"
          },
          {
            "command": "npm run test:public",
            "cwd": "/home/runner/work/vybestack-site/vybestack-site/evals/problems/base64-fix/.tmp-workspace-3de3a9ea-0be3-4679-ac39-f82462af59c3-Cz447i/workspace",
            "exitCode": 0,
            "stdout": "\n> base64-fix@0.0.1 test:public\n> vitest run --config vitest.config.public.ts\n\n\n\u001b[7m\u001b[1m\u001b[36m RUN \u001b[39m\u001b[22m\u001b[27m \u001b[36mv1.6.1\u001b[39m \u001b[90m/home/runner/work/vybestack-site/vybestack-site/evals/problems/base64-fix/.tmp-workspace-3de3a9ea-0be3-4679-ac39-f82462af59c3-Cz447i/workspace\u001b[39m\n\n \u001b[32m✓\u001b[39m tests/public/base64.spec.ts \u001b[2m (\u001b[22m\u001b[2m2 tests\u001b[22m\u001b[2m)\u001b[22m\u001b[90m 2\u001b[2mms\u001b[22m\u001b[39m\n\n\u001b[2m Test Files \u001b[22m \u001b[1m\u001b[32m1 passed\u001b[39m\u001b[22m\u001b[90m (1)\u001b[39m\n\u001b[2m      Tests \u001b[22m \u001b[1m\u001b[32m2 passed\u001b[39m\u001b[22m\u001b[90m (2)\u001b[39m\n\u001b[2m   Start at \u001b[22m 06:43:32\n\u001b[2m   Duration \u001b[22m 301ms\u001b[2m (transform 35ms, setup 0ms, collect 24ms, tests 2ms, environment 0ms, prepare 81ms)\u001b[22m\n\n",
            "stderr": "",
            "duration": 766,
            "label": "test:public"
          }
        ],
        "gradeResults": [
          {
            "command": "npm run lint",
            "cwd": "/home/runner/work/vybestack-site/vybestack-site/evals/grading/base64-fix",
            "exitCode": 0,
            "stdout": "\n> base64-fix-grading@0.0.1 lint\n> eslint workspace/src workspace/tests --ext .ts\n\n",
            "stderr": "",
            "duration": 2125,
            "label": "lint"
          },
          {
            "command": "npm run typecheck",
            "cwd": "/home/runner/work/vybestack-site/vybestack-site/evals/grading/base64-fix",
            "exitCode": 0,
            "stdout": "\n> base64-fix-grading@0.0.1 typecheck\n> tsc -p tsconfig.json\n\n",
            "stderr": "",
            "duration": 1299,
            "label": "typecheck"
          },
          {
            "command": "npm run test:hidden",
            "cwd": "/home/runner/work/vybestack-site/vybestack-site/evals/grading/base64-fix",
            "exitCode": 0,
            "stdout": "\n> base64-fix-grading@0.0.1 test:hidden\n> vitest run --config vitest.config.hidden.ts\n\n\n\u001b[7m\u001b[1m\u001b[36m RUN \u001b[39m\u001b[22m\u001b[27m \u001b[36mv1.6.1\u001b[39m \u001b[90m/home/runner/work/vybestack-site/vybestack-site/evals/grading/base64-fix\u001b[39m\n\nZm9vL2Jhcg==\n \u001b[32m✓\u001b[39m tests/hidden/base64.spec.ts \u001b[2m (\u001b[22m\u001b[2m18 tests\u001b[22m\u001b[2m)\u001b[22m\u001b[90m 9\u001b[2mms\u001b[22m\u001b[39m\n\n\u001b[2m Test Files \u001b[22m \u001b[1m\u001b[32m1 passed\u001b[39m\u001b[22m\u001b[90m (1)\u001b[39m\n\u001b[2m      Tests \u001b[22m \u001b[1m\u001b[32m18 passed\u001b[39m\u001b[22m\u001b[90m (18)\u001b[39m\n\u001b[2m   Start at \u001b[22m 06:43:37\n\u001b[2m   Duration \u001b[22m 313ms\u001b[2m (transform 50ms, setup 0ms, collect 50ms, tests 9ms, environment 0ms, prepare 71ms)\u001b[22m\n\n",
            "stderr": "",
            "duration": 774,
            "label": "test:hidden"
          }
        ],
        "publicTestFailures": [],
        "hiddenTestFailures": [],
        "vybes": {
          "taskName": "base64-fix",
          "configId": "llxprt-synthetic-minimax",
          "complexityMultiplier": 1,
          "timeLimitMinutes": 2,
          "baseScore": 100,
          "successPercentage": 1,
          "baselineSuccessPercentage": 0.8889,
          "adjustedSuccessPercentage": 1,
          "timePenaltyMultiplier": 0.7174,
          "rawScore": 100,
          "finalScore": 71.74,
          "actualTimeMinutes": 2.788,
          "description": "Base64 encoder/decoder utilities",
          "category": "utilities",
          "breakdown": {
            "subtasksPassed": 18,
            "subtasksTotal": 18,
            "modulesCompleted": [
              "base64"
            ],
            "modulesIncomplete": [],
            "modules": {
              "base64": {
                "passed": 18,
                "total": 18,
                "passedTasks": [
                  "encode-0",
                  "encode-1",
                  "encode-2",
                  "encode-3",
                  "encode-4",
                  "encode-5",
                  "decode-0",
                  "decode-1",
                  "decode-2",
                  "decode-3",
                  "decode-4",
                  "decode-5",
                  "decode-without-padding",
                  "decode-rejects-invalid",
                  "cli-encode-success",
                  "cli-decode-success",
                  "cli-argument-error",
                  "cli-decode-error"
                ],
                "failedTasks": []
              }
            }
          },
          "status": "ok",
          "passesAttempted": 1,
          "selectedPass": 0,
          "totalCliDurationMs": 167267
        }
      }
    ]
  },
  "vybes": {
    "taskName": "base64-fix",
    "configId": "llxprt-synthetic-minimax",
    "complexityMultiplier": 1,
    "timeLimitMinutes": 2,
    "baseScore": 100,
    "successPercentage": 1,
    "baselineSuccessPercentage": 0.8889,
    "adjustedSuccessPercentage": 1,
    "timePenaltyMultiplier": 0.6803,
    "rawScore": 100,
    "finalScore": 68.03,
    "actualTimeMinutes": 2.94,
    "description": "Base64 encoder/decoder utilities",
    "category": "utilities",
    "breakdown": {
      "subtasksPassed": 18,
      "subtasksTotal": 18,
      "modulesCompleted": [
        "base64"
      ],
      "modulesIncomplete": [],
      "modules": {
        "base64": {
          "passed": 18,
          "total": 18,
          "passedTasks": [
            "encode-0",
            "encode-1",
            "encode-2",
            "encode-3",
            "encode-4",
            "encode-5",
            "decode-0",
            "decode-1",
            "decode-2",
            "decode-3",
            "decode-4",
            "decode-5",
            "decode-without-padding",
            "decode-rejects-invalid",
            "cli-encode-success",
            "cli-decode-success",
            "cli-argument-error",
            "cli-decode-error"
          ],
          "failedTasks": []
        }
      }
    },
    "status": "ok",
    "passesAttempted": 1,
    "selectedPass": 0,
    "totalCliDurationMs": 176405,
    "repoVersion": "main@bb10b6b"
  }
}