{
  "evalName": "pagination",
  "configId": "llxprt-synthetic-minimax",
  "startedAt": "2025-10-31T05:26:21.662Z",
  "finishedAt": "2025-10-31T05:26:21.662Z",
  "status": "fail",
  "totalDuration": 245319,
  "totalCliDuration": 245251,
  "commands": [
    {
      "name": "llxprt-synthetic-minimax",
      "command": "llxprt --provider openai --baseurl https://api.synthetic.new/openai/v1 --key *** --model hf:MiniMaxAI/MiniMax-M2 --set context-limit=190000 --set shell-replacement=true --set modelparam.temperature=1 --yolo",
      "cwd": "/home/runner/work/vybestack-site/vybestack-site/evals/problems/pagination/.tmp-workspace-f8bd8e2b-c14f-48e4-a15c-737c9dd3e4ee-3i80Ty/workspace",
      "exitCode": 0,
      "stdout": "<think>The user is asking me to fix a pagination service in a TypeScript project. I need to:\n\n1. Understand the current codebase structure\n2. Fix the Express API pagination behavior \n3. Fix the React client pagination behavior\n4. Run validation commands and report any failures\n\nLet me start by exploring the project structure to understand what we're working with.\n</think>\n\nI'll help you fix the pagination service in this TypeScript project. Let me start by exploring the current codebase structure to understand the implementation and identify what needs to be fixed.\n<think>The read_many_files didn't return anything, which is strange. Let me try listing the files in the workspace to see what's actually there.\n</think>\n\n\n<think>The directory listing shows the project structure. Let me explore the files to understand the current implementation.\n</think>\n\n\n<think>Let me check the absolute path properly. The workspace listing showed directories but it seems there might be an issue with reading the files. Let me try listing the directory again and then reading specific files with absolute paths.\n</think>\n\n\n<think>The directory listing shows 11 git-ignored files, which means they might be in the .gitignore. Let me check the ignore settings and try a different approach to read the files.\n\nLet me try using the exact paths from the directory structure that was mentioned in the initial context.\n</think>\n\n\n<think>Great! I can see the project structure now. Let me understand what I need to do:\n\n1. This is a pagination service repair task\n2. There's an Express API with SQLite backend\n3. A React client\n4. Need to implement proper pagination behavior with validation\n5. The files are there but not showing in the listing (probably due to git ignore or other issues)\n\nLet me try to access the files directly and read them to understand the current implementation.\n</think>\n\n\n<think>Good! Now I can see all the files in the project. Let me read all the relevant files to understand the current implementation and identify what needs to be fixed.\n\nLet me start by reading:\n1. problem.md to understand the full requirements\n2. The shared types\n3. Server files (app.ts, inventoryRepository.ts, server.ts, db.ts)\n4. Client files (InventoryView.tsx, useInventory.tsx)\n5. Test files (smoke.spec.ts)\n6. Seed SQL to understand the database structure\n</think>\n\nNow I can see the project structure. Let me read the key files to understand the current implementation and what needs to be fixed.\n<think>Now let me read all the important files to understand the current implementation.\n</think>\n\n\n<think>The read_many_files tool didn't find the files. Let me try reading them individually with read_file.\n</think>\n\n\n<think>Now let me read the client code and test files to understand the complete implementation.\n</think>\n\n\n<think>Now let me read the rest of the files to understand the full picture.\n</think>\n\n\n<think>Now I can see the issues! Let me read the rest of the files to understand the complete picture.\n\nThe bugs I've identified so far:\n\n1. **inventoryRepository.ts**:\n   - Line 31: `const offset = page * limit;` should be `const offset = (page - 1) * limit;`\n   - No validation for negative, zero, non-numeric, or excessive values\n   - The `hasNext` calculation also looks wrong: it should be `page * limit < total` not `(page + 1) * limit < total`\n\n2. **app.ts**:\n   - No validation of query parameters\n   - No HTTP 400 responses for invalid inputs\n\n3. **useInventory.tsx**:\n   - Line 44: The dependency array is missing `page` and `limit`, so changes to page/limit won't trigger reloads\n   - The fetch URL doesn't include query parameters\n\n4. **InventoryView.tsx**:\n   - No pagination controls (Previous/Next buttons)\n   - No state management for current page\n   - No error handling for invalid page navigation\n\nLet me read the remaining files.\n</think>\n\n\n<think>Good! Now I have a clear understanding of the codebase. Let me analyze the issues:\n\n**Server-side issues:**\n1. **inventoryRepository.ts**: The offset calculation is wrong: `offset = page * limit` should be `offset = (page - 1) * limit`. This causes the first page to skip items.\n2. **app.ts**: No validation for pagination parameters (page/limit). Needs to reject non-numeric, negative, zero, or excessive values with HTTP 400.\n\n**Client-side issues:**\n1. **useInventory.tsx**: The effect doesn't depend on `page` and `limit`, so it never reloads when these change. Also, the fetch doesn't include the query parameters.\n2. **InventoryView.tsx**: No pagination controls (Previous/Next buttons).\n\n**Test requirements:**\n- The app uses 15 items total\n- Default limit is 5, so there should be 3 pages\n- Need to validate inputs properly\n- Need to show pagination metadata correctly\n\nLet me update the todo list and start fixing these issues.\n</think>\n\n\n<think>Now I have a complete understanding of the project. Let me analyze the issues:\n\n1. **inventoryRepository.ts** - The offset calculation is wrong. It uses `page * limit` instead of `(page - 1) * limit`\n2. **app.ts** - No validation for page/limit parameters (should return 400 for invalid values)\n3. **useInventory.tsx** - Missing page and limit in dependencies, and doesn't pass them to the fetch request\n4. **InventoryView.tsx** - No pagination controls, always uses page 1\n\nThe database has 15 items, which should allow for 3 pages with the default limit of 5.\n\nLet me start by running the tests to see what's currently failing.\n</think>\n\n\n<think>The error is because I need to run `npm run test:public` not just `npm test:public`. Let me fix that.\n</think>\n\n\n<think>The vitest command is not found. I need to install the dependencies first. Let me do that.\n</think>\n\nThis task seems to involve multiple steps. A todo list might help track your progress.\n",
      "stderr": "",
      "duration": 48593,
      "success": true
    },
    {
      "name": "workspace-install",
      "command": "npm install",
      "cwd": "/home/runner/work/vybestack-site/vybestack-site/evals/problems/pagination/.tmp-workspace-f8bd8e2b-c14f-48e4-a15c-737c9dd3e4ee-3i80Ty/workspace",
      "exitCode": 0,
      "stdout": "\nadded 370 packages, and audited 371 packages in 2s\n\n79 packages are looking for funding\n  run `npm fund` for details\n\n2 moderate severity vulnerabilities\n\nTo address all issues, run:\n  npm audit fix\n\nRun `npm audit` for details.\n",
      "stderr": "npm warn deprecated inflight@1.0.6: This module is not supported, and leaks memory. Do not use it. Check out lru-cache if you want a good and tested way to coalesce async requests by a key value, which is much more comprehensive and powerful.\nnpm warn deprecated supertest@6.3.4: Please upgrade to supertest v7.1.3+, see release notes at https://github.com/forwardemail/supertest/releases/tag/v7.1.3 - maintenance is supported by Forward Email @ https://forwardemail.net\nnpm warn deprecated @humanwhocodes/config-array@0.13.0: Use @eslint/config-array instead\nnpm warn deprecated rimraf@3.0.2: Rimraf versions prior to v4 are no longer supported\nnpm warn deprecated glob@7.2.3: Glob versions prior to v9 are no longer supported\nnpm warn deprecated @humanwhocodes/object-schema@2.0.3: Use @eslint/object-schema instead\nnpm warn deprecated superagent@8.1.2: Please upgrade to superagent v10.2.2+, see release notes at https://github.com/forwardemail/superagent/releases/tag/v10.2.2 - maintenance is supported by Forward Email @ https://forwardemail.net\nnpm warn deprecated eslint@8.57.1: This version is no longer supported. Please see https://eslint.org/version-support for other options.\n",
      "duration": 2515,
      "success": true
    },
    {
      "name": "typecheck",
      "command": "npm run typecheck",
      "cwd": "/home/runner/work/vybestack-site/vybestack-site/evals/problems/pagination/.tmp-workspace-f8bd8e2b-c14f-48e4-a15c-737c9dd3e4ee-3i80Ty/workspace",
      "exitCode": 0,
      "stdout": "\n> pagination-eval@0.0.1 typecheck\n> tsc --noEmit\n\n",
      "stderr": "",
      "duration": 1692,
      "success": true
    },
    {
      "name": "lint",
      "command": "npm run lint",
      "cwd": "/home/runner/work/vybestack-site/vybestack-site/evals/problems/pagination/.tmp-workspace-f8bd8e2b-c14f-48e4-a15c-737c9dd3e4ee-3i80Ty/workspace",
      "exitCode": 1,
      "stdout": "\n> pagination-eval@0.0.1 lint\n> eslint . --ext .ts,.tsx\n\n\n/home/runner/work/vybestack-site/vybestack-site/evals/problems/pagination/.tmp-workspace-f8bd8e2b-c14f-48e4-a15c-737c9dd3e4ee-3i80Ty/workspace/src/client/useInventory.tsx\n  16:30  error  'page' is defined but never used   @typescript-eslint/no-unused-vars\n  16:44  error  'limit' is defined but never used  @typescript-eslint/no-unused-vars\n\n✖ 2 problems (2 errors, 0 warnings)\n\n",
      "stderr": "",
      "duration": 2657,
      "success": false
    },
    {
      "name": "test:public",
      "command": "npm run test:public",
      "cwd": "/home/runner/work/vybestack-site/vybestack-site/evals/problems/pagination/.tmp-workspace-f8bd8e2b-c14f-48e4-a15c-737c9dd3e4ee-3i80Ty/workspace",
      "exitCode": 0,
      "stdout": "\n> pagination-eval@0.0.1 test:public\n> vitest run --config vitest.config.public.ts\n\n\n\u001b[7m\u001b[1m\u001b[36m RUN \u001b[39m\u001b[22m\u001b[27m \u001b[36mv1.6.1\u001b[39m \u001b[90m/home/runner/work/vybestack-site/vybestack-site/evals/problems/pagination/.tmp-workspace-f8bd8e2b-c14f-48e4-a15c-737c9dd3e4ee-3i80Ty/workspace\u001b[39m\n\n \u001b[32m✓\u001b[39m tests/public/smoke.spec.ts \u001b[2m (\u001b[22m\u001b[2m1 test\u001b[22m\u001b[2m)\u001b[22m\u001b[90m 53\u001b[2mms\u001b[22m\u001b[39m\n\n\u001b[2m Test Files \u001b[22m \u001b[1m\u001b[32m1 passed\u001b[39m\u001b[22m\u001b[90m (1)\u001b[39m\n\u001b[2m      Tests \u001b[22m \u001b[1m\u001b[32m1 passed\u001b[39m\u001b[22m\u001b[90m (1)\u001b[39m\n\u001b[2m   Start at \u001b[22m 05:23:12\n\u001b[2m   Duration \u001b[22m 470ms\u001b[2m (transform 47ms, setup 0ms, collect 157ms, tests 53ms, environment 0ms, prepare 82ms)\u001b[22m\n\n",
      "stderr": "",
      "duration": 979,
      "success": true
    },
    {
      "name": "lint",
      "command": "npm run lint",
      "cwd": "/home/runner/work/vybestack-site/vybestack-site/evals/grading/pagination",
      "exitCode": 1,
      "stdout": "\n> pagination-grading@0.0.1 lint\n> eslint workspace/src workspace/tests --ext .ts,.tsx\n\n\n/home/runner/work/vybestack-site/vybestack-site/evals/grading/pagination/workspace/src/client/useInventory.tsx\n  16:30  error  'page' is defined but never used   @typescript-eslint/no-unused-vars\n  16:44  error  'limit' is defined but never used  @typescript-eslint/no-unused-vars\n\n✖ 2 problems (2 errors, 0 warnings)\n\n",
      "stderr": "",
      "duration": 2534,
      "success": false
    },
    {
      "name": "typecheck",
      "command": "npm run typecheck",
      "cwd": "/home/runner/work/vybestack-site/vybestack-site/evals/grading/pagination",
      "exitCode": 0,
      "stdout": "\n> pagination-grading@0.0.1 typecheck\n> tsc -p tsconfig.json\n\n",
      "stderr": "",
      "duration": 1661,
      "success": true
    },
    {
      "name": "test:hidden",
      "command": "npm run test:hidden",
      "cwd": "/home/runner/work/vybestack-site/vybestack-site/evals/grading/pagination",
      "exitCode": 1,
      "stdout": "\n> pagination-grading@0.0.1 test:hidden\n> vitest run --config vitest.config.hidden.ts\n\n\n\u001b[7m\u001b[1m\u001b[36m RUN \u001b[39m\u001b[22m\u001b[27m \u001b[36mv1.6.1\u001b[39m \u001b[90m/home/runner/work/vybestack-site/vybestack-site/evals/grading/pagination\u001b[39m\n\n \u001b[33m❯\u001b[39m tests/hidden/api.spec.ts \u001b[2m (\u001b[22m\u001b[2m3 tests\u001b[22m \u001b[2m|\u001b[22m \u001b[31m3 failed\u001b[39m\u001b[2m)\u001b[22m\u001b[90m 101\u001b[2mms\u001b[22m\u001b[39m\n\u001b[31m   \u001b[33m❯\u001b[31m tests/hidden/api.spec.ts\u001b[2m > \u001b[22mGET /inventory pagination\u001b[2m > \u001b[22mreturns the correct slice of data for a mid-page request\u001b[39m\n\u001b[31m     → expected [ 9, 10, 11, 12 ] to deeply equal [ 5, 6, 7, 8 ]\u001b[39m\n\u001b[31m   \u001b[33m❯\u001b[31m tests/hidden/api.spec.ts\u001b[2m > \u001b[22mGET /inventory pagination\u001b[2m > \u001b[22mindicates when the final page has been reached\u001b[39m\n\u001b[31m     → expected [] to have a length of 3 but got +0\u001b[39m\n\u001b[31m   \u001b[33m❯\u001b[31m tests/hidden/api.spec.ts\u001b[2m > \u001b[22mGET /inventory pagination\u001b[2m > \u001b[22mrejects invalid pagination parameters\u001b[39m\n\u001b[31m     → expected 200 to be 400 // Object.is equality\u001b[39m\n\n\n::error file=/home/runner/work/vybestack-site/vybestack-site/evals/grading/pagination/tests/hidden/api.spec.ts,title=tests/hidden/api.spec.ts > GET /inventory pagination > returns the correct slice of data for a mid-page request,line=43,column=17::AssertionError: expected [ 9, 10, 11, 12 ] to deeply equal [ 5, 6, 7, 8 ]%0A%0A- Expected%0A+ Received%0A%0A  Array [%0A-   5,%0A-   6,%0A-   7,%0A-   8,%0A+   9,%0A+   10,%0A+   11,%0A+   12,%0A  ]%0A%0A ❯ tests/hidden/api.spec.ts:43:17%0A%0A\n\n::error file=/home/runner/work/vybestack-site/vybestack-site/evals/grading/pagination/tests/hidden/api.spec.ts,title=tests/hidden/api.spec.ts > GET /inventory pagination > indicates when the final page has been reached,line=51,column=33::AssertionError: expected [] to have a length of 3 but got +0%0A%0A- Expected%0A+ Received%0A%0A- 3%0A+ 0%0A%0A ❯ tests/hidden/api.spec.ts:51:33%0A%0A\n\n::error file=/home/runner/work/vybestack-site/vybestack-site/evals/grading/pagination/tests/hidden/api.spec.ts,title=tests/hidden/api.spec.ts > GET /inventory pagination > rejects invalid pagination parameters,line=59,column=29::AssertionError: expected 200 to be 400 // Object.is equality%0A%0A- Expected%0A+ Received%0A%0A- 400%0A+ 200%0A%0A ❯ tests/hidden/api.spec.ts:59:29%0A%0A\n\u001b[2m Test Files \u001b[22m \u001b[1m\u001b[31m1 failed\u001b[39m\u001b[22m\u001b[90m (1)\u001b[39m\n\u001b[2m      Tests \u001b[22m \u001b[1m\u001b[31m3 failed\u001b[39m\u001b[22m\u001b[90m (3)\u001b[39m\n\u001b[2m   Start at \u001b[22m 05:23:17\n\u001b[2m   Duration \u001b[22m 990ms\u001b[2m (transform 59ms, setup 74ms, collect 130ms, tests 101ms, environment 389ms, prepare 90ms)\u001b[22m\n\n",
      "stderr": "\u001b[31m⎯⎯⎯⎯⎯⎯⎯\u001b[1m\u001b[7m Failed Tests 3 \u001b[27m\u001b[22m⎯⎯⎯⎯⎯⎯⎯\u001b[39m\n\n\u001b[31m\u001b[1m\u001b[7m FAIL \u001b[27m\u001b[22m\u001b[39m tests/hidden/api.spec.ts\u001b[2m > \u001b[22mGET /inventory pagination\u001b[2m > \u001b[22mreturns the correct slice of data for a mid-page request\n\u001b[31m\u001b[1mAssertionError\u001b[22m: expected [ 9, 10, 11, 12 ] to deeply equal [ 5, 6, 7, 8 ]\u001b[39m\n\n- Expected\n+ Received\n\n  Array [\n-   5,\n-   6,\n-   7,\n-   8,\n+   9,\n+   10,\n+   11,\n+   12,\n  ]\n\n\u001b[36m \u001b[2m❯\u001b[22m tests/hidden/api.spec.ts:\u001b[2m43:17\u001b[22m\u001b[39m\n    \u001b[90m 41| \u001b[39m\n    \u001b[90m 42| \u001b[39m    \u001b[35mconst\u001b[39m ids \u001b[33m=\u001b[39m response\u001b[33m.\u001b[39mbody\u001b[33m.\u001b[39mitems\u001b[33m.\u001b[39m\u001b[34mmap\u001b[39m((item\u001b[33m:\u001b[39m { id\u001b[33m:\u001b[39m number }) \u001b[33m=>\u001b[39m item…\n    \u001b[90m 43| \u001b[39m    \u001b[34mexpect\u001b[39m(ids)\u001b[33m.\u001b[39m\u001b[34mtoEqual\u001b[39m([\u001b[34m5\u001b[39m\u001b[33m,\u001b[39m \u001b[34m6\u001b[39m\u001b[33m,\u001b[39m \u001b[34m7\u001b[39m\u001b[33m,\u001b[39m \u001b[34m8\u001b[39m])\u001b[33m;\u001b[39m\n    \u001b[90m   | \u001b[39m                \u001b[31m^\u001b[39m\n    \u001b[90m 44| \u001b[39m    taskStatus\u001b[33m.\u001b[39m\u001b[35mset\u001b[39m(\u001b[32m'api-mid-page-request'\u001b[39m\u001b[33m,\u001b[39m \u001b[35mtrue\u001b[39m)\u001b[33m;\u001b[39m\n    \u001b[90m 45| \u001b[39m  })\u001b[33m;\u001b[39m\n\n\u001b[31m\u001b[2m⎯⎯⎯⎯⎯⎯⎯⎯⎯⎯⎯⎯⎯⎯⎯⎯⎯⎯⎯⎯⎯⎯⎯⎯[1/3]⎯\u001b[22m\u001b[39m\n\n\u001b[31m\u001b[1m\u001b[7m FAIL \u001b[27m\u001b[22m\u001b[39m tests/hidden/api.spec.ts\u001b[2m > \u001b[22mGET /inventory pagination\u001b[2m > \u001b[22mindicates when the final page has been reached\n\u001b[31m\u001b[1mAssertionError\u001b[22m: expected [] to have a length of 3 but got +0\u001b[39m\n\n- Expected\n+ Received\n\n- 3\n+ 0\n\n\u001b[36m \u001b[2m❯\u001b[22m tests/hidden/api.spec.ts:\u001b[2m51:33\u001b[22m\u001b[39m\n    \u001b[90m 49| \u001b[39m\n    \u001b[90m 50| \u001b[39m    \u001b[34mexpect\u001b[39m(response\u001b[33m.\u001b[39mstatus)\u001b[33m.\u001b[39m\u001b[34mtoBe\u001b[39m(\u001b[34m200\u001b[39m)\u001b[33m;\u001b[39m\n    \u001b[90m 51| \u001b[39m    \u001b[34mexpect\u001b[39m(response\u001b[33m.\u001b[39mbody\u001b[33m.\u001b[39mitems)\u001b[33m.\u001b[39m\u001b[34mtoHaveLength\u001b[39m(\u001b[34m3\u001b[39m)\u001b[33m;\u001b[39m\n    \u001b[90m   | \u001b[39m                                \u001b[31m^\u001b[39m\n    \u001b[90m 52| \u001b[39m    \u001b[34mexpect\u001b[39m(response\u001b[33m.\u001b[39mbody\u001b[33m.\u001b[39mhasNext)\u001b[33m.\u001b[39m\u001b[34mtoBe\u001b[39m(\u001b[35mfalse\u001b[39m)\u001b[33m;\u001b[39m\n    \u001b[90m 53| \u001b[39m    taskStatus\u001b[33m.\u001b[39m\u001b[35mset\u001b[39m(\u001b[32m'api-final-page-handling'\u001b[39m\u001b[33m,\u001b[39m \u001b[35mtrue\u001b[39m)\u001b[33m;\u001b[39m\n\n\u001b[31m\u001b[2m⎯⎯⎯⎯⎯⎯⎯⎯⎯⎯⎯⎯⎯⎯⎯⎯⎯⎯⎯⎯⎯⎯⎯⎯[2/3]⎯\u001b[22m\u001b[39m\n\n\u001b[31m\u001b[1m\u001b[7m FAIL \u001b[27m\u001b[22m\u001b[39m tests/hidden/api.spec.ts\u001b[2m > \u001b[22mGET /inventory pagination\u001b[2m > \u001b[22mrejects invalid pagination parameters\n\u001b[31m\u001b[1mAssertionError\u001b[22m: expected 200 to be 400 // Object.is equality\u001b[39m\n\n- Expected\n+ Received\n\n- 400\n+ 200\n\n\u001b[36m \u001b[2m❯\u001b[22m tests/hidden/api.spec.ts:\u001b[2m59:29\u001b[22m\u001b[39m\n    \u001b[90m 57| \u001b[39m    \u001b[35mconst\u001b[39m response \u001b[33m=\u001b[39m \u001b[35mawait\u001b[39m \u001b[34mrequest\u001b[39m(app)\u001b[33m.\u001b[39m\u001b[35mget\u001b[39m(\u001b[32m'/inventory'\u001b[39m)\u001b[33m.\u001b[39m\u001b[34mquery\u001b[39m({ page…\n    \u001b[90m 58| \u001b[39m\n    \u001b[90m 59| \u001b[39m    \u001b[34mexpect\u001b[39m(response\u001b[33m.\u001b[39mstatus)\u001b[33m.\u001b[39m\u001b[34mtoBe\u001b[39m(\u001b[34m400\u001b[39m)\u001b[33m;\u001b[39m\n    \u001b[90m   | \u001b[39m                            \u001b[31m^\u001b[39m\n    \u001b[90m 60| \u001b[39m    \u001b[34mexpect\u001b[39m((response\u001b[33m.\u001b[39mbody\u001b[33m.\u001b[39merror \u001b[33m??\u001b[39m \u001b[32m''\u001b[39m)\u001b[33m.\u001b[39m\u001b[34mtoLowerCase\u001b[39m())\u001b[33m.\u001b[39m\u001b[34mtoContain\u001b[39m(\u001b[32m'page'\u001b[39m…\n    \u001b[90m 61| \u001b[39m    taskStatus\u001b[33m.\u001b[39m\u001b[35mset\u001b[39m(\u001b[32m'api-invalid-parameter-handling'\u001b[39m\u001b[33m,\u001b[39m \u001b[35mtrue\u001b[39m)\u001b[33m;\u001b[39m\n\n\u001b[31m\u001b[2m⎯⎯⎯⎯⎯⎯⎯⎯⎯⎯⎯⎯⎯⎯⎯⎯⎯⎯⎯⎯⎯⎯⎯⎯[3/3]⎯\u001b[22m\u001b[39m\n\n",
      "duration": 1494,
      "success": false
    }
  ],
  "workspaceArchive": "/home/runner/work/vybestack-site/vybestack-site/evals/outputs/pagination-2025-10-31T05-22-16-340Z/llxprt-synthetic-minimax/workspace",
  "runSessionId": "f108b593-fd6d-4d0b-b641-60cb6b400e43",
  "runSessionStartedAt": "2025-10-31T04:28:28.817Z",
  "repoVersion": "main@3bcb8f6",
  "multipass": {
    "enabled": true,
    "selectedPass": 0,
    "maxPasses": 3,
    "totalCliDuration": 245251,
    "passCount": 3,
    "feedback": [],
    "passes": [
      {
        "passNumber": 1,
        "startedAt": "2025-10-31T05:22:16.351Z",
        "finishedAt": "2025-10-31T05:23:18.492Z",
        "totalDuration": 62141,
        "promptHash": "776b272b2eb46e0d6c42504640a82d553bbcb0c4ec1161aa157cfc4dc69c0a24",
        "appliedFeedback": [],
        "success": false,
        "partialSuccess": false,
        "workspaceArchive": "/home/runner/work/vybestack-site/vybestack-site/evals/outputs/pagination-2025-10-31T05-22-16-340Z/llxprt-synthetic-minimax/passes/pass-1/workspace",
        "resultsArchive": "/home/runner/work/vybestack-site/vybestack-site/evals/outputs/pagination-2025-10-31T05-22-16-340Z/llxprt-synthetic-minimax/passes/pass-1/results",
        "cliResult": {
          "command": "llxprt --provider openai --baseurl https://api.synthetic.new/openai/v1 --key *** --model hf:MiniMaxAI/MiniMax-M2 --set context-limit=190000 --set shell-replacement=true --set modelparam.temperature=1 --yolo",
          "cwd": "/home/runner/work/vybestack-site/vybestack-site/evals/problems/pagination/.tmp-workspace-f8bd8e2b-c14f-48e4-a15c-737c9dd3e4ee-3i80Ty/workspace",
          "exitCode": 0,
          "stdout": "<think>The user is asking me to fix a pagination service in a TypeScript project. I need to:\n\n1. Understand the current codebase structure\n2. Fix the Express API pagination behavior \n3. Fix the React client pagination behavior\n4. Run validation commands and report any failures\n\nLet me start by exploring the project structure to understand what we're working with.\n</think>\n\nI'll help you fix the pagination service in this TypeScript project. Let me start by exploring the current codebase structure to understand the implementation and identify what needs to be fixed.\n<think>The read_many_files didn't return anything, which is strange. Let me try listing the files in the workspace to see what's actually there.\n</think>\n\n\n<think>The directory listing shows the project structure. Let me explore the files to understand the current implementation.\n</think>\n\n\n<think>Let me check the absolute path properly. The workspace listing showed directories but it seems there might be an issue with reading the files. Let me try listing the directory again and then reading specific files with absolute paths.\n</think>\n\n\n<think>The directory listing shows 11 git-ignored files, which means they might be in the .gitignore. Let me check the ignore settings and try a different approach to read the files.\n\nLet me try using the exact paths from the directory structure that was mentioned in the initial context.\n</think>\n\n\n<think>Great! I can see the project structure now. Let me understand what I need to do:\n\n1. This is a pagination service repair task\n2. There's an Express API with SQLite backend\n3. A React client\n4. Need to implement proper pagination behavior with validation\n5. The files are there but not showing in the listing (probably due to git ignore or other issues)\n\nLet me try to access the files directly and read them to understand the current implementation.\n</think>\n\n\n<think>Good! Now I can see all the files in the project. Let me read all the relevant files to understand the current implementation and identify what needs to be fixed.\n\nLet me start by reading:\n1. problem.md to understand the full requirements\n2. The shared types\n3. Server files (app.ts, inventoryRepository.ts, server.ts, db.ts)\n4. Client files (InventoryView.tsx, useInventory.tsx)\n5. Test files (smoke.spec.ts)\n6. Seed SQL to understand the database structure\n</think>\n\nNow I can see the project structure. Let me read the key files to understand the current implementation and what needs to be fixed.\n<think>Now let me read all the important files to understand the current implementation.\n</think>\n\n\n<think>The read_many_files tool didn't find the files. Let me try reading them individually with read_file.\n</think>\n\n\n<think>Now let me read the client code and test files to understand the complete implementation.\n</think>\n\n\n<think>Now let me read the rest of the files to understand the full picture.\n</think>\n\n\n<think>Now I can see the issues! Let me read the rest of the files to understand the complete picture.\n\nThe bugs I've identified so far:\n\n1. **inventoryRepository.ts**:\n   - Line 31: `const offset = page * limit;` should be `const offset = (page - 1) * limit;`\n   - No validation for negative, zero, non-numeric, or excessive values\n   - The `hasNext` calculation also looks wrong: it should be `page * limit < total` not `(page + 1) * limit < total`\n\n2. **app.ts**:\n   - No validation of query parameters\n   - No HTTP 400 responses for invalid inputs\n\n3. **useInventory.tsx**:\n   - Line 44: The dependency array is missing `page` and `limit`, so changes to page/limit won't trigger reloads\n   - The fetch URL doesn't include query parameters\n\n4. **InventoryView.tsx**:\n   - No pagination controls (Previous/Next buttons)\n   - No state management for current page\n   - No error handling for invalid page navigation\n\nLet me read the remaining files.\n</think>\n\n\n<think>Good! Now I have a clear understanding of the codebase. Let me analyze the issues:\n\n**Server-side issues:**\n1. **inventoryRepository.ts**: The offset calculation is wrong: `offset = page * limit` should be `offset = (page - 1) * limit`. This causes the first page to skip items.\n2. **app.ts**: No validation for pagination parameters (page/limit). Needs to reject non-numeric, negative, zero, or excessive values with HTTP 400.\n\n**Client-side issues:**\n1. **useInventory.tsx**: The effect doesn't depend on `page` and `limit`, so it never reloads when these change. Also, the fetch doesn't include the query parameters.\n2. **InventoryView.tsx**: No pagination controls (Previous/Next buttons).\n\n**Test requirements:**\n- The app uses 15 items total\n- Default limit is 5, so there should be 3 pages\n- Need to validate inputs properly\n- Need to show pagination metadata correctly\n\nLet me update the todo list and start fixing these issues.\n</think>\n\n\n<think>Now I have a complete understanding of the project. Let me analyze the issues:\n\n1. **inventoryRepository.ts** - The offset calculation is wrong. It uses `page * limit` instead of `(page - 1) * limit`\n2. **app.ts** - No validation for page/limit parameters (should return 400 for invalid values)\n3. **useInventory.tsx** - Missing page and limit in dependencies, and doesn't pass them to the fetch request\n4. **InventoryView.tsx** - No pagination controls, always uses page 1\n\nThe database has 15 items, which should allow for 3 pages with the default limit of 5.\n\nLet me start by running the tests to see what's currently failing.\n</think>\n\n\n<think>The error is because I need to run `npm run test:public` not just `npm test:public`. Let me fix that.\n</think>\n\n\n<think>The vitest command is not found. I need to install the dependencies first. Let me do that.\n</think>\n\nThis task seems to involve multiple steps. A todo list might help track your progress.\n",
          "stderr": "",
          "duration": 48593,
          "label": "llxprt-synthetic-minimax"
        },
        "buildResults": [
          {
            "command": "npm install",
            "cwd": "/home/runner/work/vybestack-site/vybestack-site/evals/problems/pagination/.tmp-workspace-f8bd8e2b-c14f-48e4-a15c-737c9dd3e4ee-3i80Ty/workspace",
            "exitCode": 0,
            "stdout": "\nadded 370 packages, and audited 371 packages in 2s\n\n79 packages are looking for funding\n  run `npm fund` for details\n\n2 moderate severity vulnerabilities\n\nTo address all issues, run:\n  npm audit fix\n\nRun `npm audit` for details.\n",
            "stderr": "npm warn deprecated inflight@1.0.6: This module is not supported, and leaks memory. Do not use it. Check out lru-cache if you want a good and tested way to coalesce async requests by a key value, which is much more comprehensive and powerful.\nnpm warn deprecated supertest@6.3.4: Please upgrade to supertest v7.1.3+, see release notes at https://github.com/forwardemail/supertest/releases/tag/v7.1.3 - maintenance is supported by Forward Email @ https://forwardemail.net\nnpm warn deprecated @humanwhocodes/config-array@0.13.0: Use @eslint/config-array instead\nnpm warn deprecated rimraf@3.0.2: Rimraf versions prior to v4 are no longer supported\nnpm warn deprecated glob@7.2.3: Glob versions prior to v9 are no longer supported\nnpm warn deprecated @humanwhocodes/object-schema@2.0.3: Use @eslint/object-schema instead\nnpm warn deprecated superagent@8.1.2: Please upgrade to superagent v10.2.2+, see release notes at https://github.com/forwardemail/superagent/releases/tag/v10.2.2 - maintenance is supported by Forward Email @ https://forwardemail.net\nnpm warn deprecated eslint@8.57.1: This version is no longer supported. Please see https://eslint.org/version-support for other options.\n",
            "duration": 2515,
            "label": "workspace-install"
          },
          {
            "command": "npm run typecheck",
            "cwd": "/home/runner/work/vybestack-site/vybestack-site/evals/problems/pagination/.tmp-workspace-f8bd8e2b-c14f-48e4-a15c-737c9dd3e4ee-3i80Ty/workspace",
            "exitCode": 0,
            "stdout": "\n> pagination-eval@0.0.1 typecheck\n> tsc --noEmit\n\n",
            "stderr": "",
            "duration": 1692,
            "label": "typecheck"
          },
          {
            "command": "npm run lint",
            "cwd": "/home/runner/work/vybestack-site/vybestack-site/evals/problems/pagination/.tmp-workspace-f8bd8e2b-c14f-48e4-a15c-737c9dd3e4ee-3i80Ty/workspace",
            "exitCode": 1,
            "stdout": "\n> pagination-eval@0.0.1 lint\n> eslint . --ext .ts,.tsx\n\n\n/home/runner/work/vybestack-site/vybestack-site/evals/problems/pagination/.tmp-workspace-f8bd8e2b-c14f-48e4-a15c-737c9dd3e4ee-3i80Ty/workspace/src/client/useInventory.tsx\n  16:30  error  'page' is defined but never used   @typescript-eslint/no-unused-vars\n  16:44  error  'limit' is defined but never used  @typescript-eslint/no-unused-vars\n\n✖ 2 problems (2 errors, 0 warnings)\n\n",
            "stderr": "",
            "duration": 2657,
            "label": "lint"
          },
          {
            "command": "npm run test:public",
            "cwd": "/home/runner/work/vybestack-site/vybestack-site/evals/problems/pagination/.tmp-workspace-f8bd8e2b-c14f-48e4-a15c-737c9dd3e4ee-3i80Ty/workspace",
            "exitCode": 0,
            "stdout": "\n> pagination-eval@0.0.1 test:public\n> vitest run --config vitest.config.public.ts\n\n\n\u001b[7m\u001b[1m\u001b[36m RUN \u001b[39m\u001b[22m\u001b[27m \u001b[36mv1.6.1\u001b[39m \u001b[90m/home/runner/work/vybestack-site/vybestack-site/evals/problems/pagination/.tmp-workspace-f8bd8e2b-c14f-48e4-a15c-737c9dd3e4ee-3i80Ty/workspace\u001b[39m\n\n \u001b[32m✓\u001b[39m tests/public/smoke.spec.ts \u001b[2m (\u001b[22m\u001b[2m1 test\u001b[22m\u001b[2m)\u001b[22m\u001b[90m 53\u001b[2mms\u001b[22m\u001b[39m\n\n\u001b[2m Test Files \u001b[22m \u001b[1m\u001b[32m1 passed\u001b[39m\u001b[22m\u001b[90m (1)\u001b[39m\n\u001b[2m      Tests \u001b[22m \u001b[1m\u001b[32m1 passed\u001b[39m\u001b[22m\u001b[90m (1)\u001b[39m\n\u001b[2m   Start at \u001b[22m 05:23:12\n\u001b[2m   Duration \u001b[22m 470ms\u001b[2m (transform 47ms, setup 0ms, collect 157ms, tests 53ms, environment 0ms, prepare 82ms)\u001b[22m\n\n",
            "stderr": "",
            "duration": 979,
            "label": "test:public"
          }
        ],
        "gradeResults": [
          {
            "command": "npm run lint",
            "cwd": "/home/runner/work/vybestack-site/vybestack-site/evals/grading/pagination",
            "exitCode": 1,
            "stdout": "\n> pagination-grading@0.0.1 lint\n> eslint workspace/src workspace/tests --ext .ts,.tsx\n\n\n/home/runner/work/vybestack-site/vybestack-site/evals/grading/pagination/workspace/src/client/useInventory.tsx\n  16:30  error  'page' is defined but never used   @typescript-eslint/no-unused-vars\n  16:44  error  'limit' is defined but never used  @typescript-eslint/no-unused-vars\n\n✖ 2 problems (2 errors, 0 warnings)\n\n",
            "stderr": "",
            "duration": 2534,
            "label": "lint"
          },
          {
            "command": "npm run typecheck",
            "cwd": "/home/runner/work/vybestack-site/vybestack-site/evals/grading/pagination",
            "exitCode": 0,
            "stdout": "\n> pagination-grading@0.0.1 typecheck\n> tsc -p tsconfig.json\n\n",
            "stderr": "",
            "duration": 1661,
            "label": "typecheck"
          },
          {
            "command": "npm run test:hidden",
            "cwd": "/home/runner/work/vybestack-site/vybestack-site/evals/grading/pagination",
            "exitCode": 1,
            "stdout": "\n> pagination-grading@0.0.1 test:hidden\n> vitest run --config vitest.config.hidden.ts\n\n\n\u001b[7m\u001b[1m\u001b[36m RUN \u001b[39m\u001b[22m\u001b[27m \u001b[36mv1.6.1\u001b[39m \u001b[90m/home/runner/work/vybestack-site/vybestack-site/evals/grading/pagination\u001b[39m\n\n \u001b[33m❯\u001b[39m tests/hidden/api.spec.ts \u001b[2m (\u001b[22m\u001b[2m3 tests\u001b[22m \u001b[2m|\u001b[22m \u001b[31m3 failed\u001b[39m\u001b[2m)\u001b[22m\u001b[90m 101\u001b[2mms\u001b[22m\u001b[39m\n\u001b[31m   \u001b[33m❯\u001b[31m tests/hidden/api.spec.ts\u001b[2m > \u001b[22mGET /inventory pagination\u001b[2m > \u001b[22mreturns the correct slice of data for a mid-page request\u001b[39m\n\u001b[31m     → expected [ 9, 10, 11, 12 ] to deeply equal [ 5, 6, 7, 8 ]\u001b[39m\n\u001b[31m   \u001b[33m❯\u001b[31m tests/hidden/api.spec.ts\u001b[2m > \u001b[22mGET /inventory pagination\u001b[2m > \u001b[22mindicates when the final page has been reached\u001b[39m\n\u001b[31m     → expected [] to have a length of 3 but got +0\u001b[39m\n\u001b[31m   \u001b[33m❯\u001b[31m tests/hidden/api.spec.ts\u001b[2m > \u001b[22mGET /inventory pagination\u001b[2m > \u001b[22mrejects invalid pagination parameters\u001b[39m\n\u001b[31m     → expected 200 to be 400 // Object.is equality\u001b[39m\n\n\n::error file=/home/runner/work/vybestack-site/vybestack-site/evals/grading/pagination/tests/hidden/api.spec.ts,title=tests/hidden/api.spec.ts > GET /inventory pagination > returns the correct slice of data for a mid-page request,line=43,column=17::AssertionError: expected [ 9, 10, 11, 12 ] to deeply equal [ 5, 6, 7, 8 ]%0A%0A- Expected%0A+ Received%0A%0A  Array [%0A-   5,%0A-   6,%0A-   7,%0A-   8,%0A+   9,%0A+   10,%0A+   11,%0A+   12,%0A  ]%0A%0A ❯ tests/hidden/api.spec.ts:43:17%0A%0A\n\n::error file=/home/runner/work/vybestack-site/vybestack-site/evals/grading/pagination/tests/hidden/api.spec.ts,title=tests/hidden/api.spec.ts > GET /inventory pagination > indicates when the final page has been reached,line=51,column=33::AssertionError: expected [] to have a length of 3 but got +0%0A%0A- Expected%0A+ Received%0A%0A- 3%0A+ 0%0A%0A ❯ tests/hidden/api.spec.ts:51:33%0A%0A\n\n::error file=/home/runner/work/vybestack-site/vybestack-site/evals/grading/pagination/tests/hidden/api.spec.ts,title=tests/hidden/api.spec.ts > GET /inventory pagination > rejects invalid pagination parameters,line=59,column=29::AssertionError: expected 200 to be 400 // Object.is equality%0A%0A- Expected%0A+ Received%0A%0A- 400%0A+ 200%0A%0A ❯ tests/hidden/api.spec.ts:59:29%0A%0A\n\u001b[2m Test Files \u001b[22m \u001b[1m\u001b[31m1 failed\u001b[39m\u001b[22m\u001b[90m (1)\u001b[39m\n\u001b[2m      Tests \u001b[22m \u001b[1m\u001b[31m3 failed\u001b[39m\u001b[22m\u001b[90m (3)\u001b[39m\n\u001b[2m   Start at \u001b[22m 05:23:17\n\u001b[2m   Duration \u001b[22m 990ms\u001b[2m (transform 59ms, setup 74ms, collect 130ms, tests 101ms, environment 389ms, prepare 90ms)\u001b[22m\n\n",
            "stderr": "\u001b[31m⎯⎯⎯⎯⎯⎯⎯\u001b[1m\u001b[7m Failed Tests 3 \u001b[27m\u001b[22m⎯⎯⎯⎯⎯⎯⎯\u001b[39m\n\n\u001b[31m\u001b[1m\u001b[7m FAIL \u001b[27m\u001b[22m\u001b[39m tests/hidden/api.spec.ts\u001b[2m > \u001b[22mGET /inventory pagination\u001b[2m > \u001b[22mreturns the correct slice of data for a mid-page request\n\u001b[31m\u001b[1mAssertionError\u001b[22m: expected [ 9, 10, 11, 12 ] to deeply equal [ 5, 6, 7, 8 ]\u001b[39m\n\n- Expected\n+ Received\n\n  Array [\n-   5,\n-   6,\n-   7,\n-   8,\n+   9,\n+   10,\n+   11,\n+   12,\n  ]\n\n\u001b[36m \u001b[2m❯\u001b[22m tests/hidden/api.spec.ts:\u001b[2m43:17\u001b[22m\u001b[39m\n    \u001b[90m 41| \u001b[39m\n    \u001b[90m 42| \u001b[39m    \u001b[35mconst\u001b[39m ids \u001b[33m=\u001b[39m response\u001b[33m.\u001b[39mbody\u001b[33m.\u001b[39mitems\u001b[33m.\u001b[39m\u001b[34mmap\u001b[39m((item\u001b[33m:\u001b[39m { id\u001b[33m:\u001b[39m number }) \u001b[33m=>\u001b[39m item…\n    \u001b[90m 43| \u001b[39m    \u001b[34mexpect\u001b[39m(ids)\u001b[33m.\u001b[39m\u001b[34mtoEqual\u001b[39m([\u001b[34m5\u001b[39m\u001b[33m,\u001b[39m \u001b[34m6\u001b[39m\u001b[33m,\u001b[39m \u001b[34m7\u001b[39m\u001b[33m,\u001b[39m \u001b[34m8\u001b[39m])\u001b[33m;\u001b[39m\n    \u001b[90m   | \u001b[39m                \u001b[31m^\u001b[39m\n    \u001b[90m 44| \u001b[39m    taskStatus\u001b[33m.\u001b[39m\u001b[35mset\u001b[39m(\u001b[32m'api-mid-page-request'\u001b[39m\u001b[33m,\u001b[39m \u001b[35mtrue\u001b[39m)\u001b[33m;\u001b[39m\n    \u001b[90m 45| \u001b[39m  })\u001b[33m;\u001b[39m\n\n\u001b[31m\u001b[2m⎯⎯⎯⎯⎯⎯⎯⎯⎯⎯⎯⎯⎯⎯⎯⎯⎯⎯⎯⎯⎯⎯⎯⎯[1/3]⎯\u001b[22m\u001b[39m\n\n\u001b[31m\u001b[1m\u001b[7m FAIL \u001b[27m\u001b[22m\u001b[39m tests/hidden/api.spec.ts\u001b[2m > \u001b[22mGET /inventory pagination\u001b[2m > \u001b[22mindicates when the final page has been reached\n\u001b[31m\u001b[1mAssertionError\u001b[22m: expected [] to have a length of 3 but got +0\u001b[39m\n\n- Expected\n+ Received\n\n- 3\n+ 0\n\n\u001b[36m \u001b[2m❯\u001b[22m tests/hidden/api.spec.ts:\u001b[2m51:33\u001b[22m\u001b[39m\n    \u001b[90m 49| \u001b[39m\n    \u001b[90m 50| \u001b[39m    \u001b[34mexpect\u001b[39m(response\u001b[33m.\u001b[39mstatus)\u001b[33m.\u001b[39m\u001b[34mtoBe\u001b[39m(\u001b[34m200\u001b[39m)\u001b[33m;\u001b[39m\n    \u001b[90m 51| \u001b[39m    \u001b[34mexpect\u001b[39m(response\u001b[33m.\u001b[39mbody\u001b[33m.\u001b[39mitems)\u001b[33m.\u001b[39m\u001b[34mtoHaveLength\u001b[39m(\u001b[34m3\u001b[39m)\u001b[33m;\u001b[39m\n    \u001b[90m   | \u001b[39m                                \u001b[31m^\u001b[39m\n    \u001b[90m 52| \u001b[39m    \u001b[34mexpect\u001b[39m(response\u001b[33m.\u001b[39mbody\u001b[33m.\u001b[39mhasNext)\u001b[33m.\u001b[39m\u001b[34mtoBe\u001b[39m(\u001b[35mfalse\u001b[39m)\u001b[33m;\u001b[39m\n    \u001b[90m 53| \u001b[39m    taskStatus\u001b[33m.\u001b[39m\u001b[35mset\u001b[39m(\u001b[32m'api-final-page-handling'\u001b[39m\u001b[33m,\u001b[39m \u001b[35mtrue\u001b[39m)\u001b[33m;\u001b[39m\n\n\u001b[31m\u001b[2m⎯⎯⎯⎯⎯⎯⎯⎯⎯⎯⎯⎯⎯⎯⎯⎯⎯⎯⎯⎯⎯⎯⎯⎯[2/3]⎯\u001b[22m\u001b[39m\n\n\u001b[31m\u001b[1m\u001b[7m FAIL \u001b[27m\u001b[22m\u001b[39m tests/hidden/api.spec.ts\u001b[2m > \u001b[22mGET /inventory pagination\u001b[2m > \u001b[22mrejects invalid pagination parameters\n\u001b[31m\u001b[1mAssertionError\u001b[22m: expected 200 to be 400 // Object.is equality\u001b[39m\n\n- Expected\n+ Received\n\n- 400\n+ 200\n\n\u001b[36m \u001b[2m❯\u001b[22m tests/hidden/api.spec.ts:\u001b[2m59:29\u001b[22m\u001b[39m\n    \u001b[90m 57| \u001b[39m    \u001b[35mconst\u001b[39m response \u001b[33m=\u001b[39m \u001b[35mawait\u001b[39m \u001b[34mrequest\u001b[39m(app)\u001b[33m.\u001b[39m\u001b[35mget\u001b[39m(\u001b[32m'/inventory'\u001b[39m)\u001b[33m.\u001b[39m\u001b[34mquery\u001b[39m({ page…\n    \u001b[90m 58| \u001b[39m\n    \u001b[90m 59| \u001b[39m    \u001b[34mexpect\u001b[39m(response\u001b[33m.\u001b[39mstatus)\u001b[33m.\u001b[39m\u001b[34mtoBe\u001b[39m(\u001b[34m400\u001b[39m)\u001b[33m;\u001b[39m\n    \u001b[90m   | \u001b[39m                            \u001b[31m^\u001b[39m\n    \u001b[90m 60| \u001b[39m    \u001b[34mexpect\u001b[39m((response\u001b[33m.\u001b[39mbody\u001b[33m.\u001b[39merror \u001b[33m??\u001b[39m \u001b[32m''\u001b[39m)\u001b[33m.\u001b[39m\u001b[34mtoLowerCase\u001b[39m())\u001b[33m.\u001b[39m\u001b[34mtoContain\u001b[39m(\u001b[32m'page'\u001b[39m…\n    \u001b[90m 61| \u001b[39m    taskStatus\u001b[33m.\u001b[39m\u001b[35mset\u001b[39m(\u001b[32m'api-invalid-parameter-handling'\u001b[39m\u001b[33m,\u001b[39m \u001b[35mtrue\u001b[39m)\u001b[33m;\u001b[39m\n\n\u001b[31m\u001b[2m⎯⎯⎯⎯⎯⎯⎯⎯⎯⎯⎯⎯⎯⎯⎯⎯⎯⎯⎯⎯⎯⎯⎯⎯[3/3]⎯\u001b[22m\u001b[39m\n\n",
            "duration": 1494,
            "label": "test:hidden"
          }
        ],
        "feedbackForNextPass": {
          "bullets": [
            "It isn't working correctly.",
            "Lint failed. Fix the reported lint errors.",
            "::error file=/home/runner/work/vybestack-site/vybestack-site/evals/grading/pagination/tests/hidden/api.spec.ts,title=tests/hidden/api.spec.ts > GET /inventory p…",
            "Please resolve the issues and re-run lint, tests, and build before finishing."
          ],
          "failingSteps": [
            {
              "step": "lint",
              "exitCode": 1,
              "message": "Lint failed. Fix the reported lint errors."
            },
            {
              "step": "lint",
              "exitCode": 1,
              "message": "Lint failed. Fix the reported lint errors."
            },
            {
              "step": "test:hidden",
              "exitCode": 1,
              "message": "::error file=/home/runner/work/vybestack-site/vybestack-site/evals/grading/pagination/tests/hidden/api.spec.ts,title=tests/hidden/api.spec.ts > GET /inventory p…",
              "snippet": "::error file=/home/runner/work/vybestack-site/vybestack-site/evals/grading/pagination/tests/hidden/api.spec.ts,title=tests/hidden/api.spec.ts > GET /inventory p…"
            }
          ],
          "hiddenAssertions": [
            "::error file=/home/runner/work/vybestack-site/vybestack-site/evals/grading/pagination/tests/hidden/api.spec.ts,title=tests/hidden/api.spec.ts > GET /inventory p…"
          ],
          "publicTestFailures": [],
          "hiddenTestFailures": []
        },
        "publicTestFailures": [],
        "hiddenTestFailures": [],
        "vybes": {
          "taskName": "pagination",
          "configId": "llxprt-synthetic-minimax",
          "complexityMultiplier": 5,
          "timeLimitMinutes": 10,
          "baseScore": 500,
          "successPercentage": 0,
          "baselineSuccessPercentage": 0,
          "adjustedSuccessPercentage": 0,
          "timePenaltyMultiplier": 1,
          "rawScore": 0,
          "finalScore": 0,
          "actualTimeMinutes": 0.81,
          "description": "Server and client pagination repair",
          "category": "full-stack",
          "breakdown": {
            "subtasksPassed": 0,
            "subtasksTotal": 5,
            "modulesCompleted": [],
            "modulesIncomplete": [
              "pagination"
            ],
            "modules": {
              "pagination": {
                "passed": 0,
                "total": 5,
                "passedTasks": [],
                "failedTasks": [
                  "api-mid-page-request",
                  "api-final-page-handling",
                  "api-invalid-parameter-handling",
                  "client-navigation",
                  "client-alert"
                ]
              }
            }
          },
          "error": "lint/typecheck failed",
          "status": "error",
          "passesAttempted": 1,
          "selectedPass": 0,
          "totalCliDurationMs": 48593
        }
      },
      {
        "passNumber": 2,
        "startedAt": "2025-10-31T05:23:18.507Z",
        "finishedAt": "2025-10-31T05:24:08.253Z",
        "totalDuration": 49746,
        "promptHash": "f4003871fadfbc84b3f7bb03687567c5bfbb0bb6040f2fe0d56ea2683fbbec7f",
        "appliedFeedback": [
          "It isn't working correctly.",
          "Lint failed. Fix the reported lint errors.",
          "::error file=/home/runner/work/vybestack-site/vybestack-site/evals/grading/pagination/tests/hidden/api.spec.ts,title=tests/hidden/api.spec.ts > GET /inventory p…",
          "Please resolve the issues and re-run lint, tests, and build before finishing."
        ],
        "success": false,
        "partialSuccess": false,
        "workspaceArchive": "/home/runner/work/vybestack-site/vybestack-site/evals/outputs/pagination-2025-10-31T05-22-16-340Z/llxprt-synthetic-minimax/passes/pass-2/workspace",
        "resultsArchive": "/home/runner/work/vybestack-site/vybestack-site/evals/outputs/pagination-2025-10-31T05-22-16-340Z/llxprt-synthetic-minimax/passes/pass-2/results",
        "cliResult": {
          "command": "llxprt --provider openai --baseurl https://api.synthetic.new/openai/v1 --key *** --model hf:MiniMaxAI/MiniMax-M2 --set context-limit=190000 --set shell-replacement=true --set modelparam.temperature=1 --yolo",
          "cwd": "/home/runner/work/vybestack-site/vybestack-site/evals/problems/pagination/.tmp-workspace-f8bd8e2b-c14f-48e4-a15c-737c9dd3e4ee-3i80Ty/workspace",
          "exitCode": 0,
          "stdout": "<think>I need to help with a \"Pagination Service Repair\" TypeScript project. Let me break down what I need to do:\n\n1. Understand the current project structure and what exists\n2. Fix pagination behavior in the Express API (SQLite-backed)\n3. Fix pagination behavior in the React client\n4. Validate page/limit parameters\n5. Return accurate metadata\n6. Ensure UI navigation works\n7. Show errors for invalid input\n\nThe user mentioned commands to run:\n- npm install\n- npm run typecheck  \n- npm run lint\n- npm run test:public\n\nAnd at the end I need to run:\n- npm run typecheck\n- npm run lint\n- npm run test:public\n- npm run build\n\nAnd fix any issues.\n\nLet me start by understanding the project structure and what's currently implemented.\n\nFirst, let me read the problem description and understand the current state of the project.\n</think>\n\nI'll help you restore correct pagination behavior in this TypeScript project. Let me start by understanding the current implementation and then systematically fix the pagination issues.\n<think>Good, I've created a todo list to track my progress. Now I need to start by analyzing the current project structure and implementation. Let me first examine the project files to understand what's already there.\n\nLet me start by reading the key files:\n1. problem.md - to understand the exact requirements\n2. The shared types\n3. The server-side implementation\n4. The client-side implementation\n5. Any existing tests\n\nLet me start with the problem.md file to understand the requirements better, then examine the code structure.\n</think>\n\nI'll analyze the current project structure and implementation to understand what needs to be fixed. Let me start by examining the key files.\n<think>Now let me read the key files to understand the current implementation. I'll start with the server-side files, then the client files, and the types.\n</think>\n\n\n<think>The read_many_files didn't work. Let me try reading each file individually to understand the current implementation.\n</think>\n\n\n<think>Now I can see the current implementation. Let me read the inventoryRepository to see how the listInventory function is implemented, and then look at the types and client-side code.\n</think>\n\n\n<think>Now I can see the issues! Looking at the repository file:\n\n1. There's a bug in the offset calculation: `const offset = page * limit;` - this should be `const offset = (page - 1) * limit;`\n2. The API doesn't validate input parameters - it doesn't check for non-numeric, negative, zero, or excessive values\n3. The app.ts doesn't handle validation errors\n\nLet me continue reading to understand the full picture.\n</think>\n\n\n<think>Great, now let me read the React client files to understand the current implementation.\n</think>\n\n\n<think>Let me check the structure again and read the correct files:\n\n1. `/home/runner/work/vybestack-site/vybestack-site/evals/problems/pagination/.tmp-workspace-f8bd8e2b-c14f-48e4-a15c-737c9dd3e4ee-3i80Ty/workspace/src/client/InventoryView.tsx` - I need to read this\n2. `/home/runner/work/vybestack-site/vybestack-site/evals/problems/pagination/.tmp-workspace-f8bd8e2b-c14f-48e4-a15c-737c9dd3e4ee-3i80Ty/workspace/src/client/useInventory.tsx` - I need to read this\n\nLet me try to read them one by one using read_file.\n</think>\n\n\n<think>Now let me check the useInventory hook:\n</think>\n\n\n<think>Let me analyze the current state:\n\n1. **Server-side issues** (inventoryRepository.ts):\n   - The offset calculation is wrong: `offset = page * limit` should be `offset = (page - 1) * limit`\n   - No validation of page/limit parameters (missing validation for non-numeric, negative, zero, or excessive values)\n   - No error handling for invalid inputs\n\n2. **Client-side issues**:\n   - The useInventory hook is missing page and limit in the dependency array, so it never reloads when these change\n   - The fetch call doesn't include query parameters for page and limit\n   - No pagination controls in the InventoryView component\n   - No Previous/Next navigation\n\nLet me continue reading other files to understand the full picture.\n</think>\n\n\n<think>Let me try to read package.json and the test file individually.\n</think>\n\nThis task seems to involve multiple steps. A todo list might help track your progress.\n",
          "stderr": "",
          "duration": 37629,
          "label": "llxprt-synthetic-minimax"
        },
        "buildResults": [
          {
            "command": "npm install",
            "cwd": "/home/runner/work/vybestack-site/vybestack-site/evals/problems/pagination/.tmp-workspace-f8bd8e2b-c14f-48e4-a15c-737c9dd3e4ee-3i80Ty/workspace",
            "exitCode": 0,
            "stdout": "\nup to date, audited 371 packages in 931ms\n\n79 packages are looking for funding\n  run `npm fund` for details\n\n2 moderate severity vulnerabilities\n\nTo address all issues, run:\n  npm audit fix\n\nRun `npm audit` for details.\n",
            "stderr": "",
            "duration": 1019,
            "label": "workspace-install"
          },
          {
            "command": "npm run typecheck",
            "cwd": "/home/runner/work/vybestack-site/vybestack-site/evals/problems/pagination/.tmp-workspace-f8bd8e2b-c14f-48e4-a15c-737c9dd3e4ee-3i80Ty/workspace",
            "exitCode": 0,
            "stdout": "\n> pagination-eval@0.0.1 typecheck\n> tsc --noEmit\n\n",
            "stderr": "",
            "duration": 1688,
            "label": "typecheck"
          },
          {
            "command": "npm run lint",
            "cwd": "/home/runner/work/vybestack-site/vybestack-site/evals/problems/pagination/.tmp-workspace-f8bd8e2b-c14f-48e4-a15c-737c9dd3e4ee-3i80Ty/workspace",
            "exitCode": 1,
            "stdout": "\n> pagination-eval@0.0.1 lint\n> eslint . --ext .ts,.tsx\n\n\n/home/runner/work/vybestack-site/vybestack-site/evals/problems/pagination/.tmp-workspace-f8bd8e2b-c14f-48e4-a15c-737c9dd3e4ee-3i80Ty/workspace/src/client/useInventory.tsx\n  16:30  error  'page' is defined but never used   @typescript-eslint/no-unused-vars\n  16:44  error  'limit' is defined but never used  @typescript-eslint/no-unused-vars\n\n✖ 2 problems (2 errors, 0 warnings)\n\n",
            "stderr": "",
            "duration": 2661,
            "label": "lint"
          },
          {
            "command": "npm run test:public",
            "cwd": "/home/runner/work/vybestack-site/vybestack-site/evals/problems/pagination/.tmp-workspace-f8bd8e2b-c14f-48e4-a15c-737c9dd3e4ee-3i80Ty/workspace",
            "exitCode": 0,
            "stdout": "\n> pagination-eval@0.0.1 test:public\n> vitest run --config vitest.config.public.ts\n\n\n\u001b[7m\u001b[1m\u001b[36m RUN \u001b[39m\u001b[22m\u001b[27m \u001b[36mv1.6.1\u001b[39m \u001b[90m/home/runner/work/vybestack-site/vybestack-site/evals/problems/pagination/.tmp-workspace-f8bd8e2b-c14f-48e4-a15c-737c9dd3e4ee-3i80Ty/workspace\u001b[39m\n\n \u001b[32m✓\u001b[39m tests/public/smoke.spec.ts \u001b[2m (\u001b[22m\u001b[2m1 test\u001b[22m\u001b[2m)\u001b[22m\u001b[90m 59\u001b[2mms\u001b[22m\u001b[39m\n\n\u001b[2m Test Files \u001b[22m \u001b[1m\u001b[32m1 passed\u001b[39m\u001b[22m\u001b[90m (1)\u001b[39m\n\u001b[2m      Tests \u001b[22m \u001b[1m\u001b[32m1 passed\u001b[39m\u001b[22m\u001b[90m (1)\u001b[39m\n\u001b[2m   Start at \u001b[22m 05:24:01\n\u001b[2m   Duration \u001b[22m 483ms\u001b[2m (transform 53ms, setup 0ms, collect 155ms, tests 59ms, environment 0ms, prepare 99ms)\u001b[22m\n\n",
            "stderr": "",
            "duration": 1022,
            "label": "test:public"
          }
        ],
        "gradeResults": [
          {
            "command": "npm run lint",
            "cwd": "/home/runner/work/vybestack-site/vybestack-site/evals/grading/pagination",
            "exitCode": 1,
            "stdout": "\n> pagination-grading@0.0.1 lint\n> eslint workspace/src workspace/tests --ext .ts,.tsx\n\n\n/home/runner/work/vybestack-site/vybestack-site/evals/grading/pagination/workspace/src/client/useInventory.tsx\n  16:30  error  'page' is defined but never used   @typescript-eslint/no-unused-vars\n  16:44  error  'limit' is defined but never used  @typescript-eslint/no-unused-vars\n\n✖ 2 problems (2 errors, 0 warnings)\n\n",
            "stderr": "",
            "duration": 2578,
            "label": "lint"
          },
          {
            "command": "npm run typecheck",
            "cwd": "/home/runner/work/vybestack-site/vybestack-site/evals/grading/pagination",
            "exitCode": 0,
            "stdout": "\n> pagination-grading@0.0.1 typecheck\n> tsc -p tsconfig.json\n\n",
            "stderr": "",
            "duration": 1651,
            "label": "typecheck"
          },
          {
            "command": "npm run test:hidden",
            "cwd": "/home/runner/work/vybestack-site/vybestack-site/evals/grading/pagination",
            "exitCode": 1,
            "stdout": "\n> pagination-grading@0.0.1 test:hidden\n> vitest run --config vitest.config.hidden.ts\n\n\n\u001b[7m\u001b[1m\u001b[36m RUN \u001b[39m\u001b[22m\u001b[27m \u001b[36mv1.6.1\u001b[39m \u001b[90m/home/runner/work/vybestack-site/vybestack-site/evals/grading/pagination\u001b[39m\n\n \u001b[33m❯\u001b[39m tests/hidden/api.spec.ts \u001b[2m (\u001b[22m\u001b[2m3 tests\u001b[22m \u001b[2m|\u001b[22m \u001b[31m3 failed\u001b[39m\u001b[2m)\u001b[22m\u001b[90m 99\u001b[2mms\u001b[22m\u001b[39m\n\u001b[31m   \u001b[33m❯\u001b[31m tests/hidden/api.spec.ts\u001b[2m > \u001b[22mGET /inventory pagination\u001b[2m > \u001b[22mreturns the correct slice of data for a mid-page request\u001b[39m\n\u001b[31m     → expected [ 9, 10, 11, 12 ] to deeply equal [ 5, 6, 7, 8 ]\u001b[39m\n\u001b[31m   \u001b[33m❯\u001b[31m tests/hidden/api.spec.ts\u001b[2m > \u001b[22mGET /inventory pagination\u001b[2m > \u001b[22mindicates when the final page has been reached\u001b[39m\n\u001b[31m     → expected [] to have a length of 3 but got +0\u001b[39m\n\u001b[31m   \u001b[33m❯\u001b[31m tests/hidden/api.spec.ts\u001b[2m > \u001b[22mGET /inventory pagination\u001b[2m > \u001b[22mrejects invalid pagination parameters\u001b[39m\n\u001b[31m     → expected 200 to be 400 // Object.is equality\u001b[39m\n\n\n::error file=/home/runner/work/vybestack-site/vybestack-site/evals/grading/pagination/tests/hidden/api.spec.ts,title=tests/hidden/api.spec.ts > GET /inventory pagination > returns the correct slice of data for a mid-page request,line=43,column=17::AssertionError: expected [ 9, 10, 11, 12 ] to deeply equal [ 5, 6, 7, 8 ]%0A%0A- Expected%0A+ Received%0A%0A  Array [%0A-   5,%0A-   6,%0A-   7,%0A-   8,%0A+   9,%0A+   10,%0A+   11,%0A+   12,%0A  ]%0A%0A ❯ tests/hidden/api.spec.ts:43:17%0A%0A\n\n::error file=/home/runner/work/vybestack-site/vybestack-site/evals/grading/pagination/tests/hidden/api.spec.ts,title=tests/hidden/api.spec.ts > GET /inventory pagination > indicates when the final page has been reached,line=51,column=33::AssertionError: expected [] to have a length of 3 but got +0%0A%0A- Expected%0A+ Received%0A%0A- 3%0A+ 0%0A%0A ❯ tests/hidden/api.spec.ts:51:33%0A%0A\n\n::error file=/home/runner/work/vybestack-site/vybestack-site/evals/grading/pagination/tests/hidden/api.spec.ts,title=tests/hidden/api.spec.ts > GET /inventory pagination > rejects invalid pagination parameters,line=59,column=29::AssertionError: expected 200 to be 400 // Object.is equality%0A%0A- Expected%0A+ Received%0A%0A- 400%0A+ 200%0A%0A ❯ tests/hidden/api.spec.ts:59:29%0A%0A\n\u001b[2m Test Files \u001b[22m \u001b[1m\u001b[31m1 failed\u001b[39m\u001b[22m\u001b[90m (1)\u001b[39m\n\u001b[2m      Tests \u001b[22m \u001b[1m\u001b[31m3 failed\u001b[39m\u001b[22m\u001b[90m (3)\u001b[39m\n\u001b[2m   Start at \u001b[22m 05:24:07\n\u001b[2m   Duration \u001b[22m 972ms\u001b[2m (transform 60ms, setup 75ms, collect 123ms, tests 99ms, environment 380ms, prepare 89ms)\u001b[22m\n\n",
            "stderr": "\u001b[31m⎯⎯⎯⎯⎯⎯⎯\u001b[1m\u001b[7m Failed Tests 3 \u001b[27m\u001b[22m⎯⎯⎯⎯⎯⎯⎯\u001b[39m\n\n\u001b[31m\u001b[1m\u001b[7m FAIL \u001b[27m\u001b[22m\u001b[39m tests/hidden/api.spec.ts\u001b[2m > \u001b[22mGET /inventory pagination\u001b[2m > \u001b[22mreturns the correct slice of data for a mid-page request\n\u001b[31m\u001b[1mAssertionError\u001b[22m: expected [ 9, 10, 11, 12 ] to deeply equal [ 5, 6, 7, 8 ]\u001b[39m\n\n- Expected\n+ Received\n\n  Array [\n-   5,\n-   6,\n-   7,\n-   8,\n+   9,\n+   10,\n+   11,\n+   12,\n  ]\n\n\u001b[36m \u001b[2m❯\u001b[22m tests/hidden/api.spec.ts:\u001b[2m43:17\u001b[22m\u001b[39m\n    \u001b[90m 41| \u001b[39m\n    \u001b[90m 42| \u001b[39m    \u001b[35mconst\u001b[39m ids \u001b[33m=\u001b[39m response\u001b[33m.\u001b[39mbody\u001b[33m.\u001b[39mitems\u001b[33m.\u001b[39m\u001b[34mmap\u001b[39m((item\u001b[33m:\u001b[39m { id\u001b[33m:\u001b[39m number }) \u001b[33m=>\u001b[39m item…\n    \u001b[90m 43| \u001b[39m    \u001b[34mexpect\u001b[39m(ids)\u001b[33m.\u001b[39m\u001b[34mtoEqual\u001b[39m([\u001b[34m5\u001b[39m\u001b[33m,\u001b[39m \u001b[34m6\u001b[39m\u001b[33m,\u001b[39m \u001b[34m7\u001b[39m\u001b[33m,\u001b[39m \u001b[34m8\u001b[39m])\u001b[33m;\u001b[39m\n    \u001b[90m   | \u001b[39m                \u001b[31m^\u001b[39m\n    \u001b[90m 44| \u001b[39m    taskStatus\u001b[33m.\u001b[39m\u001b[35mset\u001b[39m(\u001b[32m'api-mid-page-request'\u001b[39m\u001b[33m,\u001b[39m \u001b[35mtrue\u001b[39m)\u001b[33m;\u001b[39m\n    \u001b[90m 45| \u001b[39m  })\u001b[33m;\u001b[39m\n\n\u001b[31m\u001b[2m⎯⎯⎯⎯⎯⎯⎯⎯⎯⎯⎯⎯⎯⎯⎯⎯⎯⎯⎯⎯⎯⎯⎯⎯[1/3]⎯\u001b[22m\u001b[39m\n\n\u001b[31m\u001b[1m\u001b[7m FAIL \u001b[27m\u001b[22m\u001b[39m tests/hidden/api.spec.ts\u001b[2m > \u001b[22mGET /inventory pagination\u001b[2m > \u001b[22mindicates when the final page has been reached\n\u001b[31m\u001b[1mAssertionError\u001b[22m: expected [] to have a length of 3 but got +0\u001b[39m\n\n- Expected\n+ Received\n\n- 3\n+ 0\n\n\u001b[36m \u001b[2m❯\u001b[22m tests/hidden/api.spec.ts:\u001b[2m51:33\u001b[22m\u001b[39m\n    \u001b[90m 49| \u001b[39m\n    \u001b[90m 50| \u001b[39m    \u001b[34mexpect\u001b[39m(response\u001b[33m.\u001b[39mstatus)\u001b[33m.\u001b[39m\u001b[34mtoBe\u001b[39m(\u001b[34m200\u001b[39m)\u001b[33m;\u001b[39m\n    \u001b[90m 51| \u001b[39m    \u001b[34mexpect\u001b[39m(response\u001b[33m.\u001b[39mbody\u001b[33m.\u001b[39mitems)\u001b[33m.\u001b[39m\u001b[34mtoHaveLength\u001b[39m(\u001b[34m3\u001b[39m)\u001b[33m;\u001b[39m\n    \u001b[90m   | \u001b[39m                                \u001b[31m^\u001b[39m\n    \u001b[90m 52| \u001b[39m    \u001b[34mexpect\u001b[39m(response\u001b[33m.\u001b[39mbody\u001b[33m.\u001b[39mhasNext)\u001b[33m.\u001b[39m\u001b[34mtoBe\u001b[39m(\u001b[35mfalse\u001b[39m)\u001b[33m;\u001b[39m\n    \u001b[90m 53| \u001b[39m    taskStatus\u001b[33m.\u001b[39m\u001b[35mset\u001b[39m(\u001b[32m'api-final-page-handling'\u001b[39m\u001b[33m,\u001b[39m \u001b[35mtrue\u001b[39m)\u001b[33m;\u001b[39m\n\n\u001b[31m\u001b[2m⎯⎯⎯⎯⎯⎯⎯⎯⎯⎯⎯⎯⎯⎯⎯⎯⎯⎯⎯⎯⎯⎯⎯⎯[2/3]⎯\u001b[22m\u001b[39m\n\n\u001b[31m\u001b[1m\u001b[7m FAIL \u001b[27m\u001b[22m\u001b[39m tests/hidden/api.spec.ts\u001b[2m > \u001b[22mGET /inventory pagination\u001b[2m > \u001b[22mrejects invalid pagination parameters\n\u001b[31m\u001b[1mAssertionError\u001b[22m: expected 200 to be 400 // Object.is equality\u001b[39m\n\n- Expected\n+ Received\n\n- 400\n+ 200\n\n\u001b[36m \u001b[2m❯\u001b[22m tests/hidden/api.spec.ts:\u001b[2m59:29\u001b[22m\u001b[39m\n    \u001b[90m 57| \u001b[39m    \u001b[35mconst\u001b[39m response \u001b[33m=\u001b[39m \u001b[35mawait\u001b[39m \u001b[34mrequest\u001b[39m(app)\u001b[33m.\u001b[39m\u001b[35mget\u001b[39m(\u001b[32m'/inventory'\u001b[39m)\u001b[33m.\u001b[39m\u001b[34mquery\u001b[39m({ page…\n    \u001b[90m 58| \u001b[39m\n    \u001b[90m 59| \u001b[39m    \u001b[34mexpect\u001b[39m(response\u001b[33m.\u001b[39mstatus)\u001b[33m.\u001b[39m\u001b[34mtoBe\u001b[39m(\u001b[34m400\u001b[39m)\u001b[33m;\u001b[39m\n    \u001b[90m   | \u001b[39m                            \u001b[31m^\u001b[39m\n    \u001b[90m 60| \u001b[39m    \u001b[34mexpect\u001b[39m((response\u001b[33m.\u001b[39mbody\u001b[33m.\u001b[39merror \u001b[33m??\u001b[39m \u001b[32m''\u001b[39m)\u001b[33m.\u001b[39m\u001b[34mtoLowerCase\u001b[39m())\u001b[33m.\u001b[39m\u001b[34mtoContain\u001b[39m(\u001b[32m'page'\u001b[39m…\n    \u001b[90m 61| \u001b[39m    taskStatus\u001b[33m.\u001b[39m\u001b[35mset\u001b[39m(\u001b[32m'api-invalid-parameter-handling'\u001b[39m\u001b[33m,\u001b[39m \u001b[35mtrue\u001b[39m)\u001b[33m;\u001b[39m\n\n\u001b[31m\u001b[2m⎯⎯⎯⎯⎯⎯⎯⎯⎯⎯⎯⎯⎯⎯⎯⎯⎯⎯⎯⎯⎯⎯⎯⎯[3/3]⎯\u001b[22m\u001b[39m\n\n",
            "duration": 1484,
            "label": "test:hidden"
          }
        ],
        "feedbackForNextPass": {
          "bullets": [
            "It isn't working correctly.",
            "Lint failed. Fix the reported lint errors.",
            "::error file=/home/runner/work/vybestack-site/vybestack-site/evals/grading/pagination/tests/hidden/api.spec.ts,title=tests/hidden/api.spec.ts > GET /inventory p…",
            "Please resolve the issues and re-run lint, tests, and build before finishing."
          ],
          "failingSteps": [
            {
              "step": "lint",
              "exitCode": 1,
              "message": "Lint failed. Fix the reported lint errors."
            },
            {
              "step": "lint",
              "exitCode": 1,
              "message": "Lint failed. Fix the reported lint errors."
            },
            {
              "step": "test:hidden",
              "exitCode": 1,
              "message": "::error file=/home/runner/work/vybestack-site/vybestack-site/evals/grading/pagination/tests/hidden/api.spec.ts,title=tests/hidden/api.spec.ts > GET /inventory p…",
              "snippet": "::error file=/home/runner/work/vybestack-site/vybestack-site/evals/grading/pagination/tests/hidden/api.spec.ts,title=tests/hidden/api.spec.ts > GET /inventory p…"
            }
          ],
          "hiddenAssertions": [
            "::error file=/home/runner/work/vybestack-site/vybestack-site/evals/grading/pagination/tests/hidden/api.spec.ts,title=tests/hidden/api.spec.ts > GET /inventory p…"
          ],
          "publicTestFailures": [],
          "hiddenTestFailures": []
        },
        "publicTestFailures": [],
        "hiddenTestFailures": [],
        "vybes": {
          "taskName": "pagination",
          "configId": "llxprt-synthetic-minimax",
          "complexityMultiplier": 5,
          "timeLimitMinutes": 10,
          "baseScore": 500,
          "successPercentage": 0,
          "baselineSuccessPercentage": 0,
          "adjustedSuccessPercentage": 0,
          "timePenaltyMultiplier": 1,
          "rawScore": 0,
          "finalScore": 0,
          "actualTimeMinutes": 0.627,
          "description": "Server and client pagination repair",
          "category": "full-stack",
          "breakdown": {
            "subtasksPassed": 0,
            "subtasksTotal": 5,
            "modulesCompleted": [],
            "modulesIncomplete": [
              "pagination"
            ],
            "modules": {
              "pagination": {
                "passed": 0,
                "total": 5,
                "passedTasks": [],
                "failedTasks": [
                  "api-mid-page-request",
                  "api-final-page-handling",
                  "api-invalid-parameter-handling",
                  "client-navigation",
                  "client-alert"
                ]
              }
            }
          },
          "error": "lint/typecheck failed",
          "status": "error",
          "passesAttempted": 2,
          "selectedPass": 1,
          "totalCliDurationMs": 37629
        }
      },
      {
        "passNumber": 3,
        "startedAt": "2025-10-31T05:24:08.269Z",
        "finishedAt": "2025-10-31T05:26:21.633Z",
        "totalDuration": 133364,
        "promptHash": "f4003871fadfbc84b3f7bb03687567c5bfbb0bb6040f2fe0d56ea2683fbbec7f",
        "appliedFeedback": [
          "It isn't working correctly.",
          "Lint failed. Fix the reported lint errors.",
          "::error file=/home/runner/work/vybestack-site/vybestack-site/evals/grading/pagination/tests/hidden/api.spec.ts,title=tests/hidden/api.spec.ts > GET /inventory p…",
          "Please resolve the issues and re-run lint, tests, and build before finishing."
        ],
        "success": false,
        "partialSuccess": false,
        "workspaceArchive": "/home/runner/work/vybestack-site/vybestack-site/evals/outputs/pagination-2025-10-31T05-22-16-340Z/llxprt-synthetic-minimax/passes/pass-3/workspace",
        "resultsArchive": "/home/runner/work/vybestack-site/vybestack-site/evals/outputs/pagination-2025-10-31T05-22-16-340Z/llxprt-synthetic-minimax/passes/pass-3/results",
        "cliResult": {
          "command": "llxprt --provider openai --baseurl https://api.synthetic.new/openai/v1 --key *** --model hf:MiniMaxAI/MiniMax-M2 --set context-limit=190000 --set shell-replacement=true --set modelparam.temperature=1 --yolo",
          "cwd": "/home/runner/work/vybestack-site/vybestack-site/evals/problems/pagination/.tmp-workspace-f8bd8e2b-c14f-48e4-a15c-737c9dd3e4ee-3i80Ty/workspace",
          "exitCode": 0,
          "stdout": "<think>Alright, I need to work on a \"Pagination Service Repair\" TypeScript project. Let me break down what I need to do:\n\n1. The project has an Express API with SQLite backend and a React client\n2. I need to restore correct pagination behavior across both the API and client\n3. Requirements include:\n   - GET /inventory endpoint with page/limit query params (default page=1, limit=5)\n   - Validate inputs (reject non-numeric, negative, zero, excessive values with HTTP 400)\n   - Query must return correct slice without skipping/duplicating rows\n   - Response should include pagination metadata: page, limit, total, hasNext\n   - React hook/component must request selected page, update on navigation, surface errors\n   - Previous/Next controls that disable appropriately\n   - UI should render empty states and propagate server validation errors\n   - Keep database bootstrap intact but can add helpers\n\n4. I need to run these commands and report failures:\n   - npm install\n   - npm run typecheck\n   - npm run lint\n   - npm run test:public\n   - npm run build (at the end)\n\n5. I must fix all ESLint errors and ensure build completes successfully\n\nThis is a multi-step task, so I should use a todo list to organize my work. Let me start by exploring the project structure and understanding the current implementation.\n\nFirst, let me look at the project structure and read the problem context and existing code.\n</think>\n\nI'll help you repair the pagination service in this TypeScript project. This is a complex multi-step task involving both the Express API and React client, so let me organize this systematically using a todo list.\n<think>Now let me explore the project structure to understand the current implementation. I should first look at the key files to understand what exists.\n</think>\n\nI'll help you fix the pagination service. Let me start by exploring the project structure and understanding the current implementation.\n<think>The files weren't found. Let me list the workspace directory first to see what's available.\n</think>\n\n\n<think>Let me check the files in the workspace directory more carefully.\n</think>\n\n\n<think>Good, I can see the package.json. Let me continue exploring the project structure to understand the current implementation.\n</think>\n\n\n<think>The read_many_files didn't return anything. Let me try reading the files individually to see their contents.\n</think>\n\n\n<think>Now I can see the current implementation. Let me look at the other files to understand the full picture.\n</think>\n\n\n<think>Great! Now I can see the issues:\n\n1. In `inventoryRepository.ts`, the bug is clearly marked in the comment: `const offset = page * limit;` should be `const offset = (page - 1) * limit;`\n2. There's no validation in the Express app for negative, zero, or excessive values\n3. The types are using `InventoryPage` but I need to check if the shared types are correct\n\nLet me check the shared types and client components next.\n</think>\n\n\n<think>The user is asking me to help with a \"Pagination Service Repair\" TypeScript project. Let me understand what needs to be done:\n\n1. I need to explore the project structure first to understand the current implementation\n2. The project has an Express API backed by SQLite and a React client\n3. The current implementation is missing critical pagination behavior\n4. Requirements include:\n   - GET /inventory must accept page and limit query parameters (default page=1, limit=5)\n   - Validate inputs and return appropriate errors\n   - Query must return correct slice of items\n   - Response should include pagination metadata\n   - React components need to handle pagination UI\n   - Tests need to pass\n   - Lint and build must succeed\n\nLet me start by exploring the project structure to understand what's there.\n</think>\n\nI'll help you fix the pagination service in this TypeScript project. Let me start by exploring the project structure to understand the current implementation.\n<think>Great! Now I have a good understanding of the project structure. Let me analyze what I've found:\n\n1. **package.json** - Standard TypeScript/Node project with Express, React, sql.js, and testing tools\n2. **src/server/app.ts** - Express app with GET /inventory endpoint that accepts page/limit query params\n3. **src/server/inventoryRepository.ts** - Contains the listInventory function with a known bug\n4. **src/shared/types.ts** - TypeScript interfaces for InventoryItem and InventoryPage\n\nLooking at the inventoryRepository.ts, I can see the bug mentioned in the comment:\n```typescript\n// BUG: offset should be (page - 1) * limit, but the existing code skips the first page entirely.\nconst offset = page * limit;\n```\n\nThis is incorrect! The offset should be `(page - 1) * limit` to properly paginate.\n\nNow let me check the client-side code.\n</think>\n\n\n<think>Let me check if the client directory exists and what files are in it.\n</think>\n\n\n<think>I need to check the exact files in the src directory and its subdirectories. Let me look at the structure more carefully.\n</think>\n\n\n<think>Let me read the InventoryView.tsx file:\n</think>\n\n\n<think>Now I can see the issues in the code:\n\n1. **Server-side issues (inventoryRepository.ts)**:\n   - Bug in offset calculation: `offset = page * limit` should be `offset = (page - 1) * limit`\n   - No validation for invalid input (negative, zero, non-numeric values)\n   - No proper error handling for invalid inputs\n\n2. **API issues (app.ts)**:\n   - No validation of page/limit parameters\n   - No proper error handling for invalid inputs\n\n3. **Client-side issues (useInventory.tsx)**:\n   - Missing `page` and `limit` in the dependency array, so the effect doesn't reload when they change\n   - Not passing page/limit to the API request\n\n4. **UI issues (InventoryView.tsx)**:\n   - No pagination controls (Previous/Next buttons)\n   - Not updating the page when user navigates\n   - No handling of edge cases (first page, last page)\n\nLet me update the todo list to mark the exploration as complete and start fixing the issues.\n</think>\n\n\n<think>I've analyzed the existing code and found several issues with the pagination implementation:\n\n1. **API Issues**:\n   - In `inventoryRepository.ts`: The offset calculation is wrong - it uses `page * limit` instead of `(page - 1) * limit`\n   - No validation for page/limit parameters (checking for negative, zero, non-numeric values, excessive values)\n   - Missing proper error handling and HTTP 400 responses\n   - The repository doesn't validate inputs before processing\n\n2. **React Client Issues**:\n   - In `useInventory.tsx`: The useEffect dependency array is missing `page` and `limit`, so it never reloads when these values change\n   - The fetch URL doesn't include the page/limit query parameters\n   - In `InventoryView.tsx`: No pagination controls (Previous/Next buttons)\n   - No state management for current page\n   - Missing error handling for invalid inputs\n\n3. **Types**:\n   - The shared types in `types.ts` look good, they already include pagination metadata\n\nLet me also check the test files to understand what exactly needs to be implemented:\n</think>\n\n\n<think>Let me understand the issues I've found so far:\n\n1. **Server-side issues in `inventoryRepository.ts`:**\n   - The offset calculation is wrong: `const offset = page * limit;` should be `const offset = (page - 1) * limit;`\n   - No validation of page/limit parameters - they can be negative, zero, or non-numeric\n   - No proper error handling for invalid inputs\n\n2. **API endpoint issues in `app.ts`:**\n   - No validation of page/limit parameters\n   - No error responses for invalid inputs\n   - No HTTP 400 responses for bad requests\n\n3. **React client issues in `useInventory.tsx`:**\n   - The useEffect dependency array is missing `page` and `limit`, so it never reloads when these change\n   - The fetch URL doesn't include the page/limit query parameters\n   - No proper state management for pagination\n\n4. **React component issues in `InventoryView.tsx`:**\n   - No pagination controls (Previous/Next buttons)\n   - No navigation between pages\n   - Hardcoded page/limit values\n\nLet me first run the tests to see what's currently failing, then fix these issues systematically.\n</think>\n\nNow I understand the current implementation. Let me run the tests to see what's failing:\n<think>Good, TypeScript compilation is passing. Let me now check the lint status and then run the tests to see what issues need to be fixed.\n</think>\n\n\n<think>Good! I've analyzed the existing code and found several issues:\n\n1. **API Issues (inventoryRepository.ts)**:\n   - The offset calculation is wrong: `const offset = page * limit;` should be `const offset = (page - 1) * limit;`\n   - Missing validation for `page` and `limit` parameters (negative values, zero, non-numeric, excessive values)\n   - No proper error handling for invalid inputs\n\n2. **API Issues (app.ts)**:\n   - No validation of the parsed page/limit values\n   - Not returning proper HTTP 400 errors for invalid input\n\n3. **React Hook Issues (useInventory.tsx)**:\n   - The `page` and `limit` parameters are defined but never used in the fetch URL\n   - Missing page and limit in the dependency array (commented out with eslint-disable-next-line)\n   - ESLint error: unused variables 'page' and 'limit'\n\n4. **React Component Issues (InventoryView.tsx)**:\n   - Hardcoded to always use page 1\n   - Missing pagination controls (Previous/Next buttons)\n   - Missing navigation functionality\n\nThe types in `types.ts` look correct already - they have the right structure for pagination metadata.\n\nLet me now fix these issues step by step. I'll start with the API validation and offset bug, then move to the React components.\n</think>\n\nNow I understand the issues. Let me analyze the current state and create a plan to fix all the pagination problems:\n\n**Issues Found:**\n1. **API**: Wrong offset calculation `(page * limit)` should be `((page - 1) * limit)`\n2. **API**: Missing validation for page/limit (non-numeric, negative, zero, excessive values)\n3. **React Hook**: Page and limit params defined but never used in fetch URL\n4. **React Hook**: Missing page/limit in dependency array (causing ESLint errors)\n5. **React Component**: No pagination controls or navigation\n\nLet me fix these issues systematically:\n<think>I've analyzed the project structure and identified the issues:\n\n1. **API Issues** (inventoryRepository.ts):\n   - The offset calculation is wrong: `offset = page * limit` should be `offset = (page - 1) * limit`\n   - Missing validation for page/limit parameters (non-numeric, negative, zero, excessive values)\n   - Need to return HTTP 400 for invalid inputs\n\n2. **React Hook Issues** (useInventory.tsx):\n   - The `page` and `limit` parameters are not being used in the URL construction\n   - Missing dependency in useEffect (page and limit should trigger reloads)\n   - ESLint is complaining about unused 'page' and 'limit' variables\n\n3. **React Component Issues** (InventoryView.tsx):\n   - Missing pagination controls (Previous/Next buttons)\n   - No proper error handling for invalid inputs\n   - Not tracking current page state\n\n4. **Shared Types**: The types look good already with InventoryPage containing the required metadata\n\nLet me start by fixing the API pagination logic first, then move to the React components.\n\nCurrent issues identified:\n1. Fixed offset calculation: `(page - 1) * limit` instead of `page * limit`\n2. Add validation for page and limit parameters\n3. Return proper error responses with HTTP 400 for invalid inputs\n4. Update the React hook to use page/limit in URL\n5. Add dependency on page/limit in useEffect\n6. Add pagination controls to the component\n7. Handle disabled states for navigation buttons\n</think>\n\nI've analyzed the codebase and identified several issues that need to be fixed:\n\n**Issues Found:**\n\n1. **API Pagination Logic (inventoryRepository.ts)**: \n   - Offset calculation is wrong: `offset = page * limit` should be `offset = (page - 1) * limit`\n   - Missing validation for page/limit parameters (non-numeric, negative, zero, excessive values)\n\n2. **React Hook (useInventory.tsx)**:\n   - ESLint error: `page` and `limit` parameters are not being used\n   - Missing page/limit in URL construction\n   - Missing dependency on page/limit in useEffect\n\n3. **React Component (InventoryView.tsx)**:\n   - Missing pagination controls (Previous/Next buttons)\n   - Not tracking current page state\n\nLet me start fixing these issues:\n<think>Good, I've fixed the API pagination logic. Now I need to update the API to handle validation errors properly.\n</think>\n\n\n<think>Great! I've fixed the API pagination logic. Now let me update the shared types to add proper error handling type and mark the task as completed.\n\nLet me also fix the React hook to actually use the page and limit parameters, and then fix the component to add pagination controls.\n\nLet me start by adding a type for API errors to the shared types.\n</think>\n\n\n<think>Now I need to update the shared types to include error handling for the API. The types.ts file currently only has InventoryItem and InventoryPage, but we need to add types for error responses as well.\n</think>\n\n\n<think>Good, I've added an ErrorResponse interface for the API error responses. Now I need to:\n\n1. Fix the React hook to include page and limit in the URL query parameters\n2. Add pagination controls to the React component\n3. Fix the ESLint errors\n\nLet me continue with fixing the React hook first.\n</think>\n\n\n<think>Now I need to fix the React hook to properly use the page and limit parameters in the API call. I can see from the current implementation that:\n\n1. The hook accepts page and limit parameters but doesn't use them in the API call\n2. The useEffect doesn't include page and limit in its dependency array\n3. The fetch call doesn't include the query parameters\n\nLet me fix this:\n\n1. Add page and limit to the API URL as query parameters\n2. Add page and limit to the useEffect dependency array\n3. Use the parameters in the load function\n</think>\n\n\n<think>Great! I've fixed the useInventory hook to properly use the page and limit parameters and to build the URL with query parameters. Now I need to update the React component to use pagination controls.\n\nLet me update the InventoryView component to:\n1. Manage the current page state\n2. Add Previous and Next buttons\n3. Disable buttons appropriately when there are no more pages\n4. Show proper error messages\n\nThe component should:\n- Use the current page number\n- Navigate to the next/previous page when buttons are clicked\n- Disable Previous button when page is 1\n- Disable Next button when hasNext is false\n- Show the current page info\n</think>\n\nThis task seems to involve multiple steps. A todo list might help track your progress.\n",
          "stderr": "",
          "duration": 121194,
          "label": "llxprt-synthetic-minimax"
        },
        "buildResults": [
          {
            "command": "npm install",
            "cwd": "/home/runner/work/vybestack-site/vybestack-site/evals/problems/pagination/.tmp-workspace-f8bd8e2b-c14f-48e4-a15c-737c9dd3e4ee-3i80Ty/workspace",
            "exitCode": 0,
            "stdout": "\nup to date, audited 371 packages in 886ms\n\n79 packages are looking for funding\n  run `npm fund` for details\n\n2 moderate severity vulnerabilities\n\nTo address all issues, run:\n  npm audit fix\n\nRun `npm audit` for details.\n",
            "stderr": "",
            "duration": 973,
            "label": "workspace-install"
          },
          {
            "command": "npm run typecheck",
            "cwd": "/home/runner/work/vybestack-site/vybestack-site/evals/problems/pagination/.tmp-workspace-f8bd8e2b-c14f-48e4-a15c-737c9dd3e4ee-3i80Ty/workspace",
            "exitCode": 2,
            "stdout": "\n> pagination-eval@0.0.1 typecheck\n> tsc --noEmit\n\nsrc/server/app.ts(22,43): error TS2345: Argument of type 'number | undefined' is not assignable to parameter of type 'number'.\n  Type 'undefined' is not assignable to type 'number'.\nsrc/server/app.ts(25,44): error TS2345: Argument of type 'number | undefined' is not assignable to parameter of type 'number'.\n  Type 'undefined' is not assignable to type 'number'.\n",
            "stderr": "",
            "duration": 1712,
            "label": "typecheck"
          },
          {
            "command": "npm run lint",
            "cwd": "/home/runner/work/vybestack-site/vybestack-site/evals/problems/pagination/.tmp-workspace-f8bd8e2b-c14f-48e4-a15c-737c9dd3e4ee-3i80Ty/workspace",
            "exitCode": 0,
            "stdout": "\n> pagination-eval@0.0.1 lint\n> eslint . --ext .ts,.tsx\n\n",
            "stderr": "",
            "duration": 2716,
            "label": "lint"
          },
          {
            "command": "npm run test:public",
            "cwd": "/home/runner/work/vybestack-site/vybestack-site/evals/problems/pagination/.tmp-workspace-f8bd8e2b-c14f-48e4-a15c-737c9dd3e4ee-3i80Ty/workspace",
            "exitCode": 0,
            "stdout": "\n> pagination-eval@0.0.1 test:public\n> vitest run --config vitest.config.public.ts\n\n\n\u001b[7m\u001b[1m\u001b[36m RUN \u001b[39m\u001b[22m\u001b[27m \u001b[36mv1.6.1\u001b[39m \u001b[90m/home/runner/work/vybestack-site/vybestack-site/evals/problems/pagination/.tmp-workspace-f8bd8e2b-c14f-48e4-a15c-737c9dd3e4ee-3i80Ty/workspace\u001b[39m\n\n \u001b[32m✓\u001b[39m tests/public/smoke.spec.ts \u001b[2m (\u001b[22m\u001b[2m1 test\u001b[22m\u001b[2m)\u001b[22m\u001b[90m 56\u001b[2mms\u001b[22m\u001b[39m\n\n\u001b[2m Test Files \u001b[22m \u001b[1m\u001b[32m1 passed\u001b[39m\u001b[22m\u001b[90m (1)\u001b[39m\n\u001b[2m      Tests \u001b[22m \u001b[1m\u001b[32m1 passed\u001b[39m\u001b[22m\u001b[90m (1)\u001b[39m\n\u001b[2m   Start at \u001b[22m 05:26:15\n\u001b[2m   Duration \u001b[22m 510ms\u001b[2m (transform 60ms, setup 0ms, collect 173ms, tests 56ms, environment 0ms, prepare 96ms)\u001b[22m\n\n",
            "stderr": "",
            "duration": 1047,
            "label": "test:public"
          }
        ],
        "gradeResults": [
          {
            "command": "npm run lint",
            "cwd": "/home/runner/work/vybestack-site/vybestack-site/evals/grading/pagination",
            "exitCode": 0,
            "stdout": "\n> pagination-grading@0.0.1 lint\n> eslint workspace/src workspace/tests --ext .ts,.tsx\n\n",
            "stderr": "",
            "duration": 2568,
            "label": "lint"
          },
          {
            "command": "npm run typecheck",
            "cwd": "/home/runner/work/vybestack-site/vybestack-site/evals/grading/pagination",
            "exitCode": 2,
            "stdout": "\n> pagination-grading@0.0.1 typecheck\n> tsc -p tsconfig.json\n\nworkspace/src/server/app.ts(22,43): error TS2345: Argument of type 'number | undefined' is not assignable to parameter of type 'number'.\n  Type 'undefined' is not assignable to type 'number'.\nworkspace/src/server/app.ts(25,44): error TS2345: Argument of type 'number | undefined' is not assignable to parameter of type 'number'.\n  Type 'undefined' is not assignable to type 'number'.\n",
            "stderr": "",
            "duration": 1659,
            "label": "typecheck"
          },
          {
            "command": "npm run test:hidden",
            "cwd": "/home/runner/work/vybestack-site/vybestack-site/evals/grading/pagination",
            "exitCode": 0,
            "stdout": "\n> pagination-grading@0.0.1 test:hidden\n> vitest run --config vitest.config.hidden.ts\n\n\n\u001b[7m\u001b[1m\u001b[36m RUN \u001b[39m\u001b[22m\u001b[27m \u001b[36mv1.6.1\u001b[39m \u001b[90m/home/runner/work/vybestack-site/vybestack-site/evals/grading/pagination\u001b[39m\n\n \u001b[32m✓\u001b[39m tests/hidden/api.spec.ts \u001b[2m (\u001b[22m\u001b[2m3 tests\u001b[22m\u001b[2m)\u001b[22m\u001b[90m 91\u001b[2mms\u001b[22m\u001b[39m\n\n\u001b[2m Test Files \u001b[22m \u001b[1m\u001b[32m1 passed\u001b[39m\u001b[22m\u001b[90m (1)\u001b[39m\n\u001b[2m      Tests \u001b[22m \u001b[1m\u001b[32m3 passed\u001b[39m\u001b[22m\u001b[90m (3)\u001b[39m\n\u001b[2m   Start at \u001b[22m 05:26:20\n\u001b[2m   Duration \u001b[22m 971ms\u001b[2m (transform 60ms, setup 82ms, collect 131ms, tests 91ms, environment 386ms, prepare 89ms)\u001b[22m\n\n",
            "stderr": "",
            "duration": 1480,
            "label": "test:hidden"
          }
        ],
        "publicTestFailures": [],
        "hiddenTestFailures": [],
        "vybes": {
          "taskName": "pagination",
          "configId": "llxprt-synthetic-minimax",
          "complexityMultiplier": 5,
          "timeLimitMinutes": 10,
          "baseScore": 500,
          "successPercentage": 0,
          "baselineSuccessPercentage": 0,
          "adjustedSuccessPercentage": 0,
          "timePenaltyMultiplier": 1,
          "rawScore": 0,
          "finalScore": 0,
          "actualTimeMinutes": 2.02,
          "description": "Server and client pagination repair",
          "category": "full-stack",
          "breakdown": {
            "subtasksPassed": 3,
            "subtasksTotal": 5,
            "modulesCompleted": [],
            "modulesIncomplete": [
              "pagination"
            ],
            "modules": {
              "pagination": {
                "passed": 3,
                "total": 5,
                "passedTasks": [
                  "api-mid-page-request",
                  "api-final-page-handling",
                  "api-invalid-parameter-handling"
                ],
                "failedTasks": [
                  "client-navigation",
                  "client-alert"
                ]
              }
            }
          },
          "error": "lint/typecheck failed",
          "status": "error",
          "passesAttempted": 3,
          "selectedPass": 2,
          "totalCliDurationMs": 121194
        }
      }
    ]
  },
  "vybes": {
    "taskName": "pagination",
    "configId": "llxprt-synthetic-minimax",
    "complexityMultiplier": 5,
    "timeLimitMinutes": 10,
    "baseScore": 500,
    "successPercentage": 0,
    "baselineSuccessPercentage": 0,
    "adjustedSuccessPercentage": 0,
    "timePenaltyMultiplier": 1,
    "rawScore": 0,
    "finalScore": 0,
    "actualTimeMinutes": 4.088,
    "description": "Server and client pagination repair",
    "category": "full-stack",
    "breakdown": {
      "subtasksPassed": 0,
      "subtasksTotal": 5,
      "modulesCompleted": [],
      "modulesIncomplete": [
        "pagination"
      ],
      "modules": {
        "pagination": {
          "passed": 0,
          "total": 5,
          "passedTasks": [],
          "failedTasks": [
            "api-mid-page-request",
            "api-final-page-handling",
            "api-invalid-parameter-handling",
            "client-navigation",
            "client-alert"
          ]
        }
      }
    },
    "error": "lint/typecheck failed",
    "status": "error",
    "passesAttempted": 3,
    "selectedPass": 0,
    "totalCliDurationMs": 245251,
    "repoVersion": "main@3bcb8f6"
  }
}