{
  "evalName": "report-builder",
  "configId": "llxprt-synthetic-minimax",
  "startedAt": "2025-10-29T02:35:49.387Z",
  "finishedAt": "2025-10-29T02:35:49.387Z",
  "status": "fail",
  "totalDuration": 106586,
  "commands": [
    {
      "name": "llxprt",
      "command": "llxprt --provider openai --baseurl https://api.synthetic.new/openai/v1 --key *** --model hf:MiniMaxAI/MiniMax-M2 --set context-limit=190000 --set shell-replacement=true --set modelparam.temperature=1 --yolo",
      "cwd": "/home/runner/work/vybestack-site/vybestack-site/evals/problems/report-builder/.tmp-workspace-3f14654a-520e-4f31-80fe-d77b3e268d81-wGnvnv/workspace",
      "exitCode": 0,
      "stdout": "<think>The user has provided a detailed specification for implementing a Report Builder CLI tool. Let me break down what needs to be done:\n\n1. **Project Understanding**: I need to explore the existing codebase structure to understand the current setup, configuration, and existing files.\n\n2. **Requirements Summary**:\n   - CLI entry point at `src/cli/report.ts` \n   - Support for `markdown` and `text` formats\n   - Read JSON data from a file (matches `fixtures/data.json` schema)\n   - Output to stdout or file with `--output` option\n   - Support `--includeTotals` flag\n   - Use only built-in Node APIs, no third-party dependencies\n   - Keep formatters modular in `src/formats/`\n   - TypeScript with proper imports using `.js` extensions\n   - Must pass linting, type checking, tests, and build\n\n3. **Implementation Plan**:\n   - Examine existing files and structure\n   - Create formatter modules for markdown and text\n   - Implement CLI in `src/cli/report.ts`\n   - Ensure proper TypeScript configuration\n   - Test with the provided fixture\n   - Run all required commands and fix any issues\n\nLet me start by exploring the current project structure and understanding what's already there.\n</think>\n\nI'll help you implement the Report Builder CLI tool. Let me start by exploring the project structure to understand the existing setup and then organize the work systematically.\n<think>Now I need to start exploring the project structure to understand what I'm working with. Let me first read the package.json and configuration files to understand the project setup, then examine the fixtures data.\n</think>\n\n\n<think>I need to start by exploring the project structure and understanding the existing configuration. Let me examine the current project files to understand what I'm working with.\n\nFirst, I'll look at the configuration files to understand the project's setup, then examine the fixtures, and finally start implementing the required modules.\n\nLet me start by reading the key configuration files and understanding the project structure.\n</think>\n\nI'll explore the project structure and understand the existing configuration to implement the Report Builder CLI. Let me start by examining the configuration files and project structure.\n<think>It seems the files weren't found. Let me check the current directory structure and read the individual files one by one to understand the project configuration.\n</think>\n\n\n<think>Good, I can see the package.json. This confirms the scripts available and the configuration. Now let me examine the other configuration files to understand the TypeScript and linting setup.\n</think>\n\n\n<think>I need to check the files that are available. Let me try to read them individually with the absolute path.\n</think>\n\n\n<think>Good, I'm making progress. Now I need to understand the configuration and structure. Let me look at the ESLint config, Prettier config, and then examine the existing files to understand the project structure.\n</think>\n\n\n<think>Let me check the project structure again and look for the existing files.\n</think>\n\n\n<think>Now I can see the structure of the project and the data schema. Let me understand what's happening:\n\n1. This is a TypeScript project with strict configuration using NodeNext module resolution\n2. The project structure includes:\n   - src/cli/report.ts (which doesn't exist yet, I need to create it)\n   - src/formats/ directory (with README.md, but no formatter modules yet)\n   - fixtures/data.json (which I just read)\n\n3. The data schema shows:\n   - title: string\n   - summary: string \n   - entries: array of objects with label (string) and amount (number)\n\n4. I need to create:\n   - src/formats/markdown.ts\n   - src/formats/text.ts\n   - src/cli/report.ts (the main CLI entry point)\n\nLet me continue with exploring the existing files first.\n</think>\n\n\n<think>Now I understand the project structure. Let me check the current status of the existing files and proceed with the implementation.\n\nLooking at what I've learned:\n\n1. **Project Configuration**:\n   - `package.json`: ESM project with TypeScript, ESLint, Prettier, and Vitest setup\n   - `tsconfig.json`: Module is \"NodeNext\", strict TypeScript, source in `src/`, output in `dist/`\n   - The project uses `.ts` extension for TypeScript files\n\n2. **Data Schema** (from `fixtures/data.json`):\n   ```json\n   {\n     \"title\": \"Quarterly Financial Summary\",\n     \"summary\": \"Highlights include record revenue across regions and a healthy outlook for the next quarter.\",\n     \"entries\": [\n       { \"label\": \"North Region\", \"amount\": 12345.67 },\n       { \"label\": \"South Region\", \"amount\": 23456.78 },\n       { \"label\": \"West Region\", \"amount\": 34567.89 }\n     ]\n   }\n   ```\n\n3. **Current Status**:\n   - No existing formatter modules in `src/formats/`\n   - No existing CLI file at `src/cli/report.ts`\n   - Need to implement everything from scratch\n\nNow I need to:\n1. Complete the exploration task\n2. Create the formatter modules\n3. Implement the CLI\n4. Test and build\n\nLet me mark the first task as completed and move to the next one.\n</think>\n\nI have already made several tool calls without a todo list. Immediately call todo_write after this next tool call to organize the work.\n<think>Let me understand the project structure and requirements:\n\n1. The project is using TypeScript with NodeNext module resolution\n2. It has a rootDir of \"src\" and outDir of \"dist\"\n3. The project is already configured with ESLint, Prettier, and TypeScript\n4. I need to create:\n   - Formatter modules under `src/formats/` (markdown.ts and text.ts)\n   - CLI entry point at `src/cli/report.ts`\n5. The data schema from fixtures/data.json shows:\n   - title: string\n   - summary: string\n   - entries: array of { label: string, amount: number }\n\nLet me now start implementing the solution. I'll first update the todo and then create the shared interfaces and formatters.\n</think>\n\nNow let me update the todo status and continue with examining the project structure:\n<think>Now I need to create the formatter modules. Based on the requirements and the data schema I saw, I need to:\n\n1. Create shared types for the report data\n2. Create markdown.ts and text.ts formatters under src/formats/\n3. Then implement the CLI at src/cli/report.ts\n\nLet me start by creating the shared types and then the formatters.\n\nFrom the data.json, I can see the structure:\n- title: string\n- summary: string  \n- entries: array of { label: string, amount: number }\n\nThe formatting requirements are:\n- Markdown: # title, summary, ## Entries, bullet list \"- **label** — $amount\", optional \"**Total:** $amount\" when --includeTotals\n- Text: title, summary, \"Entries:\" heading, bullet list \"- label: $amount\", optional \"Total: $amount\" when totals requested\n- Amounts should be rendered as $12345.67 (two decimal places, no thousands separators)\n\nLet me create the shared types first, then the formatters.\n</think>\n\nNow I understand the project structure. I need to create the formatter modules and CLI. Let me start by creating the shared types and formatters.\n<think>Now I'll create the markdown formatter. Based on the requirements:\n\n- Markdown format: print `# <title>`, blank line, summary, blank line, `## Entries`, bullet list `- **<label>** — $<amount>`, optional final `**Total:** $<amount>` when `--includeTotals` is provided.\n- Render amounts exactly as `$12345.67` (two decimal places, no thousands separators)\n\nLet me create the markdown formatter:\n</think>\n\n\n<think>Now I'll create the text formatter module that follows the same interface but formats the output as plain text.\n</think>\n\n\n<think>Now I need to update the TODO and move to implementing the CLI entry point at src/cli/report.ts. Let me update the todo status first.\n</think>\n\n\n<think>Now I need to implement the CLI entry point at src/cli/report.ts. Based on the requirements, this should:\n\n1. Parse command line arguments using Node's standard library\n2. Read JSON from a file\n3. Validate the JSON structure\n4. Use the formatters to render the output\n5. Write to stdout or a file\n6. Handle errors properly\n\nThe command format should be: `node dist/cli/report.js <data.json> --format <format> [--output <path>] [--includeTotals]`\n\nI need to use the Node standard library for argument parsing, file reading, etc. Let me implement this.\n</think>\n\n\n<think>Now I need to fix the CLI implementation. I realized I need to actually write to the file when --output is specified, and I should also fix the import extensions to use .js extensions as required for NodeNext module resolution.\n\nLet me update the CLI to properly handle the --output flag:\n</think>\n\n\n<think>Now I need to implement the file writing functionality. The CLI should write to a file if --output is specified, otherwise output to stdout.\n</think>\n\n\n<think>Now I need to check if there are any configuration files I need to examine before running the build and test commands. Let me look for the eslint and prettier config files.\n</think>\n\n\n<think>Let me check for the actual .eslintrc.cjs and .prettierrc files in the current directory listing. I can see they're in the root directory, but let me use list_directory to see all files.\n</think>\n\nI need to check the ESLint and Prettier configuration files to understand the linting rules before proceeding.\n<think>Let me check if there are ESLint and Prettier configuration files in the directory. I'll use glob to find them specifically.\n</think>\n\nI have already made several tool calls without a todo list. Immediately call todo_write after this next tool call to organize the work.\n",
      "stderr": "",
      "duration": 92559,
      "success": true
    },
    {
      "name": "npm",
      "command": "npm install",
      "cwd": "/home/runner/work/vybestack-site/vybestack-site/evals/problems/report-builder/.tmp-workspace-3f14654a-520e-4f31-80fe-d77b3e268d81-wGnvnv/workspace",
      "exitCode": 0,
      "stdout": "\nadded 202 packages, and audited 203 packages in 5s\n\n60 packages are looking for funding\n  run `npm fund` for details\n\n4 moderate severity vulnerabilities\n\nTo address all issues (including breaking changes), run:\n  npm audit fix --force\n\nRun `npm audit` for details.\n",
      "stderr": "npm warn deprecated inflight@1.0.6: This module is not supported, and leaks memory. Do not use it. Check out lru-cache if you want a good and tested way to coalesce async requests by a key value, which is much more comprehensive and powerful.\nnpm warn deprecated @humanwhocodes/config-array@0.13.0: Use @eslint/config-array instead\nnpm warn deprecated rimraf@3.0.2: Rimraf versions prior to v4 are no longer supported\nnpm warn deprecated glob@7.2.3: Glob versions prior to v9 are no longer supported\nnpm warn deprecated @humanwhocodes/object-schema@2.0.3: Use @eslint/object-schema instead\nnpm warn deprecated eslint@8.57.1: This version is no longer supported. Please see https://eslint.org/version-support for other options.\n",
      "duration": 4691,
      "success": true
    },
    {
      "name": "npm",
      "command": "npm run typecheck",
      "cwd": "/home/runner/work/vybestack-site/vybestack-site/evals/problems/report-builder/.tmp-workspace-3f14654a-520e-4f31-80fe-d77b3e268d81-wGnvnv/workspace",
      "exitCode": 2,
      "stdout": "\n> report-builder-eval@0.0.1 typecheck\n> tsc --noEmit\n\nsrc/cli/report.ts(153,20): error TS2349: This expression is not callable.\n  Type 'Formatter' has no call signatures.\nsrc/formats/markdown.ts(3,14): error TS2322: Type '(data: ReportData, options: RenderOptions) => string' is not assignable to type 'Formatter'.\nsrc/formats/text.ts(3,14): error TS2322: Type '(data: ReportData, options: RenderOptions) => string' is not assignable to type 'Formatter'.\n",
      "stderr": "",
      "duration": 1054,
      "success": false
    },
    {
      "name": "npm",
      "command": "npm run lint",
      "cwd": "/home/runner/work/vybestack-site/vybestack-site/evals/problems/report-builder/.tmp-workspace-3f14654a-520e-4f31-80fe-d77b3e268d81-wGnvnv/workspace",
      "exitCode": 0,
      "stdout": "\n> report-builder-eval@0.0.1 lint\n> eslint . --ext .ts\n\n",
      "stderr": "",
      "duration": 964,
      "success": true
    },
    {
      "name": "npm",
      "command": "npm run test:public",
      "cwd": "/home/runner/work/vybestack-site/vybestack-site/evals/problems/report-builder/.tmp-workspace-3f14654a-520e-4f31-80fe-d77b3e268d81-wGnvnv/workspace",
      "exitCode": 0,
      "stdout": "\n> report-builder-eval@0.0.1 test:public\n> vitest run --config vitest.config.public.ts\n\n\n\u001b[7m\u001b[1m\u001b[36m RUN \u001b[39m\u001b[22m\u001b[27m \u001b[36mv1.6.1\u001b[39m \u001b[90m/home/runner/work/vybestack-site/vybestack-site/evals/problems/report-builder/.tmp-workspace-3f14654a-520e-4f31-80fe-d77b3e268d81-wGnvnv/workspace\u001b[39m\n\n \u001b[32m✓\u001b[39m tests/public/renderReport.spec.ts \u001b[2m (\u001b[22m\u001b[2m1 test\u001b[22m\u001b[2m)\u001b[22m\u001b[90m 2\u001b[2mms\u001b[22m\u001b[39m\n\n\u001b[2m Test Files \u001b[22m \u001b[1m\u001b[32m1 passed\u001b[39m\u001b[22m\u001b[90m (1)\u001b[39m\n\u001b[2m      Tests \u001b[22m \u001b[1m\u001b[32m1 passed\u001b[39m\u001b[22m\u001b[90m (1)\u001b[39m\n\u001b[2m   Start at \u001b[22m 02:35:42\n\u001b[2m   Duration \u001b[22m 259ms\u001b[2m (transform 28ms, setup 0ms, collect 17ms, tests 2ms, environment 0ms, prepare 76ms)\u001b[22m\n\n",
      "stderr": "",
      "duration": 700,
      "success": true
    },
    {
      "name": "npm",
      "command": "npm run build",
      "cwd": "/home/runner/work/vybestack-site/vybestack-site/evals/problems/report-builder/.tmp-workspace-3f14654a-520e-4f31-80fe-d77b3e268d81-wGnvnv/workspace",
      "exitCode": 2,
      "stdout": "\n> report-builder-eval@0.0.1 build\n> tsc -p tsconfig.json\n\nsrc/cli/report.ts(153,20): error TS2349: This expression is not callable.\n  Type 'Formatter' has no call signatures.\nsrc/formats/markdown.ts(3,14): error TS2322: Type '(data: ReportData, options: RenderOptions) => string' is not assignable to type 'Formatter'.\nsrc/formats/text.ts(3,14): error TS2322: Type '(data: ReportData, options: RenderOptions) => string' is not assignable to type 'Formatter'.\n",
      "stderr": "",
      "duration": 1047,
      "success": false
    },
    {
      "name": "npm",
      "command": "npm install",
      "cwd": "/home/runner/work/vybestack-site/vybestack-site/evals/grading/report-builder",
      "exitCode": 0,
      "stdout": "\nup to date, audited 204 packages in 615ms\n\n60 packages are looking for funding\n  run `npm fund` for details\n\n2 moderate severity vulnerabilities\n\nTo address all issues, run:\n  npm audit fix\n\nRun `npm audit` for details.\n",
      "stderr": "",
      "duration": 702,
      "success": true
    },
    {
      "name": "npm",
      "command": "npm --prefix workspace install",
      "cwd": "/home/runner/work/vybestack-site/vybestack-site/evals/grading/report-builder",
      "exitCode": 0,
      "stdout": "\nadded 203 packages, and audited 204 packages in 1s\n\n60 packages are looking for funding\n  run `npm fund` for details\n\n4 moderate severity vulnerabilities\n\nTo address all issues (including breaking changes), run:\n  npm audit fix --force\n\nRun `npm audit` for details.\n",
      "stderr": "npm warn deprecated inflight@1.0.6: This module is not supported, and leaks memory. Do not use it. Check out lru-cache if you want a good and tested way to coalesce async requests by a key value, which is much more comprehensive and powerful.\nnpm warn deprecated @humanwhocodes/config-array@0.13.0: Use @eslint/config-array instead\nnpm warn deprecated rimraf@3.0.2: Rimraf versions prior to v4 are no longer supported\nnpm warn deprecated glob@7.2.3: Glob versions prior to v9 are no longer supported\nnpm warn deprecated @humanwhocodes/object-schema@2.0.3: Use @eslint/object-schema instead\nnpm warn deprecated eslint@8.57.1: This version is no longer supported. Please see https://eslint.org/version-support for other options.\n",
      "duration": 1577,
      "success": true
    },
    {
      "name": "npm",
      "command": "npm --prefix workspace run build",
      "cwd": "/home/runner/work/vybestack-site/vybestack-site/evals/grading/report-builder",
      "exitCode": 2,
      "stdout": "\n> report-builder-eval@0.0.1 build\n> tsc -p tsconfig.json\n\nsrc/cli/report.ts(153,20): error TS2349: This expression is not callable.\n  Type 'Formatter' has no call signatures.\nsrc/formats/markdown.ts(3,14): error TS2322: Type '(data: ReportData, options: RenderOptions) => string' is not assignable to type 'Formatter'.\nsrc/formats/text.ts(3,14): error TS2322: Type '(data: ReportData, options: RenderOptions) => string' is not assignable to type 'Formatter'.\n",
      "stderr": "",
      "duration": 1056,
      "success": false
    },
    {
      "name": "npm",
      "command": "npm run typecheck",
      "cwd": "/home/runner/work/vybestack-site/vybestack-site/evals/grading/report-builder",
      "exitCode": 2,
      "stdout": "\n> report-builder-grading@0.0.1 typecheck\n> tsc -p tsconfig.json\n\nworkspace/src/cli/report.ts(153,20): error TS2349: This expression is not callable.\n  Type 'Formatter' has no call signatures.\nworkspace/src/formats/markdown.ts(3,14): error TS2322: Type '(data: ReportData, options: RenderOptions) => string' is not assignable to type 'Formatter'.\nworkspace/src/formats/text.ts(3,14): error TS2322: Type '(data: ReportData, options: RenderOptions) => string' is not assignable to type 'Formatter'.\n",
      "stderr": "",
      "duration": 1208,
      "success": false
    },
    {
      "name": "npm",
      "command": "npm run test:hidden",
      "cwd": "/home/runner/work/vybestack-site/vybestack-site/evals/grading/report-builder",
      "exitCode": 0,
      "stdout": "\n> report-builder-grading@0.0.1 test:hidden\n> vitest run --config vitest.config.hidden.ts\n\n\n\u001b[7m\u001b[1m\u001b[36m RUN \u001b[39m\u001b[22m\u001b[27m \u001b[36mv1.6.1\u001b[39m \u001b[90m/home/runner/work/vybestack-site/vybestack-site/evals/grading/report-builder\u001b[39m\n\n \u001b[32m✓\u001b[39m tests/hidden/package.spec.ts \u001b[2m (\u001b[22m\u001b[2m1 test\u001b[22m\u001b[2m)\u001b[22m\u001b[90m 6\u001b[2mms\u001b[22m\u001b[39m\n \u001b[32m✓\u001b[39m tests/hidden/render.spec.ts \u001b[2m (\u001b[22m\u001b[2m5 tests\u001b[22m\u001b[2m)\u001b[22m\u001b[90m 165\u001b[2mms\u001b[22m\u001b[39m\n\n\u001b[2m Test Files \u001b[22m \u001b[1m\u001b[32m2 passed\u001b[39m\u001b[22m\u001b[90m (2)\u001b[39m\n\u001b[2m      Tests \u001b[22m \u001b[1m\u001b[32m6 passed\u001b[39m\u001b[22m\u001b[90m (6)\u001b[39m\n\u001b[2m   Start at \u001b[22m 02:35:48\n\u001b[2m   Duration \u001b[22m 462ms\u001b[2m (transform 64ms, setup 0ms, collect 90ms, tests 171ms, environment 0ms, prepare 185ms)\u001b[22m\n\n",
      "stderr": "",
      "duration": 895,
      "success": true
    }
  ],
  "workspaceArchive": "/home/runner/work/vybestack-site/vybestack-site/evals/outputs/report-builder-2025-10-29T02-34-02-798Z/llxprt-synthetic-minimax/workspace",
  "runSessionId": "3b6d2e71-5713-4fc1-a8e5-906403d6499d",
  "runSessionStartedAt": "2025-10-29T01:52:25.014Z",
  "repoVersion": "main@69ccffa",
  "vybes": {
    "taskName": "report-builder",
    "configId": "llxprt-synthetic-minimax",
    "complexityMultiplier": 4,
    "timeLimitMinutes": 8,
    "baseScore": 400,
    "successPercentage": 0,
    "baselineSuccessPercentage": 0,
    "adjustedSuccessPercentage": 0,
    "timePenaltyMultiplier": 1,
    "rawScore": 0,
    "finalScore": 0,
    "actualTimeMinutes": 1.543,
    "description": "Spreadsheet to HTML report builder",
    "category": "integrations",
    "breakdown": {
      "subtasksPassed": 6,
      "subtasksTotal": 6,
      "modulesCompleted": [
        "report-builder"
      ],
      "modulesIncomplete": [],
      "modules": {
        "report-builder": {
          "passed": 6,
          "total": 6,
          "passedTasks": [
            "render-markdown-with-totals",
            "render-text-without-totals",
            "render-text-with-totals",
            "render-unsupported-format-failure",
            "render-missing-file-failure",
            "package-integrity"
          ],
          "failedTasks": []
        }
      }
    },
    "error": "lint/typecheck failed",
    "status": "error",
    "repoVersion": "main@69ccffa"
  }
}