{
  "evalName": "regex-challenge",
  "configId": "llxprt-synthetic-minimax",
  "startedAt": "2025-10-29T21:15:08.257Z",
  "finishedAt": "2025-10-29T21:15:08.257Z",
  "status": "fail",
  "totalDuration": 84344,
  "commands": [
    {
      "name": "llxprt",
      "command": "llxprt --provider openai --baseurl https://api.synthetic.new/openai/v1 --key *** --model hf:MiniMaxAI/MiniMax-M2 --set context-limit=190000 --set shell-replacement=true --set modelparam.temperature=1 --yolo",
      "cwd": "/home/runner/work/vybestack-site/vybestack-site/evals/problems/regex-challenge/.tmp-workspace-4e0beb07-c0ec-4b6f-87b3-d8f867a8789b-heJiFk/workspace",
      "exitCode": 0,
      "stdout": "<think>This is a comprehensive task to implement a TypeScript regex utility toolkit. Let me break down what I need to do:\n\n1. **Understand the current codebase structure** - read the existing files to understand what's already there\n2. **Implement functions in three files:**\n   - `src/validators.ts` - email, phone number (US + Argentine), name, credit card validation\n   - `src/transformations.ts` - sentence capitalization, URL extraction, HTTPS enforcement, docs URL rewriting, year extraction\n   - `src/puzzles.ts` - prefixed word finding, embedded token finding, password strength checking, IPv6 detection\n3. **Run the required commands** to validate the implementation\n\nLet me start by understanding the current structure and then plan my approach.\n</think>\n\nI'll help you implement the TypeScript regex utility toolkit. Let me start by understanding the current codebase structure and then plan the implementation.\n<think>It seems the files don't exist yet or the path is incorrect. Let me check what's in the directory and read the individual files to understand the project structure.\n</think>\n\n\n<think>The user wants me to implement a TypeScript regex utility toolkit. I need to implement functions in validators.ts, transformations.ts, and puzzles.ts. Let me first read the existing files to understand the structure and requirements.\n\nFrom the package.json, I can see this is a TypeScript project with tests configured using vitest. The commands I need to run at the end are:\n- npm run lint\n- npm run test:public\n- npm run typecheck\n- npm run build\n\nLet me first understand the existing structure by reading the files.\n</think>\n\nI'll help you implement the TypeScript regex utility toolkit. Let me start by reading the existing files to understand the current structure and then organize the work with a todo list.\n<think>I'm getting errors when trying to read files. Let me try to read them one by one using absolute paths constructed from the workspace root.\n</think>\n\n\n<think>Now I need to create the todo list and implement the transformations and puzzles files. Let me create the todo list first to organize this work properly.\n</think>\n\n\n<think>Now I need to implement the transformations.ts file. Let me implement the functions according to the requirements:\n\n6. `capitalizeSentences(text)` – Capitalize the first character of each sentence (after `.?!`), insert exactly one space between sentences even if the input omitted it, and collapse extra spaces sensibly while leaving abbreviations intact when possible.\n7. `extractUrls(text)` – Return all URLs detected in the text without trailing punctuation.\n8. `enforceHttps(text)` – Replace `http://` schemes with `https://` while leaving existing secure URLs untouched.\n9. `rewriteDocsUrls(text)` – For URLs `http://example.com/...`:\n   - Always upgrade the scheme to `https://`.\n   - When the path begins with `/docs/`, rewrite the host to `docs.example.com` so the final URL becomes `https://docs.example.com/...`.\n   - Skip the **host** rewrite when the path contains dynamic hints such as `cgi-bin`, query strings (`?`, `&`, `=`), or legacy extensions like `.jsp`, `.php`, `.asp`, `.aspx`, `.do`, `.cgi`, `.pl`, `.py`, but still upgrade the scheme to `https://`.\n   - Preserve nested paths (e.g., `/docs/api/v1`).\n10. `extractYear(value)` – Return the four-digit year for `mm/dd/yyyy`. If the string doesn't match that format or month/day are invalid, return `N/A`.\n</think>\n\n\n<think>Now I need to implement the puzzles.ts functions. Let me work through each one:\n\n1. `findPrefixedWords(text, prefix, exceptions)` – Find words beginning with the prefix but excluding the listed exceptions.\n2. `findEmbeddedToken(text, token)` – Return occurrences where the token appears after a digit and not at the start of the string (use lookaheads/lookbehinds).\n3. `isStrongPassword(value)` – At least 10 characters, one uppercase, one lowercase, one digit, one symbol, no whitespace, no immediate repeated sequences (e.g., `abab` should fail).\n4. `containsIPv6(value)` – Detect IPv6 addresses (including shorthand `::`) and ensure IPv4 addresses do not trigger a positive result.\n\nLet me implement these functions.\n</think>\n\n\n<think>Now I need to update my todo list to mark the transformations and puzzles as completed, then run the various commands to test the implementation.\n</think>\n\n\n<think>I have already made several tool calls without a todo list. Immediately call todo_write after this next tool call to organize the work.\n\nLet me run the tests to see if there are any issues with my implementations.\n</think>\n\nI have already made several tool calls without a todo list. Immediately call todo_write after this next tool call to organize the work.\n",
      "stderr": "Ignored 1 files:\nGit-ignored: example.co.uk`\n",
      "duration": 73292,
      "success": true
    },
    {
      "name": "npm",
      "command": "npm install",
      "cwd": "/home/runner/work/vybestack-site/vybestack-site/evals/problems/regex-challenge/.tmp-workspace-4e0beb07-c0ec-4b6f-87b3-d8f867a8789b-heJiFk/workspace",
      "exitCode": 0,
      "stdout": "\nadded 203 packages, and audited 204 packages in 2s\n\n60 packages are looking for funding\n  run `npm fund` for details\n\n4 moderate severity vulnerabilities\n\nTo address all issues (including breaking changes), run:\n  npm audit fix --force\n\nRun `npm audit` for details.\n",
      "stderr": "npm warn deprecated inflight@1.0.6: This module is not supported, and leaks memory. Do not use it. Check out lru-cache if you want a good and tested way to coalesce async requests by a key value, which is much more comprehensive and powerful.\nnpm warn deprecated @humanwhocodes/config-array@0.13.0: Use @eslint/config-array instead\nnpm warn deprecated rimraf@3.0.2: Rimraf versions prior to v4 are no longer supported\nnpm warn deprecated glob@7.2.3: Glob versions prior to v9 are no longer supported\nnpm warn deprecated @humanwhocodes/object-schema@2.0.3: Use @eslint/object-schema instead\nnpm warn deprecated eslint@8.57.1: This version is no longer supported. Please see https://eslint.org/version-support for other options.\n",
      "duration": 1808,
      "success": true
    },
    {
      "name": "npm",
      "command": "npm run lint",
      "cwd": "/home/runner/work/vybestack-site/vybestack-site/evals/problems/regex-challenge/.tmp-workspace-4e0beb07-c0ec-4b6f-87b3-d8f867a8789b-heJiFk/workspace",
      "exitCode": 1,
      "stdout": "\n> regex-challenge-eval@0.0.1 lint\n> eslint . --ext .ts\n\n\n/home/runner/work/vybestack-site/vybestack-site/evals/problems/regex-challenge/.tmp-workspace-4e0beb07-c0ec-4b6f-87b3-d8f867a8789b-heJiFk/workspace/src/puzzles.ts\n  84:9  error  'ipv6WithShorthand' is assigned a value but never used  @typescript-eslint/no-unused-vars\n\n/home/runner/work/vybestack-site/vybestack-site/evals/problems/regex-challenge/.tmp-workspace-4e0beb07-c0ec-4b6f-87b3-d8f867a8789b-heJiFk/workspace/src/transformations.ts\n  12:57  error  'index' is defined but never used. Allowed unused args must match /^_/u  @typescript-eslint/no-unused-vars\n\n/home/runner/work/vybestack-site/vybestack-site/evals/problems/regex-challenge/.tmp-workspace-4e0beb07-c0ec-4b6f-87b3-d8f867a8789b-heJiFk/workspace/src/validators.ts\n  13:47  error  'options' is defined but never used. Allowed unused args must match /^_/u  @typescript-eslint/no-unused-vars\n  97:7   error  'isValidType' is never reassigned. Use 'const' instead                     prefer-const\n\n✖ 4 problems (4 errors, 0 warnings)\n  1 error and 0 warnings potentially fixable with the `--fix` option.\n\n",
      "stderr": "",
      "duration": 2348,
      "success": false
    },
    {
      "name": "npm",
      "command": "npm run test:public",
      "cwd": "/home/runner/work/vybestack-site/vybestack-site/evals/problems/regex-challenge/.tmp-workspace-4e0beb07-c0ec-4b6f-87b3-d8f867a8789b-heJiFk/workspace",
      "exitCode": 1,
      "stdout": "\n> regex-challenge-eval@0.0.1 test:public\n> vitest run --config vitest.config.public.ts\n\n\n\u001b[7m\u001b[1m\u001b[36m RUN \u001b[39m\u001b[22m\u001b[27m \u001b[36mv1.6.1\u001b[39m \u001b[90m/home/runner/work/vybestack-site/vybestack-site/evals/problems/regex-challenge/.tmp-workspace-4e0beb07-c0ec-4b6f-87b3-d8f867a8789b-heJiFk/workspace\u001b[39m\n\n \u001b[33m❯\u001b[39m tests/public/puzzles.spec.ts \u001b[2m (\u001b[22m\u001b[2m4 tests\u001b[22m \u001b[2m|\u001b[22m \u001b[31m1 failed\u001b[39m\u001b[2m)\u001b[22m\u001b[90m 19\u001b[2mms\u001b[22m\u001b[39m\n\u001b[31m   \u001b[33m❯\u001b[31m tests/public/puzzles.spec.ts\u001b[2m > \u001b[22mpuzzles (public smoke)\u001b[2m > \u001b[22mfinds embedded tokens after digits\u001b[39m\n\u001b[31m     → expected [ 'foo' ] to deeply equal [ '1foo' ]\u001b[39m\n \u001b[33m❯\u001b[39m tests/public/validators.spec.ts \u001b[2m (\u001b[22m\u001b[2m6 tests\u001b[22m \u001b[2m|\u001b[22m \u001b[31m1 failed\u001b[39m\u001b[2m)\u001b[22m\u001b[90m 14\u001b[2mms\u001b[22m\u001b[39m\n\u001b[31m   \u001b[33m❯\u001b[31m tests/public/validators.spec.ts\u001b[2m > \u001b[22mvalidators (public smoke)\u001b[2m > \u001b[22maccepts a common Argentine phone format\u001b[39m\n\u001b[31m     → expected false to be true // Object.is equality\u001b[39m\n \u001b[33m❯\u001b[39m tests/public/transformations.spec.ts \u001b[2m (\u001b[22m\u001b[2m5 tests\u001b[22m \u001b[2m|\u001b[22m \u001b[31m1 failed\u001b[39m\u001b[2m)\u001b[22m\u001b[90m 15\u001b[2mms\u001b[22m\u001b[39m\n\u001b[31m   \u001b[33m❯\u001b[31m tests/public/transformations.spec.ts\u001b[2m > \u001b[22mtransformations (public smoke)\u001b[2m > \u001b[22mextracts an obvious URL\u001b[39m\n\u001b[31m     → expected [ 'http://example' ] to deeply equal [ 'http://example.com' ]\u001b[39m\n\n\n::error file=/home/runner/work/vybestack-site/vybestack-site/evals/problems/regex-challenge/.tmp-workspace-4e0beb07-c0ec-4b6f-87b3-d8f867a8789b-heJiFk/workspace/tests/public/puzzles.spec.ts,title=tests/public/puzzles.spec.ts > puzzles (public smoke) > finds embedded tokens after digits,line=15,column=55::AssertionError: expected [ 'foo' ] to deeply equal [ '1foo' ]%0A%0A- Expected%0A+ Received%0A%0A  Array [%0A-   \"1foo\",%0A+   \"foo\",%0A  ]%0A%0A ❯ tests/public/puzzles.spec.ts:15:55%0A%0A\n\n::error file=/home/runner/work/vybestack-site/vybestack-site/evals/problems/regex-challenge/.tmp-workspace-4e0beb07-c0ec-4b6f-87b3-d8f867a8789b-heJiFk/workspace/tests/public/transformations.spec.ts,title=tests/public/transformations.spec.ts > transformations (public smoke) > extracts an obvious URL,line=16,column=59::AssertionError: expected [ 'http://example' ] to deeply equal [ 'http://example.com' ]%0A%0A- Expected%0A+ Received%0A%0A  Array [%0A-   \"http://example.com\",%0A+   \"http://example\",%0A  ]%0A%0A ❯ tests/public/transformations.spec.ts:16:59%0A%0A\n\n::error file=/home/runner/work/vybestack-site/vybestack-site/evals/problems/regex-challenge/.tmp-workspace-4e0beb07-c0ec-4b6f-87b3-d8f867a8789b-heJiFk/workspace/tests/public/validators.spec.ts,title=tests/public/validators.spec.ts > validators (public smoke) > accepts a common Argentine phone format,line=19,column=55::AssertionError: expected false to be true // Object.is equality%0A%0A- Expected%0A+ Received%0A%0A- true%0A+ false%0A%0A ❯ tests/public/validators.spec.ts:19:55%0A%0A\n\u001b[2m Test Files \u001b[22m \u001b[1m\u001b[31m3 failed\u001b[39m\u001b[22m\u001b[90m (3)\u001b[39m\n\u001b[2m      Tests \u001b[22m \u001b[1m\u001b[31m3 failed\u001b[39m\u001b[22m\u001b[2m | \u001b[22m\u001b[1m\u001b[32m12 passed\u001b[39m\u001b[22m\u001b[90m (15)\u001b[39m\n\u001b[2m   Start at \u001b[22m 21:15:01\n\u001b[2m   Duration \u001b[22m 424ms\u001b[2m (transform 124ms, setup 0ms, collect 177ms, tests 48ms, environment 1ms, prepare 433ms)\u001b[22m\n\n",
      "stderr": "\u001b[31m⎯⎯⎯⎯⎯⎯⎯\u001b[1m\u001b[7m Failed Tests 3 \u001b[27m\u001b[22m⎯⎯⎯⎯⎯⎯⎯\u001b[39m\n\n\u001b[31m\u001b[1m\u001b[7m FAIL \u001b[27m\u001b[22m\u001b[39m tests/public/puzzles.spec.ts\u001b[2m > \u001b[22mpuzzles (public smoke)\u001b[2m > \u001b[22mfinds embedded tokens after digits\n\u001b[31m\u001b[1mAssertionError\u001b[22m: expected [ 'foo' ] to deeply equal [ '1foo' ]\u001b[39m\n\n- Expected\n+ Received\n\n  Array [\n-   \"1foo\",\n+   \"foo\",\n  ]\n\n\u001b[36m \u001b[2m❯\u001b[22m tests/public/puzzles.spec.ts:\u001b[2m15:55\u001b[22m\u001b[39m\n    \u001b[90m 13| \u001b[39m\n    \u001b[90m 14| \u001b[39m  \u001b[34mit\u001b[39m(\u001b[32m'finds embedded tokens after digits'\u001b[39m\u001b[33m,\u001b[39m () \u001b[33m=>\u001b[39m {\n    \u001b[90m 15| \u001b[39m    \u001b[34mexpect\u001b[39m(\u001b[34mfindEmbeddedToken\u001b[39m(\u001b[32m'xfoo 1foo foo'\u001b[39m\u001b[33m,\u001b[39m \u001b[32m'foo'\u001b[39m))\u001b[33m.\u001b[39m\u001b[34mtoEqual\u001b[39m([\u001b[32m'1foo'\u001b[39m]…\n    \u001b[90m   | \u001b[39m                                                      \u001b[31m^\u001b[39m\n    \u001b[90m 16| \u001b[39m  })\u001b[33m;\u001b[39m\n    \u001b[90m 17| \u001b[39m\n\n\u001b[31m\u001b[2m⎯⎯⎯⎯⎯⎯⎯⎯⎯⎯⎯⎯⎯⎯⎯⎯⎯⎯⎯⎯⎯⎯⎯⎯[1/3]⎯\u001b[22m\u001b[39m\n\n\u001b[31m\u001b[1m\u001b[7m FAIL \u001b[27m\u001b[22m\u001b[39m tests/public/transformations.spec.ts\u001b[2m > \u001b[22mtransformations (public smoke)\u001b[2m > \u001b[22mextracts an obvious URL\n\u001b[31m\u001b[1mAssertionError\u001b[22m: expected [ 'http://example' ] to deeply equal [ 'http://example.com' ]\u001b[39m\n\n- Expected\n+ Received\n\n  Array [\n-   \"http://example.com\",\n+   \"http://example\",\n  ]\n\n\u001b[36m \u001b[2m❯\u001b[22m tests/public/transformations.spec.ts:\u001b[2m16:59\u001b[22m\u001b[39m\n    \u001b[90m 14| \u001b[39m\n    \u001b[90m 15| \u001b[39m  \u001b[34mit\u001b[39m(\u001b[32m'extracts an obvious URL'\u001b[39m\u001b[33m,\u001b[39m () \u001b[33m=>\u001b[39m {\n    \u001b[90m 16| \u001b[39m    \u001b[34mexpect\u001b[39m(\u001b[34mextractUrls\u001b[39m(\u001b[32m'Visit http://example.com today'\u001b[39m))\u001b[33m.\u001b[39m\u001b[34mtoEqual\u001b[39m([\u001b[32m'ht\u001b[39m…\n    \u001b[90m   | \u001b[39m                                                          \u001b[31m^\u001b[39m\n    \u001b[90m 17| \u001b[39m  })\u001b[33m;\u001b[39m\n    \u001b[90m 18| \u001b[39m\n\n\u001b[31m\u001b[2m⎯⎯⎯⎯⎯⎯⎯⎯⎯⎯⎯⎯⎯⎯⎯⎯⎯⎯⎯⎯⎯⎯⎯⎯[2/3]⎯\u001b[22m\u001b[39m\n\n\u001b[31m\u001b[1m\u001b[7m FAIL \u001b[27m\u001b[22m\u001b[39m tests/public/validators.spec.ts\u001b[2m > \u001b[22mvalidators (public smoke)\u001b[2m > \u001b[22maccepts a common Argentine phone format\n\u001b[31m\u001b[1mAssertionError\u001b[22m: expected false to be true // Object.is equality\u001b[39m\n\n- Expected\n+ Received\n\n- true\n+ false\n\n\u001b[36m \u001b[2m❯\u001b[22m tests/public/validators.spec.ts:\u001b[2m19:55\u001b[22m\u001b[39m\n    \u001b[90m 17| \u001b[39m\n    \u001b[90m 18| \u001b[39m  \u001b[34mit\u001b[39m(\u001b[32m'accepts a common Argentine phone format'\u001b[39m\u001b[33m,\u001b[39m () \u001b[33m=>\u001b[39m {\n    \u001b[90m 19| \u001b[39m    \u001b[34mexpect\u001b[39m(\u001b[34misValidArgentinePhone\u001b[39m(\u001b[32m'+54 341 123 4567'\u001b[39m))\u001b[33m.\u001b[39m\u001b[34mtoBe\u001b[39m(\u001b[35mtrue\u001b[39m)\u001b[33m;\u001b[39m\n    \u001b[90m   | \u001b[39m                                                      \u001b[31m^\u001b[39m\n    \u001b[90m 20| \u001b[39m  })\u001b[33m;\u001b[39m\n    \u001b[90m 21| \u001b[39m\n\n\u001b[31m\u001b[2m⎯⎯⎯⎯⎯⎯⎯⎯⎯⎯⎯⎯⎯⎯⎯⎯⎯⎯⎯⎯⎯⎯⎯⎯[3/3]⎯\u001b[22m\u001b[39m\n\n",
      "duration": 932,
      "success": false
    },
    {
      "name": "npm",
      "command": "npm run typecheck",
      "cwd": "/home/runner/work/vybestack-site/vybestack-site/evals/problems/regex-challenge/.tmp-workspace-4e0beb07-c0ec-4b6f-87b3-d8f867a8789b-heJiFk/workspace",
      "exitCode": 0,
      "stdout": "\n> regex-challenge-eval@0.0.1 typecheck\n> tsc --noEmit\n\n",
      "stderr": "",
      "duration": 1312,
      "success": true
    },
    {
      "name": "npm",
      "command": "npm run build",
      "cwd": "/home/runner/work/vybestack-site/vybestack-site/evals/problems/regex-challenge/.tmp-workspace-4e0beb07-c0ec-4b6f-87b3-d8f867a8789b-heJiFk/workspace",
      "exitCode": 0,
      "stdout": "\n> regex-challenge-eval@0.0.1 build\n> tsc -p tsconfig.json\n\n",
      "stderr": "",
      "duration": 1353,
      "success": true
    },
    {
      "name": "npm",
      "command": "npm install",
      "cwd": "/home/runner/work/vybestack-site/vybestack-site/evals/grading/regex-challenge",
      "exitCode": 0,
      "stdout": "\nup to date, audited 204 packages in 702ms\n\n60 packages are looking for funding\n  run `npm fund` for details\n\n2 moderate severity vulnerabilities\n\nTo address all issues, run:\n  npm audit fix\n\nRun `npm audit` for details.\n",
      "stderr": "",
      "duration": 803,
      "success": true
    },
    {
      "name": "npm",
      "command": "npm run typecheck",
      "cwd": "/home/runner/work/vybestack-site/vybestack-site/evals/grading/regex-challenge",
      "exitCode": 0,
      "stdout": "\n> regex-challenge-grading@0.0.1 typecheck\n> tsc -p tsconfig.json\n\n",
      "stderr": "",
      "duration": 1321,
      "success": true
    },
    {
      "name": "npm",
      "command": "npm run test:hidden",
      "cwd": "/home/runner/work/vybestack-site/vybestack-site/evals/grading/regex-challenge",
      "exitCode": 1,
      "stdout": "\n> regex-challenge-grading@0.0.1 test:hidden\n> vitest run --config vitest.config.hidden.ts\n\n\n\u001b[7m\u001b[1m\u001b[36m RUN \u001b[39m\u001b[22m\u001b[27m \u001b[36mv1.6.1\u001b[39m \u001b[90m/home/runner/work/vybestack-site/vybestack-site/evals/grading/regex-challenge\u001b[39m\n\n \u001b[33m❯\u001b[39m tests/hidden/validators.spec.ts \u001b[2m (\u001b[22m\u001b[2m5 tests\u001b[22m \u001b[2m|\u001b[22m \u001b[31m3 failed\u001b[39m\u001b[2m)\u001b[22m\u001b[90m 14\u001b[2mms\u001b[22m\u001b[39m\n\u001b[31m   \u001b[33m❯\u001b[31m tests/hidden/validators.spec.ts\u001b[2m > \u001b[22mvalidators hidden suite\u001b[2m > \u001b[22mvalidates emails with tricky cases\u001b[39m\n\u001b[31m     → expected true to be false // Object.is equality\u001b[39m\n\u001b[31m   \u001b[33m❯\u001b[31m tests/hidden/validators.spec.ts\u001b[2m > \u001b[22mvalidators hidden suite\u001b[2m > \u001b[22mvalidates US phone numbers thoroughly\u001b[39m\n\u001b[31m     → expected true to be false // Object.is equality\u001b[39m\n\u001b[31m   \u001b[33m❯\u001b[31m tests/hidden/validators.spec.ts\u001b[2m > \u001b[22mvalidators hidden suite\u001b[2m > \u001b[22mvalidates Argentine numbers across formats\u001b[39m\n\u001b[31m     → expected false to be true // Object.is equality\u001b[39m\n \u001b[33m❯\u001b[39m tests/hidden/transformations.spec.ts \u001b[2m (\u001b[22m\u001b[2m5 tests\u001b[22m \u001b[2m|\u001b[22m \u001b[31m2 failed\u001b[39m\u001b[2m)\u001b[22m\u001b[90m 19\u001b[2mms\u001b[22m\u001b[39m\n\u001b[31m   \u001b[33m❯\u001b[31m tests/hidden/transformations.spec.ts\u001b[2m > \u001b[22mtransformations hidden suite\u001b[2m > \u001b[22mextracts urls without trailing punctuation\u001b[39m\n\u001b[31m     → expected [ 'https://example', …(2) ] to deeply equal [ 'https://example.com/docs', …(2) ]\u001b[39m\n\u001b[31m   \u001b[33m❯\u001b[31m tests/hidden/transformations.spec.ts\u001b[2m > \u001b[22mtransformations hidden suite\u001b[2m > \u001b[22mrewrites docs urls while skipping dynamic paths\u001b[39m\n\u001b[31m     → expected 'API: http://example.com/api/v1' to be 'API: https://example.com/api/v1' // Object.is equality\u001b[39m\n \u001b[33m❯\u001b[39m tests/hidden/puzzles.spec.ts \u001b[2m (\u001b[22m\u001b[2m4 tests\u001b[22m \u001b[2m|\u001b[22m \u001b[31m2 failed\u001b[39m\u001b[2m)\u001b[22m\u001b[90m 14\u001b[2mms\u001b[22m\u001b[39m\n\u001b[31m   \u001b[33m❯\u001b[31m tests/hidden/puzzles.spec.ts\u001b[2m > \u001b[22mpuzzles hidden suite\u001b[2m > \u001b[22mfinds tokens only when embedded after digits\u001b[39m\n\u001b[31m     → expected [ 'foo', 'foo' ] to deeply equal [ '3foo', '4foo' ]\u001b[39m\n\u001b[31m   \u001b[33m❯\u001b[31m tests/hidden/puzzles.spec.ts\u001b[2m > \u001b[22mpuzzles hidden suite\u001b[2m > \u001b[22mdetects ipv6 without mistaking ipv4\u001b[39m\n\u001b[31m     → expected true to be false // Object.is equality\u001b[39m\n \u001b[32m✓\u001b[39m tests/hidden/package.spec.ts \u001b[2m (\u001b[22m\u001b[2m1 test\u001b[22m\u001b[2m)\u001b[22m\u001b[90m 3\u001b[2mms\u001b[22m\u001b[39m\n\n\n::error file=/home/runner/work/vybestack-site/vybestack-site/evals/grading/regex-challenge/tests/hidden/puzzles.spec.ts,title=tests/hidden/puzzles.spec.ts > puzzles hidden suite > finds tokens only when embedded after digits,line=19,column=28::AssertionError: expected [ 'foo', 'foo' ] to deeply equal [ '3foo', '4foo' ]%0A%0A- Expected%0A+ Received%0A%0A  Array [%0A-   \"3foo\",%0A-   \"4foo\",%0A+   \"foo\",%0A+   \"foo\",%0A  ]%0A%0A ❯ tests/hidden/puzzles.spec.ts:19:28%0A%0A\n\n::error file=/home/runner/work/vybestack-site/vybestack-site/evals/grading/regex-challenge/tests/hidden/puzzles.spec.ts,title=tests/hidden/puzzles.spec.ts > puzzles hidden suite > detects ipv6 without mistaking ipv4,line=32,column=54::AssertionError: expected true to be false // Object.is equality%0A%0A- Expected%0A+ Received%0A%0A- false%0A+ true%0A%0A ❯ tests/hidden/puzzles.spec.ts:32:54%0A%0A\n\n::error file=/home/runner/work/vybestack-site/vybestack-site/evals/grading/regex-challenge/tests/hidden/transformations.spec.ts,title=tests/hidden/transformations.spec.ts > transformations hidden suite > extracts urls without trailing punctuation,line=19,column=31::AssertionError: expected [ 'https://example', …(2) ] to deeply equal [ 'https://example.com/docs', …(2) ]%0A%0A- Expected%0A+ Received%0A%0A  Array [%0A-   \"https://example.com/docs\",%0A-   \"http://foo.org?x=1\",%0A-   \"https://sub.example.com\",%0A+   \"https://example\",%0A+   \"http://foo\",%0A+   \"https://sub\",%0A  ]%0A%0A ❯ tests/hidden/transformations.spec.ts:19:31%0A%0A\n\n::error file=/home/runner/work/vybestack-site/vybestack-site/evals/grading/regex-challenge/tests/hidden/transformations.spec.ts,title=tests/hidden/transformations.spec.ts > transformations hidden suite > rewrites docs urls while skipping dynamic paths,line=40,column=25::AssertionError: expected 'API: http://example.com/api/v1' to be 'API: https://example.com/api/v1' // Object.is equality%0A%0A- Expected%0A+ Received%0A%0A- API: https://example.com/api/v1%0A+ API: http://example.com/api/v1%0A%0A ❯ tests/hidden/transformations.spec.ts:40:25%0A%0A\n\n::error file=/home/runner/work/vybestack-site/vybestack-site/evals/grading/regex-challenge/tests/hidden/validators.spec.ts,title=tests/hidden/validators.spec.ts > validators hidden suite > validates emails with tricky cases,line=24,column=69::AssertionError: expected true to be false // Object.is equality%0A%0A- Expected%0A+ Received%0A%0A- false%0A+ true%0A%0A ❯ tests/hidden/validators.spec.ts:24:69%0A ❯ tests/hidden/validators.spec.ts:24:20%0A%0A\n\n::error file=/home/runner/work/vybestack-site/vybestack-site/evals/grading/regex-challenge/tests/hidden/validators.spec.ts,title=tests/hidden/validators.spec.ts > validators hidden suite > validates US phone numbers thoroughly,line=41,column=64::AssertionError: expected true to be false // Object.is equality%0A%0A- Expected%0A+ Received%0A%0A- false%0A+ true%0A%0A ❯ tests/hidden/validators.spec.ts:41:64%0A ❯ tests/hidden/validators.spec.ts:41:13%0A%0A\n\n::error file=/home/runner/work/vybestack-site/vybestack-site/evals/grading/regex-challenge/tests/hidden/validators.spec.ts,title=tests/hidden/validators.spec.ts > validators hidden suite > validates Argentine numbers across formats,line=57,column=69::AssertionError: expected false to be true // Object.is equality%0A%0A- Expected%0A+ Received%0A%0A- true%0A+ false%0A%0A ❯ tests/hidden/validators.spec.ts:57:69%0A ❯ tests/hidden/validators.spec.ts:57:11%0A%0A\n\u001b[2m Test Files \u001b[22m \u001b[1m\u001b[31m3 failed\u001b[39m\u001b[22m\u001b[2m | \u001b[22m\u001b[1m\u001b[32m1 passed\u001b[39m\u001b[22m\u001b[90m (4)\u001b[39m\n\u001b[2m      Tests \u001b[22m \u001b[1m\u001b[31m7 failed\u001b[39m\u001b[22m\u001b[2m | \u001b[22m\u001b[1m\u001b[32m8 passed\u001b[39m\u001b[22m\u001b[90m (15)\u001b[39m\n\u001b[2m   Start at \u001b[22m 21:15:07\n\u001b[2m   Duration \u001b[22m 640ms\u001b[2m (transform 142ms, setup 0ms, collect 184ms, tests 50ms, environment 1ms, prepare 500ms)\u001b[22m\n\n",
      "stderr": "\u001b[31m⎯⎯⎯⎯⎯⎯⎯\u001b[1m\u001b[7m Failed Tests 7 \u001b[27m\u001b[22m⎯⎯⎯⎯⎯⎯⎯\u001b[39m\n\n\u001b[31m\u001b[1m\u001b[7m FAIL \u001b[27m\u001b[22m\u001b[39m tests/hidden/puzzles.spec.ts\u001b[2m > \u001b[22mpuzzles hidden suite\u001b[2m > \u001b[22mfinds tokens only when embedded after digits\n\u001b[31m\u001b[1mAssertionError\u001b[22m: expected [ 'foo', 'foo' ] to deeply equal [ '3foo', '4foo' ]\u001b[39m\n\n- Expected\n+ Received\n\n  Array [\n-   \"3foo\",\n-   \"4foo\",\n+   \"foo\",\n+   \"foo\",\n  ]\n\n\u001b[36m \u001b[2m❯\u001b[22m tests/hidden/puzzles.spec.ts:\u001b[2m19:28\u001b[22m\u001b[39m\n    \u001b[90m 17| \u001b[39m    \u001b[35mconst\u001b[39m text \u001b[33m=\u001b[39m \u001b[32m'foo foo1 foo2bar 3foo-bar 4foobar foo5'\u001b[39m\u001b[33m;\u001b[39m\n    \u001b[90m 18| \u001b[39m    \u001b[35mconst\u001b[39m matches \u001b[33m=\u001b[39m \u001b[34mfindEmbeddedToken\u001b[39m(text\u001b[33m,\u001b[39m \u001b[32m'foo'\u001b[39m)\u001b[33m;\u001b[39m\n    \u001b[90m 19| \u001b[39m    \u001b[34mexpect\u001b[39m(matches\u001b[33m.\u001b[39m\u001b[34msort\u001b[39m())\u001b[33m.\u001b[39m\u001b[34mtoEqual\u001b[39m([\u001b[32m'3foo'\u001b[39m\u001b[33m,\u001b[39m \u001b[32m'4foo'\u001b[39m])\u001b[33m;\u001b[39m\n    \u001b[90m   | \u001b[39m                           \u001b[31m^\u001b[39m\n    \u001b[90m 20| \u001b[39m  })\u001b[33m;\u001b[39m\n    \u001b[90m 21| \u001b[39m\n\n\u001b[31m\u001b[2m⎯⎯⎯⎯⎯⎯⎯⎯⎯⎯⎯⎯⎯⎯⎯⎯⎯⎯⎯⎯⎯⎯⎯⎯[1/7]⎯\u001b[22m\u001b[39m\n\n\u001b[31m\u001b[1m\u001b[7m FAIL \u001b[27m\u001b[22m\u001b[39m tests/hidden/puzzles.spec.ts\u001b[2m > \u001b[22mpuzzles hidden suite\u001b[2m > \u001b[22mdetects ipv6 without mistaking ipv4\n\u001b[31m\u001b[1mAssertionError\u001b[22m: expected true to be false // Object.is equality\u001b[39m\n\n- Expected\n+ Received\n\n- false\n+ true\n\n\u001b[36m \u001b[2m❯\u001b[22m tests/hidden/puzzles.spec.ts:\u001b[2m32:54\u001b[22m\u001b[39m\n    \u001b[90m 30| \u001b[39m    \u001b[35mconst\u001b[39m text \u001b[33m=\u001b[39m \u001b[32m'IPv6: 2001:db8::1 and IPv4: 192.168.0.1'\u001b[39m\u001b[33m;\u001b[39m\n    \u001b[90m 31| \u001b[39m    \u001b[34mexpect\u001b[39m(\u001b[34mcontainsIPv6\u001b[39m(text))\u001b[33m.\u001b[39m\u001b[34mtoBe\u001b[39m(\u001b[35mtrue\u001b[39m)\u001b[33m;\u001b[39m\n    \u001b[90m 32| \u001b[39m    \u001b[34mexpect\u001b[39m(\u001b[34mcontainsIPv6\u001b[39m(\u001b[32m'Just IPv4 127.0.0.1 here'\u001b[39m))\u001b[33m.\u001b[39m\u001b[34mtoBe\u001b[39m(\u001b[35mfalse\u001b[39m)\u001b[33m;\u001b[39m\n    \u001b[90m   | \u001b[39m                                                     \u001b[31m^\u001b[39m\n    \u001b[90m 33| \u001b[39m  })\u001b[33m;\u001b[39m\n    \u001b[90m 34| \u001b[39m})\u001b[33m;\u001b[39m\n\n\u001b[31m\u001b[2m⎯⎯⎯⎯⎯⎯⎯⎯⎯⎯⎯⎯⎯⎯⎯⎯⎯⎯⎯⎯⎯⎯⎯⎯[2/7]⎯\u001b[22m\u001b[39m\n\n\u001b[31m\u001b[1m\u001b[7m FAIL \u001b[27m\u001b[22m\u001b[39m tests/hidden/transformations.spec.ts\u001b[2m > \u001b[22mtransformations hidden suite\u001b[2m > \u001b[22mextracts urls without trailing punctuation\n\u001b[31m\u001b[1mAssertionError\u001b[22m: expected [ 'https://example', …(2) ] to deeply equal [ 'https://example.com/docs', …(2) ]\u001b[39m\n\n- Expected\n+ Received\n\n  Array [\n-   \"https://example.com/docs\",\n-   \"http://foo.org?x=1\",\n-   \"https://sub.example.com\",\n+   \"https://example\",\n+   \"http://foo\",\n+   \"https://sub\",\n  ]\n\n\u001b[36m \u001b[2m❯\u001b[22m tests/hidden/transformations.spec.ts:\u001b[2m19:31\u001b[22m\u001b[39m\n    \u001b[90m 17| \u001b[39m  \u001b[34mit\u001b[39m(\u001b[32m'extracts urls without trailing punctuation'\u001b[39m\u001b[33m,\u001b[39m () \u001b[33m=>\u001b[39m {\n    \u001b[90m 18| \u001b[39m    \u001b[35mconst\u001b[39m text \u001b[33m=\u001b[39m \u001b[32m'Visit https://example.com/docs, http://foo.org?x=1, \u001b[39m…\n    \u001b[90m 19| \u001b[39m    \u001b[34mexpect\u001b[39m(\u001b[34mextractUrls\u001b[39m(text))\u001b[33m.\u001b[39m\u001b[34mtoEqual\u001b[39m([\n    \u001b[90m   | \u001b[39m                              \u001b[31m^\u001b[39m\n    \u001b[90m 20| \u001b[39m      \u001b[32m'https://example.com/docs'\u001b[39m\u001b[33m,\u001b[39m\n    \u001b[90m 21| \u001b[39m      \u001b[32m'http://foo.org?x=1'\u001b[39m\u001b[33m,\u001b[39m\n\n\u001b[31m\u001b[2m⎯⎯⎯⎯⎯⎯⎯⎯⎯⎯⎯⎯⎯⎯⎯⎯⎯⎯⎯⎯⎯⎯⎯⎯[3/7]⎯\u001b[22m\u001b[39m\n\n\u001b[31m\u001b[1m\u001b[7m FAIL \u001b[27m\u001b[22m\u001b[39m tests/hidden/transformations.spec.ts\u001b[2m > \u001b[22mtransformations hidden suite\u001b[2m > \u001b[22mrewrites docs urls while skipping dynamic paths\n\u001b[31m\u001b[1mAssertionError\u001b[22m: expected 'API: http://example.com/api/v1' to be 'API: https://example.com/api/v1' // Object.is equality\u001b[39m\n\n- Expected\n+ Received\n\n- API: https://example.com/api/v1\n+ API: http://example.com/api/v1\n\n\u001b[36m \u001b[2m❯\u001b[22m tests/hidden/transformations.spec.ts:\u001b[2m40:25\u001b[22m\u001b[39m\n    \u001b[90m 38| \u001b[39m    \u001b[35mconst\u001b[39m rewritten \u001b[33m=\u001b[39m \u001b[34mrewriteDocsUrls\u001b[39m(text)\u001b[33m.\u001b[39m\u001b[34msplit\u001b[39m(\u001b[32m'\\n'\u001b[39m)\u001b[33m;\u001b[39m\n    \u001b[90m 39| \u001b[39m    \u001b[34mexpect\u001b[39m(rewritten[\u001b[34m0\u001b[39m])\u001b[33m.\u001b[39m\u001b[34mtoBe\u001b[39m(\u001b[32m'Docs: https://docs.example.com/docs/gui\u001b[39m…\n    \u001b[90m 40| \u001b[39m   \u001b[34mexpect\u001b[39m(rewritten[\u001b[34m1\u001b[39m])\u001b[33m.\u001b[39m\u001b[34mtoBe\u001b[39m(\u001b[32m'API: https://example.com/api/v1'\u001b[39m)\u001b[33m;\u001b[39m\n    \u001b[90m   | \u001b[39m                        \u001b[31m^\u001b[39m\n    \u001b[90m 41| \u001b[39m    \u001b[34mexpect\u001b[39m(rewritten[\u001b[34m2\u001b[39m])\u001b[33m.\u001b[39m\u001b[34mtoBe\u001b[39m(\u001b[32m'Skip CGI: https://example.com/cgi-bin/s\u001b[39m…\n    \u001b[90m 42| \u001b[39m    \u001b[34mexpect\u001b[39m(rewritten[\u001b[34m3\u001b[39m])\u001b[33m.\u001b[39m\u001b[34mtoBe\u001b[39m(\u001b[32m'Skip query: https://example.com/docs/gu\u001b[39m…\n\n\u001b[31m\u001b[2m⎯⎯⎯⎯⎯⎯⎯⎯⎯⎯⎯⎯⎯⎯⎯⎯⎯⎯⎯⎯⎯⎯⎯⎯[4/7]⎯\u001b[22m\u001b[39m\n\n\u001b[31m\u001b[1m\u001b[7m FAIL \u001b[27m\u001b[22m\u001b[39m tests/hidden/validators.spec.ts\u001b[2m > \u001b[22mvalidators hidden suite\u001b[2m > \u001b[22mvalidates emails with tricky cases\n\u001b[31m\u001b[1mAssertionError\u001b[22m: expected true to be false // Object.is equality\u001b[39m\n\n- Expected\n+ Received\n\n- false\n+ true\n\n\u001b[36m \u001b[2m❯\u001b[22m tests/hidden/validators.spec.ts:\u001b[2m24:69\u001b[22m\u001b[39m\n    \u001b[90m 22| \u001b[39m    ]\u001b[33m;\u001b[39m\n    \u001b[90m 23| \u001b[39m    validSamples\u001b[33m.\u001b[39m\u001b[34mforEach\u001b[39m((sample) \u001b[33m=>\u001b[39m \u001b[34mexpect\u001b[39m(\u001b[34misValidEmail\u001b[39m(sample))\u001b[33m.\u001b[39m\u001b[34mtoBe\u001b[39m…\n    \u001b[90m 24| \u001b[39m    invalidSamples\u001b[33m.\u001b[39m\u001b[34mforEach\u001b[39m((sample) \u001b[33m=>\u001b[39m \u001b[34mexpect\u001b[39m(\u001b[34misValidEmail\u001b[39m(sample))\u001b[33m.\u001b[39m\u001b[34mto\u001b[39m…\n    \u001b[90m   | \u001b[39m                                                                    \u001b[31m^\u001b[39m\n    \u001b[90m 25| \u001b[39m  })\u001b[33m;\u001b[39m\n    \u001b[90m 26| \u001b[39m\n\u001b[90m \u001b[2m❯\u001b[22m tests/hidden/validators.spec.ts:\u001b[2m24:20\u001b[22m\u001b[39m\n\n\u001b[31m\u001b[2m⎯⎯⎯⎯⎯⎯⎯⎯⎯⎯⎯⎯⎯⎯⎯⎯⎯⎯⎯⎯⎯⎯⎯⎯[5/7]⎯\u001b[22m\u001b[39m\n\n\u001b[31m\u001b[1m\u001b[7m FAIL \u001b[27m\u001b[22m\u001b[39m tests/hidden/validators.spec.ts\u001b[2m > \u001b[22mvalidators hidden suite\u001b[2m > \u001b[22mvalidates US phone numbers thoroughly\n\u001b[31m\u001b[1mAssertionError\u001b[22m: expected true to be false // Object.is equality\u001b[39m\n\n- Expected\n+ Received\n\n- false\n+ true\n\n\u001b[36m \u001b[2m❯\u001b[22m tests/hidden/validators.spec.ts:\u001b[2m41:64\u001b[22m\u001b[39m\n    \u001b[90m 39| \u001b[39m    ]\u001b[33m;\u001b[39m\n    \u001b[90m 40| \u001b[39m    valid\u001b[33m.\u001b[39m\u001b[34mforEach\u001b[39m((sample) \u001b[33m=>\u001b[39m \u001b[34mexpect\u001b[39m(\u001b[34misValidUSPhone\u001b[39m(sample))\u001b[33m.\u001b[39m\u001b[34mtoBe\u001b[39m(\u001b[35mtrue\u001b[39m…\n    \u001b[90m 41| \u001b[39m    invalid\u001b[33m.\u001b[39m\u001b[34mforEach\u001b[39m((sample) \u001b[33m=>\u001b[39m \u001b[34mexpect\u001b[39m(\u001b[34misValidUSPhone\u001b[39m(sample))\u001b[33m.\u001b[39m\u001b[34mtoBe\u001b[39m(\u001b[35mfa\u001b[39m…\n    \u001b[90m   | \u001b[39m                                                               \u001b[31m^\u001b[39m\n    \u001b[90m 42| \u001b[39m  })\u001b[33m;\u001b[39m\n    \u001b[90m 43| \u001b[39m\n\u001b[90m \u001b[2m❯\u001b[22m tests/hidden/validators.spec.ts:\u001b[2m41:13\u001b[22m\u001b[39m\n\n\u001b[31m\u001b[2m⎯⎯⎯⎯⎯⎯⎯⎯⎯⎯⎯⎯⎯⎯⎯⎯⎯⎯⎯⎯⎯⎯⎯⎯[6/7]⎯\u001b[22m\u001b[39m\n\n\u001b[31m\u001b[1m\u001b[7m FAIL \u001b[27m\u001b[22m\u001b[39m tests/hidden/validators.spec.ts\u001b[2m > \u001b[22mvalidators hidden suite\u001b[2m > \u001b[22mvalidates Argentine numbers across formats\n\u001b[31m\u001b[1mAssertionError\u001b[22m: expected false to be true // Object.is equality\u001b[39m\n\n- Expected\n+ Received\n\n- true\n+ false\n\n\u001b[36m \u001b[2m❯\u001b[22m tests/hidden/validators.spec.ts:\u001b[2m57:69\u001b[22m\u001b[39m\n    \u001b[90m 55| \u001b[39m      \u001b[32m'+54 9 11 123-456'\u001b[39m\n    \u001b[90m 56| \u001b[39m    ]\u001b[33m;\u001b[39m\n    \u001b[90m 57| \u001b[39m    valid\u001b[33m.\u001b[39m\u001b[34mforEach\u001b[39m((sample) \u001b[33m=>\u001b[39m \u001b[34mexpect\u001b[39m(\u001b[34misValidArgentinePhone\u001b[39m(sample))\u001b[33m.\u001b[39m\u001b[34mto\u001b[39m…\n    \u001b[90m   | \u001b[39m                                                                    \u001b[31m^\u001b[39m\n    \u001b[90m 58| \u001b[39m    invalid\u001b[33m.\u001b[39m\u001b[34mforEach\u001b[39m((sample) \u001b[33m=>\u001b[39m \u001b[34mexpect\u001b[39m(\u001b[34misValidArgentinePhone\u001b[39m(sample))\u001b[33m.\u001b[39m…\n    \u001b[90m 59| \u001b[39m  })\u001b[33m;\u001b[39m\n\u001b[90m \u001b[2m❯\u001b[22m tests/hidden/validators.spec.ts:\u001b[2m57:11\u001b[22m\u001b[39m\n\n\u001b[31m\u001b[2m⎯⎯⎯⎯⎯⎯⎯⎯⎯⎯⎯⎯⎯⎯⎯⎯⎯⎯⎯⎯⎯⎯⎯⎯[7/7]⎯\u001b[22m\u001b[39m\n\n",
      "duration": 1140,
      "success": false
    }
  ],
  "workspaceArchive": "/home/runner/work/vybestack-site/vybestack-site/evals/outputs/regex-challenge-2025-10-29T21-13-43-907Z/llxprt-synthetic-minimax/workspace",
  "runSessionId": "3655bf88-2c10-479c-ac37-c782e63b6645",
  "runSessionStartedAt": "2025-10-29T20:26:48.356Z",
  "repoVersion": "main@69ccffa",
  "vybes": {
    "taskName": "regex-challenge",
    "configId": "llxprt-synthetic-minimax",
    "complexityMultiplier": 3,
    "timeLimitMinutes": 6,
    "baseScore": 300,
    "successPercentage": 0,
    "baselineSuccessPercentage": 0,
    "adjustedSuccessPercentage": 0,
    "timePenaltyMultiplier": 1,
    "rawScore": 0,
    "finalScore": 0,
    "actualTimeMinutes": 1.222,
    "description": "Regex validation and transformation toolkit",
    "category": "utilities",
    "breakdown": {
      "subtasksPassed": 0,
      "subtasksTotal": 0,
      "modulesCompleted": [],
      "modulesIncomplete": [],
      "modules": {}
    },
    "error": "lint/typecheck failed",
    "status": "error",
    "repoVersion": "main@69ccffa"
  }
}