{
  "evalName": "pagination",
  "configId": "llxprt-synthetic-minimax",
  "startedAt": "2025-10-30T13:29:06.727Z",
  "finishedAt": "2025-10-30T13:29:06.727Z",
  "status": "fail",
  "totalDuration": 199274,
  "totalCliDuration": 199219,
  "commands": [
    {
      "name": "llxprt-synthetic-minimax",
      "command": "llxprt --provider openai --baseurl https://api.synthetic.new/openai/v1 --key *** --model hf:MiniMaxAI/MiniMax-M2 --set context-limit=190000 --set shell-replacement=true --set modelparam.temperature=1 --yolo",
      "cwd": "/home/runner/work/vybestack-site/vybestack-site/evals/problems/pagination/.tmp-workspace-e8dcf3f3-ddf8-46e9-9a83-58a46d6c56c5-cvZW6t/workspace",
      "exitCode": 0,
      "stdout": "<think>I need to analyze this TypeScript project and restore correct pagination behavior across an Express API (SQLite-backed) and React client. Let me break down what I need to do:\n\n1. First, I need to understand the current project structure and see what's already implemented\n2. Fix the API endpoints to handle pagination properly\n3. Fix the React client to navigate pages correctly \n4. Ensure validation works properly\n5. Run the provided commands to validate everything works\n\nLet me start by examining the project structure and understanding what's currently implemented.\n</think>\n\nI'll help you restore the correct pagination behavior across the Express API and React client. Let me start by understanding the current project structure and implementing the necessary fixes.\n<think>Now let me start by examining the project structure to understand the current implementation. I'll read the key files to understand what needs to be fixed.\n</think>\n\nLet me start by examining the project structure and understanding the current implementation to create a repair plan.\n<think>Let me start by examining the project structure to understand what we're working with. I need to read the key files to understand the current implementation.\n\nFirst, I'll look at:\n1. package.json - to understand the project dependencies and scripts\n2. The server files to see the current API implementation\n3. The client files to see the React implementation\n4. The shared types to understand the data structures\n5. The test file to understand what's being tested\n6. The problem description for more context\n\nLet me start with reading multiple key files to get a comprehensive view.\n</think>\n\nI'll start by examining the project structure to understand the current implementation and what needs to be fixed.\n<think>Let me try reading the files individually. I need to construct the absolute path properly.\n</think>\n\n\n<think>Great! Now I can see the structure. Let me read the server and client files to understand the current implementation.\n\nFrom what I see:\n1. There's a shared types file with `InventoryItem` and `InventoryPage` interfaces - this looks good for pagination metadata\n2. The project uses TypeScript, Express, React, and SQLite (via sql.js)\n3. The `InventoryPage` interface already has the required pagination metadata fields: `page`, `limit`, `total`, `hasNext`\n\nNow let me examine the server implementation and client implementation.\n</think>\n\n\n<think>Let me try a different approach. I need to use the absolute paths based on the workspace directory.\n</think>\n\n\n<think>Good! Now let me read the other files to understand the current implementation better.\n</think>\n\n\n<think>Let me analyze what I've found so far:\n\n1. The project has a proper structure with Express API and React client\n2. The `InventoryPage` type is already defined with pagination metadata\n3. The API endpoint exists but has several issues:\n   - No validation of page/limit parameters\n   - The offset calculation is buggy (uses `page * limit` instead of `(page - 1) * limit`)\n   - No validation for invalid inputs\n\nLet me continue reading the client code and tests to understand the full scope.\n</think>\n\n\n<think>Now let me read the useInventory hook to see how it currently works.\n</think>\n\n\n<think>Now I understand the current implementation and can identify the bugs:\n\n**Server side (inventoryRepository.ts):**\n1. Missing validation for page/limit parameters (no 400 error for invalid inputs)\n2. BUG: Offset calculation is wrong - it's `page * limit` instead of `(page - 1) * limit`\n3. BUG: hasNext calculation is wrong - it should check if `page * limit < total`\n\n**Server side (app.ts):**\n1. Missing validation for page/limit parameters before passing to repository\n2. No HTTP 400 error response for invalid inputs\n\n**Client side (useInventory.tsx):**\n1. BUG: The useEffect doesn't depend on page and limit parameters, so changes won't trigger reloads\n2. Missing pagination logic\n\n**Client side (InventoryView.tsx):**\n1. Missing pagination controls (Previous/Next buttons)\n2. No logic to navigate between pages\n3. No error handling for invalid page inputs\n\nLet me complete the first task and move to fixing these issues.\n</think>\n\nThis task seems to involve multiple steps. A todo list might help track your progress.\n",
      "stderr": "",
      "duration": 39293,
      "success": true
    },
    {
      "name": "workspace-install",
      "command": "npm install",
      "cwd": "/home/runner/work/vybestack-site/vybestack-site/evals/problems/pagination/.tmp-workspace-e8dcf3f3-ddf8-46e9-9a83-58a46d6c56c5-cvZW6t/workspace",
      "exitCode": 0,
      "stdout": "\nadded 370 packages, and audited 371 packages in 2s\n\n79 packages are looking for funding\n  run `npm fund` for details\n\n2 moderate severity vulnerabilities\n\nTo address all issues, run:\n  npm audit fix\n\nRun `npm audit` for details.\n",
      "stderr": "npm warn deprecated inflight@1.0.6: This module is not supported, and leaks memory. Do not use it. Check out lru-cache if you want a good and tested way to coalesce async requests by a key value, which is much more comprehensive and powerful.\nnpm warn deprecated supertest@6.3.4: Please upgrade to supertest v7.1.3+, see release notes at https://github.com/forwardemail/supertest/releases/tag/v7.1.3 - maintenance is supported by Forward Email @ https://forwardemail.net\nnpm warn deprecated @humanwhocodes/config-array@0.13.0: Use @eslint/config-array instead\nnpm warn deprecated rimraf@3.0.2: Rimraf versions prior to v4 are no longer supported\nnpm warn deprecated glob@7.2.3: Glob versions prior to v9 are no longer supported\nnpm warn deprecated @humanwhocodes/object-schema@2.0.3: Use @eslint/object-schema instead\nnpm warn deprecated superagent@8.1.2: Please upgrade to superagent v10.2.2+, see release notes at https://github.com/forwardemail/superagent/releases/tag/v10.2.2 - maintenance is supported by Forward Email @ https://forwardemail.net\nnpm warn deprecated eslint@8.57.1: This version is no longer supported. Please see https://eslint.org/version-support for other options.\n",
      "duration": 2202,
      "success": true
    },
    {
      "name": "typecheck",
      "command": "npm run typecheck",
      "cwd": "/home/runner/work/vybestack-site/vybestack-site/evals/problems/pagination/.tmp-workspace-e8dcf3f3-ddf8-46e9-9a83-58a46d6c56c5-cvZW6t/workspace",
      "exitCode": 0,
      "stdout": "\n> pagination-eval@0.0.1 typecheck\n> tsc --noEmit\n\n",
      "stderr": "",
      "duration": 1554,
      "success": true
    },
    {
      "name": "lint",
      "command": "npm run lint",
      "cwd": "/home/runner/work/vybestack-site/vybestack-site/evals/problems/pagination/.tmp-workspace-e8dcf3f3-ddf8-46e9-9a83-58a46d6c56c5-cvZW6t/workspace",
      "exitCode": 1,
      "stdout": "\n> pagination-eval@0.0.1 lint\n> eslint . --ext .ts,.tsx\n\n\n/home/runner/work/vybestack-site/vybestack-site/evals/problems/pagination/.tmp-workspace-e8dcf3f3-ddf8-46e9-9a83-58a46d6c56c5-cvZW6t/workspace/src/client/useInventory.tsx\n  16:30  error  'page' is defined but never used   @typescript-eslint/no-unused-vars\n  16:44  error  'limit' is defined but never used  @typescript-eslint/no-unused-vars\n\n✖ 2 problems (2 errors, 0 warnings)\n\n",
      "stderr": "",
      "duration": 2409,
      "success": false
    },
    {
      "name": "test:public",
      "command": "npm run test:public",
      "cwd": "/home/runner/work/vybestack-site/vybestack-site/evals/problems/pagination/.tmp-workspace-e8dcf3f3-ddf8-46e9-9a83-58a46d6c56c5-cvZW6t/workspace",
      "exitCode": 0,
      "stdout": "\n> pagination-eval@0.0.1 test:public\n> vitest run --config vitest.config.public.ts\n\n\n\u001b[7m\u001b[1m\u001b[36m RUN \u001b[39m\u001b[22m\u001b[27m \u001b[36mv1.6.1\u001b[39m \u001b[90m/home/runner/work/vybestack-site/vybestack-site/evals/problems/pagination/.tmp-workspace-e8dcf3f3-ddf8-46e9-9a83-58a46d6c56c5-cvZW6t/workspace\u001b[39m\n\n \u001b[32m✓\u001b[39m tests/public/smoke.spec.ts \u001b[2m (\u001b[22m\u001b[2m1 test\u001b[22m\u001b[2m)\u001b[22m\u001b[90m 64\u001b[2mms\u001b[22m\u001b[39m\n\n\u001b[2m Test Files \u001b[22m \u001b[1m\u001b[32m1 passed\u001b[39m\u001b[22m\u001b[90m (1)\u001b[39m\n\u001b[2m      Tests \u001b[22m \u001b[1m\u001b[32m1 passed\u001b[39m\u001b[22m\u001b[90m (1)\u001b[39m\n\u001b[2m   Start at \u001b[22m 13:26:33\n\u001b[2m   Duration \u001b[22m 457ms\u001b[2m (transform 48ms, setup 0ms, collect 145ms, tests 64ms, environment 0ms, prepare 73ms)\u001b[22m\n\n",
      "stderr": "",
      "duration": 936,
      "success": true
    },
    {
      "name": "lint",
      "command": "npm run lint",
      "cwd": "/home/runner/work/vybestack-site/vybestack-site/evals/grading/pagination",
      "exitCode": 1,
      "stdout": "\n> pagination-grading@0.0.1 lint\n> eslint workspace/src workspace/tests --ext .ts,.tsx\n\n\n/home/runner/work/vybestack-site/vybestack-site/evals/grading/pagination/workspace/src/client/useInventory.tsx\n  16:30  error  'page' is defined but never used   @typescript-eslint/no-unused-vars\n  16:44  error  'limit' is defined but never used  @typescript-eslint/no-unused-vars\n\n✖ 2 problems (2 errors, 0 warnings)\n\n",
      "stderr": "",
      "duration": 2353,
      "success": false
    },
    {
      "name": "typecheck",
      "command": "npm run typecheck",
      "cwd": "/home/runner/work/vybestack-site/vybestack-site/evals/grading/pagination",
      "exitCode": 0,
      "stdout": "\n> pagination-grading@0.0.1 typecheck\n> tsc -p tsconfig.json\n\n",
      "stderr": "",
      "duration": 1557,
      "success": true
    },
    {
      "name": "test:hidden",
      "command": "npm run test:hidden",
      "cwd": "/home/runner/work/vybestack-site/vybestack-site/evals/grading/pagination",
      "exitCode": 1,
      "stdout": "\n> pagination-grading@0.0.1 test:hidden\n> vitest run --config vitest.config.hidden.ts\n\n\n\u001b[7m\u001b[1m\u001b[36m RUN \u001b[39m\u001b[22m\u001b[27m \u001b[36mv1.6.1\u001b[39m \u001b[90m/home/runner/work/vybestack-site/vybestack-site/evals/grading/pagination\u001b[39m\n\n \u001b[33m❯\u001b[39m tests/hidden/api.spec.ts \u001b[2m (\u001b[22m\u001b[2m3 tests\u001b[22m \u001b[2m|\u001b[22m \u001b[31m3 failed\u001b[39m\u001b[2m)\u001b[22m\u001b[90m 97\u001b[2mms\u001b[22m\u001b[39m\n\u001b[31m   \u001b[33m❯\u001b[31m tests/hidden/api.spec.ts\u001b[2m > \u001b[22mGET /inventory pagination\u001b[2m > \u001b[22mreturns the correct slice of data for a mid-page request\u001b[39m\n\u001b[31m     → expected [ 9, 10, 11, 12 ] to deeply equal [ 5, 6, 7, 8 ]\u001b[39m\n\u001b[31m   \u001b[33m❯\u001b[31m tests/hidden/api.spec.ts\u001b[2m > \u001b[22mGET /inventory pagination\u001b[2m > \u001b[22mindicates when the final page has been reached\u001b[39m\n\u001b[31m     → expected [] to have a length of 3 but got +0\u001b[39m\n\u001b[31m   \u001b[33m❯\u001b[31m tests/hidden/api.spec.ts\u001b[2m > \u001b[22mGET /inventory pagination\u001b[2m > \u001b[22mrejects invalid pagination parameters\u001b[39m\n\u001b[31m     → expected 200 to be 400 // Object.is equality\u001b[39m\n\n\n::error file=/home/runner/work/vybestack-site/vybestack-site/evals/grading/pagination/tests/hidden/api.spec.ts,title=tests/hidden/api.spec.ts > GET /inventory pagination > returns the correct slice of data for a mid-page request,line=43,column=17::AssertionError: expected [ 9, 10, 11, 12 ] to deeply equal [ 5, 6, 7, 8 ]%0A%0A- Expected%0A+ Received%0A%0A  Array [%0A-   5,%0A-   6,%0A-   7,%0A-   8,%0A+   9,%0A+   10,%0A+   11,%0A+   12,%0A  ]%0A%0A ❯ tests/hidden/api.spec.ts:43:17%0A%0A\n\n::error file=/home/runner/work/vybestack-site/vybestack-site/evals/grading/pagination/tests/hidden/api.spec.ts,title=tests/hidden/api.spec.ts > GET /inventory pagination > indicates when the final page has been reached,line=51,column=33::AssertionError: expected [] to have a length of 3 but got +0%0A%0A- Expected%0A+ Received%0A%0A- 3%0A+ 0%0A%0A ❯ tests/hidden/api.spec.ts:51:33%0A%0A\n\n::error file=/home/runner/work/vybestack-site/vybestack-site/evals/grading/pagination/tests/hidden/api.spec.ts,title=tests/hidden/api.spec.ts > GET /inventory pagination > rejects invalid pagination parameters,line=59,column=29::AssertionError: expected 200 to be 400 // Object.is equality%0A%0A- Expected%0A+ Received%0A%0A- 400%0A+ 200%0A%0A ❯ tests/hidden/api.spec.ts:59:29%0A%0A\n\u001b[2m Test Files \u001b[22m \u001b[1m\u001b[31m1 failed\u001b[39m\u001b[22m\u001b[90m (1)\u001b[39m\n\u001b[2m      Tests \u001b[22m \u001b[1m\u001b[31m3 failed\u001b[39m\u001b[22m\u001b[90m (3)\u001b[39m\n\u001b[2m   Start at \u001b[22m 13:26:38\n\u001b[2m   Duration \u001b[22m 907ms\u001b[2m (transform 55ms, setup 65ms, collect 119ms, tests 97ms, environment 346ms, prepare 78ms)\u001b[22m\n\n",
      "stderr": "\u001b[31m⎯⎯⎯⎯⎯⎯⎯\u001b[1m\u001b[7m Failed Tests 3 \u001b[27m\u001b[22m⎯⎯⎯⎯⎯⎯⎯\u001b[39m\n\n\u001b[31m\u001b[1m\u001b[7m FAIL \u001b[27m\u001b[22m\u001b[39m tests/hidden/api.spec.ts\u001b[2m > \u001b[22mGET /inventory pagination\u001b[2m > \u001b[22mreturns the correct slice of data for a mid-page request\n\u001b[31m\u001b[1mAssertionError\u001b[22m: expected [ 9, 10, 11, 12 ] to deeply equal [ 5, 6, 7, 8 ]\u001b[39m\n\n- Expected\n+ Received\n\n  Array [\n-   5,\n-   6,\n-   7,\n-   8,\n+   9,\n+   10,\n+   11,\n+   12,\n  ]\n\n\u001b[36m \u001b[2m❯\u001b[22m tests/hidden/api.spec.ts:\u001b[2m43:17\u001b[22m\u001b[39m\n    \u001b[90m 41| \u001b[39m\n    \u001b[90m 42| \u001b[39m    \u001b[35mconst\u001b[39m ids \u001b[33m=\u001b[39m response\u001b[33m.\u001b[39mbody\u001b[33m.\u001b[39mitems\u001b[33m.\u001b[39m\u001b[34mmap\u001b[39m((item\u001b[33m:\u001b[39m { id\u001b[33m:\u001b[39m number }) \u001b[33m=>\u001b[39m item…\n    \u001b[90m 43| \u001b[39m    \u001b[34mexpect\u001b[39m(ids)\u001b[33m.\u001b[39m\u001b[34mtoEqual\u001b[39m([\u001b[34m5\u001b[39m\u001b[33m,\u001b[39m \u001b[34m6\u001b[39m\u001b[33m,\u001b[39m \u001b[34m7\u001b[39m\u001b[33m,\u001b[39m \u001b[34m8\u001b[39m])\u001b[33m;\u001b[39m\n    \u001b[90m   | \u001b[39m                \u001b[31m^\u001b[39m\n    \u001b[90m 44| \u001b[39m    taskStatus\u001b[33m.\u001b[39m\u001b[35mset\u001b[39m(\u001b[32m'api-mid-page-request'\u001b[39m\u001b[33m,\u001b[39m \u001b[35mtrue\u001b[39m)\u001b[33m;\u001b[39m\n    \u001b[90m 45| \u001b[39m  })\u001b[33m;\u001b[39m\n\n\u001b[31m\u001b[2m⎯⎯⎯⎯⎯⎯⎯⎯⎯⎯⎯⎯⎯⎯⎯⎯⎯⎯⎯⎯⎯⎯⎯⎯[1/3]⎯\u001b[22m\u001b[39m\n\n\u001b[31m\u001b[1m\u001b[7m FAIL \u001b[27m\u001b[22m\u001b[39m tests/hidden/api.spec.ts\u001b[2m > \u001b[22mGET /inventory pagination\u001b[2m > \u001b[22mindicates when the final page has been reached\n\u001b[31m\u001b[1mAssertionError\u001b[22m: expected [] to have a length of 3 but got +0\u001b[39m\n\n- Expected\n+ Received\n\n- 3\n+ 0\n\n\u001b[36m \u001b[2m❯\u001b[22m tests/hidden/api.spec.ts:\u001b[2m51:33\u001b[22m\u001b[39m\n    \u001b[90m 49| \u001b[39m\n    \u001b[90m 50| \u001b[39m    \u001b[34mexpect\u001b[39m(response\u001b[33m.\u001b[39mstatus)\u001b[33m.\u001b[39m\u001b[34mtoBe\u001b[39m(\u001b[34m200\u001b[39m)\u001b[33m;\u001b[39m\n    \u001b[90m 51| \u001b[39m    \u001b[34mexpect\u001b[39m(response\u001b[33m.\u001b[39mbody\u001b[33m.\u001b[39mitems)\u001b[33m.\u001b[39m\u001b[34mtoHaveLength\u001b[39m(\u001b[34m3\u001b[39m)\u001b[33m;\u001b[39m\n    \u001b[90m   | \u001b[39m                                \u001b[31m^\u001b[39m\n    \u001b[90m 52| \u001b[39m    \u001b[34mexpect\u001b[39m(response\u001b[33m.\u001b[39mbody\u001b[33m.\u001b[39mhasNext)\u001b[33m.\u001b[39m\u001b[34mtoBe\u001b[39m(\u001b[35mfalse\u001b[39m)\u001b[33m;\u001b[39m\n    \u001b[90m 53| \u001b[39m    taskStatus\u001b[33m.\u001b[39m\u001b[35mset\u001b[39m(\u001b[32m'api-final-page-handling'\u001b[39m\u001b[33m,\u001b[39m \u001b[35mtrue\u001b[39m)\u001b[33m;\u001b[39m\n\n\u001b[31m\u001b[2m⎯⎯⎯⎯⎯⎯⎯⎯⎯⎯⎯⎯⎯⎯⎯⎯⎯⎯⎯⎯⎯⎯⎯⎯[2/3]⎯\u001b[22m\u001b[39m\n\n\u001b[31m\u001b[1m\u001b[7m FAIL \u001b[27m\u001b[22m\u001b[39m tests/hidden/api.spec.ts\u001b[2m > \u001b[22mGET /inventory pagination\u001b[2m > \u001b[22mrejects invalid pagination parameters\n\u001b[31m\u001b[1mAssertionError\u001b[22m: expected 200 to be 400 // Object.is equality\u001b[39m\n\n- Expected\n+ Received\n\n- 400\n+ 200\n\n\u001b[36m \u001b[2m❯\u001b[22m tests/hidden/api.spec.ts:\u001b[2m59:29\u001b[22m\u001b[39m\n    \u001b[90m 57| \u001b[39m    \u001b[35mconst\u001b[39m response \u001b[33m=\u001b[39m \u001b[35mawait\u001b[39m \u001b[34mrequest\u001b[39m(app)\u001b[33m.\u001b[39m\u001b[35mget\u001b[39m(\u001b[32m'/inventory'\u001b[39m)\u001b[33m.\u001b[39m\u001b[34mquery\u001b[39m({ page…\n    \u001b[90m 58| \u001b[39m\n    \u001b[90m 59| \u001b[39m    \u001b[34mexpect\u001b[39m(response\u001b[33m.\u001b[39mstatus)\u001b[33m.\u001b[39m\u001b[34mtoBe\u001b[39m(\u001b[34m400\u001b[39m)\u001b[33m;\u001b[39m\n    \u001b[90m   | \u001b[39m                            \u001b[31m^\u001b[39m\n    \u001b[90m 60| \u001b[39m    \u001b[34mexpect\u001b[39m((response\u001b[33m.\u001b[39mbody\u001b[33m.\u001b[39merror \u001b[33m??\u001b[39m \u001b[32m''\u001b[39m)\u001b[33m.\u001b[39m\u001b[34mtoLowerCase\u001b[39m())\u001b[33m.\u001b[39m\u001b[34mtoContain\u001b[39m(\u001b[32m'page'\u001b[39m…\n    \u001b[90m 61| \u001b[39m    taskStatus\u001b[33m.\u001b[39m\u001b[35mset\u001b[39m(\u001b[32m'api-invalid-parameter-handling'\u001b[39m\u001b[33m,\u001b[39m \u001b[35mtrue\u001b[39m)\u001b[33m;\u001b[39m\n\n\u001b[31m\u001b[2m⎯⎯⎯⎯⎯⎯⎯⎯⎯⎯⎯⎯⎯⎯⎯⎯⎯⎯⎯⎯⎯⎯⎯⎯[3/3]⎯\u001b[22m\u001b[39m\n\n",
      "duration": 1386,
      "success": false
    }
  ],
  "workspaceArchive": "/home/runner/work/vybestack-site/vybestack-site/evals/outputs/pagination-2025-10-30T13-25-47-452Z/llxprt-synthetic-minimax/workspace",
  "runSessionId": "35ac6128-3292-41c9-8cea-b414f0d05f84",
  "runSessionStartedAt": "2025-10-30T12:49:20.857Z",
  "repoVersion": "main@6a41eca",
  "multipass": {
    "enabled": true,
    "selectedPass": 0,
    "maxPasses": 3,
    "totalCliDuration": 199219,
    "passCount": 3,
    "feedback": [],
    "passes": [
      {
        "passNumber": 1,
        "startedAt": "2025-10-30T13:25:47.462Z",
        "finishedAt": "2025-10-30T13:26:39.164Z",
        "totalDuration": 51702,
        "promptHash": "776b272b2eb46e0d6c42504640a82d553bbcb0c4ec1161aa157cfc4dc69c0a24",
        "appliedFeedback": [],
        "success": false,
        "partialSuccess": false,
        "workspaceArchive": "/home/runner/work/vybestack-site/vybestack-site/evals/outputs/pagination-2025-10-30T13-25-47-452Z/llxprt-synthetic-minimax/passes/pass-1/workspace",
        "resultsArchive": "/home/runner/work/vybestack-site/vybestack-site/evals/outputs/pagination-2025-10-30T13-25-47-452Z/llxprt-synthetic-minimax/passes/pass-1/results",
        "cliResult": {
          "command": "llxprt --provider openai --baseurl https://api.synthetic.new/openai/v1 --key *** --model hf:MiniMaxAI/MiniMax-M2 --set context-limit=190000 --set shell-replacement=true --set modelparam.temperature=1 --yolo",
          "cwd": "/home/runner/work/vybestack-site/vybestack-site/evals/problems/pagination/.tmp-workspace-e8dcf3f3-ddf8-46e9-9a83-58a46d6c56c5-cvZW6t/workspace",
          "exitCode": 0,
          "stdout": "<think>I need to analyze this TypeScript project and restore correct pagination behavior across an Express API (SQLite-backed) and React client. Let me break down what I need to do:\n\n1. First, I need to understand the current project structure and see what's already implemented\n2. Fix the API endpoints to handle pagination properly\n3. Fix the React client to navigate pages correctly \n4. Ensure validation works properly\n5. Run the provided commands to validate everything works\n\nLet me start by examining the project structure and understanding what's currently implemented.\n</think>\n\nI'll help you restore the correct pagination behavior across the Express API and React client. Let me start by understanding the current project structure and implementing the necessary fixes.\n<think>Now let me start by examining the project structure to understand the current implementation. I'll read the key files to understand what needs to be fixed.\n</think>\n\nLet me start by examining the project structure and understanding the current implementation to create a repair plan.\n<think>Let me start by examining the project structure to understand what we're working with. I need to read the key files to understand the current implementation.\n\nFirst, I'll look at:\n1. package.json - to understand the project dependencies and scripts\n2. The server files to see the current API implementation\n3. The client files to see the React implementation\n4. The shared types to understand the data structures\n5. The test file to understand what's being tested\n6. The problem description for more context\n\nLet me start with reading multiple key files to get a comprehensive view.\n</think>\n\nI'll start by examining the project structure to understand the current implementation and what needs to be fixed.\n<think>Let me try reading the files individually. I need to construct the absolute path properly.\n</think>\n\n\n<think>Great! Now I can see the structure. Let me read the server and client files to understand the current implementation.\n\nFrom what I see:\n1. There's a shared types file with `InventoryItem` and `InventoryPage` interfaces - this looks good for pagination metadata\n2. The project uses TypeScript, Express, React, and SQLite (via sql.js)\n3. The `InventoryPage` interface already has the required pagination metadata fields: `page`, `limit`, `total`, `hasNext`\n\nNow let me examine the server implementation and client implementation.\n</think>\n\n\n<think>Let me try a different approach. I need to use the absolute paths based on the workspace directory.\n</think>\n\n\n<think>Good! Now let me read the other files to understand the current implementation better.\n</think>\n\n\n<think>Let me analyze what I've found so far:\n\n1. The project has a proper structure with Express API and React client\n2. The `InventoryPage` type is already defined with pagination metadata\n3. The API endpoint exists but has several issues:\n   - No validation of page/limit parameters\n   - The offset calculation is buggy (uses `page * limit` instead of `(page - 1) * limit`)\n   - No validation for invalid inputs\n\nLet me continue reading the client code and tests to understand the full scope.\n</think>\n\n\n<think>Now let me read the useInventory hook to see how it currently works.\n</think>\n\n\n<think>Now I understand the current implementation and can identify the bugs:\n\n**Server side (inventoryRepository.ts):**\n1. Missing validation for page/limit parameters (no 400 error for invalid inputs)\n2. BUG: Offset calculation is wrong - it's `page * limit` instead of `(page - 1) * limit`\n3. BUG: hasNext calculation is wrong - it should check if `page * limit < total`\n\n**Server side (app.ts):**\n1. Missing validation for page/limit parameters before passing to repository\n2. No HTTP 400 error response for invalid inputs\n\n**Client side (useInventory.tsx):**\n1. BUG: The useEffect doesn't depend on page and limit parameters, so changes won't trigger reloads\n2. Missing pagination logic\n\n**Client side (InventoryView.tsx):**\n1. Missing pagination controls (Previous/Next buttons)\n2. No logic to navigate between pages\n3. No error handling for invalid page inputs\n\nLet me complete the first task and move to fixing these issues.\n</think>\n\nThis task seems to involve multiple steps. A todo list might help track your progress.\n",
          "stderr": "",
          "duration": 39293,
          "label": "llxprt-synthetic-minimax"
        },
        "buildResults": [
          {
            "command": "npm install",
            "cwd": "/home/runner/work/vybestack-site/vybestack-site/evals/problems/pagination/.tmp-workspace-e8dcf3f3-ddf8-46e9-9a83-58a46d6c56c5-cvZW6t/workspace",
            "exitCode": 0,
            "stdout": "\nadded 370 packages, and audited 371 packages in 2s\n\n79 packages are looking for funding\n  run `npm fund` for details\n\n2 moderate severity vulnerabilities\n\nTo address all issues, run:\n  npm audit fix\n\nRun `npm audit` for details.\n",
            "stderr": "npm warn deprecated inflight@1.0.6: This module is not supported, and leaks memory. Do not use it. Check out lru-cache if you want a good and tested way to coalesce async requests by a key value, which is much more comprehensive and powerful.\nnpm warn deprecated supertest@6.3.4: Please upgrade to supertest v7.1.3+, see release notes at https://github.com/forwardemail/supertest/releases/tag/v7.1.3 - maintenance is supported by Forward Email @ https://forwardemail.net\nnpm warn deprecated @humanwhocodes/config-array@0.13.0: Use @eslint/config-array instead\nnpm warn deprecated rimraf@3.0.2: Rimraf versions prior to v4 are no longer supported\nnpm warn deprecated glob@7.2.3: Glob versions prior to v9 are no longer supported\nnpm warn deprecated @humanwhocodes/object-schema@2.0.3: Use @eslint/object-schema instead\nnpm warn deprecated superagent@8.1.2: Please upgrade to superagent v10.2.2+, see release notes at https://github.com/forwardemail/superagent/releases/tag/v10.2.2 - maintenance is supported by Forward Email @ https://forwardemail.net\nnpm warn deprecated eslint@8.57.1: This version is no longer supported. Please see https://eslint.org/version-support for other options.\n",
            "duration": 2202,
            "label": "workspace-install"
          },
          {
            "command": "npm run typecheck",
            "cwd": "/home/runner/work/vybestack-site/vybestack-site/evals/problems/pagination/.tmp-workspace-e8dcf3f3-ddf8-46e9-9a83-58a46d6c56c5-cvZW6t/workspace",
            "exitCode": 0,
            "stdout": "\n> pagination-eval@0.0.1 typecheck\n> tsc --noEmit\n\n",
            "stderr": "",
            "duration": 1554,
            "label": "typecheck"
          },
          {
            "command": "npm run lint",
            "cwd": "/home/runner/work/vybestack-site/vybestack-site/evals/problems/pagination/.tmp-workspace-e8dcf3f3-ddf8-46e9-9a83-58a46d6c56c5-cvZW6t/workspace",
            "exitCode": 1,
            "stdout": "\n> pagination-eval@0.0.1 lint\n> eslint . --ext .ts,.tsx\n\n\n/home/runner/work/vybestack-site/vybestack-site/evals/problems/pagination/.tmp-workspace-e8dcf3f3-ddf8-46e9-9a83-58a46d6c56c5-cvZW6t/workspace/src/client/useInventory.tsx\n  16:30  error  'page' is defined but never used   @typescript-eslint/no-unused-vars\n  16:44  error  'limit' is defined but never used  @typescript-eslint/no-unused-vars\n\n✖ 2 problems (2 errors, 0 warnings)\n\n",
            "stderr": "",
            "duration": 2409,
            "label": "lint"
          },
          {
            "command": "npm run test:public",
            "cwd": "/home/runner/work/vybestack-site/vybestack-site/evals/problems/pagination/.tmp-workspace-e8dcf3f3-ddf8-46e9-9a83-58a46d6c56c5-cvZW6t/workspace",
            "exitCode": 0,
            "stdout": "\n> pagination-eval@0.0.1 test:public\n> vitest run --config vitest.config.public.ts\n\n\n\u001b[7m\u001b[1m\u001b[36m RUN \u001b[39m\u001b[22m\u001b[27m \u001b[36mv1.6.1\u001b[39m \u001b[90m/home/runner/work/vybestack-site/vybestack-site/evals/problems/pagination/.tmp-workspace-e8dcf3f3-ddf8-46e9-9a83-58a46d6c56c5-cvZW6t/workspace\u001b[39m\n\n \u001b[32m✓\u001b[39m tests/public/smoke.spec.ts \u001b[2m (\u001b[22m\u001b[2m1 test\u001b[22m\u001b[2m)\u001b[22m\u001b[90m 64\u001b[2mms\u001b[22m\u001b[39m\n\n\u001b[2m Test Files \u001b[22m \u001b[1m\u001b[32m1 passed\u001b[39m\u001b[22m\u001b[90m (1)\u001b[39m\n\u001b[2m      Tests \u001b[22m \u001b[1m\u001b[32m1 passed\u001b[39m\u001b[22m\u001b[90m (1)\u001b[39m\n\u001b[2m   Start at \u001b[22m 13:26:33\n\u001b[2m   Duration \u001b[22m 457ms\u001b[2m (transform 48ms, setup 0ms, collect 145ms, tests 64ms, environment 0ms, prepare 73ms)\u001b[22m\n\n",
            "stderr": "",
            "duration": 936,
            "label": "test:public"
          }
        ],
        "gradeResults": [
          {
            "command": "npm run lint",
            "cwd": "/home/runner/work/vybestack-site/vybestack-site/evals/grading/pagination",
            "exitCode": 1,
            "stdout": "\n> pagination-grading@0.0.1 lint\n> eslint workspace/src workspace/tests --ext .ts,.tsx\n\n\n/home/runner/work/vybestack-site/vybestack-site/evals/grading/pagination/workspace/src/client/useInventory.tsx\n  16:30  error  'page' is defined but never used   @typescript-eslint/no-unused-vars\n  16:44  error  'limit' is defined but never used  @typescript-eslint/no-unused-vars\n\n✖ 2 problems (2 errors, 0 warnings)\n\n",
            "stderr": "",
            "duration": 2353,
            "label": "lint"
          },
          {
            "command": "npm run typecheck",
            "cwd": "/home/runner/work/vybestack-site/vybestack-site/evals/grading/pagination",
            "exitCode": 0,
            "stdout": "\n> pagination-grading@0.0.1 typecheck\n> tsc -p tsconfig.json\n\n",
            "stderr": "",
            "duration": 1557,
            "label": "typecheck"
          },
          {
            "command": "npm run test:hidden",
            "cwd": "/home/runner/work/vybestack-site/vybestack-site/evals/grading/pagination",
            "exitCode": 1,
            "stdout": "\n> pagination-grading@0.0.1 test:hidden\n> vitest run --config vitest.config.hidden.ts\n\n\n\u001b[7m\u001b[1m\u001b[36m RUN \u001b[39m\u001b[22m\u001b[27m \u001b[36mv1.6.1\u001b[39m \u001b[90m/home/runner/work/vybestack-site/vybestack-site/evals/grading/pagination\u001b[39m\n\n \u001b[33m❯\u001b[39m tests/hidden/api.spec.ts \u001b[2m (\u001b[22m\u001b[2m3 tests\u001b[22m \u001b[2m|\u001b[22m \u001b[31m3 failed\u001b[39m\u001b[2m)\u001b[22m\u001b[90m 97\u001b[2mms\u001b[22m\u001b[39m\n\u001b[31m   \u001b[33m❯\u001b[31m tests/hidden/api.spec.ts\u001b[2m > \u001b[22mGET /inventory pagination\u001b[2m > \u001b[22mreturns the correct slice of data for a mid-page request\u001b[39m\n\u001b[31m     → expected [ 9, 10, 11, 12 ] to deeply equal [ 5, 6, 7, 8 ]\u001b[39m\n\u001b[31m   \u001b[33m❯\u001b[31m tests/hidden/api.spec.ts\u001b[2m > \u001b[22mGET /inventory pagination\u001b[2m > \u001b[22mindicates when the final page has been reached\u001b[39m\n\u001b[31m     → expected [] to have a length of 3 but got +0\u001b[39m\n\u001b[31m   \u001b[33m❯\u001b[31m tests/hidden/api.spec.ts\u001b[2m > \u001b[22mGET /inventory pagination\u001b[2m > \u001b[22mrejects invalid pagination parameters\u001b[39m\n\u001b[31m     → expected 200 to be 400 // Object.is equality\u001b[39m\n\n\n::error file=/home/runner/work/vybestack-site/vybestack-site/evals/grading/pagination/tests/hidden/api.spec.ts,title=tests/hidden/api.spec.ts > GET /inventory pagination > returns the correct slice of data for a mid-page request,line=43,column=17::AssertionError: expected [ 9, 10, 11, 12 ] to deeply equal [ 5, 6, 7, 8 ]%0A%0A- Expected%0A+ Received%0A%0A  Array [%0A-   5,%0A-   6,%0A-   7,%0A-   8,%0A+   9,%0A+   10,%0A+   11,%0A+   12,%0A  ]%0A%0A ❯ tests/hidden/api.spec.ts:43:17%0A%0A\n\n::error file=/home/runner/work/vybestack-site/vybestack-site/evals/grading/pagination/tests/hidden/api.spec.ts,title=tests/hidden/api.spec.ts > GET /inventory pagination > indicates when the final page has been reached,line=51,column=33::AssertionError: expected [] to have a length of 3 but got +0%0A%0A- Expected%0A+ Received%0A%0A- 3%0A+ 0%0A%0A ❯ tests/hidden/api.spec.ts:51:33%0A%0A\n\n::error file=/home/runner/work/vybestack-site/vybestack-site/evals/grading/pagination/tests/hidden/api.spec.ts,title=tests/hidden/api.spec.ts > GET /inventory pagination > rejects invalid pagination parameters,line=59,column=29::AssertionError: expected 200 to be 400 // Object.is equality%0A%0A- Expected%0A+ Received%0A%0A- 400%0A+ 200%0A%0A ❯ tests/hidden/api.spec.ts:59:29%0A%0A\n\u001b[2m Test Files \u001b[22m \u001b[1m\u001b[31m1 failed\u001b[39m\u001b[22m\u001b[90m (1)\u001b[39m\n\u001b[2m      Tests \u001b[22m \u001b[1m\u001b[31m3 failed\u001b[39m\u001b[22m\u001b[90m (3)\u001b[39m\n\u001b[2m   Start at \u001b[22m 13:26:38\n\u001b[2m   Duration \u001b[22m 907ms\u001b[2m (transform 55ms, setup 65ms, collect 119ms, tests 97ms, environment 346ms, prepare 78ms)\u001b[22m\n\n",
            "stderr": "\u001b[31m⎯⎯⎯⎯⎯⎯⎯\u001b[1m\u001b[7m Failed Tests 3 \u001b[27m\u001b[22m⎯⎯⎯⎯⎯⎯⎯\u001b[39m\n\n\u001b[31m\u001b[1m\u001b[7m FAIL \u001b[27m\u001b[22m\u001b[39m tests/hidden/api.spec.ts\u001b[2m > \u001b[22mGET /inventory pagination\u001b[2m > \u001b[22mreturns the correct slice of data for a mid-page request\n\u001b[31m\u001b[1mAssertionError\u001b[22m: expected [ 9, 10, 11, 12 ] to deeply equal [ 5, 6, 7, 8 ]\u001b[39m\n\n- Expected\n+ Received\n\n  Array [\n-   5,\n-   6,\n-   7,\n-   8,\n+   9,\n+   10,\n+   11,\n+   12,\n  ]\n\n\u001b[36m \u001b[2m❯\u001b[22m tests/hidden/api.spec.ts:\u001b[2m43:17\u001b[22m\u001b[39m\n    \u001b[90m 41| \u001b[39m\n    \u001b[90m 42| \u001b[39m    \u001b[35mconst\u001b[39m ids \u001b[33m=\u001b[39m response\u001b[33m.\u001b[39mbody\u001b[33m.\u001b[39mitems\u001b[33m.\u001b[39m\u001b[34mmap\u001b[39m((item\u001b[33m:\u001b[39m { id\u001b[33m:\u001b[39m number }) \u001b[33m=>\u001b[39m item…\n    \u001b[90m 43| \u001b[39m    \u001b[34mexpect\u001b[39m(ids)\u001b[33m.\u001b[39m\u001b[34mtoEqual\u001b[39m([\u001b[34m5\u001b[39m\u001b[33m,\u001b[39m \u001b[34m6\u001b[39m\u001b[33m,\u001b[39m \u001b[34m7\u001b[39m\u001b[33m,\u001b[39m \u001b[34m8\u001b[39m])\u001b[33m;\u001b[39m\n    \u001b[90m   | \u001b[39m                \u001b[31m^\u001b[39m\n    \u001b[90m 44| \u001b[39m    taskStatus\u001b[33m.\u001b[39m\u001b[35mset\u001b[39m(\u001b[32m'api-mid-page-request'\u001b[39m\u001b[33m,\u001b[39m \u001b[35mtrue\u001b[39m)\u001b[33m;\u001b[39m\n    \u001b[90m 45| \u001b[39m  })\u001b[33m;\u001b[39m\n\n\u001b[31m\u001b[2m⎯⎯⎯⎯⎯⎯⎯⎯⎯⎯⎯⎯⎯⎯⎯⎯⎯⎯⎯⎯⎯⎯⎯⎯[1/3]⎯\u001b[22m\u001b[39m\n\n\u001b[31m\u001b[1m\u001b[7m FAIL \u001b[27m\u001b[22m\u001b[39m tests/hidden/api.spec.ts\u001b[2m > \u001b[22mGET /inventory pagination\u001b[2m > \u001b[22mindicates when the final page has been reached\n\u001b[31m\u001b[1mAssertionError\u001b[22m: expected [] to have a length of 3 but got +0\u001b[39m\n\n- Expected\n+ Received\n\n- 3\n+ 0\n\n\u001b[36m \u001b[2m❯\u001b[22m tests/hidden/api.spec.ts:\u001b[2m51:33\u001b[22m\u001b[39m\n    \u001b[90m 49| \u001b[39m\n    \u001b[90m 50| \u001b[39m    \u001b[34mexpect\u001b[39m(response\u001b[33m.\u001b[39mstatus)\u001b[33m.\u001b[39m\u001b[34mtoBe\u001b[39m(\u001b[34m200\u001b[39m)\u001b[33m;\u001b[39m\n    \u001b[90m 51| \u001b[39m    \u001b[34mexpect\u001b[39m(response\u001b[33m.\u001b[39mbody\u001b[33m.\u001b[39mitems)\u001b[33m.\u001b[39m\u001b[34mtoHaveLength\u001b[39m(\u001b[34m3\u001b[39m)\u001b[33m;\u001b[39m\n    \u001b[90m   | \u001b[39m                                \u001b[31m^\u001b[39m\n    \u001b[90m 52| \u001b[39m    \u001b[34mexpect\u001b[39m(response\u001b[33m.\u001b[39mbody\u001b[33m.\u001b[39mhasNext)\u001b[33m.\u001b[39m\u001b[34mtoBe\u001b[39m(\u001b[35mfalse\u001b[39m)\u001b[33m;\u001b[39m\n    \u001b[90m 53| \u001b[39m    taskStatus\u001b[33m.\u001b[39m\u001b[35mset\u001b[39m(\u001b[32m'api-final-page-handling'\u001b[39m\u001b[33m,\u001b[39m \u001b[35mtrue\u001b[39m)\u001b[33m;\u001b[39m\n\n\u001b[31m\u001b[2m⎯⎯⎯⎯⎯⎯⎯⎯⎯⎯⎯⎯⎯⎯⎯⎯⎯⎯⎯⎯⎯⎯⎯⎯[2/3]⎯\u001b[22m\u001b[39m\n\n\u001b[31m\u001b[1m\u001b[7m FAIL \u001b[27m\u001b[22m\u001b[39m tests/hidden/api.spec.ts\u001b[2m > \u001b[22mGET /inventory pagination\u001b[2m > \u001b[22mrejects invalid pagination parameters\n\u001b[31m\u001b[1mAssertionError\u001b[22m: expected 200 to be 400 // Object.is equality\u001b[39m\n\n- Expected\n+ Received\n\n- 400\n+ 200\n\n\u001b[36m \u001b[2m❯\u001b[22m tests/hidden/api.spec.ts:\u001b[2m59:29\u001b[22m\u001b[39m\n    \u001b[90m 57| \u001b[39m    \u001b[35mconst\u001b[39m response \u001b[33m=\u001b[39m \u001b[35mawait\u001b[39m \u001b[34mrequest\u001b[39m(app)\u001b[33m.\u001b[39m\u001b[35mget\u001b[39m(\u001b[32m'/inventory'\u001b[39m)\u001b[33m.\u001b[39m\u001b[34mquery\u001b[39m({ page…\n    \u001b[90m 58| \u001b[39m\n    \u001b[90m 59| \u001b[39m    \u001b[34mexpect\u001b[39m(response\u001b[33m.\u001b[39mstatus)\u001b[33m.\u001b[39m\u001b[34mtoBe\u001b[39m(\u001b[34m400\u001b[39m)\u001b[33m;\u001b[39m\n    \u001b[90m   | \u001b[39m                            \u001b[31m^\u001b[39m\n    \u001b[90m 60| \u001b[39m    \u001b[34mexpect\u001b[39m((response\u001b[33m.\u001b[39mbody\u001b[33m.\u001b[39merror \u001b[33m??\u001b[39m \u001b[32m''\u001b[39m)\u001b[33m.\u001b[39m\u001b[34mtoLowerCase\u001b[39m())\u001b[33m.\u001b[39m\u001b[34mtoContain\u001b[39m(\u001b[32m'page'\u001b[39m…\n    \u001b[90m 61| \u001b[39m    taskStatus\u001b[33m.\u001b[39m\u001b[35mset\u001b[39m(\u001b[32m'api-invalid-parameter-handling'\u001b[39m\u001b[33m,\u001b[39m \u001b[35mtrue\u001b[39m)\u001b[33m;\u001b[39m\n\n\u001b[31m\u001b[2m⎯⎯⎯⎯⎯⎯⎯⎯⎯⎯⎯⎯⎯⎯⎯⎯⎯⎯⎯⎯⎯⎯⎯⎯[3/3]⎯\u001b[22m\u001b[39m\n\n",
            "duration": 1386,
            "label": "test:hidden"
          }
        ],
        "feedbackForNextPass": {
          "bullets": [
            "It isn't working correctly.",
            "Lint failed. Fix the reported lint errors.",
            "::error file=/home/runner/work/vybestack-site/vybestack-site/evals/grading/pagination/tests/hidden/api.spec.ts,title=tests/hidden/api.spec.ts > GET /inventory p…",
            "Please resolve the issues and re-run lint, tests, and build before finishing."
          ],
          "failingSteps": [
            {
              "step": "lint",
              "exitCode": 1,
              "message": "Lint failed. Fix the reported lint errors."
            },
            {
              "step": "lint",
              "exitCode": 1,
              "message": "Lint failed. Fix the reported lint errors."
            },
            {
              "step": "test:hidden",
              "exitCode": 1,
              "message": "::error file=/home/runner/work/vybestack-site/vybestack-site/evals/grading/pagination/tests/hidden/api.spec.ts,title=tests/hidden/api.spec.ts > GET /inventory p…",
              "snippet": "::error file=/home/runner/work/vybestack-site/vybestack-site/evals/grading/pagination/tests/hidden/api.spec.ts,title=tests/hidden/api.spec.ts > GET /inventory p…"
            }
          ],
          "hiddenAssertions": [
            "::error file=/home/runner/work/vybestack-site/vybestack-site/evals/grading/pagination/tests/hidden/api.spec.ts,title=tests/hidden/api.spec.ts > GET /inventory p…"
          ],
          "publicTestFailures": []
        },
        "publicTestFailures": [],
        "vybes": {
          "taskName": "pagination",
          "configId": "llxprt-synthetic-minimax",
          "complexityMultiplier": 5,
          "timeLimitMinutes": 10,
          "baseScore": 500,
          "successPercentage": 0,
          "baselineSuccessPercentage": 0,
          "adjustedSuccessPercentage": 0,
          "timePenaltyMultiplier": 1,
          "rawScore": 0,
          "finalScore": 0,
          "actualTimeMinutes": 0.655,
          "description": "Server and client pagination repair",
          "category": "full-stack",
          "breakdown": {
            "subtasksPassed": 0,
            "subtasksTotal": 5,
            "modulesCompleted": [],
            "modulesIncomplete": [
              "pagination"
            ],
            "modules": {
              "pagination": {
                "passed": 0,
                "total": 5,
                "passedTasks": [],
                "failedTasks": [
                  "api-mid-page-request",
                  "api-final-page-handling",
                  "api-invalid-parameter-handling",
                  "client-navigation",
                  "client-alert"
                ]
              }
            }
          },
          "error": "lint/typecheck failed",
          "status": "error",
          "passesAttempted": 1,
          "selectedPass": 0,
          "totalCliDurationMs": 39293
        }
      },
      {
        "passNumber": 2,
        "startedAt": "2025-10-30T13:26:39.176Z",
        "finishedAt": "2025-10-30T13:28:02.178Z",
        "totalDuration": 83002,
        "promptHash": "f4003871fadfbc84b3f7bb03687567c5bfbb0bb6040f2fe0d56ea2683fbbec7f",
        "appliedFeedback": [
          "It isn't working correctly.",
          "Lint failed. Fix the reported lint errors.",
          "::error file=/home/runner/work/vybestack-site/vybestack-site/evals/grading/pagination/tests/hidden/api.spec.ts,title=tests/hidden/api.spec.ts > GET /inventory p…",
          "Please resolve the issues and re-run lint, tests, and build before finishing."
        ],
        "success": false,
        "partialSuccess": false,
        "workspaceArchive": "/home/runner/work/vybestack-site/vybestack-site/evals/outputs/pagination-2025-10-30T13-25-47-452Z/llxprt-synthetic-minimax/passes/pass-2/workspace",
        "resultsArchive": "/home/runner/work/vybestack-site/vybestack-site/evals/outputs/pagination-2025-10-30T13-25-47-452Z/llxprt-synthetic-minimax/passes/pass-2/results",
        "cliResult": {
          "command": "llxprt --provider openai --baseurl https://api.synthetic.new/openai/v1 --key *** --model hf:MiniMaxAI/MiniMax-M2 --set context-limit=190000 --set shell-replacement=true --set modelparam.temperature=1 --yolo",
          "cwd": "/home/runner/work/vybestack-site/vybestack-site/evals/problems/pagination/.tmp-workspace-e8dcf3f3-ddf8-46e9-9a83-58a46d6c56c5-cvZW6t/workspace",
          "exitCode": 0,
          "stdout": "<think>Let me understand the problem:\n\n1. This is a TypeScript project with an Express API backed by SQLite and a React client\n2. The pagination functionality is broken and needs to be fixed\n3. I need to:\n   - Fix GET /inventory to accept page/limit query params with defaults (page=1, limit=5)\n   - Validate inputs (non-numeric, negative, zero, excessive values should return 400)\n   - Return correct slice of items with pagination metadata\n   - Fix React components to handle pagination, errors, and provide Previous/Next controls\n   - Keep database bootstrap intact\n   - Run typecheck, lint, test:public, and build at the end\n\nLet me start by exploring the project structure to understand the current implementation.\n</think>\n\nI'll help you fix the pagination service in this TypeScript project. Let me start by exploring the project structure to understand the current implementation and identify what needs to be fixed.\n<think>The read_many_files didn't find the files. Let me check the current directory structure and find the correct paths.\n</think>\n\n\n<think>The directory appears to be mostly empty with just git-ignored files. Let me check if there are any visible files and look at the package.json to understand the project structure.\n</think>\n\n\n<think>Now let me read the problem.md and prompt.md files to understand the requirements better.\n</think>\n\n\n<think>Good! Now I have a clear understanding of the problem. Let me also check the prompt.md file and then explore the current implementation to understand what needs to be fixed.\n\nLet me start by creating a todo list and then examining the current code.\n</think>\n\n\n<think>Now let me explore the codebase to understand the current structure and implementation. I'll look at the main files mentioned in the requirements.\n</think>\n\n\n<think>The files weren't found, which is strange. Let me check the directory structure more carefully and see what's actually there.\n</think>\n\n\n<think>Good, now I can see the TypeScript files. Let me read the main source files to understand the current implementation.\n</think>\n\n\n<think>The read_many_files tool returned an empty result. Let me try reading files individually.\n</think>\n\n\n<think>Good, I found the main files. Let me continue reading the other key files to understand the current implementation.\n</think>\n\n\n<think>Good! I can see the issue. The bug is in the offset calculation: `const offset = page * limit;` should be `const offset = (page - 1) * limit;`. This causes the first page to be skipped.\n\nNow let me look at the other files to understand the full structure.\n</think>\n\n\n<think>The read_many_files failed again. Let me try reading them individually.\n</think>\n\n\n<think>Now let me read the React client files to understand the current implementation.\n</think>\n\n\n<think>Now let me read the InventoryView component:\n\nI can see several issues already:\n\n1. In `inventoryRepository.ts`:\n   - Line 22: `const offset = page * limit;` should be `const offset = (page - 1) * limit;`\n   - No validation for negative, zero, or non-numeric values\n   - No validation for excessive values\n\n2. In `app.ts`:\n   - No validation of page/limit parameters\n   - No error handling for invalid inputs\n\n3. In `useInventory.tsx`:\n   - The useEffect is missing `page` and `limit` in dependencies, so it won't reload when they change\n   - It doesn't send page/limit to the API\n\n4. Need to add proper query parameters to the API call\n\nLet me continue exploring to understand the full scope.\n</think>\n\n\n<think>Now I understand the codebase structure. Let me analyze the issues:\n\n1. **API Issues (app.ts and inventoryRepository.ts):**\n   - No validation for page/limit parameters (need to reject non-numeric, negative, zero, or excessive values)\n   - The offset calculation is wrong: `offset = page * limit` should be `offset = (page - 1) * limit`\n   - Missing proper error handling for invalid inputs\n\n2. **Client Issues (useInventory.tsx and InventoryView.tsx):**\n   - The useInventory hook doesn't include page and limit in the dependency array, so it won't reload when they change\n   - The fetch request doesn't include the page and limit query parameters\n   - InventoryView is hardcoded to use page 1\n   - Missing pagination controls (Previous/Next buttons)\n   - No disabled state handling\n\nLet me update the todo list and start fixing these issues.\n</think>\n\n\n<think>Now I understand the codebase structure. Let me analyze the issues:\n\n1. **API Issues (app.ts and inventoryRepository.ts)**:\n   - No validation for page/limit parameters - should reject non-numeric, negative, zero, or excessive values with HTTP 400\n   - The offset calculation is wrong: `offset = page * limit` should be `offset = (page - 1) * limit`\n   - Missing proper error handling\n\n2. **React Hook Issues (useInventory.tsx)**:\n   - The fetch doesn't include page/limit in the URL query parameters\n   - The useEffect dependencies are missing page and limit, so it won't reload when they change\n\n3. **React Component Issues (InventoryView.tsx)**:\n   - No pagination controls (Previous/Next buttons)\n   - The component is hardcoded to use page 1 and PAGE_LIMIT\n\nLet me start by fixing the API issues first.\n</think>\n\nNow I'll analyze the current implementation and fix the issues. I can see:\n\n**API Issues:**\n1. No validation for page/limit parameters - should return HTTP 400 for invalid inputs\n2. Wrong offset calculation: `offset = page * limit` should be `offset = (page - 1) * limit`\n3. Missing proper error handling\n\n**React Issues:**\n1. The hook doesn't pass page/limit to the API\n2. Missing pagination controls in the UI\n3. Component doesn't update when page changes\n\nLet me start fixing the API:\n<think>Good! Now I need to fix the inventoryRepository.ts file. The bug is in the offset calculation - it should be (page - 1) * limit, not page * limit. This is causing the first page to be skipped entirely.\n\nI also need to fix the hasNext calculation to check if there are more items.\n</think>\n\nThis task seems to involve multiple steps. A todo list might help track your progress.\n",
          "stderr": "",
          "duration": 71585,
          "label": "llxprt-synthetic-minimax"
        },
        "buildResults": [
          {
            "command": "npm install",
            "cwd": "/home/runner/work/vybestack-site/vybestack-site/evals/problems/pagination/.tmp-workspace-e8dcf3f3-ddf8-46e9-9a83-58a46d6c56c5-cvZW6t/workspace",
            "exitCode": 0,
            "stdout": "\nup to date, audited 371 packages in 885ms\n\n79 packages are looking for funding\n  run `npm fund` for details\n\n2 moderate severity vulnerabilities\n\nTo address all issues, run:\n  npm audit fix\n\nRun `npm audit` for details.\n",
            "stderr": "",
            "duration": 965,
            "label": "workspace-install"
          },
          {
            "command": "npm run typecheck",
            "cwd": "/home/runner/work/vybestack-site/vybestack-site/evals/problems/pagination/.tmp-workspace-e8dcf3f3-ddf8-46e9-9a83-58a46d6c56c5-cvZW6t/workspace",
            "exitCode": 0,
            "stdout": "\n> pagination-eval@0.0.1 typecheck\n> tsc --noEmit\n\n",
            "stderr": "",
            "duration": 1648,
            "label": "typecheck"
          },
          {
            "command": "npm run lint",
            "cwd": "/home/runner/work/vybestack-site/vybestack-site/evals/problems/pagination/.tmp-workspace-e8dcf3f3-ddf8-46e9-9a83-58a46d6c56c5-cvZW6t/workspace",
            "exitCode": 1,
            "stdout": "\n> pagination-eval@0.0.1 lint\n> eslint . --ext .ts,.tsx\n\n\n/home/runner/work/vybestack-site/vybestack-site/evals/problems/pagination/.tmp-workspace-e8dcf3f3-ddf8-46e9-9a83-58a46d6c56c5-cvZW6t/workspace/src/client/useInventory.tsx\n  16:30  error  'page' is defined but never used   @typescript-eslint/no-unused-vars\n  16:44  error  'limit' is defined but never used  @typescript-eslint/no-unused-vars\n\n✖ 2 problems (2 errors, 0 warnings)\n\n",
            "stderr": "",
            "duration": 2506,
            "label": "lint"
          },
          {
            "command": "npm run test:public",
            "cwd": "/home/runner/work/vybestack-site/vybestack-site/evals/problems/pagination/.tmp-workspace-e8dcf3f3-ddf8-46e9-9a83-58a46d6c56c5-cvZW6t/workspace",
            "exitCode": 0,
            "stdout": "\n> pagination-eval@0.0.1 test:public\n> vitest run --config vitest.config.public.ts\n\n\n\u001b[7m\u001b[1m\u001b[36m RUN \u001b[39m\u001b[22m\u001b[27m \u001b[36mv1.6.1\u001b[39m \u001b[90m/home/runner/work/vybestack-site/vybestack-site/evals/problems/pagination/.tmp-workspace-e8dcf3f3-ddf8-46e9-9a83-58a46d6c56c5-cvZW6t/workspace\u001b[39m\n\n \u001b[32m✓\u001b[39m tests/public/smoke.spec.ts \u001b[2m (\u001b[22m\u001b[2m1 test\u001b[22m\u001b[2m)\u001b[22m\u001b[90m 55\u001b[2mms\u001b[22m\u001b[39m\n\n\u001b[2m Test Files \u001b[22m \u001b[1m\u001b[32m1 passed\u001b[39m\u001b[22m\u001b[90m (1)\u001b[39m\n\u001b[2m      Tests \u001b[22m \u001b[1m\u001b[32m1 passed\u001b[39m\u001b[22m\u001b[90m (1)\u001b[39m\n\u001b[2m   Start at \u001b[22m 13:27:56\n\u001b[2m   Duration \u001b[22m 464ms\u001b[2m (transform 52ms, setup 0ms, collect 152ms, tests 55ms, environment 0ms, prepare 82ms)\u001b[22m\n\n",
            "stderr": "",
            "duration": 955,
            "label": "test:public"
          }
        ],
        "gradeResults": [
          {
            "command": "npm run lint",
            "cwd": "/home/runner/work/vybestack-site/vybestack-site/evals/grading/pagination",
            "exitCode": 1,
            "stdout": "\n> pagination-grading@0.0.1 lint\n> eslint workspace/src workspace/tests --ext .ts,.tsx\n\n\n/home/runner/work/vybestack-site/vybestack-site/evals/grading/pagination/workspace/src/client/useInventory.tsx\n  16:30  error  'page' is defined but never used   @typescript-eslint/no-unused-vars\n  16:44  error  'limit' is defined but never used  @typescript-eslint/no-unused-vars\n\n✖ 2 problems (2 errors, 0 warnings)\n\n",
            "stderr": "",
            "duration": 2393,
            "label": "lint"
          },
          {
            "command": "npm run typecheck",
            "cwd": "/home/runner/work/vybestack-site/vybestack-site/evals/grading/pagination",
            "exitCode": 0,
            "stdout": "\n> pagination-grading@0.0.1 typecheck\n> tsc -p tsconfig.json\n\n",
            "stderr": "",
            "duration": 1559,
            "label": "typecheck"
          },
          {
            "command": "npm run test:hidden",
            "cwd": "/home/runner/work/vybestack-site/vybestack-site/evals/grading/pagination",
            "exitCode": 1,
            "stdout": "\n> pagination-grading@0.0.1 test:hidden\n> vitest run --config vitest.config.hidden.ts\n\n\n\u001b[7m\u001b[1m\u001b[36m RUN \u001b[39m\u001b[22m\u001b[27m \u001b[36mv1.6.1\u001b[39m \u001b[90m/home/runner/work/vybestack-site/vybestack-site/evals/grading/pagination\u001b[39m\n\n \u001b[33m❯\u001b[39m tests/hidden/api.spec.ts \u001b[2m (\u001b[22m\u001b[2m3 tests\u001b[22m \u001b[2m|\u001b[22m \u001b[31m2 failed\u001b[39m\u001b[2m)\u001b[22m\u001b[90m 97\u001b[2mms\u001b[22m\u001b[39m\n\u001b[31m   \u001b[33m❯\u001b[31m tests/hidden/api.spec.ts\u001b[2m > \u001b[22mGET /inventory pagination\u001b[2m > \u001b[22mreturns the correct slice of data for a mid-page request\u001b[39m\n\u001b[31m     → expected [ 9, 10, 11, 12 ] to deeply equal [ 5, 6, 7, 8 ]\u001b[39m\n\u001b[31m   \u001b[33m❯\u001b[31m tests/hidden/api.spec.ts\u001b[2m > \u001b[22mGET /inventory pagination\u001b[2m > \u001b[22mindicates when the final page has been reached\u001b[39m\n\u001b[31m     → expected [] to have a length of 3 but got +0\u001b[39m\n\n\n::error file=/home/runner/work/vybestack-site/vybestack-site/evals/grading/pagination/tests/hidden/api.spec.ts,title=tests/hidden/api.spec.ts > GET /inventory pagination > returns the correct slice of data for a mid-page request,line=43,column=17::AssertionError: expected [ 9, 10, 11, 12 ] to deeply equal [ 5, 6, 7, 8 ]%0A%0A- Expected%0A+ Received%0A%0A  Array [%0A-   5,%0A-   6,%0A-   7,%0A-   8,%0A+   9,%0A+   10,%0A+   11,%0A+   12,%0A  ]%0A%0A ❯ tests/hidden/api.spec.ts:43:17%0A%0A\n\n::error file=/home/runner/work/vybestack-site/vybestack-site/evals/grading/pagination/tests/hidden/api.spec.ts,title=tests/hidden/api.spec.ts > GET /inventory pagination > indicates when the final page has been reached,line=51,column=33::AssertionError: expected [] to have a length of 3 but got +0%0A%0A- Expected%0A+ Received%0A%0A- 3%0A+ 0%0A%0A ❯ tests/hidden/api.spec.ts:51:33%0A%0A\n\u001b[2m Test Files \u001b[22m \u001b[1m\u001b[31m1 failed\u001b[39m\u001b[22m\u001b[90m (1)\u001b[39m\n\u001b[2m      Tests \u001b[22m \u001b[1m\u001b[31m2 failed\u001b[39m\u001b[22m\u001b[2m | \u001b[22m\u001b[1m\u001b[32m1 passed\u001b[39m\u001b[22m\u001b[90m (3)\u001b[39m\n\u001b[2m   Start at \u001b[22m 13:28:01\n\u001b[2m   Duration \u001b[22m 905ms\u001b[2m (transform 61ms, setup 66ms, collect 118ms, tests 97ms, environment 342ms, prepare 83ms)\u001b[22m\n\n",
            "stderr": "\u001b[31m⎯⎯⎯⎯⎯⎯⎯\u001b[1m\u001b[7m Failed Tests 2 \u001b[27m\u001b[22m⎯⎯⎯⎯⎯⎯⎯\u001b[39m\n\n\u001b[31m\u001b[1m\u001b[7m FAIL \u001b[27m\u001b[22m\u001b[39m tests/hidden/api.spec.ts\u001b[2m > \u001b[22mGET /inventory pagination\u001b[2m > \u001b[22mreturns the correct slice of data for a mid-page request\n\u001b[31m\u001b[1mAssertionError\u001b[22m: expected [ 9, 10, 11, 12 ] to deeply equal [ 5, 6, 7, 8 ]\u001b[39m\n\n- Expected\n+ Received\n\n  Array [\n-   5,\n-   6,\n-   7,\n-   8,\n+   9,\n+   10,\n+   11,\n+   12,\n  ]\n\n\u001b[36m \u001b[2m❯\u001b[22m tests/hidden/api.spec.ts:\u001b[2m43:17\u001b[22m\u001b[39m\n    \u001b[90m 41| \u001b[39m\n    \u001b[90m 42| \u001b[39m    \u001b[35mconst\u001b[39m ids \u001b[33m=\u001b[39m response\u001b[33m.\u001b[39mbody\u001b[33m.\u001b[39mitems\u001b[33m.\u001b[39m\u001b[34mmap\u001b[39m((item\u001b[33m:\u001b[39m { id\u001b[33m:\u001b[39m number }) \u001b[33m=>\u001b[39m item…\n    \u001b[90m 43| \u001b[39m    \u001b[34mexpect\u001b[39m(ids)\u001b[33m.\u001b[39m\u001b[34mtoEqual\u001b[39m([\u001b[34m5\u001b[39m\u001b[33m,\u001b[39m \u001b[34m6\u001b[39m\u001b[33m,\u001b[39m \u001b[34m7\u001b[39m\u001b[33m,\u001b[39m \u001b[34m8\u001b[39m])\u001b[33m;\u001b[39m\n    \u001b[90m   | \u001b[39m                \u001b[31m^\u001b[39m\n    \u001b[90m 44| \u001b[39m    taskStatus\u001b[33m.\u001b[39m\u001b[35mset\u001b[39m(\u001b[32m'api-mid-page-request'\u001b[39m\u001b[33m,\u001b[39m \u001b[35mtrue\u001b[39m)\u001b[33m;\u001b[39m\n    \u001b[90m 45| \u001b[39m  })\u001b[33m;\u001b[39m\n\n\u001b[31m\u001b[2m⎯⎯⎯⎯⎯⎯⎯⎯⎯⎯⎯⎯⎯⎯⎯⎯⎯⎯⎯⎯⎯⎯⎯⎯[1/2]⎯\u001b[22m\u001b[39m\n\n\u001b[31m\u001b[1m\u001b[7m FAIL \u001b[27m\u001b[22m\u001b[39m tests/hidden/api.spec.ts\u001b[2m > \u001b[22mGET /inventory pagination\u001b[2m > \u001b[22mindicates when the final page has been reached\n\u001b[31m\u001b[1mAssertionError\u001b[22m: expected [] to have a length of 3 but got +0\u001b[39m\n\n- Expected\n+ Received\n\n- 3\n+ 0\n\n\u001b[36m \u001b[2m❯\u001b[22m tests/hidden/api.spec.ts:\u001b[2m51:33\u001b[22m\u001b[39m\n    \u001b[90m 49| \u001b[39m\n    \u001b[90m 50| \u001b[39m    \u001b[34mexpect\u001b[39m(response\u001b[33m.\u001b[39mstatus)\u001b[33m.\u001b[39m\u001b[34mtoBe\u001b[39m(\u001b[34m200\u001b[39m)\u001b[33m;\u001b[39m\n    \u001b[90m 51| \u001b[39m    \u001b[34mexpect\u001b[39m(response\u001b[33m.\u001b[39mbody\u001b[33m.\u001b[39mitems)\u001b[33m.\u001b[39m\u001b[34mtoHaveLength\u001b[39m(\u001b[34m3\u001b[39m)\u001b[33m;\u001b[39m\n    \u001b[90m   | \u001b[39m                                \u001b[31m^\u001b[39m\n    \u001b[90m 52| \u001b[39m    \u001b[34mexpect\u001b[39m(response\u001b[33m.\u001b[39mbody\u001b[33m.\u001b[39mhasNext)\u001b[33m.\u001b[39m\u001b[34mtoBe\u001b[39m(\u001b[35mfalse\u001b[39m)\u001b[33m;\u001b[39m\n    \u001b[90m 53| \u001b[39m    taskStatus\u001b[33m.\u001b[39m\u001b[35mset\u001b[39m(\u001b[32m'api-final-page-handling'\u001b[39m\u001b[33m,\u001b[39m \u001b[35mtrue\u001b[39m)\u001b[33m;\u001b[39m\n\n\u001b[31m\u001b[2m⎯⎯⎯⎯⎯⎯⎯⎯⎯⎯⎯⎯⎯⎯⎯⎯⎯⎯⎯⎯⎯⎯⎯⎯[2/2]⎯\u001b[22m\u001b[39m\n\n",
            "duration": 1381,
            "label": "test:hidden"
          }
        ],
        "feedbackForNextPass": {
          "bullets": [
            "It isn't working correctly.",
            "Lint failed. Fix the reported lint errors.",
            "::error file=/home/runner/work/vybestack-site/vybestack-site/evals/grading/pagination/tests/hidden/api.spec.ts,title=tests/hidden/api.spec.ts > GET /inventory p…",
            "Please resolve the issues and re-run lint, tests, and build before finishing."
          ],
          "failingSteps": [
            {
              "step": "lint",
              "exitCode": 1,
              "message": "Lint failed. Fix the reported lint errors."
            },
            {
              "step": "lint",
              "exitCode": 1,
              "message": "Lint failed. Fix the reported lint errors."
            },
            {
              "step": "test:hidden",
              "exitCode": 1,
              "message": "::error file=/home/runner/work/vybestack-site/vybestack-site/evals/grading/pagination/tests/hidden/api.spec.ts,title=tests/hidden/api.spec.ts > GET /inventory p…",
              "snippet": "::error file=/home/runner/work/vybestack-site/vybestack-site/evals/grading/pagination/tests/hidden/api.spec.ts,title=tests/hidden/api.spec.ts > GET /inventory p…"
            }
          ],
          "hiddenAssertions": [
            "::error file=/home/runner/work/vybestack-site/vybestack-site/evals/grading/pagination/tests/hidden/api.spec.ts,title=tests/hidden/api.spec.ts > GET /inventory p…"
          ],
          "publicTestFailures": []
        },
        "publicTestFailures": [],
        "vybes": {
          "taskName": "pagination",
          "configId": "llxprt-synthetic-minimax",
          "complexityMultiplier": 5,
          "timeLimitMinutes": 10,
          "baseScore": 500,
          "successPercentage": 0,
          "baselineSuccessPercentage": 0,
          "adjustedSuccessPercentage": 0,
          "timePenaltyMultiplier": 1,
          "rawScore": 0,
          "finalScore": 0,
          "actualTimeMinutes": 1.193,
          "description": "Server and client pagination repair",
          "category": "full-stack",
          "breakdown": {
            "subtasksPassed": 1,
            "subtasksTotal": 5,
            "modulesCompleted": [],
            "modulesIncomplete": [
              "pagination"
            ],
            "modules": {
              "pagination": {
                "passed": 1,
                "total": 5,
                "passedTasks": [
                  "api-invalid-parameter-handling"
                ],
                "failedTasks": [
                  "api-mid-page-request",
                  "api-final-page-handling",
                  "client-navigation",
                  "client-alert"
                ]
              }
            }
          },
          "error": "lint/typecheck failed",
          "status": "error",
          "passesAttempted": 2,
          "selectedPass": 1,
          "totalCliDurationMs": 71585
        }
      },
      {
        "passNumber": 3,
        "startedAt": "2025-10-30T13:28:02.191Z",
        "finishedAt": "2025-10-30T13:29:06.706Z",
        "totalDuration": 64515,
        "promptHash": "f4003871fadfbc84b3f7bb03687567c5bfbb0bb6040f2fe0d56ea2683fbbec7f",
        "appliedFeedback": [
          "It isn't working correctly.",
          "Lint failed. Fix the reported lint errors.",
          "::error file=/home/runner/work/vybestack-site/vybestack-site/evals/grading/pagination/tests/hidden/api.spec.ts,title=tests/hidden/api.spec.ts > GET /inventory p…",
          "Please resolve the issues and re-run lint, tests, and build before finishing."
        ],
        "success": false,
        "partialSuccess": false,
        "workspaceArchive": "/home/runner/work/vybestack-site/vybestack-site/evals/outputs/pagination-2025-10-30T13-25-47-452Z/llxprt-synthetic-minimax/passes/pass-3/workspace",
        "resultsArchive": "/home/runner/work/vybestack-site/vybestack-site/evals/outputs/pagination-2025-10-30T13-25-47-452Z/llxprt-synthetic-minimax/passes/pass-3/results",
        "cliResult": {
          "command": "llxprt --provider openai --baseurl https://api.synthetic.new/openai/v1 --key *** --model hf:MiniMaxAI/MiniMax-M2 --set context-limit=190000 --set shell-replacement=true --set modelparam.temperature=1 --yolo",
          "cwd": "/home/runner/work/vybestack-site/vybestack-site/evals/problems/pagination/.tmp-workspace-e8dcf3f3-ddf8-46e9-9a83-58a46d6c56c5-cvZW6t/workspace",
          "exitCode": 0,
          "stdout": "<think>I need to understand the current state of this TypeScript project and fix the pagination functionality. Let me start by exploring the project structure and understanding the current implementation.\n\nFrom the problem context, I need to:\n1. Fix `GET /inventory` endpoint to accept `page` and `limit` query parameters with validation\n2. Implement proper pagination metadata in responses\n3. Fix the React component/hook to navigate pages and show errors\n4. Ensure Previous/Next controls work properly\n5. Run the commands to validate: npm install, npm run typecheck, npm run lint, npm run test:public, and finally npm run build\n\nLet me start by understanding the project structure and current implementation.\n</think>\n\nI'll help you fix the pagination service in this TypeScript project. Let me start by exploring the project structure and understanding the current implementation.\n<think>Now let me explore the project structure to understand the current implementation. I'll start by reading the main files to understand the codebase.\n\nLet me first look at the problem description and understand what needs to be done:\n1. GET /inventory endpoint needs page/limit query parameters with validation\n2. Must return pagination metadata\n3. React client needs proper pagination controls\n4. Need to validate inputs and handle errors\n5. Run typecheck, lint, test:public, and build\n\nLet me start by reading the key files to understand the current implementation.\n</think>\n\nI'll help you fix the pagination service. Let me start by exploring the project structure and understanding the current implementation.\n<think>Let me check the current directory and explore the project structure to understand what we're working with.\n</think>\n\n\n<think>The list_directory seems to have not shown the files. Let me try using glob to find the files.\n</think>\n\n\n<think>Let me check if I need to use the default exclusion or not. I'll use a more specific approach to read the files.\n</think>\n\n\n<think>I see the issue. The files I found in the initial listing are there, but I need to use absolute paths and disable the default excludes which are probably hiding them since they're git-ignored. Let me read the files I saw in the initial listing.\n</think>\n\n\n<think>Great! Now I have the context. Let me explore the source files to understand the current implementation and identify the issues.\n\nLet me start by looking at the source files in the src directory:\n</think>\n\n\n<think>The workspace shows 12 git-ignored files, which suggests that the repository structure isn't fully visible. Let me try to check if there are hidden directories or if I need to look more carefully. Let me try using grep to search for relevant files.\n</think>\n\n\n<think>Good! Now I can see the files. Let me start exploring the source code to understand the current implementation. I need to read the server-side files, client-side files, and shared types to understand the structure.\n</think>\n\n\n<think>The files are being skipped. Let me check if I need to use full paths or if there's something else going on.\n</think>\n\n\n<think>Good! Now I can see the current implementation. Let me read more files to understand the complete structure.\n\nThe current app.ts shows:\n1. It has basic validation for page and limit parameters\n2. But it looks like the validation might be too strict (rejecting pageNum > 1000000)\n3. The repository function `listInventory` is called with the validated params\n4. The response returns the payload directly\n\nLet me check the inventoryRepository.ts to see the actual pagination logic and the types to understand the expected response structure.\n</think>\n\n\n<think>Good! Now I can see the issue. Looking at the inventoryRepository.ts file:\n\n```typescript\nconst offset = page * limit;\n```\n\nThis is clearly wrong. The offset should be `(page - 1) * limit` because:\n- Page 1 should start at offset 0\n- Page 2 should start at offset (2-1) * limit = limit\n- Page 3 should start at offset (3-1) * limit = 2 * limit\n\nThe current implementation `page * limit` means:\n- Page 1 starts at offset 1 * limit = limit (skipping the first page entirely!)\n- Page 2 starts at offset 2 * limit\n\nAlso, let me check the types and the client implementation.\n</think>\n\n\n<think>Let me check the shared types and client files:\n</think>\n\n\n<think>Now let me read the client files to understand the React implementation.\n</think>\n\n\n<think>Let me use the full absolute path to read these files.\n</think>\n\n\n<think>Good, I can see the current state:\n\n1. **app.ts** - Has validation logic that looks correct for page/limit validation\n2. **inventoryRepository.ts** - Has the bug! The offset calculation is wrong: `offset = page * limit` should be `offset = (page - 1) * limit`\n3. **InventoryView.tsx** - Missing pagination controls, only shows page 1 hardcoded\n4. **types.ts** - Has the correct type definitions\n\nLet me check the useInventory hook and the tests to understand the full picture.\n</think>\n\nThis task seems to involve multiple steps. A todo list might help track your progress.\n",
          "stderr": "",
          "duration": 53325,
          "label": "llxprt-synthetic-minimax"
        },
        "buildResults": [
          {
            "command": "npm install",
            "cwd": "/home/runner/work/vybestack-site/vybestack-site/evals/problems/pagination/.tmp-workspace-e8dcf3f3-ddf8-46e9-9a83-58a46d6c56c5-cvZW6t/workspace",
            "exitCode": 0,
            "stdout": "\nup to date, audited 371 packages in 785ms\n\n79 packages are looking for funding\n  run `npm fund` for details\n\n2 moderate severity vulnerabilities\n\nTo address all issues, run:\n  npm audit fix\n\nRun `npm audit` for details.\n",
            "stderr": "",
            "duration": 867,
            "label": "workspace-install"
          },
          {
            "command": "npm run typecheck",
            "cwd": "/home/runner/work/vybestack-site/vybestack-site/evals/problems/pagination/.tmp-workspace-e8dcf3f3-ddf8-46e9-9a83-58a46d6c56c5-cvZW6t/workspace",
            "exitCode": 0,
            "stdout": "\n> pagination-eval@0.0.1 typecheck\n> tsc --noEmit\n\n",
            "stderr": "",
            "duration": 1597,
            "label": "typecheck"
          },
          {
            "command": "npm run lint",
            "cwd": "/home/runner/work/vybestack-site/vybestack-site/evals/problems/pagination/.tmp-workspace-e8dcf3f3-ddf8-46e9-9a83-58a46d6c56c5-cvZW6t/workspace",
            "exitCode": 1,
            "stdout": "\n> pagination-eval@0.0.1 lint\n> eslint . --ext .ts,.tsx\n\n\n/home/runner/work/vybestack-site/vybestack-site/evals/problems/pagination/.tmp-workspace-e8dcf3f3-ddf8-46e9-9a83-58a46d6c56c5-cvZW6t/workspace/src/client/useInventory.tsx\n  16:30  error  'page' is defined but never used   @typescript-eslint/no-unused-vars\n  16:44  error  'limit' is defined but never used  @typescript-eslint/no-unused-vars\n\n✖ 2 problems (2 errors, 0 warnings)\n\n",
            "stderr": "",
            "duration": 2442,
            "label": "lint"
          },
          {
            "command": "npm run test:public",
            "cwd": "/home/runner/work/vybestack-site/vybestack-site/evals/problems/pagination/.tmp-workspace-e8dcf3f3-ddf8-46e9-9a83-58a46d6c56c5-cvZW6t/workspace",
            "exitCode": 0,
            "stdout": "\n> pagination-eval@0.0.1 test:public\n> vitest run --config vitest.config.public.ts\n\n\n\u001b[7m\u001b[1m\u001b[36m RUN \u001b[39m\u001b[22m\u001b[27m \u001b[36mv1.6.1\u001b[39m \u001b[90m/home/runner/work/vybestack-site/vybestack-site/evals/problems/pagination/.tmp-workspace-e8dcf3f3-ddf8-46e9-9a83-58a46d6c56c5-cvZW6t/workspace\u001b[39m\n\n \u001b[32m✓\u001b[39m tests/public/smoke.spec.ts \u001b[2m (\u001b[22m\u001b[2m1 test\u001b[22m\u001b[2m)\u001b[22m\u001b[90m 52\u001b[2mms\u001b[22m\u001b[39m\n\n\u001b[2m Test Files \u001b[22m \u001b[1m\u001b[32m1 passed\u001b[39m\u001b[22m\u001b[90m (1)\u001b[39m\n\u001b[2m      Tests \u001b[22m \u001b[1m\u001b[32m1 passed\u001b[39m\u001b[22m\u001b[90m (1)\u001b[39m\n\u001b[2m   Start at \u001b[22m 13:29:00\n\u001b[2m   Duration \u001b[22m 442ms\u001b[2m (transform 50ms, setup 0ms, collect 150ms, tests 52ms, environment 0ms, prepare 69ms)\u001b[22m\n\n",
            "stderr": "",
            "duration": 929,
            "label": "test:public"
          }
        ],
        "gradeResults": [
          {
            "command": "npm run lint",
            "cwd": "/home/runner/work/vybestack-site/vybestack-site/evals/grading/pagination",
            "exitCode": 1,
            "stdout": "\n> pagination-grading@0.0.1 lint\n> eslint workspace/src workspace/tests --ext .ts,.tsx\n\n\n/home/runner/work/vybestack-site/vybestack-site/evals/grading/pagination/workspace/src/client/useInventory.tsx\n  16:30  error  'page' is defined but never used   @typescript-eslint/no-unused-vars\n  16:44  error  'limit' is defined but never used  @typescript-eslint/no-unused-vars\n\n✖ 2 problems (2 errors, 0 warnings)\n\n",
            "stderr": "",
            "duration": 2383,
            "label": "lint"
          },
          {
            "command": "npm run typecheck",
            "cwd": "/home/runner/work/vybestack-site/vybestack-site/evals/grading/pagination",
            "exitCode": 0,
            "stdout": "\n> pagination-grading@0.0.1 typecheck\n> tsc -p tsconfig.json\n\n",
            "stderr": "",
            "duration": 1577,
            "label": "typecheck"
          },
          {
            "command": "npm run test:hidden",
            "cwd": "/home/runner/work/vybestack-site/vybestack-site/evals/grading/pagination",
            "exitCode": 1,
            "stdout": "\n> pagination-grading@0.0.1 test:hidden\n> vitest run --config vitest.config.hidden.ts\n\n\n\u001b[7m\u001b[1m\u001b[36m RUN \u001b[39m\u001b[22m\u001b[27m \u001b[36mv1.6.1\u001b[39m \u001b[90m/home/runner/work/vybestack-site/vybestack-site/evals/grading/pagination\u001b[39m\n\n \u001b[33m❯\u001b[39m tests/hidden/api.spec.ts \u001b[2m (\u001b[22m\u001b[2m3 tests\u001b[22m \u001b[2m|\u001b[22m \u001b[31m2 failed\u001b[39m\u001b[2m)\u001b[22m\u001b[90m 94\u001b[2mms\u001b[22m\u001b[39m\n\u001b[31m   \u001b[33m❯\u001b[31m tests/hidden/api.spec.ts\u001b[2m > \u001b[22mGET /inventory pagination\u001b[2m > \u001b[22mreturns the correct slice of data for a mid-page request\u001b[39m\n\u001b[31m     → expected [ 9, 10, 11, 12 ] to deeply equal [ 5, 6, 7, 8 ]\u001b[39m\n\u001b[31m   \u001b[33m❯\u001b[31m tests/hidden/api.spec.ts\u001b[2m > \u001b[22mGET /inventory pagination\u001b[2m > \u001b[22mindicates when the final page has been reached\u001b[39m\n\u001b[31m     → expected [] to have a length of 3 but got +0\u001b[39m\n\n\n::error file=/home/runner/work/vybestack-site/vybestack-site/evals/grading/pagination/tests/hidden/api.spec.ts,title=tests/hidden/api.spec.ts > GET /inventory pagination > returns the correct slice of data for a mid-page request,line=43,column=17::AssertionError: expected [ 9, 10, 11, 12 ] to deeply equal [ 5, 6, 7, 8 ]%0A%0A- Expected%0A+ Received%0A%0A  Array [%0A-   5,%0A-   6,%0A-   7,%0A-   8,%0A+   9,%0A+   10,%0A+   11,%0A+   12,%0A  ]%0A%0A ❯ tests/hidden/api.spec.ts:43:17%0A%0A\n\n::error file=/home/runner/work/vybestack-site/vybestack-site/evals/grading/pagination/tests/hidden/api.spec.ts,title=tests/hidden/api.spec.ts > GET /inventory pagination > indicates when the final page has been reached,line=51,column=33::AssertionError: expected [] to have a length of 3 but got +0%0A%0A- Expected%0A+ Received%0A%0A- 3%0A+ 0%0A%0A ❯ tests/hidden/api.spec.ts:51:33%0A%0A\n\u001b[2m Test Files \u001b[22m \u001b[1m\u001b[31m1 failed\u001b[39m\u001b[22m\u001b[90m (1)\u001b[39m\n\u001b[2m      Tests \u001b[22m \u001b[1m\u001b[31m2 failed\u001b[39m\u001b[22m\u001b[2m | \u001b[22m\u001b[1m\u001b[32m1 passed\u001b[39m\u001b[22m\u001b[90m (3)\u001b[39m\n\u001b[2m   Start at \u001b[22m 13:29:05\n\u001b[2m   Duration \u001b[22m 907ms\u001b[2m (transform 62ms, setup 65ms, collect 124ms, tests 94ms, environment 364ms, prepare 73ms)\u001b[22m\n\n",
            "stderr": "\u001b[31m⎯⎯⎯⎯⎯⎯⎯\u001b[1m\u001b[7m Failed Tests 2 \u001b[27m\u001b[22m⎯⎯⎯⎯⎯⎯⎯\u001b[39m\n\n\u001b[31m\u001b[1m\u001b[7m FAIL \u001b[27m\u001b[22m\u001b[39m tests/hidden/api.spec.ts\u001b[2m > \u001b[22mGET /inventory pagination\u001b[2m > \u001b[22mreturns the correct slice of data for a mid-page request\n\u001b[31m\u001b[1mAssertionError\u001b[22m: expected [ 9, 10, 11, 12 ] to deeply equal [ 5, 6, 7, 8 ]\u001b[39m\n\n- Expected\n+ Received\n\n  Array [\n-   5,\n-   6,\n-   7,\n-   8,\n+   9,\n+   10,\n+   11,\n+   12,\n  ]\n\n\u001b[36m \u001b[2m❯\u001b[22m tests/hidden/api.spec.ts:\u001b[2m43:17\u001b[22m\u001b[39m\n    \u001b[90m 41| \u001b[39m\n    \u001b[90m 42| \u001b[39m    \u001b[35mconst\u001b[39m ids \u001b[33m=\u001b[39m response\u001b[33m.\u001b[39mbody\u001b[33m.\u001b[39mitems\u001b[33m.\u001b[39m\u001b[34mmap\u001b[39m((item\u001b[33m:\u001b[39m { id\u001b[33m:\u001b[39m number }) \u001b[33m=>\u001b[39m item…\n    \u001b[90m 43| \u001b[39m    \u001b[34mexpect\u001b[39m(ids)\u001b[33m.\u001b[39m\u001b[34mtoEqual\u001b[39m([\u001b[34m5\u001b[39m\u001b[33m,\u001b[39m \u001b[34m6\u001b[39m\u001b[33m,\u001b[39m \u001b[34m7\u001b[39m\u001b[33m,\u001b[39m \u001b[34m8\u001b[39m])\u001b[33m;\u001b[39m\n    \u001b[90m   | \u001b[39m                \u001b[31m^\u001b[39m\n    \u001b[90m 44| \u001b[39m    taskStatus\u001b[33m.\u001b[39m\u001b[35mset\u001b[39m(\u001b[32m'api-mid-page-request'\u001b[39m\u001b[33m,\u001b[39m \u001b[35mtrue\u001b[39m)\u001b[33m;\u001b[39m\n    \u001b[90m 45| \u001b[39m  })\u001b[33m;\u001b[39m\n\n\u001b[31m\u001b[2m⎯⎯⎯⎯⎯⎯⎯⎯⎯⎯⎯⎯⎯⎯⎯⎯⎯⎯⎯⎯⎯⎯⎯⎯[1/2]⎯\u001b[22m\u001b[39m\n\n\u001b[31m\u001b[1m\u001b[7m FAIL \u001b[27m\u001b[22m\u001b[39m tests/hidden/api.spec.ts\u001b[2m > \u001b[22mGET /inventory pagination\u001b[2m > \u001b[22mindicates when the final page has been reached\n\u001b[31m\u001b[1mAssertionError\u001b[22m: expected [] to have a length of 3 but got +0\u001b[39m\n\n- Expected\n+ Received\n\n- 3\n+ 0\n\n\u001b[36m \u001b[2m❯\u001b[22m tests/hidden/api.spec.ts:\u001b[2m51:33\u001b[22m\u001b[39m\n    \u001b[90m 49| \u001b[39m\n    \u001b[90m 50| \u001b[39m    \u001b[34mexpect\u001b[39m(response\u001b[33m.\u001b[39mstatus)\u001b[33m.\u001b[39m\u001b[34mtoBe\u001b[39m(\u001b[34m200\u001b[39m)\u001b[33m;\u001b[39m\n    \u001b[90m 51| \u001b[39m    \u001b[34mexpect\u001b[39m(response\u001b[33m.\u001b[39mbody\u001b[33m.\u001b[39mitems)\u001b[33m.\u001b[39m\u001b[34mtoHaveLength\u001b[39m(\u001b[34m3\u001b[39m)\u001b[33m;\u001b[39m\n    \u001b[90m   | \u001b[39m                                \u001b[31m^\u001b[39m\n    \u001b[90m 52| \u001b[39m    \u001b[34mexpect\u001b[39m(response\u001b[33m.\u001b[39mbody\u001b[33m.\u001b[39mhasNext)\u001b[33m.\u001b[39m\u001b[34mtoBe\u001b[39m(\u001b[35mfalse\u001b[39m)\u001b[33m;\u001b[39m\n    \u001b[90m 53| \u001b[39m    taskStatus\u001b[33m.\u001b[39m\u001b[35mset\u001b[39m(\u001b[32m'api-final-page-handling'\u001b[39m\u001b[33m,\u001b[39m \u001b[35mtrue\u001b[39m)\u001b[33m;\u001b[39m\n\n\u001b[31m\u001b[2m⎯⎯⎯⎯⎯⎯⎯⎯⎯⎯⎯⎯⎯⎯⎯⎯⎯⎯⎯⎯⎯⎯⎯⎯[2/2]⎯\u001b[22m\u001b[39m\n\n",
            "duration": 1383,
            "label": "test:hidden"
          }
        ],
        "publicTestFailures": [],
        "vybes": {
          "taskName": "pagination",
          "configId": "llxprt-synthetic-minimax",
          "complexityMultiplier": 5,
          "timeLimitMinutes": 10,
          "baseScore": 500,
          "successPercentage": 0,
          "baselineSuccessPercentage": 0,
          "adjustedSuccessPercentage": 0,
          "timePenaltyMultiplier": 1,
          "rawScore": 0,
          "finalScore": 0,
          "actualTimeMinutes": 0.889,
          "description": "Server and client pagination repair",
          "category": "full-stack",
          "breakdown": {
            "subtasksPassed": 1,
            "subtasksTotal": 5,
            "modulesCompleted": [],
            "modulesIncomplete": [
              "pagination"
            ],
            "modules": {
              "pagination": {
                "passed": 1,
                "total": 5,
                "passedTasks": [
                  "api-invalid-parameter-handling"
                ],
                "failedTasks": [
                  "api-mid-page-request",
                  "api-final-page-handling",
                  "client-navigation",
                  "client-alert"
                ]
              }
            }
          },
          "error": "lint/typecheck failed",
          "status": "error",
          "passesAttempted": 3,
          "selectedPass": 2,
          "totalCliDurationMs": 53325
        }
      }
    ]
  },
  "vybes": {
    "taskName": "pagination",
    "configId": "llxprt-synthetic-minimax",
    "complexityMultiplier": 5,
    "timeLimitMinutes": 10,
    "baseScore": 500,
    "successPercentage": 0,
    "baselineSuccessPercentage": 0,
    "adjustedSuccessPercentage": 0,
    "timePenaltyMultiplier": 1,
    "rawScore": 0,
    "finalScore": 0,
    "actualTimeMinutes": 3.32,
    "description": "Server and client pagination repair",
    "category": "full-stack",
    "breakdown": {
      "subtasksPassed": 0,
      "subtasksTotal": 5,
      "modulesCompleted": [],
      "modulesIncomplete": [
        "pagination"
      ],
      "modules": {
        "pagination": {
          "passed": 0,
          "total": 5,
          "passedTasks": [],
          "failedTasks": [
            "api-mid-page-request",
            "api-final-page-handling",
            "api-invalid-parameter-handling",
            "client-navigation",
            "client-alert"
          ]
        }
      }
    },
    "error": "lint/typecheck failed",
    "status": "error",
    "passesAttempted": 3,
    "selectedPass": 0,
    "totalCliDurationMs": 199219,
    "repoVersion": "main@6a41eca"
  }
}