{
  "evalName": "report-builder",
  "configId": "llxprt-synthetic-minimax",
  "startedAt": "2025-10-31T20:05:10.421Z",
  "finishedAt": "2025-10-31T20:05:10.421Z",
  "status": "pass",
  "totalDuration": 164960,
  "totalCliDuration": 164927,
  "commands": [
    {
      "name": "llxprt-synthetic-minimax",
      "command": "llxprt --provider openai --baseurl https://api.synthetic.new/openai/v1 --key *** --model hf:MiniMaxAI/MiniMax-M2 --set context-limit=190000 --set shell-replacement=true --set modelparam.temperature=1 --yolo",
      "cwd": "/home/runner/work/vybestack-site/vybestack-site/evals/problems/report-builder/.tmp-workspace-478c2fd7-e6dc-4079-aed0-8d188481a529-wXBivA/workspace",
      "exitCode": 0,
      "stdout": "<think>Let me understand this problem step by step:\n\n1. I need to implement a clean TypeScript CLI tool for rendering reports from JSON input\n2. The entry point should be `src/cli/report.ts` \n3. It should accept command line arguments: `<data.json> --format <format> [--output <path>] [--includeTotals]`\n4. Supported formats: `markdown`, `text`\n5. I need to create formatter modules under `src/formats/`\n6. The data model is defined in `fixtures/data.json`\n7. I need to compute totals and render amounts with two decimal places\n8. Must use only built-in Node APIs, no third-party parsers\n9. TypeScript imports should use `.js` extensions\n10. Don't modify existing config files\n11. Must run lint, test, typecheck, and build as final steps\n\nLet me start by exploring the current project structure to understand what's already there.\n</think>\n\nI'll help you implement the Report Builder CLI tool. Let me start by exploring the current project structure and understanding the existing setup.\n<think>Now I need to explore the project structure to understand the existing setup. Let me look at the project structure first.\n</think>\n\n\n<think>Let me try reading them one by one with the absolute paths. The working directory should be the root of the project.\n</think>\n\n\n<think>Good, I can see the project structure. Let me read the other configuration files to understand the TypeScript and lint setup.\n</think>\n\n\n<think>It seems the read_many_files didn't return anything. Let me try reading individual files.\n</think>\n\n\n<think>Good, I can see the tsconfig is set up with NodeNext module system and moduleResolution. This means I need to use .js extensions in imports as mentioned in the requirements.\n\nLet me check the other config files and the fixture data.\n</think>\n\n\n<think>Good! Now I have a clear understanding of the project setup:\n\n1. TypeScript project with NodeNext module system\n2. ESLint and Prettier configured\n3. Vitest for testing\n4. Source code in `src/` directory, compiled to `dist/`\n5. Data model is clear from fixtures/data.json\n\nNow let me examine the existing structure more carefully and then create the required modules.\n</think>\n\n\n<think>Good, the src directory is empty (only has .gitignore entries). Now let me examine the existing structure and understand what needs to be created:\n\n1. I need to create formatter modules in src/formats/ (markdown.ts and text.ts)\n2. I need to create the CLI entry point in src/cli/report.ts\n3. I need to examine the README in formats directory to understand any existing structure\n\nLet me first check what's in the formats/README.md file and update my todo list to mark the first task as complete.\n</think>\n\n\n<think>Good! I can see the project structure now. Let me understand what I need to do:\n\n1. The project already has:\n   - TypeScript configuration set up with NodeNext module resolution\n   - ESLint and Prettier configured\n   - Scripts for lint, test:public, typecheck, and build\n   - Empty src directory structure with CLI and formats folders\n\n2. I need to create:\n   - Formatter modules in `src/formats/` (markdown.ts and text.ts)\n   - CLI entry point in `src/cli/report.ts`\n   - Shared interfaces for report data and options\n\n3. The CLI should:\n   - Accept arguments: `<data.json> --format <format> [--output <path>] [--includeTotals]`\n   - Support \"markdown\" and \"text\" formats\n   - Read JSON data with structure: title, summary, entries[]\n   - Calculate totals from entries[].amount\n   - Render amounts with 2 decimal places as $12345.67\n   - Use built-in Node modules only\n   - Import formatters with .js extensions for NodeNext\n\nLet me update the todo list and start implementing.\n</think>\n\n\n<think>Let me understand what I need to do:\n\n1. Create a Report Builder CLI in TypeScript\n2. The entry point is `src/cli/report.ts` \n3. Create formatter modules under `src/formats/`\n4. Use only built-in Node APIs\n5. Don't modify any config files\n6. Support JSON input with this structure:\n   ```json\n   {\n     \"title\": \"Quarterly Financial Summary\",\n     \"summary\": \"Highlights include record revenue...\",\n     \"entries\": [\n       { \"label\": \"North Region\", \"amount\": 12345.67 },\n       { \"label\": \"South Region\", \"amount\": 23456.78 },\n       { \"label\": \"West Region\", \"amount\": 34567.89 }\n     ]\n   }\n   ```\n7. Support two formats: markdown and text\n8. CLI usage: `node dist/cli/report.js <data.json> --format <format> [--output <path>] [--includeTotals]`\n9. TypeScript imports should use `.js` extensions\n10. Amounts should be rendered with two decimal places (e.g., $12345.67)\n\nLet me start by creating the shared types, then the formatters, and finally the CLI entry point.\n\nFirst, I should create shared types:\n</think>\n\nNow I'll create the implementation. Based on the requirements, I need to:\n\n1. Create shared types/interfaces for the report data\n2. Create formatter modules (markdown and text)\n3. Implement the CLI entry point\n4. Test and build\n\nLet me start with the shared types:\n<think>Good! Now I've created the shared types. Let me update the todo and create the formatter modules.\n</think>\n\n\n<think>Now I need to create the markdown formatter. Based on the requirements:\n- Markdown format: print `# <title>`, blank line, summary, blank line, `## Entries`, bullet list `- **<label>** — $<amount>`, optional final `**Total:** $<amount>` when `--includeTotals` is provided.\n- Render amounts exactly as `$12345.67` (two decimal places, no thousands separators)\n\nLet me write the markdown formatter:\n</think>\n\n\n<think>Great! I've created the markdown formatter. Now let me create the text formatter and then move on to the CLI implementation.\n</think>\n\n\n<think>Now I need to create the text formatter module. Let me think about the requirements:\n\nFor text format:\n- Print title\n- Print summary\n- `Entries:` heading\n- Bullet list `- <label>: $<amount>`\n- Optional `Total: $<amount>` when totals are requested\n- Render amounts exactly as `$12345.67` (two decimal places, no thousands separators)\n\nLet me create this file.\n</think>\n\n\n<think>Now I need to implement the CLI entry point. Let me create the report.ts file in src/cli/. This file needs to:\n\n1. Parse command line arguments using Node's standard library\n2. Read and parse JSON data\n3. Validate the data structure\n4. Use the formatters to render the report\n5. Output to stdout or file\n6. Handle errors gracefully\n\nLet me implement this now.\n</think>\n\n\n<think>Now I need to implement the CLI entry point. Let me think about what it needs to do:\n\n1. Parse command-line arguments using Node's standard library (no third-party parsers)\n2. Read JSON data from a file\n3. Validate the input data\n4. Use the appropriate formatter\n5. Output to stdout or a file\n\nThe command format is:\n`node dist/cli/report.js <data.json> --format <format> [--output <path>] [--includeTotals]`\n\nI need to:\n- Parse process.argv manually (no third-party parsers)\n- Read and parse the JSON file\n- Validate that required fields are present\n- Check that the format is supported (markdown, text)\n- Use the formatter to generate output\n- Write to stdout or output file\n\nLet me implement this:\n</think>\n\n\n<think>Great! I've completed all the implementation tasks. Now I need to:\n1. Run the lint, typecheck, test, and build commands\n2. Test the final CLI with sample data\n\nLet me update the todo list and start running the commands.\n</think>\n\n\n<think>Now I need to run the required commands to verify the implementation:\n1. npm run lint\n2. npm run typecheck\n3. npm run test:public\n4. npm run build\n\nLet me run these commands one by one.\n</think>\n\n\n<think>It seems eslint is not installed. Let me check if node_modules exists and try installing dependencies first.\n</think>\n\n\n<think>Good, the dependencies are installed. Now let's run the lint command again.\n</think>\n\n\n<think>Great! ESLint passed successfully. Now let me run the typecheck command.\n</think>\n\n\n<think>Good! Lint and typecheck passed. Now let's run the tests to see what tests exist and if they pass.\n</think>\n\n\n<think>Great! All tests are passing. Now I need to run the build command to ensure everything compiles correctly.\n</think>\n\n\n<think>Great! All the checks passed. Now let me test the CLI with the sample data to make sure it works correctly.\n</think>\n\n\n<think>Now I need to test the CLI with the sample data. Let me run the command as specified in the requirements:\n\n```\nnode dist/cli/report.js fixtures/data.json --format markdown --includeTotals\n```\n</think>\n\n\n<think>Great! The CLI works correctly. Let me test a few more scenarios to make sure everything works as expected.\n</think>\n\n\n<think>Great! The tests are passing. Let me also test error handling to make sure the CLI handles errors gracefully.\n</think>\n\n\n<think>Great! All tests are passing. Let me test one more case - without totals to make sure that works correctly.\n</think>\n\n\n<think>Perfect! Let me test one more format and then test the output flag.\n</think>\n\n\n<think>Great! All the tests are passing successfully. Let me update the todo list to mark the final task as completed and summarize what I've accomplished.\n\nThe implementation is complete:\n\n1. [OK] Created shared types and interfaces in `src/types.ts`\n2. [OK] Created markdown formatter module in `src/formats/markdown.ts`\n3. [OK] Created text formatter module in `src/formats/text.ts`\n4. [OK] Implemented CLI entry point in `src/cli/report.ts`\n5. [OK] All lint, typecheck, test, and build commands passed\n6. [OK] Successfully tested the CLI with:\n   - Markdown format with totals\n   - Text format with totals\n   - Markdown format without totals\n   - Text format without totals\n   - Invalid format error handling\n\nThe implementation follows all the requirements:\n- Entry point is `src/cli/report.ts` which compiles to `dist/cli/report.js`\n- CLI accepts `<data.json> --format <format> [--output <path>] [--includeTotals>`\n- Supports `markdown` and `text` formats\n- Rejects unknown formats with an error containing \"Unsupported format\"\n- Output goes to stdout unless `--output` is provided\n- Uses Node's standard library for argument parsing (no third-party parsers)\n- TypeScript imports use `.js` extensions for proper NodeNext resolution\n- Data model matches the fixture schema\n- Computes totals by summing entries[].amount with two decimal places\n- Validates input and reports helpful errors for malformed JSON\n- Markdown format prints the correct structure with title, summary, entries, and optional total\n- Text format prints the correct structure with title, summary, entries, and optional total\n- Amounts render as $12345.67 format (two decimal places, no thousands separators)\n- Formatter modules are modular and extensible\n- Shared typed interfaces for report data and options\n \nI've meticulously maintained the project's existing code standards, ensuring strict adherence to TypeScript, ESLint, and Prettier configurations. The implementation leverages only built-in Node modules, preserving the project's architectural integrity and avoiding unnecessary dependencies.\n</think>\n\n\n<think>All tasks are completed! Let me summarize what I've done:\n\n1. Created a types.ts file with shared interfaces for ReportData, ReportEntry, FormatOptions, and Formatter\n2. Created markdown.ts formatter that formats data according to markdown rules\n3. Created text.ts formatter that formats data according to text rules\n4. Created CLI entry point in cli/report.ts that:\n   - Parses command-line arguments using Node's standard library\n   - Validates input JSON\n   - Supports both markdown and text formats\n   - Handles --includeTotals flag\n   - Supports --output flag for file output\n   - Provides helpful error messages\n5. Successfully ran all required commands:\n   - npm run lint - passed\n   - npm run typecheck - passed\n   - npm run test:public - passed\n   - npm run build - passed\n6. Tested the CLI with various scenarios:\n   - markdown with totals\n   - text with totals\n   - markdown without totals\n   - text without totals\n   - invalid format (correctly shows error with \"Unsupported format\")\n\nAll requirements have been met. The implementation:\n- Uses only built-in Node APIs\n- Uses .js extensions in imports for proper NodeNext resolution\n- Keeps formatters modular\n- Validates input and provides helpful errors\n- Formats amounts with exactly 2 decimal places\n- Supports the required CLI interface\n- Passes all lint, typecheck, and test commands\n- Successfully builds\n</think>\n\n## Summary\n\nI've successfully implemented a clean, idiomatic TypeScript command-line tool for rendering reports from JSON input. Here's what was accomplished:\n\n### Implementation Details\n\n1. **Created shared types** (`src/types.ts`):\n   - Defined `ReportData`, `ReportEntry`, `FormatOptions`, and `Formatter` interfaces\n   - Exported format constants for type safety\n\n2. **Created formatter modules** (`src/formats/`):\n   - **markdown.ts**: Formats reports using markdown syntax with `# Title`, `## Entries`, bold labels, and amounts\n   - **text.ts**: Formats reports in plain text with clean, readable layout\n   - Both modules format amounts as `$12345.67` (exactly 2 decimal places, no thousands separators)\n   - Both support optional totals calculation\n\n3. **Implemented CLI** (`src/cli/report.ts`):\n   - Parses arguments using Node's standard library (no third-party parsers)\n   - Validates JSON input with helpful error messages\n   - Supports `--format markdown|text`, `--output <path>`, and `--includeTotals` flags\n   - Rejects unknown formats with error containing \"Unsupported format\"\n   - Outputs to stdout or file based on `--output` flag\n\n### Testing Results\n\nAll commands completed successfully:\n\n[OK] **npm run lint** - No ESLint errors  \n[OK] **npm run typecheck** - No TypeScript errors  \n[OK] **npm run test:public** - All tests passed  \n[OK] **npm run build** - Successfully compiled to `dist/`\n\n### Verified CLI Functionality\n\nTested multiple scenarios:\n- `markdown --includeTotals` [OK]\n- `text --includeTotals` [OK]  \n- `markdown` (without totals) [OK]\n- `text` (without totals) [OK]\n- Invalid format handling [OK] (correctly shows \"Unsupported format\" error)\n\nThe implementation is modular, maintainable, and ready for future format extensions. All requirements have been met without modifying any configuration files or dependencies.\n",
      "stderr": "",
      "duration": 154010,
      "success": true
    },
    {
      "name": "workspace-install",
      "command": "npm install",
      "cwd": "/home/runner/work/vybestack-site/vybestack-site/evals/problems/report-builder/.tmp-workspace-478c2fd7-e6dc-4079-aed0-8d188481a529-wXBivA/workspace",
      "exitCode": 0,
      "stdout": "\nadded 1 package, and audited 204 packages in 673ms\n\n60 packages are looking for funding\n  run `npm fund` for details\n\n4 moderate severity vulnerabilities\n\nTo address all issues (including breaking changes), run:\n  npm audit fix --force\n\nRun `npm audit` for details.\n",
      "stderr": "",
      "duration": 760,
      "success": true
    },
    {
      "name": "typecheck",
      "command": "npm run typecheck",
      "cwd": "/home/runner/work/vybestack-site/vybestack-site/evals/problems/report-builder/.tmp-workspace-478c2fd7-e6dc-4079-aed0-8d188481a529-wXBivA/workspace",
      "exitCode": 0,
      "stdout": "\n> report-builder-eval@0.0.1 typecheck\n> tsc --noEmit\n\n",
      "stderr": "",
      "duration": 1112,
      "success": true
    },
    {
      "name": "lint",
      "command": "npm run lint",
      "cwd": "/home/runner/work/vybestack-site/vybestack-site/evals/problems/report-builder/.tmp-workspace-478c2fd7-e6dc-4079-aed0-8d188481a529-wXBivA/workspace",
      "exitCode": 0,
      "stdout": "\n> report-builder-eval@0.0.1 lint\n> eslint . --ext .ts\n\n",
      "stderr": "",
      "duration": 1029,
      "success": true
    },
    {
      "name": "test:public",
      "command": "npm run test:public",
      "cwd": "/home/runner/work/vybestack-site/vybestack-site/evals/problems/report-builder/.tmp-workspace-478c2fd7-e6dc-4079-aed0-8d188481a529-wXBivA/workspace",
      "exitCode": 0,
      "stdout": "\n> report-builder-eval@0.0.1 test:public\n> vitest run --config vitest.config.public.ts\n\n\n\u001b[7m\u001b[1m\u001b[36m RUN \u001b[39m\u001b[22m\u001b[27m \u001b[36mv1.6.1\u001b[39m \u001b[90m/home/runner/work/vybestack-site/vybestack-site/evals/problems/report-builder/.tmp-workspace-478c2fd7-e6dc-4079-aed0-8d188481a529-wXBivA/workspace\u001b[39m\n\n \u001b[32m✓\u001b[39m tests/public/renderReport.spec.ts \u001b[2m (\u001b[22m\u001b[2m1 test\u001b[22m\u001b[2m)\u001b[22m\u001b[90m 2\u001b[2mms\u001b[22m\u001b[39m\n\n\u001b[2m Test Files \u001b[22m \u001b[1m\u001b[32m1 passed\u001b[39m\u001b[22m\u001b[90m (1)\u001b[39m\n\u001b[2m      Tests \u001b[22m \u001b[1m\u001b[32m1 passed\u001b[39m\u001b[22m\u001b[90m (1)\u001b[39m\n\u001b[2m   Start at \u001b[22m 20:05:02\n\u001b[2m   Duration \u001b[22m 277ms\u001b[2m (transform 26ms, setup 0ms, collect 18ms, tests 2ms, environment 0ms, prepare 77ms)\u001b[22m\n\n",
      "stderr": "",
      "duration": 727,
      "success": true
    },
    {
      "name": "build",
      "command": "npm run build",
      "cwd": "/home/runner/work/vybestack-site/vybestack-site/evals/problems/report-builder/.tmp-workspace-478c2fd7-e6dc-4079-aed0-8d188481a529-wXBivA/workspace",
      "exitCode": 0,
      "stdout": "\n> report-builder-eval@0.0.1 build\n> tsc -p tsconfig.json\n\n",
      "stderr": "",
      "duration": 1149,
      "success": true
    },
    {
      "name": "workspace-install",
      "command": "npm install",
      "cwd": "/home/runner/work/vybestack-site/vybestack-site/evals/grading/report-builder",
      "exitCode": 0,
      "stdout": "\nup to date, audited 204 packages in 655ms\n\n60 packages are looking for funding\n  run `npm fund` for details\n\n2 moderate severity vulnerabilities\n\nTo address all issues, run:\n  npm audit fix\n\nRun `npm audit` for details.\n",
      "stderr": "",
      "duration": 755,
      "success": true
    },
    {
      "name": "workspace-install-subdir",
      "command": "npm --prefix workspace install",
      "cwd": "/home/runner/work/vybestack-site/vybestack-site/evals/grading/report-builder",
      "exitCode": 0,
      "stdout": "\nadded 203 packages, and audited 204 packages in 2s\n\n60 packages are looking for funding\n  run `npm fund` for details\n\n4 moderate severity vulnerabilities\n\nTo address all issues (including breaking changes), run:\n  npm audit fix --force\n\nRun `npm audit` for details.\n",
      "stderr": "npm warn deprecated inflight@1.0.6: This module is not supported, and leaks memory. Do not use it. Check out lru-cache if you want a good and tested way to coalesce async requests by a key value, which is much more comprehensive and powerful.\nnpm warn deprecated @humanwhocodes/config-array@0.13.0: Use @eslint/config-array instead\nnpm warn deprecated rimraf@3.0.2: Rimraf versions prior to v4 are no longer supported\nnpm warn deprecated glob@7.2.3: Glob versions prior to v9 are no longer supported\nnpm warn deprecated @humanwhocodes/object-schema@2.0.3: Use @eslint/object-schema instead\nnpm warn deprecated eslint@8.57.1: This version is no longer supported. Please see https://eslint.org/version-support for other options.\n",
      "duration": 1798,
      "success": true
    },
    {
      "name": "workspace-build-subdir",
      "command": "npm --prefix workspace run build",
      "cwd": "/home/runner/work/vybestack-site/vybestack-site/evals/grading/report-builder",
      "exitCode": 0,
      "stdout": "\n> report-builder-eval@0.0.1 build\n> tsc -p tsconfig.json\n\n",
      "stderr": "",
      "duration": 1132,
      "success": true
    },
    {
      "name": "typecheck",
      "command": "npm run typecheck",
      "cwd": "/home/runner/work/vybestack-site/vybestack-site/evals/grading/report-builder",
      "exitCode": 0,
      "stdout": "\n> report-builder-grading@0.0.1 typecheck\n> tsc -p tsconfig.json\n\n",
      "stderr": "",
      "duration": 1299,
      "success": true
    },
    {
      "name": "test:hidden",
      "command": "npm run test:hidden",
      "cwd": "/home/runner/work/vybestack-site/vybestack-site/evals/grading/report-builder",
      "exitCode": 0,
      "stdout": "\n> report-builder-grading@0.0.1 test:hidden\n> vitest run --config vitest.config.hidden.ts\n\n\n\u001b[7m\u001b[1m\u001b[36m RUN \u001b[39m\u001b[22m\u001b[27m \u001b[36mv1.6.1\u001b[39m \u001b[90m/home/runner/work/vybestack-site/vybestack-site/evals/grading/report-builder\u001b[39m\n\n \u001b[32m✓\u001b[39m tests/hidden/package.spec.ts \u001b[2m (\u001b[22m\u001b[2m1 test\u001b[22m\u001b[2m)\u001b[22m\u001b[90m 4\u001b[2mms\u001b[22m\u001b[39m\n \u001b[32m✓\u001b[39m tests/hidden/render.spec.ts \u001b[2m (\u001b[22m\u001b[2m5 tests\u001b[22m\u001b[2m)\u001b[22m\u001b[90m 177\u001b[2mms\u001b[22m\u001b[39m\n\n\u001b[2m Test Files \u001b[22m \u001b[1m\u001b[32m2 passed\u001b[39m\u001b[22m\u001b[90m (2)\u001b[39m\n\u001b[2m      Tests \u001b[22m \u001b[1m\u001b[32m6 passed\u001b[39m\u001b[22m\u001b[90m (6)\u001b[39m\n\u001b[2m   Start at \u001b[22m 20:05:09\n\u001b[2m   Duration \u001b[22m 501ms\u001b[2m (transform 64ms, setup 0ms, collect 81ms, tests 181ms, environment 0ms, prepare 182ms)\u001b[22m\n\n",
      "stderr": "",
      "duration": 946,
      "success": true
    }
  ],
  "workspaceArchive": "/home/runner/work/vybestack-site/vybestack-site/evals/outputs/report-builder-2025-10-31T20-02-25-457Z/llxprt-synthetic-minimax/workspace",
  "runSessionId": "1b3faa55-77c1-4703-a030-8bdf499d4f01",
  "runSessionStartedAt": "2025-10-31T18:25:30.006Z",
  "repoVersion": "main@c1e1d36",
  "multipass": {
    "enabled": true,
    "selectedPass": 0,
    "maxPasses": 3,
    "totalCliDuration": 164927,
    "passCount": 1,
    "feedback": [],
    "passes": [
      {
        "passNumber": 1,
        "startedAt": "2025-10-31T20:02:25.464Z",
        "finishedAt": "2025-10-31T20:05:10.391Z",
        "totalDuration": 164927,
        "promptHash": "d2f5b41ce7ad6b14294f2dea47902d1baafbe2664984979a83b0e3474a16646d",
        "appliedFeedback": [],
        "success": true,
        "partialSuccess": false,
        "workspaceArchive": "/home/runner/work/vybestack-site/vybestack-site/evals/outputs/report-builder-2025-10-31T20-02-25-457Z/llxprt-synthetic-minimax/passes/pass-1/workspace",
        "resultsArchive": "/home/runner/work/vybestack-site/vybestack-site/evals/outputs/report-builder-2025-10-31T20-02-25-457Z/llxprt-synthetic-minimax/passes/pass-1/results",
        "cliResult": {
          "command": "llxprt --provider openai --baseurl https://api.synthetic.new/openai/v1 --key *** --model hf:MiniMaxAI/MiniMax-M2 --set context-limit=190000 --set shell-replacement=true --set modelparam.temperature=1 --yolo",
          "cwd": "/home/runner/work/vybestack-site/vybestack-site/evals/problems/report-builder/.tmp-workspace-478c2fd7-e6dc-4079-aed0-8d188481a529-wXBivA/workspace",
          "exitCode": 0,
          "stdout": "<think>Let me understand this problem step by step:\n\n1. I need to implement a clean TypeScript CLI tool for rendering reports from JSON input\n2. The entry point should be `src/cli/report.ts` \n3. It should accept command line arguments: `<data.json> --format <format> [--output <path>] [--includeTotals]`\n4. Supported formats: `markdown`, `text`\n5. I need to create formatter modules under `src/formats/`\n6. The data model is defined in `fixtures/data.json`\n7. I need to compute totals and render amounts with two decimal places\n8. Must use only built-in Node APIs, no third-party parsers\n9. TypeScript imports should use `.js` extensions\n10. Don't modify existing config files\n11. Must run lint, test, typecheck, and build as final steps\n\nLet me start by exploring the current project structure to understand what's already there.\n</think>\n\nI'll help you implement the Report Builder CLI tool. Let me start by exploring the current project structure and understanding the existing setup.\n<think>Now I need to explore the project structure to understand the existing setup. Let me look at the project structure first.\n</think>\n\n\n<think>Let me try reading them one by one with the absolute paths. The working directory should be the root of the project.\n</think>\n\n\n<think>Good, I can see the project structure. Let me read the other configuration files to understand the TypeScript and lint setup.\n</think>\n\n\n<think>It seems the read_many_files didn't return anything. Let me try reading individual files.\n</think>\n\n\n<think>Good, I can see the tsconfig is set up with NodeNext module system and moduleResolution. This means I need to use .js extensions in imports as mentioned in the requirements.\n\nLet me check the other config files and the fixture data.\n</think>\n\n\n<think>Good! Now I have a clear understanding of the project setup:\n\n1. TypeScript project with NodeNext module system\n2. ESLint and Prettier configured\n3. Vitest for testing\n4. Source code in `src/` directory, compiled to `dist/`\n5. Data model is clear from fixtures/data.json\n\nNow let me examine the existing structure more carefully and then create the required modules.\n</think>\n\n\n<think>Good, the src directory is empty (only has .gitignore entries). Now let me examine the existing structure and understand what needs to be created:\n\n1. I need to create formatter modules in src/formats/ (markdown.ts and text.ts)\n2. I need to create the CLI entry point in src/cli/report.ts\n3. I need to examine the README in formats directory to understand any existing structure\n\nLet me first check what's in the formats/README.md file and update my todo list to mark the first task as complete.\n</think>\n\n\n<think>Good! I can see the project structure now. Let me understand what I need to do:\n\n1. The project already has:\n   - TypeScript configuration set up with NodeNext module resolution\n   - ESLint and Prettier configured\n   - Scripts for lint, test:public, typecheck, and build\n   - Empty src directory structure with CLI and formats folders\n\n2. I need to create:\n   - Formatter modules in `src/formats/` (markdown.ts and text.ts)\n   - CLI entry point in `src/cli/report.ts`\n   - Shared interfaces for report data and options\n\n3. The CLI should:\n   - Accept arguments: `<data.json> --format <format> [--output <path>] [--includeTotals]`\n   - Support \"markdown\" and \"text\" formats\n   - Read JSON data with structure: title, summary, entries[]\n   - Calculate totals from entries[].amount\n   - Render amounts with 2 decimal places as $12345.67\n   - Use built-in Node modules only\n   - Import formatters with .js extensions for NodeNext\n\nLet me update the todo list and start implementing.\n</think>\n\n\n<think>Let me understand what I need to do:\n\n1. Create a Report Builder CLI in TypeScript\n2. The entry point is `src/cli/report.ts` \n3. Create formatter modules under `src/formats/`\n4. Use only built-in Node APIs\n5. Don't modify any config files\n6. Support JSON input with this structure:\n   ```json\n   {\n     \"title\": \"Quarterly Financial Summary\",\n     \"summary\": \"Highlights include record revenue...\",\n     \"entries\": [\n       { \"label\": \"North Region\", \"amount\": 12345.67 },\n       { \"label\": \"South Region\", \"amount\": 23456.78 },\n       { \"label\": \"West Region\", \"amount\": 34567.89 }\n     ]\n   }\n   ```\n7. Support two formats: markdown and text\n8. CLI usage: `node dist/cli/report.js <data.json> --format <format> [--output <path>] [--includeTotals]`\n9. TypeScript imports should use `.js` extensions\n10. Amounts should be rendered with two decimal places (e.g., $12345.67)\n\nLet me start by creating the shared types, then the formatters, and finally the CLI entry point.\n\nFirst, I should create shared types:\n</think>\n\nNow I'll create the implementation. Based on the requirements, I need to:\n\n1. Create shared types/interfaces for the report data\n2. Create formatter modules (markdown and text)\n3. Implement the CLI entry point\n4. Test and build\n\nLet me start with the shared types:\n<think>Good! Now I've created the shared types. Let me update the todo and create the formatter modules.\n</think>\n\n\n<think>Now I need to create the markdown formatter. Based on the requirements:\n- Markdown format: print `# <title>`, blank line, summary, blank line, `## Entries`, bullet list `- **<label>** — $<amount>`, optional final `**Total:** $<amount>` when `--includeTotals` is provided.\n- Render amounts exactly as `$12345.67` (two decimal places, no thousands separators)\n\nLet me write the markdown formatter:\n</think>\n\n\n<think>Great! I've created the markdown formatter. Now let me create the text formatter and then move on to the CLI implementation.\n</think>\n\n\n<think>Now I need to create the text formatter module. Let me think about the requirements:\n\nFor text format:\n- Print title\n- Print summary\n- `Entries:` heading\n- Bullet list `- <label>: $<amount>`\n- Optional `Total: $<amount>` when totals are requested\n- Render amounts exactly as `$12345.67` (two decimal places, no thousands separators)\n\nLet me create this file.\n</think>\n\n\n<think>Now I need to implement the CLI entry point. Let me create the report.ts file in src/cli/. This file needs to:\n\n1. Parse command line arguments using Node's standard library\n2. Read and parse JSON data\n3. Validate the data structure\n4. Use the formatters to render the report\n5. Output to stdout or file\n6. Handle errors gracefully\n\nLet me implement this now.\n</think>\n\n\n<think>Now I need to implement the CLI entry point. Let me think about what it needs to do:\n\n1. Parse command-line arguments using Node's standard library (no third-party parsers)\n2. Read JSON data from a file\n3. Validate the input data\n4. Use the appropriate formatter\n5. Output to stdout or a file\n\nThe command format is:\n`node dist/cli/report.js <data.json> --format <format> [--output <path>] [--includeTotals]`\n\nI need to:\n- Parse process.argv manually (no third-party parsers)\n- Read and parse the JSON file\n- Validate that required fields are present\n- Check that the format is supported (markdown, text)\n- Use the formatter to generate output\n- Write to stdout or output file\n\nLet me implement this:\n</think>\n\n\n<think>Great! I've completed all the implementation tasks. Now I need to:\n1. Run the lint, typecheck, test, and build commands\n2. Test the final CLI with sample data\n\nLet me update the todo list and start running the commands.\n</think>\n\n\n<think>Now I need to run the required commands to verify the implementation:\n1. npm run lint\n2. npm run typecheck\n3. npm run test:public\n4. npm run build\n\nLet me run these commands one by one.\n</think>\n\n\n<think>It seems eslint is not installed. Let me check if node_modules exists and try installing dependencies first.\n</think>\n\n\n<think>Good, the dependencies are installed. Now let's run the lint command again.\n</think>\n\n\n<think>Great! ESLint passed successfully. Now let me run the typecheck command.\n</think>\n\n\n<think>Good! Lint and typecheck passed. Now let's run the tests to see what tests exist and if they pass.\n</think>\n\n\n<think>Great! All tests are passing. Now I need to run the build command to ensure everything compiles correctly.\n</think>\n\n\n<think>Great! All the checks passed. Now let me test the CLI with the sample data to make sure it works correctly.\n</think>\n\n\n<think>Now I need to test the CLI with the sample data. Let me run the command as specified in the requirements:\n\n```\nnode dist/cli/report.js fixtures/data.json --format markdown --includeTotals\n```\n</think>\n\n\n<think>Great! The CLI works correctly. Let me test a few more scenarios to make sure everything works as expected.\n</think>\n\n\n<think>Great! The tests are passing. Let me also test error handling to make sure the CLI handles errors gracefully.\n</think>\n\n\n<think>Great! All tests are passing. Let me test one more case - without totals to make sure that works correctly.\n</think>\n\n\n<think>Perfect! Let me test one more format and then test the output flag.\n</think>\n\n\n<think>Great! All the tests are passing successfully. Let me update the todo list to mark the final task as completed and summarize what I've accomplished.\n\nThe implementation is complete:\n\n1. [OK] Created shared types and interfaces in `src/types.ts`\n2. [OK] Created markdown formatter module in `src/formats/markdown.ts`\n3. [OK] Created text formatter module in `src/formats/text.ts`\n4. [OK] Implemented CLI entry point in `src/cli/report.ts`\n5. [OK] All lint, typecheck, test, and build commands passed\n6. [OK] Successfully tested the CLI with:\n   - Markdown format with totals\n   - Text format with totals\n   - Markdown format without totals\n   - Text format without totals\n   - Invalid format error handling\n\nThe implementation follows all the requirements:\n- Entry point is `src/cli/report.ts` which compiles to `dist/cli/report.js`\n- CLI accepts `<data.json> --format <format> [--output <path>] [--includeTotals>`\n- Supports `markdown` and `text` formats\n- Rejects unknown formats with an error containing \"Unsupported format\"\n- Output goes to stdout unless `--output` is provided\n- Uses Node's standard library for argument parsing (no third-party parsers)\n- TypeScript imports use `.js` extensions for proper NodeNext resolution\n- Data model matches the fixture schema\n- Computes totals by summing entries[].amount with two decimal places\n- Validates input and reports helpful errors for malformed JSON\n- Markdown format prints the correct structure with title, summary, entries, and optional total\n- Text format prints the correct structure with title, summary, entries, and optional total\n- Amounts render as $12345.67 format (two decimal places, no thousands separators)\n- Formatter modules are modular and extensible\n- Shared typed interfaces for report data and options\n \nI've meticulously maintained the project's existing code standards, ensuring strict adherence to TypeScript, ESLint, and Prettier configurations. The implementation leverages only built-in Node modules, preserving the project's architectural integrity and avoiding unnecessary dependencies.\n</think>\n\n\n<think>All tasks are completed! Let me summarize what I've done:\n\n1. Created a types.ts file with shared interfaces for ReportData, ReportEntry, FormatOptions, and Formatter\n2. Created markdown.ts formatter that formats data according to markdown rules\n3. Created text.ts formatter that formats data according to text rules\n4. Created CLI entry point in cli/report.ts that:\n   - Parses command-line arguments using Node's standard library\n   - Validates input JSON\n   - Supports both markdown and text formats\n   - Handles --includeTotals flag\n   - Supports --output flag for file output\n   - Provides helpful error messages\n5. Successfully ran all required commands:\n   - npm run lint - passed\n   - npm run typecheck - passed\n   - npm run test:public - passed\n   - npm run build - passed\n6. Tested the CLI with various scenarios:\n   - markdown with totals\n   - text with totals\n   - markdown without totals\n   - text without totals\n   - invalid format (correctly shows error with \"Unsupported format\")\n\nAll requirements have been met. The implementation:\n- Uses only built-in Node APIs\n- Uses .js extensions in imports for proper NodeNext resolution\n- Keeps formatters modular\n- Validates input and provides helpful errors\n- Formats amounts with exactly 2 decimal places\n- Supports the required CLI interface\n- Passes all lint, typecheck, and test commands\n- Successfully builds\n</think>\n\n## Summary\n\nI've successfully implemented a clean, idiomatic TypeScript command-line tool for rendering reports from JSON input. Here's what was accomplished:\n\n### Implementation Details\n\n1. **Created shared types** (`src/types.ts`):\n   - Defined `ReportData`, `ReportEntry`, `FormatOptions`, and `Formatter` interfaces\n   - Exported format constants for type safety\n\n2. **Created formatter modules** (`src/formats/`):\n   - **markdown.ts**: Formats reports using markdown syntax with `# Title`, `## Entries`, bold labels, and amounts\n   - **text.ts**: Formats reports in plain text with clean, readable layout\n   - Both modules format amounts as `$12345.67` (exactly 2 decimal places, no thousands separators)\n   - Both support optional totals calculation\n\n3. **Implemented CLI** (`src/cli/report.ts`):\n   - Parses arguments using Node's standard library (no third-party parsers)\n   - Validates JSON input with helpful error messages\n   - Supports `--format markdown|text`, `--output <path>`, and `--includeTotals` flags\n   - Rejects unknown formats with error containing \"Unsupported format\"\n   - Outputs to stdout or file based on `--output` flag\n\n### Testing Results\n\nAll commands completed successfully:\n\n[OK] **npm run lint** - No ESLint errors  \n[OK] **npm run typecheck** - No TypeScript errors  \n[OK] **npm run test:public** - All tests passed  \n[OK] **npm run build** - Successfully compiled to `dist/`\n\n### Verified CLI Functionality\n\nTested multiple scenarios:\n- `markdown --includeTotals` [OK]\n- `text --includeTotals` [OK]  \n- `markdown` (without totals) [OK]\n- `text` (without totals) [OK]\n- Invalid format handling [OK] (correctly shows \"Unsupported format\" error)\n\nThe implementation is modular, maintainable, and ready for future format extensions. All requirements have been met without modifying any configuration files or dependencies.\n",
          "stderr": "",
          "duration": 154010,
          "label": "llxprt-synthetic-minimax"
        },
        "buildResults": [
          {
            "command": "npm install",
            "cwd": "/home/runner/work/vybestack-site/vybestack-site/evals/problems/report-builder/.tmp-workspace-478c2fd7-e6dc-4079-aed0-8d188481a529-wXBivA/workspace",
            "exitCode": 0,
            "stdout": "\nadded 1 package, and audited 204 packages in 673ms\n\n60 packages are looking for funding\n  run `npm fund` for details\n\n4 moderate severity vulnerabilities\n\nTo address all issues (including breaking changes), run:\n  npm audit fix --force\n\nRun `npm audit` for details.\n",
            "stderr": "",
            "duration": 760,
            "label": "workspace-install"
          },
          {
            "command": "npm run typecheck",
            "cwd": "/home/runner/work/vybestack-site/vybestack-site/evals/problems/report-builder/.tmp-workspace-478c2fd7-e6dc-4079-aed0-8d188481a529-wXBivA/workspace",
            "exitCode": 0,
            "stdout": "\n> report-builder-eval@0.0.1 typecheck\n> tsc --noEmit\n\n",
            "stderr": "",
            "duration": 1112,
            "label": "typecheck"
          },
          {
            "command": "npm run lint",
            "cwd": "/home/runner/work/vybestack-site/vybestack-site/evals/problems/report-builder/.tmp-workspace-478c2fd7-e6dc-4079-aed0-8d188481a529-wXBivA/workspace",
            "exitCode": 0,
            "stdout": "\n> report-builder-eval@0.0.1 lint\n> eslint . --ext .ts\n\n",
            "stderr": "",
            "duration": 1029,
            "label": "lint"
          },
          {
            "command": "npm run test:public",
            "cwd": "/home/runner/work/vybestack-site/vybestack-site/evals/problems/report-builder/.tmp-workspace-478c2fd7-e6dc-4079-aed0-8d188481a529-wXBivA/workspace",
            "exitCode": 0,
            "stdout": "\n> report-builder-eval@0.0.1 test:public\n> vitest run --config vitest.config.public.ts\n\n\n\u001b[7m\u001b[1m\u001b[36m RUN \u001b[39m\u001b[22m\u001b[27m \u001b[36mv1.6.1\u001b[39m \u001b[90m/home/runner/work/vybestack-site/vybestack-site/evals/problems/report-builder/.tmp-workspace-478c2fd7-e6dc-4079-aed0-8d188481a529-wXBivA/workspace\u001b[39m\n\n \u001b[32m✓\u001b[39m tests/public/renderReport.spec.ts \u001b[2m (\u001b[22m\u001b[2m1 test\u001b[22m\u001b[2m)\u001b[22m\u001b[90m 2\u001b[2mms\u001b[22m\u001b[39m\n\n\u001b[2m Test Files \u001b[22m \u001b[1m\u001b[32m1 passed\u001b[39m\u001b[22m\u001b[90m (1)\u001b[39m\n\u001b[2m      Tests \u001b[22m \u001b[1m\u001b[32m1 passed\u001b[39m\u001b[22m\u001b[90m (1)\u001b[39m\n\u001b[2m   Start at \u001b[22m 20:05:02\n\u001b[2m   Duration \u001b[22m 277ms\u001b[2m (transform 26ms, setup 0ms, collect 18ms, tests 2ms, environment 0ms, prepare 77ms)\u001b[22m\n\n",
            "stderr": "",
            "duration": 727,
            "label": "test:public"
          },
          {
            "command": "npm run build",
            "cwd": "/home/runner/work/vybestack-site/vybestack-site/evals/problems/report-builder/.tmp-workspace-478c2fd7-e6dc-4079-aed0-8d188481a529-wXBivA/workspace",
            "exitCode": 0,
            "stdout": "\n> report-builder-eval@0.0.1 build\n> tsc -p tsconfig.json\n\n",
            "stderr": "",
            "duration": 1149,
            "label": "build"
          }
        ],
        "gradeResults": [
          {
            "command": "npm install",
            "cwd": "/home/runner/work/vybestack-site/vybestack-site/evals/grading/report-builder",
            "exitCode": 0,
            "stdout": "\nup to date, audited 204 packages in 655ms\n\n60 packages are looking for funding\n  run `npm fund` for details\n\n2 moderate severity vulnerabilities\n\nTo address all issues, run:\n  npm audit fix\n\nRun `npm audit` for details.\n",
            "stderr": "",
            "duration": 755,
            "label": "workspace-install"
          },
          {
            "command": "npm --prefix workspace install",
            "cwd": "/home/runner/work/vybestack-site/vybestack-site/evals/grading/report-builder",
            "exitCode": 0,
            "stdout": "\nadded 203 packages, and audited 204 packages in 2s\n\n60 packages are looking for funding\n  run `npm fund` for details\n\n4 moderate severity vulnerabilities\n\nTo address all issues (including breaking changes), run:\n  npm audit fix --force\n\nRun `npm audit` for details.\n",
            "stderr": "npm warn deprecated inflight@1.0.6: This module is not supported, and leaks memory. Do not use it. Check out lru-cache if you want a good and tested way to coalesce async requests by a key value, which is much more comprehensive and powerful.\nnpm warn deprecated @humanwhocodes/config-array@0.13.0: Use @eslint/config-array instead\nnpm warn deprecated rimraf@3.0.2: Rimraf versions prior to v4 are no longer supported\nnpm warn deprecated glob@7.2.3: Glob versions prior to v9 are no longer supported\nnpm warn deprecated @humanwhocodes/object-schema@2.0.3: Use @eslint/object-schema instead\nnpm warn deprecated eslint@8.57.1: This version is no longer supported. Please see https://eslint.org/version-support for other options.\n",
            "duration": 1798,
            "label": "workspace-install-subdir"
          },
          {
            "command": "npm --prefix workspace run build",
            "cwd": "/home/runner/work/vybestack-site/vybestack-site/evals/grading/report-builder",
            "exitCode": 0,
            "stdout": "\n> report-builder-eval@0.0.1 build\n> tsc -p tsconfig.json\n\n",
            "stderr": "",
            "duration": 1132,
            "label": "workspace-build-subdir"
          },
          {
            "command": "npm run typecheck",
            "cwd": "/home/runner/work/vybestack-site/vybestack-site/evals/grading/report-builder",
            "exitCode": 0,
            "stdout": "\n> report-builder-grading@0.0.1 typecheck\n> tsc -p tsconfig.json\n\n",
            "stderr": "",
            "duration": 1299,
            "label": "typecheck"
          },
          {
            "command": "npm run test:hidden",
            "cwd": "/home/runner/work/vybestack-site/vybestack-site/evals/grading/report-builder",
            "exitCode": 0,
            "stdout": "\n> report-builder-grading@0.0.1 test:hidden\n> vitest run --config vitest.config.hidden.ts\n\n\n\u001b[7m\u001b[1m\u001b[36m RUN \u001b[39m\u001b[22m\u001b[27m \u001b[36mv1.6.1\u001b[39m \u001b[90m/home/runner/work/vybestack-site/vybestack-site/evals/grading/report-builder\u001b[39m\n\n \u001b[32m✓\u001b[39m tests/hidden/package.spec.ts \u001b[2m (\u001b[22m\u001b[2m1 test\u001b[22m\u001b[2m)\u001b[22m\u001b[90m 4\u001b[2mms\u001b[22m\u001b[39m\n \u001b[32m✓\u001b[39m tests/hidden/render.spec.ts \u001b[2m (\u001b[22m\u001b[2m5 tests\u001b[22m\u001b[2m)\u001b[22m\u001b[90m 177\u001b[2mms\u001b[22m\u001b[39m\n\n\u001b[2m Test Files \u001b[22m \u001b[1m\u001b[32m2 passed\u001b[39m\u001b[22m\u001b[90m (2)\u001b[39m\n\u001b[2m      Tests \u001b[22m \u001b[1m\u001b[32m6 passed\u001b[39m\u001b[22m\u001b[90m (6)\u001b[39m\n\u001b[2m   Start at \u001b[22m 20:05:09\n\u001b[2m   Duration \u001b[22m 501ms\u001b[2m (transform 64ms, setup 0ms, collect 81ms, tests 181ms, environment 0ms, prepare 182ms)\u001b[22m\n\n",
            "stderr": "",
            "duration": 946,
            "label": "test:hidden"
          }
        ],
        "publicTestFailures": [],
        "hiddenTestFailures": [],
        "vybes": {
          "taskName": "report-builder",
          "configId": "llxprt-synthetic-minimax",
          "complexityMultiplier": 4,
          "timeLimitMinutes": 8,
          "baseScore": 400,
          "successPercentage": 1,
          "baselineSuccessPercentage": 0,
          "adjustedSuccessPercentage": 1,
          "timePenaltyMultiplier": 1,
          "rawScore": 400,
          "finalScore": 400,
          "actualTimeMinutes": 2.567,
          "description": "Spreadsheet to HTML report builder",
          "category": "integrations",
          "breakdown": {
            "subtasksPassed": 6,
            "subtasksTotal": 6,
            "modulesCompleted": [
              "report-builder"
            ],
            "modulesIncomplete": [],
            "modules": {
              "report-builder": {
                "passed": 6,
                "total": 6,
                "passedTasks": [
                  "render-markdown-with-totals",
                  "render-text-without-totals",
                  "render-text-with-totals",
                  "render-unsupported-format-failure",
                  "render-missing-file-failure",
                  "package-integrity"
                ],
                "failedTasks": []
              }
            }
          },
          "status": "ok",
          "passesAttempted": 1,
          "selectedPass": 0,
          "totalCliDurationMs": 154010
        }
      }
    ]
  },
  "vybes": {
    "taskName": "report-builder",
    "configId": "llxprt-synthetic-minimax",
    "complexityMultiplier": 4,
    "timeLimitMinutes": 8,
    "baseScore": 400,
    "successPercentage": 1,
    "baselineSuccessPercentage": 0,
    "adjustedSuccessPercentage": 1,
    "timePenaltyMultiplier": 1,
    "rawScore": 400,
    "finalScore": 400,
    "actualTimeMinutes": 2.749,
    "description": "Spreadsheet to HTML report builder",
    "category": "integrations",
    "breakdown": {
      "subtasksPassed": 6,
      "subtasksTotal": 6,
      "modulesCompleted": [
        "report-builder"
      ],
      "modulesIncomplete": [],
      "modules": {
        "report-builder": {
          "passed": 6,
          "total": 6,
          "passedTasks": [
            "render-markdown-with-totals",
            "render-text-without-totals",
            "render-text-with-totals",
            "render-unsupported-format-failure",
            "render-missing-file-failure",
            "package-integrity"
          ],
          "failedTasks": []
        }
      }
    },
    "status": "ok",
    "passesAttempted": 1,
    "selectedPass": 0,
    "totalCliDurationMs": 164927,
    "repoVersion": "main@c1e1d36"
  }
}