{
  "evalName": "base64-fix",
  "configId": "llxprt-synthetic-minimax",
  "startedAt": "2025-10-27T17:12:38.216Z",
  "finishedAt": "2025-10-27T17:12:38.216Z",
  "status": "pass",
  "totalDuration": 70587,
  "commands": [
    {
      "name": "llxprt",
      "command": "llxprt --provider openai --baseurl https://api.synthetic.new/openai/v1 --key *** --model hf:MiniMaxAI/MiniMax-M2 --set context-limit=190000 --set shell-replacement=true --yolo",
      "cwd": "/home/runner/work/vybestack-site/vybestack-site/evals/problems/base64-fix/.tmp-workspace-f92f8a37-681d-4daa-b344-9d715deeda77-sicgFM/workspace",
      "exitCode": 0,
      "stdout": "<think>Alright, let me understand this task:\n\n1. I need to repair a Base64 CLI tool that has incorrect encode/decode implementations\n2. The implementations need to follow RFC 4648 Base64 specification\n3. I need to ensure the CLI `run` helper returns correct exit codes and surfaces errors\n4. I should not modify configuration files (tsconfig.json, ESLint/Prettier configs, package.json)\n5. I need to preserve exposed functions for tests\n6. Finally, I need to run the commands: npm run typecheck, npm run lint, npm run test:public, npm run build and report any failures\n\nLet me start by exploring the project structure and understanding the current implementation.\n</think>\n\nI'll help you repair the Base64 CLI tool to comply with RFC 4648 Base64 specification. Let me start by exploring the project structure and understanding the current implementation.\n<think>Now I need to explore the project structure and understand the current implementation. Let me start by reading the key files to understand what's currently there.\n</think>\n\n\n<think>The read_many_files failed. Let me try to read the files individually to understand the current implementation.\n</think>\n\n\n<think>Good, now I can see the index.ts file. It looks like a typical CLI structure with a run function that parses arguments and calls encode/decode functions from the base64 module. The run function already returns exit codes (0 for success, 1 for error) and writes to stderr for errors, so that part looks correct.\n\nNow let me read the base64.ts file to see the current implementation:\n</think>\n\n\n<think>Now I understand the problem! Looking at the current `base64.ts` implementation:\n\n1. **encode function**: Uses `Buffer.from(input, 'utf8').toString('base64url')` which creates URL-safe Base64 (with `-` and `_` instead of `+` and `/`), and then strips padding characters. This is completely wrong for standard Base64.\n\n2. **decode function**: Tries to fix the URL-safe characters back to standard Base64 but then uses `base64url` decoding which won't work properly for standard Base64 with `+` and `/` characters.\n\nThe issues are:\n- Using `base64url` encoding/decoding instead of standard `base64`\n- Stripping padding characters in encode\n- Not properly handling padding in decode\n- The decode function should handle both padded and unpadded input, but currently it doesn't add padding back\n\nLet me also check the tests to understand the expected behavior.\n</think>\n\n\n<think>Now I can see the issue clearly. Let me analyze the current implementation:\n\n1. **Current Problems:**\n   - `encode()` uses `Buffer.toString('base64url')` which produces URL-safe Base64 (with `-` and `_` instead of `+` and `/`) and then strips padding `=`\n   - `decode()` tries to convert from URL-safe Base64 back to regular Base64, but this is problematic\n   - The test expects `'hello'` to encode to `'aGVsbG8='` which is standard Base64 with padding\n\n2. **Expected Behavior:**\n   - Should use standard Base64 alphabet (A-Z, a-z, 0-9, +, /)\n   - Should include proper padding (`=`) when required\n   - Should handle UTF-8 text correctly\n\nLet me also check the package.json to understand the project setup better.\n</think>\n\n\n<think>Now I have a clear understanding of the current implementation and what needs to be fixed. Let me analyze what I found:\n\n1. **Current Problems in base64.ts:**\n   - `encode()` function uses `Buffer.toString('base64url')` which creates URL-safe Base64 (uses `-` and `_` instead of `+` and `/`)\n   - The function strips padding with `base64url.replace(PADDING_REGEX, '')` \n   - `decode()` function tries to handle URL-safe Base64 but fails for standard Base64 with `+` and `/`\n   - The decode logic is problematic\n\n2. **What needs to be fixed:**\n   - Use standard Base64 (not base64url) - this means `Buffer.toString('base64')` instead of `base64url`\n   - Keep proper padding (`=`) when required\n   - Handle standard Base64 characters: `+` and `/`\n   - Ensure decode properly handles both padded and unpadded Base64\n   - Make sure invalid Base64 throws proper errors\n\n3. **Test expectations:**\n   - The test expects `encode('hello')` to return `'aGVsbG8='` (with padding)\n   - The test expects `decode('aGVsbG8=')` to return `'hello'`\n\nLet me proceed with the plan:\n\n1. [OK] Explore project structure and understand current implementation - DONE\n2. Next: Analyze current Base64 encode/decode implementations - DONE \n3. Examine test files to understand expected behavior - DONE\n4. Fix Base64 encode/decode implementations to match RFC 4648\n5. Ensure CLI run function returns correct exit codes and error handling\n6. Run validation commands: typecheck, lint, test:public, build\n7. Test CLI behavior with various inputs including edge cases\n\nNow let me update the todo list and proceed with fixing the implementation.\n</think>\n\n\n<think>Now I understand the current implementation and the issues:\n\n1. **Current Issues Identified:**\n   - `encode()` uses `base64url` instead of standard Base64, which uses `-` and `_` instead of `+` and `/`\n   - `encode()` strips padding characters (`=`) which breaks compatibility with standard Base64\n   - `decode()` uses `base64url` decoding and only tries to normalize `-` and `_` to `+` and `/`, but it's not handling proper Base64 decoding\n   - The current tests expect standard Base64 with padding (`aGVsbG8=` for \"hello\")\n\n2. **What needs to be fixed:**\n   - Replace `Buffer.from(input, 'utf8').toString('base64url')` with `Buffer.from(input, 'utf8').toString('base64')` in encode\n   - Remove the padding stripping logic\n   - Replace `Buffer.from(normalized, 'base64url')` with `Buffer.from(normalized, 'base64')` in decode\n   - The normalization logic might need adjustment\n\n3. **Standard RFC 4648 Base64:**\n   - Uses alphabet: `A-Z`, `a-z`, `0-9`, `+`, `/`\n   - Includes padding with `=` characters\n   - No URL-safe alternatives\n\nLet me fix the base64.ts file:\n</think>\n\nI understand the issues now. The current implementation is using Base64url (URL-safe Base64) instead of standard Base64. The problems are:\n\n1. **encode()** uses `base64url` instead of standard Base64, and strips padding\n2. **decode()** tries to handle URL-safe characters but uses wrong decoding method\n\nLet me fix the Base64 implementation:\n<think>Now I need to update the todo list to mark this task as completed and move to the next task, which is ensuring the CLI run function returns correct exit codes and error handling. Looking at the current code in `src/index.ts`, the run function already looks pretty good - it returns 0 on success and 1 on error, and writes error messages to stderr. But let me double-check by running the current tests to see if there are any issues.\n</think>\n\n\n<think>Looking at the current `run` function in `index.ts`, it already appears to be implemented correctly:\n\n1. It catches errors and writes to stderr\n2. It returns 0 for success and 1 for failure\n3. It outputs results to stdout\n\nThe run function looks good already. Let me check if there are any issues by looking more closely.\n\nThe current implementation:\n- try/catch block [OK]\n- Returns 0 on success [OK]  \n- Returns 1 on failure [OK]\n- Writes error messages to stderr [OK]\n- Writes results to stdout [OK]\n\nThis looks correct already. Let me move on to the next task.\n</think>\n\nLooking at the current `run` function, it's already correctly implemented with proper error handling, exit codes, and stderr/stdout separation. No changes needed here.\n<think>I need to run the validation commands now. Let me check the status of the CLI run function first since I just completed that task, and then run the validation commands to ensure everything is working correctly.\n\nLooking at the current run function in index.ts, it already seems correct:\n- It returns 0 on success\n- It returns 1 on failure\n- It writes error messages to stderr\n- It writes results to stdout\n\nSo that part should be fine. Now let me run the validation commands.\n</think>\n\n\n<think>I see there's a TypeScript error - it can't find the 'vitest' module. This is likely because I need to install dependencies first. Let me install them and then run the validation commands.\n</think>\n\nI have already made several tool calls without a todo list. Immediately call todo_write after this next tool call to organize the work.\n",
      "stderr": "",
      "duration": 57501,
      "success": true
    },
    {
      "name": "npm",
      "command": "npm install",
      "cwd": "/home/runner/work/vybestack-site/vybestack-site/evals/problems/base64-fix/.tmp-workspace-f92f8a37-681d-4daa-b344-9d715deeda77-sicgFM/workspace",
      "exitCode": 0,
      "stdout": "\nadded 224 packages, and audited 225 packages in 5s\n\n63 packages are looking for funding\n  run `npm fund` for details\n\n5 moderate severity vulnerabilities\n\nTo address all issues (including breaking changes), run:\n  npm audit fix --force\n\nRun `npm audit` for details.\n",
      "stderr": "npm warn deprecated inflight@1.0.6: This module is not supported, and leaks memory. Do not use it. Check out lru-cache if you want a good and tested way to coalesce async requests by a key value, which is much more comprehensive and powerful.\nnpm warn deprecated @humanwhocodes/config-array@0.13.0: Use @eslint/config-array instead\nnpm warn deprecated rimraf@3.0.2: Rimraf versions prior to v4 are no longer supported\nnpm warn deprecated glob@7.2.3: Glob versions prior to v9 are no longer supported\nnpm warn deprecated @humanwhocodes/object-schema@2.0.3: Use @eslint/object-schema instead\nnpm warn deprecated eslint@8.57.1: This version is no longer supported. Please see https://eslint.org/version-support for other options.\n",
      "duration": 4750,
      "success": true
    },
    {
      "name": "npm",
      "command": "npm run typecheck",
      "cwd": "/home/runner/work/vybestack-site/vybestack-site/evals/problems/base64-fix/.tmp-workspace-f92f8a37-681d-4daa-b344-9d715deeda77-sicgFM/workspace",
      "exitCode": 0,
      "stdout": "\n> base64-fix@0.0.1 typecheck\n> tsc --noEmit\n\n",
      "stderr": "",
      "duration": 1190,
      "success": true
    },
    {
      "name": "npm",
      "command": "npm run lint",
      "cwd": "/home/runner/work/vybestack-site/vybestack-site/evals/problems/base64-fix/.tmp-workspace-f92f8a37-681d-4daa-b344-9d715deeda77-sicgFM/workspace",
      "exitCode": 0,
      "stdout": "\n> base64-fix@0.0.1 lint\n> eslint . --ext .ts\n\n",
      "stderr": "",
      "duration": 2175,
      "success": true
    },
    {
      "name": "npm",
      "command": "npm run test:public",
      "cwd": "/home/runner/work/vybestack-site/vybestack-site/evals/problems/base64-fix/.tmp-workspace-f92f8a37-681d-4daa-b344-9d715deeda77-sicgFM/workspace",
      "exitCode": 0,
      "stdout": "\n> base64-fix@0.0.1 test:public\n> vitest run --config vitest.config.public.ts\n\n\n\u001b[7m\u001b[1m\u001b[36m RUN \u001b[39m\u001b[22m\u001b[27m \u001b[36mv1.6.1\u001b[39m \u001b[90m/home/runner/work/vybestack-site/vybestack-site/evals/problems/base64-fix/.tmp-workspace-f92f8a37-681d-4daa-b344-9d715deeda77-sicgFM/workspace\u001b[39m\n\n \u001b[32m✓\u001b[39m tests/public/base64.spec.ts \u001b[2m (\u001b[22m\u001b[2m2 tests\u001b[22m\u001b[2m)\u001b[22m\u001b[90m 2\u001b[2mms\u001b[22m\u001b[39m\n\n\u001b[2m Test Files \u001b[22m \u001b[1m\u001b[32m1 passed\u001b[39m\u001b[22m\u001b[90m (1)\u001b[39m\n\u001b[2m      Tests \u001b[22m \u001b[1m\u001b[32m2 passed\u001b[39m\u001b[22m\u001b[90m (2)\u001b[39m\n\u001b[2m   Start at \u001b[22m 17:12:33\n\u001b[2m   Duration \u001b[22m 309ms\u001b[2m (transform 36ms, setup 1ms, collect 25ms, tests 2ms, environment 0ms, prepare 81ms)\u001b[22m\n\n",
      "stderr": "",
      "duration": 767,
      "success": true
    },
    {
      "name": "npm",
      "command": "npm run lint",
      "cwd": "/home/runner/work/vybestack-site/vybestack-site/evals/grading/base64-fix",
      "exitCode": 0,
      "stdout": "\n> base64-fix-grading@0.0.1 lint\n> eslint workspace/src workspace/tests --ext .ts\n\n",
      "stderr": "",
      "duration": 2134,
      "success": true
    },
    {
      "name": "npm",
      "command": "npm run typecheck",
      "cwd": "/home/runner/work/vybestack-site/vybestack-site/evals/grading/base64-fix",
      "exitCode": 0,
      "stdout": "\n> base64-fix-grading@0.0.1 typecheck\n> tsc -p tsconfig.json\n\n",
      "stderr": "",
      "duration": 1277,
      "success": true
    },
    {
      "name": "npm",
      "command": "npm run test:hidden",
      "cwd": "/home/runner/work/vybestack-site/vybestack-site/evals/grading/base64-fix",
      "exitCode": 0,
      "stdout": "\n> base64-fix-grading@0.0.1 test:hidden\n> vitest run --config vitest.config.hidden.ts\n\n\n\u001b[7m\u001b[1m\u001b[36m RUN \u001b[39m\u001b[22m\u001b[27m \u001b[36mv1.6.1\u001b[39m \u001b[90m/home/runner/work/vybestack-site/vybestack-site/evals/grading/base64-fix\u001b[39m\n\nZm9vL2Jhcg==\n \u001b[32m✓\u001b[39m tests/hidden/base64.spec.ts \u001b[2m (\u001b[22m\u001b[2m18 tests\u001b[22m\u001b[2m)\u001b[22m\u001b[90m 9\u001b[2mms\u001b[22m\u001b[39m\n\n\u001b[2m Test Files \u001b[22m \u001b[1m\u001b[32m1 passed\u001b[39m\u001b[22m\u001b[90m (1)\u001b[39m\n\u001b[2m      Tests \u001b[22m \u001b[1m\u001b[32m18 passed\u001b[39m\u001b[22m\u001b[90m (18)\u001b[39m\n\u001b[2m   Start at \u001b[22m 17:12:37\n\u001b[2m   Duration \u001b[22m 314ms\u001b[2m (transform 52ms, setup 0ms, collect 52ms, tests 9ms, environment 0ms, prepare 75ms)\u001b[22m\n\n",
      "stderr": "",
      "duration": 770,
      "success": true
    }
  ],
  "workspaceArchive": "/home/runner/work/vybestack-site/vybestack-site/evals/outputs/base64-fix-2025-10-27T17-11-27-631Z/llxprt-synthetic-minimax/workspace",
  "runSessionId": "d6ce51e3-a725-4e07-bed7-1d2fef95c4a1",
  "runSessionStartedAt": "2025-10-27T17:08:32.396Z",
  "repoVersion": "main@3ef0c05",
  "vybes": {
    "taskName": "base64-fix",
    "configId": "llxprt-synthetic-minimax",
    "complexityMultiplier": 1,
    "timeLimitMinutes": 2,
    "baseScore": 100,
    "successPercentage": 1,
    "timePenaltyMultiplier": 1,
    "finalScore": 100,
    "actualTimeMinutes": 0.958,
    "description": "Base64 encoder/decoder utilities",
    "category": "utilities",
    "breakdown": {
      "subtasksPassed": 18,
      "subtasksTotal": 18,
      "modulesCompleted": [
        "base64"
      ],
      "modulesIncomplete": [],
      "modules": {
        "base64": {
          "passed": 18,
          "total": 18,
          "passedTasks": [
            "encode-0",
            "encode-1",
            "encode-2",
            "encode-3",
            "encode-4",
            "encode-5",
            "decode-0",
            "decode-1",
            "decode-2",
            "decode-3",
            "decode-4",
            "decode-5",
            "decode-without-padding",
            "decode-rejects-invalid",
            "cli-encode-success",
            "cli-decode-success",
            "cli-argument-error",
            "cli-decode-error"
          ],
          "failedTasks": []
        }
      }
    },
    "repoVersion": "main@3ef0c05"
  }
}