{
  "evalName": "report-builder",
  "configId": "llxprt-synthetic-minimax",
  "startedAt": "2025-10-27T20:05:58.977Z",
  "finishedAt": "2025-10-27T20:05:58.977Z",
  "status": "fail",
  "totalDuration": 16925,
  "commands": [
    {
      "name": "llxprt",
      "command": "llxprt --provider openai --baseurl https://api.synthetic.new/openai/v1 --key *** --model hf:MiniMaxAI/MiniMax-M2 --set context-limit=190000 --set shell-replacement=true --set modelparam.temperature 1 --yolo",
      "cwd": "/home/runner/work/vybestack-site/vybestack-site/evals/problems/report-builder/.tmp-workspace-f6c8b6fc-42d7-45bb-8c0a-f117ddf660e3-ObYQdp/workspace",
      "exitCode": 1,
      "stdout": "",
      "stderr": "An unexpected critical error occurred:\nError: Invalid --set format: modelparam.temperature. Expected key=value\n    at applyCliSetArguments (file:///opt/hostedtoolcache/node/20.19.5/x64/lib/node_modules/@vybestack/llxprt-code/dist/src/config/cliEphemeralSettings.js:17:19)\n    at loadCliConfig (file:///opt/hostedtoolcache/node/20.19.5/x64/lib/node_modules/@vybestack/llxprt-code/dist/src/config/config.js:692:26)\n    at async main (file:///opt/hostedtoolcache/node/20.19.5/x64/lib/node_modules/@vybestack/llxprt-code/dist/src/gemini.js:219:20)\n",
      "duration": 1491,
      "success": false
    },
    {
      "name": "npm",
      "command": "npm install",
      "cwd": "/home/runner/work/vybestack-site/vybestack-site/evals/problems/report-builder/.tmp-workspace-f6c8b6fc-42d7-45bb-8c0a-f117ddf660e3-ObYQdp/workspace",
      "exitCode": 0,
      "stdout": "\nadded 202 packages, and audited 203 packages in 5s\n\n60 packages are looking for funding\n  run `npm fund` for details\n\n4 moderate severity vulnerabilities\n\nTo address all issues (including breaking changes), run:\n  npm audit fix --force\n\nRun `npm audit` for details.\n",
      "stderr": "npm warn deprecated inflight@1.0.6: This module is not supported, and leaks memory. Do not use it. Check out lru-cache if you want a good and tested way to coalesce async requests by a key value, which is much more comprehensive and powerful.\nnpm warn deprecated @humanwhocodes/config-array@0.13.0: Use @eslint/config-array instead\nnpm warn deprecated rimraf@3.0.2: Rimraf versions prior to v4 are no longer supported\nnpm warn deprecated glob@7.2.3: Glob versions prior to v9 are no longer supported\nnpm warn deprecated @humanwhocodes/object-schema@2.0.3: Use @eslint/object-schema instead\nnpm warn deprecated eslint@8.57.1: This version is no longer supported. Please see https://eslint.org/version-support for other options.\n",
      "duration": 5505,
      "success": true
    },
    {
      "name": "npm",
      "command": "npm run typecheck",
      "cwd": "/home/runner/work/vybestack-site/vybestack-site/evals/problems/report-builder/.tmp-workspace-f6c8b6fc-42d7-45bb-8c0a-f117ddf660e3-ObYQdp/workspace",
      "exitCode": 0,
      "stdout": "\n> report-builder-eval@0.0.1 typecheck\n> tsc --noEmit\n\n",
      "stderr": "",
      "duration": 1062,
      "success": true
    },
    {
      "name": "npm",
      "command": "npm run lint",
      "cwd": "/home/runner/work/vybestack-site/vybestack-site/evals/problems/report-builder/.tmp-workspace-f6c8b6fc-42d7-45bb-8c0a-f117ddf660e3-ObYQdp/workspace",
      "exitCode": 0,
      "stdout": "\n> report-builder-eval@0.0.1 lint\n> eslint . --ext .ts\n\n",
      "stderr": "",
      "duration": 1018,
      "success": true
    },
    {
      "name": "npm",
      "command": "npm run test:public",
      "cwd": "/home/runner/work/vybestack-site/vybestack-site/evals/problems/report-builder/.tmp-workspace-f6c8b6fc-42d7-45bb-8c0a-f117ddf660e3-ObYQdp/workspace",
      "exitCode": 0,
      "stdout": "\n> report-builder-eval@0.0.1 test:public\n> vitest run --config vitest.config.public.ts\n\n\n\u001b[7m\u001b[1m\u001b[36m RUN \u001b[39m\u001b[22m\u001b[27m \u001b[36mv1.6.1\u001b[39m \u001b[90m/home/runner/work/vybestack-site/vybestack-site/evals/problems/report-builder/.tmp-workspace-f6c8b6fc-42d7-45bb-8c0a-f117ddf660e3-ObYQdp/workspace\u001b[39m\n\n \u001b[32m✓\u001b[39m tests/public/renderReport.spec.ts \u001b[2m (\u001b[22m\u001b[2m1 test\u001b[22m\u001b[2m)\u001b[22m\u001b[90m 2\u001b[2mms\u001b[22m\u001b[39m\n\n\u001b[2m Test Files \u001b[22m \u001b[1m\u001b[32m1 passed\u001b[39m\u001b[22m\u001b[90m (1)\u001b[39m\n\u001b[2m      Tests \u001b[22m \u001b[1m\u001b[32m1 passed\u001b[39m\u001b[22m\u001b[90m (1)\u001b[39m\n\u001b[2m   Start at \u001b[22m 20:05:51\n\u001b[2m   Duration \u001b[22m 307ms\u001b[2m (transform 26ms, setup 0ms, collect 19ms, tests 2ms, environment 0ms, prepare 85ms)\u001b[22m\n\n",
      "stderr": "",
      "duration": 784,
      "success": true
    },
    {
      "name": "npm",
      "command": "npm run build",
      "cwd": "/home/runner/work/vybestack-site/vybestack-site/evals/problems/report-builder/.tmp-workspace-f6c8b6fc-42d7-45bb-8c0a-f117ddf660e3-ObYQdp/workspace",
      "exitCode": 0,
      "stdout": "\n> report-builder-eval@0.0.1 build\n> tsc -p tsconfig.json\n\n",
      "stderr": "",
      "duration": 1061,
      "success": true
    },
    {
      "name": "npm",
      "command": "npm install",
      "cwd": "/home/runner/work/vybestack-site/vybestack-site/evals/grading/report-builder",
      "exitCode": 0,
      "stdout": "\nup to date, audited 204 packages in 1s\n\n60 packages are looking for funding\n  run `npm fund` for details\n\n2 moderate severity vulnerabilities\n\nTo address all issues, run:\n  npm audit fix\n\nRun `npm audit` for details.\n",
      "stderr": "",
      "duration": 1151,
      "success": true
    },
    {
      "name": "npm",
      "command": "npm --prefix workspace install",
      "cwd": "/home/runner/work/vybestack-site/vybestack-site/evals/grading/report-builder",
      "exitCode": 0,
      "stdout": "\nadded 203 packages, and audited 204 packages in 2s\n\n60 packages are looking for funding\n  run `npm fund` for details\n\n4 moderate severity vulnerabilities\n\nTo address all issues (including breaking changes), run:\n  npm audit fix --force\n\nRun `npm audit` for details.\n",
      "stderr": "npm warn deprecated inflight@1.0.6: This module is not supported, and leaks memory. Do not use it. Check out lru-cache if you want a good and tested way to coalesce async requests by a key value, which is much more comprehensive and powerful.\nnpm warn deprecated @humanwhocodes/config-array@0.13.0: Use @eslint/config-array instead\nnpm warn deprecated rimraf@3.0.2: Rimraf versions prior to v4 are no longer supported\nnpm warn deprecated glob@7.2.3: Glob versions prior to v9 are no longer supported\nnpm warn deprecated @humanwhocodes/object-schema@2.0.3: Use @eslint/object-schema instead\nnpm warn deprecated eslint@8.57.1: This version is no longer supported. Please see https://eslint.org/version-support for other options.\n",
      "duration": 1849,
      "success": true
    },
    {
      "name": "npm",
      "command": "npm --prefix workspace run build",
      "cwd": "/home/runner/work/vybestack-site/vybestack-site/evals/grading/report-builder",
      "exitCode": 0,
      "stdout": "\n> report-builder-eval@0.0.1 build\n> tsc -p tsconfig.json\n\n",
      "stderr": "",
      "duration": 1146,
      "success": true
    },
    {
      "name": "npm",
      "command": "npm run typecheck",
      "cwd": "/home/runner/work/vybestack-site/vybestack-site/evals/grading/report-builder",
      "exitCode": 0,
      "stdout": "\n> report-builder-grading@0.0.1 typecheck\n> tsc -p tsconfig.json\n\n",
      "stderr": "",
      "duration": 1281,
      "success": true
    },
    {
      "name": "npm",
      "command": "npm run test:hidden",
      "cwd": "/home/runner/work/vybestack-site/vybestack-site/evals/grading/report-builder",
      "exitCode": 1,
      "stdout": "\n> report-builder-grading@0.0.1 test:hidden\n> vitest run --config vitest.config.hidden.ts\n\n",
      "stderr": "\n\u001b[31m⎯⎯⎯⎯⎯⎯\u001b[1m\u001b[7m Unhandled Error \u001b[27m\u001b[22m⎯⎯⎯⎯⎯⎯⎯\u001b[39m\nError: Cannot find module @rollup/rollup-linux-x64-gnu. npm has a bug related to optional dependencies (https://github.com/npm/cli/issues/4828). Please try `npm i` again after removing both package-lock.json and node_modules directory.\n    at requireWithFriendlyError (/home/runner/work/vybestack-site/vybestack-site/evals/grading/report-builder/node_modules/rollup/dist/native.js:83:9)\n    at Object.<anonymous> (/home/runner/work/vybestack-site/vybestack-site/evals/grading/report-builder/node_modules/rollup/dist/native.js:92:76)\n    ... 3 lines matching cause stack trace ...\n    at Module._load (node:internal/modules/cjs/loader:1091:12)\n    at cjsLoader (node:internal/modules/esm/translators:298:15)\n    at ModuleWrap.<anonymous> (node:internal/modules/esm/translators:240:7)\n    at ModuleJob.run (node:internal/modules/esm/module_job:325:25)\n    at async ModuleLoader.import (node:internal/modules/esm/loader:606:24) {\n  [cause]: Error: Cannot find module '@rollup/rollup-linux-x64-gnu'\n  Require stack:\n  - /home/runner/work/vybestack-site/vybestack-site/evals/grading/report-builder/node_modules/rollup/dist/native.js\n      at Module._resolveFilename (node:internal/modules/cjs/loader:1207:15)\n      at Module._load (node:internal/modules/cjs/loader:1038:27)\n      at Module.require (node:internal/modules/cjs/loader:1289:19)\n      at require (node:internal/modules/helpers:182:18)\n      at requireWithFriendlyError (/home/runner/work/vybestack-site/vybestack-site/evals/grading/report-builder/node_modules/rollup/dist/native.js:65:10)\n      at Object.<anonymous> (/home/runner/work/vybestack-site/vybestack-site/evals/grading/report-builder/node_modules/rollup/dist/native.js:92:76)\n      at Module._compile (node:internal/modules/cjs/loader:1521:14)\n      at Module._extensions..js (node:internal/modules/cjs/loader:1623:10)\n      at Module.load (node:internal/modules/cjs/loader:1266:32)\n      at Module._load (node:internal/modules/cjs/loader:1091:12) {\n    code: 'MODULE_NOT_FOUND',\n    requireStack: [\n      '/home/runner/work/vybestack-site/vybestack-site/evals/grading/report-builder/node_modules/rollup/dist/native.js'\n    ]\n  }\n}\n\n\n\n",
      "duration": 377,
      "success": false
    }
  ],
  "workspaceArchive": "/home/runner/work/vybestack-site/vybestack-site/evals/outputs/report-builder-2025-10-27T20-05-42-053Z/llxprt-synthetic-minimax/workspace",
  "runSessionId": "486f8e19-b5a6-4fc2-9082-a3e8d4400478",
  "runSessionStartedAt": "2025-10-27T20:00:41.090Z",
  "repoVersion": "main@b56de59",
  "vybes": {
    "taskName": "report-builder",
    "configId": "llxprt-synthetic-minimax",
    "complexityMultiplier": 4,
    "timeLimitMinutes": 8,
    "baseScore": 400,
    "successPercentage": 0,
    "timePenaltyMultiplier": 1,
    "finalScore": 0,
    "actualTimeMinutes": 0.025,
    "description": "Spreadsheet to HTML report builder",
    "category": "integrations",
    "breakdown": {
      "subtasksPassed": 0,
      "subtasksTotal": 0,
      "modulesCompleted": [],
      "modulesIncomplete": [],
      "modules": {}
    },
    "repoVersion": "main@b56de59"
  }
}