{
  "evalName": "report-builder",
  "configId": "llxprt-synthetic-minimax",
  "startedAt": "2025-10-31T18:04:45.050Z",
  "finishedAt": "2025-10-31T18:04:45.050Z",
  "status": "pass",
  "totalDuration": 199626,
  "totalCliDuration": 199592,
  "commands": [
    {
      "name": "llxprt-synthetic-minimax",
      "command": "llxprt --provider openai --baseurl https://api.synthetic.new/openai/v1 --key *** --model hf:MiniMaxAI/MiniMax-M2 --set context-limit=190000 --set shell-replacement=true --set modelparam.temperature=1 --yolo",
      "cwd": "/home/runner/work/vybestack-site/vybestack-site/evals/problems/report-builder/.tmp-workspace-a7d94439-180f-4e44-b1a1-4c110329402a-QdAwle/workspace",
      "exitCode": 0,
      "stdout": "<think>Alright, let me break down what I need to do:\n\n1. I need to implement a Report Builder CLI tool in TypeScript\n2. The entry point should be `src/cli/report.ts`\n3. It should read JSON data from a file and render it in markdown or text format\n4. The data structure is defined in `fixtures/data.json`\n5. I need to create formatter modules under `src/formats/` \n6. I should use only built-in Node APIs\n7. I need to run linting, tests, typecheck, and build at the end\n\nLet me start by exploring the current project structure and understanding what's already there.\n</think>\n\nI'll help you implement the Report Builder CLI tool. Let me start by exploring the current project structure and understanding the requirements.\n<think>Now I understand the task better. Let me explore the existing project structure to understand what's already there and what needs to be implemented.\n</think>\n\nLet me explore the existing project structure to understand what needs to be implemented.\n<think>The read_many_files didn't find the config files. Let me list the workspace to see the structure and then read the files individually.\n</think>\n\n\n<think>I see there are some files in the workspace. Let me check the exact file list to understand the current state of the project. It looks like the list shows git-ignored files by default. Let me look at the non-ignored files specifically.\n</think>\n\n\n<think>It seems the read_many_files tool isn't working. Let me use the list_directory tool to see what's available in the workspace.\n\nLet me also check the gitignored files to understand the project structure better.\n</think>\n\n\n<think>Good, now I can see all the files. Let me read the configuration files and understand the project structure better.\n</think>\n\n\n<think>That's strange. Let me try reading them one by one to see what's happening.\n</think>\n\n\n<think>Now let me read the other configuration files to understand the project structure.\n</think>\n\n\n<think>Now let me read the fixture data to understand the data model:\n</think>\n\n\n<think>Now let me check the existing source structure:\n</think>\n\n\n<think>Now I understand the project structure. Let me read the test file to understand what the expected behavior is:\n\n1. I need to create a CLI tool in `src/cli/report.ts`\n2. I need to create format modules in `src/formats/` directory\n3. The tool should read JSON data, validate it, and render it in markdown or text format\n4. I need to use only built-in Node APIs\n5. TypeScript imports need to use `.js` extensions for NodeNext module resolution\n\nLet me check if there are any existing tests to understand the expected behavior better.\n</think>\n\n\n<think>Now I understand the task better. I need to:\n\n1. Create a CLI entry point at `src/cli/report.ts`\n2. Create formatter modules at `src/formats/` (markdown.ts and text.ts)\n3. Use Node's built-in modules only\n4. Parse command line arguments without third-party parsers\n5. Support markdown and text formats\n6. Follow the exact formatting rules specified\n7. Calculate totals\n8. Validate JSON input\n9. Use `.js` extensions in imports (TypeScript ESM/NodeNext module resolution)\n10. Test with the provided fixtures\n11. Run lint, test, typecheck, and build successfully\n\nLet me start by creating a todo list to organize this work, then examine the existing files structure more closely.\n</think>\n\nI'll help you implement the Report Builder CLI. This is a multi-step task involving creating multiple TypeScript modules with proper structure. Let me start by organizing the work with a todo list.\n<think>Now I have a clear understanding of the task. I need to:\n\n1. Create shared types and interfaces for report data\n2. Create markdown formatter module\n3. Create text formatter module  \n4. Create main CLI entry point with argument parsing\n5. Test the implementation with fixtures\n6. Run npm run lint and fix any issues\n7. Run npm run typecheck and fix any issues\n8. Run npm run test:public\n9. Run npm run build and verify successful compilation\n10. Test the built CLI with actual command\n\nLet me start by creating the shared types and interfaces. Based on the requirements, I need:\n- An interface for the report data structure (matching fixtures/data.json)\n- An interface for formatting options\n- A formatter interface that each formatter should implement\n\nLet me mark the first task as in progress and start working on it.\n</think>\n\nNow I'll implement the Report Builder CLI step by step. Let me start by creating the shared types and interfaces.\n<think>Let me start by understanding the structure of the project and then begin implementing the solution.\n\nFrom what I've seen so far:\n1. The project uses TypeScript with NodeNext module resolution\n2. There's a fixtures/data.json file with the expected JSON schema\n3. The CLI should be at src/cli/report.ts and compile to dist/cli/report.js\n4. I need to create formatter modules under src/formats/\n5. The project has strict TypeScript/ESLint rules\n6. No new dependencies can be added - only built-in Node APIs\n\nLet me start by creating the shared types and interfaces for the report data, then the formatter modules, and finally the CLI entry point.\n\nFirst, let me create the shared types file:\n</think>\n\nI'll start by creating the shared types and interfaces for the report data, then build the formatter modules and CLI entry point. Let me begin with understanding the project structure and creating the necessary files.\n<think>Good, I've created the shared types file. Now I'll mark task 1 as completed and move to task 2 - creating the markdown formatter module.\n</think>\n\n\n<think>Now I need to create the markdown formatter module. Looking at the requirements:\n\n1. The output should be in markdown format\n2. It should print `# <title>`, blank line, summary, blank line, `## Entries`\n3. Then a bullet list with `- **<label>** — $<amount>`\n4. Optional final `**Total:** $<amount>` when `--includeTotals` is provided\n5. Render amounts exactly as `$12345.67` (two decimal places, no thousands separators)\n\nI need to create a file at `src/formats/markdown.ts` that exports a formatter that implements the `Formatter` interface I just defined.\n\nFirst, let me create the directory structure and then create the module.\n</think>\n\n\n<think>Good, the formats directory has been created. Now I need to create the markdown formatter module. Let me implement it according to the requirements:\n\n- Markdown format: print `# <title>`, blank line, summary, blank line, `## Entries`, bullet list `- **<label>** — $<amount>`, optional final `**Total:** $<amount>` when `--includeTotals` is provided.\n- Render amounts exactly as `$12345.67` (two decimal places, no thousands separators)\n\nLet me create the markdown formatter.\n</think>\n\n\n<think>Now I'll create the text formatter module. It should follow the same pattern but format for plain text output.\n\nFor the text format:\n- Print title\n- Print summary\n- `Entries:` heading\n- Bullet list `- <label>: $<amount>`\n- Optional `Total: $<amount>` when totals are requested\n</think>\n\n\n<think>Great! I've created the markdown and text formatter modules. Now I need to create the main CLI entry point. Let me update the todo list and then create the CLI entry point.\n\nThe CLI needs to:\n1. Parse command line arguments (data.json file, --format, --output, --includeTotals)\n2. Read and validate the JSON file\n3. Call the appropriate formatter\n4. Output to stdout or file\n\nI'll use Node's built-in modules for argument parsing and file I/O.\n</think>\n\n\n<think>Now I need to create the main CLI entry point. Let me create the cli directory first and then create the report.ts file. I need to:\n\n1. Parse command line arguments using Node's standard library (no third-party parsers)\n2. Read the JSON file\n3. Validate the JSON data\n4. Route to the appropriate formatter\n5. Handle errors (malformed JSON, unsupported format, etc.)\n6. Support --format, --output, and --includeTotals flags\n\nThe invocation should be: `node dist/cli/report.js <data.json> --format <format> [--output <path>] [--includeTotals]`\n\nI'll need to import the formatters I just created.\n</think>\n\n\n<think>Now I need to create the CLI entry point at `src/cli/report.ts`. This should:\n\n1. Parse command-line arguments using Node's standard library (no third-party parsers)\n2. Support the format: `node dist/cli/report.js <data.json> --format <format> [--output <path>] [--includeTotals]`\n3. Support formats: `markdown`, `text` (reject unknown formats with \"Unsupported format\")\n4. Output to stdout unless `--output` is provided\n5. Import formatters with `.js` extensions\n6. Validate input JSON\n7. Delegate rendering to format modules\n\nLet me write this:\n\n```typescript\nimport { readFileSync } from 'fs';\nimport { ReportData, RenderOptions } from '../types.js';\nimport { renderMarkdown } from '../formats/markdown.js';\nimport { renderText } from '../formats/text.js';\n\ninterface ParsedArgs {\n  dataFile: string;\n  format: string;\n  output?: string;\n  includeTotals: boolean;\n}\n\nfunction parseArgs(args: string[]): ParsedArgs {\n  const parsed: ParsedArgs = {\n    dataFile: '',\n    format: '',\n    includeTotals: false,\n  };\n\n  let i = 0;\n  while (i < args.length) {\n    const arg = args[i];\n    \n    if (arg === '--format') {\n      i++;\n      if (i >= args.length) {\n        throw new Error('Missing value for --format');\n      }\n      parsed.format = args[i];\n    } else if (arg === '--output') {\n      i++;\n      if (i >= args.length) {\n        throw new Error('Missing value for --output');\n      }\n      parsed.output = args[i];\n    } else if (arg === '--includeTotals') {\n      parsed.includeTotals = true;\n    } else if (!arg.startsWith('--')) {\n      if (!parsed.dataFile) {\n        parsed.dataFile = arg;\n      }\n    }\n    \n    i++;\n  }\n\n  if (!parsed.dataFile) {\n    throw new Error('Missing data file argument');\n  }\n\n  if (!parsed.format) {\n    throw new Error('Missing --format argument');\n  }\n\n  return parsed;\n}\n\nI'll validate the command-line inputs to ensure all required parameters are present and correctly formatted. The function checks for the essential arguments and prepares a parsed object with the necessary configuration for report generation.\n\nNext, I'll handle parsing the JSON data file, ensuring it meets the expected schema requirements. I'll read and validate the file contents, checking for the presence of critical fields like title, summary, and entries. Any missing or malformed data will trigger an error to prevent further processing.\n\nThe data validation process involves carefully checking the structure of the JSON input, making sure each required field exists and contains valid data. This step is crucial for maintaining data integrity before rendering the report.\n\nI'll map the available formatters, using an index signature to allow flexible formatting options. The render process will select the appropriate formatter based on the specified output type, converting the structured data into the desired presentation format.\n\nIf an unsupported format is requested, I'll raise an error with a specific message to guide the user. The rendering logic ensures flexible output generation while maintaining type safety and providing clear error handling.\n\nFor output destination, I'll determine whether to write to a specified file path or stream directly to the console, giving flexibility in report generation methods.\n\nI'll validate input arguments first, reading and parsing the data file, then selecting the appropriate formatter. If an unsupported format is requested, I'll terminate with an error message. The process ensures clean, controlled report rendering with precise output management.\n\nThe main execution flow carefully orchestrates data loading, formatting selection, and output handling, prioritizing user requirements and system reliability.\n</think>\n\n\n<think>Good! I've created the main CLI entry point. Now let me update the todo list and run tests to ensure everything works correctly.\n</think>\n\n\n<think>Now let me run the build to check if the code compiles correctly, then run lint, typecheck, and test.\n</think>\n\nNow let me build and test the implementation:\n<think>Great! The build was successful. Now let me test the CLI with the actual command to make sure it works.\n</think>\n\n\n<think>Great! The build was successful and the CLI is working with the markdown format and totals. Let me also test the text format to make sure both work correctly.\n</think>\n\n\n<think>Great! The CLI is working correctly. Now let's test error handling:\n\n1. Test invalid format\n2. Test missing arguments\n3. Test invalid JSON\n\nThen we'll run lint, typecheck, and tests.\n</think>\n\n\n<think>Great! The CLI is working correctly. Now let me test a few more edge cases and then proceed to run the linting, typechecking, and tests.\n</think>\n\n\n<think>The tests are working well. Now I need to continue with the remaining tasks. Let me update the todo list and move on to linting and typechecking.\n</think>\n\n\n<think>Now let's run lint to check for any issues.\n</think>\n\n\n<think>ESLint is not installed. Let me check the package.json again - it's listed in devDependencies but perhaps it's not installed in the project. Let me try to install dependencies first.\n\nActually, looking at the task description again, it says \"Do not modify the provided configuration files or dependencies.\" and \"Do not modify `package.json`, `tsconfig.json`, `.eslintrc.cjs`, or `.prettierrc` (no new dependencies, scripts, or settings).\"\n\nSo I shouldn't be modifying dependencies. Let me see if I can still run lint without installing anything. Maybe I should just try running the other commands to see what happens.\n</think>\n\n\n<think>Good, dependencies are installed. Now let me run lint again to check for any issues.\n</think>\n\n\n<think>Great! The linting passes without any errors. Now let me check the typecheck and test:public commands.\n</think>\n\n\n<think>Great! Both lint and typecheck passed successfully. Now I need to run the tests and rebuild to verify everything works.\n</think>\n\n\n<think>Now I need to run the tests. Let me check if there are any tests and run them.\n</think>\n\n\n<think>Great! The tests are passing. Now I need to:\n1. Run npm run build again to make sure the build is successful\n2. Test the built CLI with the actual command\n3. Complete the final task\n\nLet me do these tasks.\n</think>\n\n\n<think>The build completed successfully. Now let me test the actual command as requested in the instructions:\n\n```bash\nnode dist/cli/report.js fixtures/data.json --format markdown --includeTotals\n```\n\nThis was the exact command specified in the requirements. I've already tested it earlier, but let me run it one more time to confirm everything works properly.\n</think>\n\n\n<think>Great! All the tests have passed and the implementation is working. Let me update the todo list to mark all tasks as completed.\n</think>\n\n\n<think>Let me check the test output to ensure everything works as expected.\n\nThe user asked me to implement a clean CLI and supporting modules for a TypeScript Report Builder project. I have completed all the tasks:\n\n1. Created shared types and interfaces for report data\n2. Created markdown formatter module\n3. Created text formatter module  \n4. Created main CLI entry point with argument parsing\n5. Tested the implementation with fixtures\n6. Ran npm run lint - passed with no errors\n7. Ran npm run typecheck - passed with no errors\n8. Ran npm run test:public - passed successfully\n9. Ran npm run build - completed successfully\n10. Tested the built CLI with actual command - works perfectly\n\nAll the required features are implemented:\n- CLI reads JSON input and renders markdown or text reports\n- Modular formatters that can be easily extended\n- Uses only built-in Node APIs\n- Proper error handling with \"Unsupported format\" message for unknown formats\n- Supports --format, --output, and --includeTotals flags\n- Validates input JSON and provides helpful error messages\n- Renders amounts with two decimal places in the format $12345.67\n- Computes totals correctly\n\nThe final command `node dist/cli/report.js fixtures/data.json --format markdown --includeTotals` produces the expected output:\n- Title with # prefix\n- Summary paragraph\n- ## Entries section with bullet points\n- Total at the end when --includeTotals flag is used\n\nAll linting, type checking, tests, and builds passed successfully.\n</think>\n\n## Summary\n\nI have successfully implemented the Report Builder CLI project according to all the requirements. Here's what was accomplished:\n\n### Implementation Details\n\n**Created Files:**\n1. `src/types.ts` - Shared TypeScript interfaces for ReportData, RenderOptions, and Formatter\n2. `src/formats/markdown.ts` - Markdown formatter implementing the Formatter interface\n3. `src/formats/text.ts` - Text formatter implementing the Formatter interface  \n4. `src/cli/report.ts` - Main CLI entry point with argument parsing and validation\n\n**Key Features:**\n- Clean CLI with argument parsing using only Node's standard library\n- Modular formatter architecture with consistent interfaces for easy extension\n- Robust JSON validation with helpful error messages\n- Proper error handling including \"Unsupported format\" for unknown formats\n- Support for both `--includeTotals` flag and different output formats\n- Amount rendering as `$12345.67` (two decimal places, no thousands separators)\n\n**Test Results:**\nAll verification commands passed successfully:\n- [OK] `npm run lint` - No ESLint errors\n- [OK] `npm run typecheck` - No TypeScript errors  \n- [OK] `npm run test:public` - All tests passed\n- [OK] `npm run build` - Compilation successful\n- [OK] `node dist/cli/report.js fixtures/data.json --format markdown --includeTotals` - Produces correct output\n\nThe CLI correctly generates reports in both markdown and text formats, validates input JSON, computes totals accurately, and handles all specified command-line options. The implementation adheres to the existing project conventions and uses only built-in Node APIs as required.\n",
      "stderr": "",
      "duration": 188206,
      "success": true
    },
    {
      "name": "workspace-install",
      "command": "npm install",
      "cwd": "/home/runner/work/vybestack-site/vybestack-site/evals/problems/report-builder/.tmp-workspace-a7d94439-180f-4e44-b1a1-4c110329402a-QdAwle/workspace",
      "exitCode": 0,
      "stdout": "\nadded 1 package, and audited 204 packages in 850ms\n\n60 packages are looking for funding\n  run `npm fund` for details\n\n4 moderate severity vulnerabilities\n\nTo address all issues (including breaking changes), run:\n  npm audit fix --force\n\nRun `npm audit` for details.\n",
      "stderr": "",
      "duration": 943,
      "success": true
    },
    {
      "name": "typecheck",
      "command": "npm run typecheck",
      "cwd": "/home/runner/work/vybestack-site/vybestack-site/evals/problems/report-builder/.tmp-workspace-a7d94439-180f-4e44-b1a1-4c110329402a-QdAwle/workspace",
      "exitCode": 0,
      "stdout": "\n> report-builder-eval@0.0.1 typecheck\n> tsc --noEmit\n\n",
      "stderr": "",
      "duration": 1134,
      "success": true
    },
    {
      "name": "lint",
      "command": "npm run lint",
      "cwd": "/home/runner/work/vybestack-site/vybestack-site/evals/problems/report-builder/.tmp-workspace-a7d94439-180f-4e44-b1a1-4c110329402a-QdAwle/workspace",
      "exitCode": 0,
      "stdout": "\n> report-builder-eval@0.0.1 lint\n> eslint . --ext .ts\n\n",
      "stderr": "",
      "duration": 1054,
      "success": true
    },
    {
      "name": "test:public",
      "command": "npm run test:public",
      "cwd": "/home/runner/work/vybestack-site/vybestack-site/evals/problems/report-builder/.tmp-workspace-a7d94439-180f-4e44-b1a1-4c110329402a-QdAwle/workspace",
      "exitCode": 0,
      "stdout": "\n> report-builder-eval@0.0.1 test:public\n> vitest run --config vitest.config.public.ts\n\n\n\u001b[7m\u001b[1m\u001b[36m RUN \u001b[39m\u001b[22m\u001b[27m \u001b[36mv1.6.1\u001b[39m \u001b[90m/home/runner/work/vybestack-site/vybestack-site/evals/problems/report-builder/.tmp-workspace-a7d94439-180f-4e44-b1a1-4c110329402a-QdAwle/workspace\u001b[39m\n\n \u001b[32m✓\u001b[39m tests/public/renderReport.spec.ts \u001b[2m (\u001b[22m\u001b[2m1 test\u001b[22m\u001b[2m)\u001b[22m\u001b[90m 2\u001b[2mms\u001b[22m\u001b[39m\n\n\u001b[2m Test Files \u001b[22m \u001b[1m\u001b[32m1 passed\u001b[39m\u001b[22m\u001b[90m (1)\u001b[39m\n\u001b[2m      Tests \u001b[22m \u001b[1m\u001b[32m1 passed\u001b[39m\u001b[22m\u001b[90m (1)\u001b[39m\n\u001b[2m   Start at \u001b[22m 18:04:37\n\u001b[2m   Duration \u001b[22m 287ms\u001b[2m (transform 32ms, setup 1ms, collect 18ms, tests 2ms, environment 0ms, prepare 91ms)\u001b[22m\n\n",
      "stderr": "",
      "duration": 765,
      "success": true
    },
    {
      "name": "build",
      "command": "npm run build",
      "cwd": "/home/runner/work/vybestack-site/vybestack-site/evals/problems/report-builder/.tmp-workspace-a7d94439-180f-4e44-b1a1-4c110329402a-QdAwle/workspace",
      "exitCode": 0,
      "stdout": "\n> report-builder-eval@0.0.1 build\n> tsc -p tsconfig.json\n\n",
      "stderr": "",
      "duration": 1192,
      "success": true
    },
    {
      "name": "workspace-install",
      "command": "npm install",
      "cwd": "/home/runner/work/vybestack-site/vybestack-site/evals/grading/report-builder",
      "exitCode": 0,
      "stdout": "\nup to date, audited 204 packages in 664ms\n\n60 packages are looking for funding\n  run `npm fund` for details\n\n2 moderate severity vulnerabilities\n\nTo address all issues, run:\n  npm audit fix\n\nRun `npm audit` for details.\n",
      "stderr": "",
      "duration": 766,
      "success": true
    },
    {
      "name": "workspace-install-subdir",
      "command": "npm --prefix workspace install",
      "cwd": "/home/runner/work/vybestack-site/vybestack-site/evals/grading/report-builder",
      "exitCode": 0,
      "stdout": "\nadded 203 packages, and audited 204 packages in 2s\n\n60 packages are looking for funding\n  run `npm fund` for details\n\n4 moderate severity vulnerabilities\n\nTo address all issues (including breaking changes), run:\n  npm audit fix --force\n\nRun `npm audit` for details.\n",
      "stderr": "npm warn deprecated inflight@1.0.6: This module is not supported, and leaks memory. Do not use it. Check out lru-cache if you want a good and tested way to coalesce async requests by a key value, which is much more comprehensive and powerful.\nnpm warn deprecated @humanwhocodes/config-array@0.13.0: Use @eslint/config-array instead\nnpm warn deprecated rimraf@3.0.2: Rimraf versions prior to v4 are no longer supported\nnpm warn deprecated glob@7.2.3: Glob versions prior to v9 are no longer supported\nnpm warn deprecated @humanwhocodes/object-schema@2.0.3: Use @eslint/object-schema instead\nnpm warn deprecated eslint@8.57.1: This version is no longer supported. Please see https://eslint.org/version-support for other options.\n",
      "duration": 1837,
      "success": true
    },
    {
      "name": "workspace-build-subdir",
      "command": "npm --prefix workspace run build",
      "cwd": "/home/runner/work/vybestack-site/vybestack-site/evals/grading/report-builder",
      "exitCode": 0,
      "stdout": "\n> report-builder-eval@0.0.1 build\n> tsc -p tsconfig.json\n\n",
      "stderr": "",
      "duration": 1170,
      "success": true
    },
    {
      "name": "typecheck",
      "command": "npm run typecheck",
      "cwd": "/home/runner/work/vybestack-site/vybestack-site/evals/grading/report-builder",
      "exitCode": 0,
      "stdout": "\n> report-builder-grading@0.0.1 typecheck\n> tsc -p tsconfig.json\n\n",
      "stderr": "",
      "duration": 1322,
      "success": true
    },
    {
      "name": "test:hidden",
      "command": "npm run test:hidden",
      "cwd": "/home/runner/work/vybestack-site/vybestack-site/evals/grading/report-builder",
      "exitCode": 0,
      "stdout": "\n> report-builder-grading@0.0.1 test:hidden\n> vitest run --config vitest.config.hidden.ts\n\n\n\u001b[7m\u001b[1m\u001b[36m RUN \u001b[39m\u001b[22m\u001b[27m \u001b[36mv1.6.1\u001b[39m \u001b[90m/home/runner/work/vybestack-site/vybestack-site/evals/grading/report-builder\u001b[39m\n\n \u001b[32m✓\u001b[39m tests/hidden/package.spec.ts \u001b[2m (\u001b[22m\u001b[2m1 test\u001b[22m\u001b[2m)\u001b[22m\u001b[90m 4\u001b[2mms\u001b[22m\u001b[39m\n \u001b[32m✓\u001b[39m tests/hidden/render.spec.ts \u001b[2m (\u001b[22m\u001b[2m5 tests\u001b[22m\u001b[2m)\u001b[22m\u001b[90m 186\u001b[2mms\u001b[22m\u001b[39m\n\n\u001b[2m Test Files \u001b[22m \u001b[1m\u001b[32m2 passed\u001b[39m\u001b[22m\u001b[90m (2)\u001b[39m\n\u001b[2m      Tests \u001b[22m \u001b[1m\u001b[32m6 passed\u001b[39m\u001b[22m\u001b[90m (6)\u001b[39m\n\u001b[2m   Start at \u001b[22m 18:04:44\n\u001b[2m   Duration \u001b[22m 514ms\u001b[2m (transform 63ms, setup 0ms, collect 89ms, tests 190ms, environment 0ms, prepare 213ms)\u001b[22m\n\n",
      "stderr": "",
      "duration": 988,
      "success": true
    }
  ],
  "workspaceArchive": "/home/runner/work/vybestack-site/vybestack-site/evals/outputs/report-builder-2025-10-31T18-01-25-419Z/llxprt-synthetic-minimax/workspace",
  "runSessionId": "383c82b6-d0f8-4a93-939a-20188f71668d",
  "runSessionStartedAt": "2025-10-31T16:29:23.355Z",
  "repoVersion": "main@3bcb8f6",
  "multipass": {
    "enabled": true,
    "selectedPass": 0,
    "maxPasses": 3,
    "totalCliDuration": 199592,
    "passCount": 1,
    "feedback": [],
    "passes": [
      {
        "passNumber": 1,
        "startedAt": "2025-10-31T18:01:25.426Z",
        "finishedAt": "2025-10-31T18:04:45.018Z",
        "totalDuration": 199592,
        "promptHash": "d2f5b41ce7ad6b14294f2dea47902d1baafbe2664984979a83b0e3474a16646d",
        "appliedFeedback": [],
        "success": true,
        "partialSuccess": false,
        "workspaceArchive": "/home/runner/work/vybestack-site/vybestack-site/evals/outputs/report-builder-2025-10-31T18-01-25-419Z/llxprt-synthetic-minimax/passes/pass-1/workspace",
        "resultsArchive": "/home/runner/work/vybestack-site/vybestack-site/evals/outputs/report-builder-2025-10-31T18-01-25-419Z/llxprt-synthetic-minimax/passes/pass-1/results",
        "cliResult": {
          "command": "llxprt --provider openai --baseurl https://api.synthetic.new/openai/v1 --key *** --model hf:MiniMaxAI/MiniMax-M2 --set context-limit=190000 --set shell-replacement=true --set modelparam.temperature=1 --yolo",
          "cwd": "/home/runner/work/vybestack-site/vybestack-site/evals/problems/report-builder/.tmp-workspace-a7d94439-180f-4e44-b1a1-4c110329402a-QdAwle/workspace",
          "exitCode": 0,
          "stdout": "<think>Alright, let me break down what I need to do:\n\n1. I need to implement a Report Builder CLI tool in TypeScript\n2. The entry point should be `src/cli/report.ts`\n3. It should read JSON data from a file and render it in markdown or text format\n4. The data structure is defined in `fixtures/data.json`\n5. I need to create formatter modules under `src/formats/` \n6. I should use only built-in Node APIs\n7. I need to run linting, tests, typecheck, and build at the end\n\nLet me start by exploring the current project structure and understanding what's already there.\n</think>\n\nI'll help you implement the Report Builder CLI tool. Let me start by exploring the current project structure and understanding the requirements.\n<think>Now I understand the task better. Let me explore the existing project structure to understand what's already there and what needs to be implemented.\n</think>\n\nLet me explore the existing project structure to understand what needs to be implemented.\n<think>The read_many_files didn't find the config files. Let me list the workspace to see the structure and then read the files individually.\n</think>\n\n\n<think>I see there are some files in the workspace. Let me check the exact file list to understand the current state of the project. It looks like the list shows git-ignored files by default. Let me look at the non-ignored files specifically.\n</think>\n\n\n<think>It seems the read_many_files tool isn't working. Let me use the list_directory tool to see what's available in the workspace.\n\nLet me also check the gitignored files to understand the project structure better.\n</think>\n\n\n<think>Good, now I can see all the files. Let me read the configuration files and understand the project structure better.\n</think>\n\n\n<think>That's strange. Let me try reading them one by one to see what's happening.\n</think>\n\n\n<think>Now let me read the other configuration files to understand the project structure.\n</think>\n\n\n<think>Now let me read the fixture data to understand the data model:\n</think>\n\n\n<think>Now let me check the existing source structure:\n</think>\n\n\n<think>Now I understand the project structure. Let me read the test file to understand what the expected behavior is:\n\n1. I need to create a CLI tool in `src/cli/report.ts`\n2. I need to create format modules in `src/formats/` directory\n3. The tool should read JSON data, validate it, and render it in markdown or text format\n4. I need to use only built-in Node APIs\n5. TypeScript imports need to use `.js` extensions for NodeNext module resolution\n\nLet me check if there are any existing tests to understand the expected behavior better.\n</think>\n\n\n<think>Now I understand the task better. I need to:\n\n1. Create a CLI entry point at `src/cli/report.ts`\n2. Create formatter modules at `src/formats/` (markdown.ts and text.ts)\n3. Use Node's built-in modules only\n4. Parse command line arguments without third-party parsers\n5. Support markdown and text formats\n6. Follow the exact formatting rules specified\n7. Calculate totals\n8. Validate JSON input\n9. Use `.js` extensions in imports (TypeScript ESM/NodeNext module resolution)\n10. Test with the provided fixtures\n11. Run lint, test, typecheck, and build successfully\n\nLet me start by creating a todo list to organize this work, then examine the existing files structure more closely.\n</think>\n\nI'll help you implement the Report Builder CLI. This is a multi-step task involving creating multiple TypeScript modules with proper structure. Let me start by organizing the work with a todo list.\n<think>Now I have a clear understanding of the task. I need to:\n\n1. Create shared types and interfaces for report data\n2. Create markdown formatter module\n3. Create text formatter module  \n4. Create main CLI entry point with argument parsing\n5. Test the implementation with fixtures\n6. Run npm run lint and fix any issues\n7. Run npm run typecheck and fix any issues\n8. Run npm run test:public\n9. Run npm run build and verify successful compilation\n10. Test the built CLI with actual command\n\nLet me start by creating the shared types and interfaces. Based on the requirements, I need:\n- An interface for the report data structure (matching fixtures/data.json)\n- An interface for formatting options\n- A formatter interface that each formatter should implement\n\nLet me mark the first task as in progress and start working on it.\n</think>\n\nNow I'll implement the Report Builder CLI step by step. Let me start by creating the shared types and interfaces.\n<think>Let me start by understanding the structure of the project and then begin implementing the solution.\n\nFrom what I've seen so far:\n1. The project uses TypeScript with NodeNext module resolution\n2. There's a fixtures/data.json file with the expected JSON schema\n3. The CLI should be at src/cli/report.ts and compile to dist/cli/report.js\n4. I need to create formatter modules under src/formats/\n5. The project has strict TypeScript/ESLint rules\n6. No new dependencies can be added - only built-in Node APIs\n\nLet me start by creating the shared types and interfaces for the report data, then the formatter modules, and finally the CLI entry point.\n\nFirst, let me create the shared types file:\n</think>\n\nI'll start by creating the shared types and interfaces for the report data, then build the formatter modules and CLI entry point. Let me begin with understanding the project structure and creating the necessary files.\n<think>Good, I've created the shared types file. Now I'll mark task 1 as completed and move to task 2 - creating the markdown formatter module.\n</think>\n\n\n<think>Now I need to create the markdown formatter module. Looking at the requirements:\n\n1. The output should be in markdown format\n2. It should print `# <title>`, blank line, summary, blank line, `## Entries`\n3. Then a bullet list with `- **<label>** — $<amount>`\n4. Optional final `**Total:** $<amount>` when `--includeTotals` is provided\n5. Render amounts exactly as `$12345.67` (two decimal places, no thousands separators)\n\nI need to create a file at `src/formats/markdown.ts` that exports a formatter that implements the `Formatter` interface I just defined.\n\nFirst, let me create the directory structure and then create the module.\n</think>\n\n\n<think>Good, the formats directory has been created. Now I need to create the markdown formatter module. Let me implement it according to the requirements:\n\n- Markdown format: print `# <title>`, blank line, summary, blank line, `## Entries`, bullet list `- **<label>** — $<amount>`, optional final `**Total:** $<amount>` when `--includeTotals` is provided.\n- Render amounts exactly as `$12345.67` (two decimal places, no thousands separators)\n\nLet me create the markdown formatter.\n</think>\n\n\n<think>Now I'll create the text formatter module. It should follow the same pattern but format for plain text output.\n\nFor the text format:\n- Print title\n- Print summary\n- `Entries:` heading\n- Bullet list `- <label>: $<amount>`\n- Optional `Total: $<amount>` when totals are requested\n</think>\n\n\n<think>Great! I've created the markdown and text formatter modules. Now I need to create the main CLI entry point. Let me update the todo list and then create the CLI entry point.\n\nThe CLI needs to:\n1. Parse command line arguments (data.json file, --format, --output, --includeTotals)\n2. Read and validate the JSON file\n3. Call the appropriate formatter\n4. Output to stdout or file\n\nI'll use Node's built-in modules for argument parsing and file I/O.\n</think>\n\n\n<think>Now I need to create the main CLI entry point. Let me create the cli directory first and then create the report.ts file. I need to:\n\n1. Parse command line arguments using Node's standard library (no third-party parsers)\n2. Read the JSON file\n3. Validate the JSON data\n4. Route to the appropriate formatter\n5. Handle errors (malformed JSON, unsupported format, etc.)\n6. Support --format, --output, and --includeTotals flags\n\nThe invocation should be: `node dist/cli/report.js <data.json> --format <format> [--output <path>] [--includeTotals]`\n\nI'll need to import the formatters I just created.\n</think>\n\n\n<think>Now I need to create the CLI entry point at `src/cli/report.ts`. This should:\n\n1. Parse command-line arguments using Node's standard library (no third-party parsers)\n2. Support the format: `node dist/cli/report.js <data.json> --format <format> [--output <path>] [--includeTotals]`\n3. Support formats: `markdown`, `text` (reject unknown formats with \"Unsupported format\")\n4. Output to stdout unless `--output` is provided\n5. Import formatters with `.js` extensions\n6. Validate input JSON\n7. Delegate rendering to format modules\n\nLet me write this:\n\n```typescript\nimport { readFileSync } from 'fs';\nimport { ReportData, RenderOptions } from '../types.js';\nimport { renderMarkdown } from '../formats/markdown.js';\nimport { renderText } from '../formats/text.js';\n\ninterface ParsedArgs {\n  dataFile: string;\n  format: string;\n  output?: string;\n  includeTotals: boolean;\n}\n\nfunction parseArgs(args: string[]): ParsedArgs {\n  const parsed: ParsedArgs = {\n    dataFile: '',\n    format: '',\n    includeTotals: false,\n  };\n\n  let i = 0;\n  while (i < args.length) {\n    const arg = args[i];\n    \n    if (arg === '--format') {\n      i++;\n      if (i >= args.length) {\n        throw new Error('Missing value for --format');\n      }\n      parsed.format = args[i];\n    } else if (arg === '--output') {\n      i++;\n      if (i >= args.length) {\n        throw new Error('Missing value for --output');\n      }\n      parsed.output = args[i];\n    } else if (arg === '--includeTotals') {\n      parsed.includeTotals = true;\n    } else if (!arg.startsWith('--')) {\n      if (!parsed.dataFile) {\n        parsed.dataFile = arg;\n      }\n    }\n    \n    i++;\n  }\n\n  if (!parsed.dataFile) {\n    throw new Error('Missing data file argument');\n  }\n\n  if (!parsed.format) {\n    throw new Error('Missing --format argument');\n  }\n\n  return parsed;\n}\n\nI'll validate the command-line inputs to ensure all required parameters are present and correctly formatted. The function checks for the essential arguments and prepares a parsed object with the necessary configuration for report generation.\n\nNext, I'll handle parsing the JSON data file, ensuring it meets the expected schema requirements. I'll read and validate the file contents, checking for the presence of critical fields like title, summary, and entries. Any missing or malformed data will trigger an error to prevent further processing.\n\nThe data validation process involves carefully checking the structure of the JSON input, making sure each required field exists and contains valid data. This step is crucial for maintaining data integrity before rendering the report.\n\nI'll map the available formatters, using an index signature to allow flexible formatting options. The render process will select the appropriate formatter based on the specified output type, converting the structured data into the desired presentation format.\n\nIf an unsupported format is requested, I'll raise an error with a specific message to guide the user. The rendering logic ensures flexible output generation while maintaining type safety and providing clear error handling.\n\nFor output destination, I'll determine whether to write to a specified file path or stream directly to the console, giving flexibility in report generation methods.\n\nI'll validate input arguments first, reading and parsing the data file, then selecting the appropriate formatter. If an unsupported format is requested, I'll terminate with an error message. The process ensures clean, controlled report rendering with precise output management.\n\nThe main execution flow carefully orchestrates data loading, formatting selection, and output handling, prioritizing user requirements and system reliability.\n</think>\n\n\n<think>Good! I've created the main CLI entry point. Now let me update the todo list and run tests to ensure everything works correctly.\n</think>\n\n\n<think>Now let me run the build to check if the code compiles correctly, then run lint, typecheck, and test.\n</think>\n\nNow let me build and test the implementation:\n<think>Great! The build was successful. Now let me test the CLI with the actual command to make sure it works.\n</think>\n\n\n<think>Great! The build was successful and the CLI is working with the markdown format and totals. Let me also test the text format to make sure both work correctly.\n</think>\n\n\n<think>Great! The CLI is working correctly. Now let's test error handling:\n\n1. Test invalid format\n2. Test missing arguments\n3. Test invalid JSON\n\nThen we'll run lint, typecheck, and tests.\n</think>\n\n\n<think>Great! The CLI is working correctly. Now let me test a few more edge cases and then proceed to run the linting, typechecking, and tests.\n</think>\n\n\n<think>The tests are working well. Now I need to continue with the remaining tasks. Let me update the todo list and move on to linting and typechecking.\n</think>\n\n\n<think>Now let's run lint to check for any issues.\n</think>\n\n\n<think>ESLint is not installed. Let me check the package.json again - it's listed in devDependencies but perhaps it's not installed in the project. Let me try to install dependencies first.\n\nActually, looking at the task description again, it says \"Do not modify the provided configuration files or dependencies.\" and \"Do not modify `package.json`, `tsconfig.json`, `.eslintrc.cjs`, or `.prettierrc` (no new dependencies, scripts, or settings).\"\n\nSo I shouldn't be modifying dependencies. Let me see if I can still run lint without installing anything. Maybe I should just try running the other commands to see what happens.\n</think>\n\n\n<think>Good, dependencies are installed. Now let me run lint again to check for any issues.\n</think>\n\n\n<think>Great! The linting passes without any errors. Now let me check the typecheck and test:public commands.\n</think>\n\n\n<think>Great! Both lint and typecheck passed successfully. Now I need to run the tests and rebuild to verify everything works.\n</think>\n\n\n<think>Now I need to run the tests. Let me check if there are any tests and run them.\n</think>\n\n\n<think>Great! The tests are passing. Now I need to:\n1. Run npm run build again to make sure the build is successful\n2. Test the built CLI with the actual command\n3. Complete the final task\n\nLet me do these tasks.\n</think>\n\n\n<think>The build completed successfully. Now let me test the actual command as requested in the instructions:\n\n```bash\nnode dist/cli/report.js fixtures/data.json --format markdown --includeTotals\n```\n\nThis was the exact command specified in the requirements. I've already tested it earlier, but let me run it one more time to confirm everything works properly.\n</think>\n\n\n<think>Great! All the tests have passed and the implementation is working. Let me update the todo list to mark all tasks as completed.\n</think>\n\n\n<think>Let me check the test output to ensure everything works as expected.\n\nThe user asked me to implement a clean CLI and supporting modules for a TypeScript Report Builder project. I have completed all the tasks:\n\n1. Created shared types and interfaces for report data\n2. Created markdown formatter module\n3. Created text formatter module  \n4. Created main CLI entry point with argument parsing\n5. Tested the implementation with fixtures\n6. Ran npm run lint - passed with no errors\n7. Ran npm run typecheck - passed with no errors\n8. Ran npm run test:public - passed successfully\n9. Ran npm run build - completed successfully\n10. Tested the built CLI with actual command - works perfectly\n\nAll the required features are implemented:\n- CLI reads JSON input and renders markdown or text reports\n- Modular formatters that can be easily extended\n- Uses only built-in Node APIs\n- Proper error handling with \"Unsupported format\" message for unknown formats\n- Supports --format, --output, and --includeTotals flags\n- Validates input JSON and provides helpful error messages\n- Renders amounts with two decimal places in the format $12345.67\n- Computes totals correctly\n\nThe final command `node dist/cli/report.js fixtures/data.json --format markdown --includeTotals` produces the expected output:\n- Title with # prefix\n- Summary paragraph\n- ## Entries section with bullet points\n- Total at the end when --includeTotals flag is used\n\nAll linting, type checking, tests, and builds passed successfully.\n</think>\n\n## Summary\n\nI have successfully implemented the Report Builder CLI project according to all the requirements. Here's what was accomplished:\n\n### Implementation Details\n\n**Created Files:**\n1. `src/types.ts` - Shared TypeScript interfaces for ReportData, RenderOptions, and Formatter\n2. `src/formats/markdown.ts` - Markdown formatter implementing the Formatter interface\n3. `src/formats/text.ts` - Text formatter implementing the Formatter interface  \n4. `src/cli/report.ts` - Main CLI entry point with argument parsing and validation\n\n**Key Features:**\n- Clean CLI with argument parsing using only Node's standard library\n- Modular formatter architecture with consistent interfaces for easy extension\n- Robust JSON validation with helpful error messages\n- Proper error handling including \"Unsupported format\" for unknown formats\n- Support for both `--includeTotals` flag and different output formats\n- Amount rendering as `$12345.67` (two decimal places, no thousands separators)\n\n**Test Results:**\nAll verification commands passed successfully:\n- [OK] `npm run lint` - No ESLint errors\n- [OK] `npm run typecheck` - No TypeScript errors  \n- [OK] `npm run test:public` - All tests passed\n- [OK] `npm run build` - Compilation successful\n- [OK] `node dist/cli/report.js fixtures/data.json --format markdown --includeTotals` - Produces correct output\n\nThe CLI correctly generates reports in both markdown and text formats, validates input JSON, computes totals accurately, and handles all specified command-line options. The implementation adheres to the existing project conventions and uses only built-in Node APIs as required.\n",
          "stderr": "",
          "duration": 188206,
          "label": "llxprt-synthetic-minimax"
        },
        "buildResults": [
          {
            "command": "npm install",
            "cwd": "/home/runner/work/vybestack-site/vybestack-site/evals/problems/report-builder/.tmp-workspace-a7d94439-180f-4e44-b1a1-4c110329402a-QdAwle/workspace",
            "exitCode": 0,
            "stdout": "\nadded 1 package, and audited 204 packages in 850ms\n\n60 packages are looking for funding\n  run `npm fund` for details\n\n4 moderate severity vulnerabilities\n\nTo address all issues (including breaking changes), run:\n  npm audit fix --force\n\nRun `npm audit` for details.\n",
            "stderr": "",
            "duration": 943,
            "label": "workspace-install"
          },
          {
            "command": "npm run typecheck",
            "cwd": "/home/runner/work/vybestack-site/vybestack-site/evals/problems/report-builder/.tmp-workspace-a7d94439-180f-4e44-b1a1-4c110329402a-QdAwle/workspace",
            "exitCode": 0,
            "stdout": "\n> report-builder-eval@0.0.1 typecheck\n> tsc --noEmit\n\n",
            "stderr": "",
            "duration": 1134,
            "label": "typecheck"
          },
          {
            "command": "npm run lint",
            "cwd": "/home/runner/work/vybestack-site/vybestack-site/evals/problems/report-builder/.tmp-workspace-a7d94439-180f-4e44-b1a1-4c110329402a-QdAwle/workspace",
            "exitCode": 0,
            "stdout": "\n> report-builder-eval@0.0.1 lint\n> eslint . --ext .ts\n\n",
            "stderr": "",
            "duration": 1054,
            "label": "lint"
          },
          {
            "command": "npm run test:public",
            "cwd": "/home/runner/work/vybestack-site/vybestack-site/evals/problems/report-builder/.tmp-workspace-a7d94439-180f-4e44-b1a1-4c110329402a-QdAwle/workspace",
            "exitCode": 0,
            "stdout": "\n> report-builder-eval@0.0.1 test:public\n> vitest run --config vitest.config.public.ts\n\n\n\u001b[7m\u001b[1m\u001b[36m RUN \u001b[39m\u001b[22m\u001b[27m \u001b[36mv1.6.1\u001b[39m \u001b[90m/home/runner/work/vybestack-site/vybestack-site/evals/problems/report-builder/.tmp-workspace-a7d94439-180f-4e44-b1a1-4c110329402a-QdAwle/workspace\u001b[39m\n\n \u001b[32m✓\u001b[39m tests/public/renderReport.spec.ts \u001b[2m (\u001b[22m\u001b[2m1 test\u001b[22m\u001b[2m)\u001b[22m\u001b[90m 2\u001b[2mms\u001b[22m\u001b[39m\n\n\u001b[2m Test Files \u001b[22m \u001b[1m\u001b[32m1 passed\u001b[39m\u001b[22m\u001b[90m (1)\u001b[39m\n\u001b[2m      Tests \u001b[22m \u001b[1m\u001b[32m1 passed\u001b[39m\u001b[22m\u001b[90m (1)\u001b[39m\n\u001b[2m   Start at \u001b[22m 18:04:37\n\u001b[2m   Duration \u001b[22m 287ms\u001b[2m (transform 32ms, setup 1ms, collect 18ms, tests 2ms, environment 0ms, prepare 91ms)\u001b[22m\n\n",
            "stderr": "",
            "duration": 765,
            "label": "test:public"
          },
          {
            "command": "npm run build",
            "cwd": "/home/runner/work/vybestack-site/vybestack-site/evals/problems/report-builder/.tmp-workspace-a7d94439-180f-4e44-b1a1-4c110329402a-QdAwle/workspace",
            "exitCode": 0,
            "stdout": "\n> report-builder-eval@0.0.1 build\n> tsc -p tsconfig.json\n\n",
            "stderr": "",
            "duration": 1192,
            "label": "build"
          }
        ],
        "gradeResults": [
          {
            "command": "npm install",
            "cwd": "/home/runner/work/vybestack-site/vybestack-site/evals/grading/report-builder",
            "exitCode": 0,
            "stdout": "\nup to date, audited 204 packages in 664ms\n\n60 packages are looking for funding\n  run `npm fund` for details\n\n2 moderate severity vulnerabilities\n\nTo address all issues, run:\n  npm audit fix\n\nRun `npm audit` for details.\n",
            "stderr": "",
            "duration": 766,
            "label": "workspace-install"
          },
          {
            "command": "npm --prefix workspace install",
            "cwd": "/home/runner/work/vybestack-site/vybestack-site/evals/grading/report-builder",
            "exitCode": 0,
            "stdout": "\nadded 203 packages, and audited 204 packages in 2s\n\n60 packages are looking for funding\n  run `npm fund` for details\n\n4 moderate severity vulnerabilities\n\nTo address all issues (including breaking changes), run:\n  npm audit fix --force\n\nRun `npm audit` for details.\n",
            "stderr": "npm warn deprecated inflight@1.0.6: This module is not supported, and leaks memory. Do not use it. Check out lru-cache if you want a good and tested way to coalesce async requests by a key value, which is much more comprehensive and powerful.\nnpm warn deprecated @humanwhocodes/config-array@0.13.0: Use @eslint/config-array instead\nnpm warn deprecated rimraf@3.0.2: Rimraf versions prior to v4 are no longer supported\nnpm warn deprecated glob@7.2.3: Glob versions prior to v9 are no longer supported\nnpm warn deprecated @humanwhocodes/object-schema@2.0.3: Use @eslint/object-schema instead\nnpm warn deprecated eslint@8.57.1: This version is no longer supported. Please see https://eslint.org/version-support for other options.\n",
            "duration": 1837,
            "label": "workspace-install-subdir"
          },
          {
            "command": "npm --prefix workspace run build",
            "cwd": "/home/runner/work/vybestack-site/vybestack-site/evals/grading/report-builder",
            "exitCode": 0,
            "stdout": "\n> report-builder-eval@0.0.1 build\n> tsc -p tsconfig.json\n\n",
            "stderr": "",
            "duration": 1170,
            "label": "workspace-build-subdir"
          },
          {
            "command": "npm run typecheck",
            "cwd": "/home/runner/work/vybestack-site/vybestack-site/evals/grading/report-builder",
            "exitCode": 0,
            "stdout": "\n> report-builder-grading@0.0.1 typecheck\n> tsc -p tsconfig.json\n\n",
            "stderr": "",
            "duration": 1322,
            "label": "typecheck"
          },
          {
            "command": "npm run test:hidden",
            "cwd": "/home/runner/work/vybestack-site/vybestack-site/evals/grading/report-builder",
            "exitCode": 0,
            "stdout": "\n> report-builder-grading@0.0.1 test:hidden\n> vitest run --config vitest.config.hidden.ts\n\n\n\u001b[7m\u001b[1m\u001b[36m RUN \u001b[39m\u001b[22m\u001b[27m \u001b[36mv1.6.1\u001b[39m \u001b[90m/home/runner/work/vybestack-site/vybestack-site/evals/grading/report-builder\u001b[39m\n\n \u001b[32m✓\u001b[39m tests/hidden/package.spec.ts \u001b[2m (\u001b[22m\u001b[2m1 test\u001b[22m\u001b[2m)\u001b[22m\u001b[90m 4\u001b[2mms\u001b[22m\u001b[39m\n \u001b[32m✓\u001b[39m tests/hidden/render.spec.ts \u001b[2m (\u001b[22m\u001b[2m5 tests\u001b[22m\u001b[2m)\u001b[22m\u001b[90m 186\u001b[2mms\u001b[22m\u001b[39m\n\n\u001b[2m Test Files \u001b[22m \u001b[1m\u001b[32m2 passed\u001b[39m\u001b[22m\u001b[90m (2)\u001b[39m\n\u001b[2m      Tests \u001b[22m \u001b[1m\u001b[32m6 passed\u001b[39m\u001b[22m\u001b[90m (6)\u001b[39m\n\u001b[2m   Start at \u001b[22m 18:04:44\n\u001b[2m   Duration \u001b[22m 514ms\u001b[2m (transform 63ms, setup 0ms, collect 89ms, tests 190ms, environment 0ms, prepare 213ms)\u001b[22m\n\n",
            "stderr": "",
            "duration": 988,
            "label": "test:hidden"
          }
        ],
        "publicTestFailures": [],
        "hiddenTestFailures": [],
        "vybes": {
          "taskName": "report-builder",
          "configId": "llxprt-synthetic-minimax",
          "complexityMultiplier": 4,
          "timeLimitMinutes": 8,
          "baseScore": 400,
          "successPercentage": 1,
          "baselineSuccessPercentage": 0,
          "adjustedSuccessPercentage": 1,
          "timePenaltyMultiplier": 1,
          "rawScore": 400,
          "finalScore": 400,
          "actualTimeMinutes": 3.137,
          "description": "Spreadsheet to HTML report builder",
          "category": "integrations",
          "breakdown": {
            "subtasksPassed": 6,
            "subtasksTotal": 6,
            "modulesCompleted": [
              "report-builder"
            ],
            "modulesIncomplete": [],
            "modules": {
              "report-builder": {
                "passed": 6,
                "total": 6,
                "passedTasks": [
                  "render-markdown-with-totals",
                  "render-text-without-totals",
                  "render-text-with-totals",
                  "render-unsupported-format-failure",
                  "render-missing-file-failure",
                  "package-integrity"
                ],
                "failedTasks": []
              }
            }
          },
          "status": "ok",
          "passesAttempted": 1,
          "selectedPass": 0,
          "totalCliDurationMs": 188206
        }
      }
    ]
  },
  "vybes": {
    "taskName": "report-builder",
    "configId": "llxprt-synthetic-minimax",
    "complexityMultiplier": 4,
    "timeLimitMinutes": 8,
    "baseScore": 400,
    "successPercentage": 1,
    "baselineSuccessPercentage": 0,
    "adjustedSuccessPercentage": 1,
    "timePenaltyMultiplier": 1,
    "rawScore": 400,
    "finalScore": 400,
    "actualTimeMinutes": 3.327,
    "description": "Spreadsheet to HTML report builder",
    "category": "integrations",
    "breakdown": {
      "subtasksPassed": 6,
      "subtasksTotal": 6,
      "modulesCompleted": [
        "report-builder"
      ],
      "modulesIncomplete": [],
      "modules": {
        "report-builder": {
          "passed": 6,
          "total": 6,
          "passedTasks": [
            "render-markdown-with-totals",
            "render-text-without-totals",
            "render-text-with-totals",
            "render-unsupported-format-failure",
            "render-missing-file-failure",
            "package-integrity"
          ],
          "failedTasks": []
        }
      }
    },
    "status": "ok",
    "passesAttempted": 1,
    "selectedPass": 0,
    "totalCliDurationMs": 199592,
    "repoVersion": "main@3bcb8f6"
  }
}