{
  "evalName": "report-builder",
  "configId": "llxprt-synthetic-minimax",
  "startedAt": "2025-11-04T14:55:07.371Z",
  "finishedAt": "2025-11-04T14:55:07.371Z",
  "status": "pass",
  "totalDuration": 252261,
  "totalCliDuration": 252226,
  "commands": [
    {
      "name": "llxprt-synthetic-minimax",
      "command": "llxprt --provider openai --baseurl https://api.synthetic.new/openai/v1 --key *** --model hf:MiniMaxAI/MiniMax-M2 --set context-limit=190000 --set shell-replacement=true --set modelparam.temperature=1 --yolo",
      "cwd": "/home/runner/work/vybestack-site/vybestack-site/evals/problems/report-builder/.tmp-workspace-443d40da-172b-45a8-8a9f-c63e4adf5139-4RoHPT/workspace",
      "exitCode": 0,
      "stdout": "<think>I need to implement a clean CLI for the \"Report Builder\" TypeScript project. Let me break down the requirements:\n\n1. **CLI Structure:**\n   - Entry point: `src/cli/report.ts`\n   - Compiled to `dist/cli/report.js`\n   - Usage: `node dist/cli/report.js <data.json> --format <format> [--output <path>] [--includeTotals]`\n   - Supported formats: `markdown`, `text`\n   - Error message for unsupported format must contain `Unsupported format`\n   - Output to stdout unless `--output` provided\n   - Use Node's standard library (no third-party parsers)\n   - TypeScript imports must use `.js` extensions\n\n2. **Data Model:**\n   - JSON schema from `fixtures/data.json`\n   - Must compute totals by summing entries[].amount\n   - Amounts must render with two decimal places\n   - Validate input and report helpful errors\n\n3. **Formatting Rules:**\n   - Markdown: `# <title>`, summary, `## Entries`, bullet list with `- **<label>** — $<amount>`, optional `**Total:** $<amount>`\n   - Text: title, summary, `Entries:`, bullet list `- <label>: $<amount>`, optional `Total: $<amount>`\n   - Amount format: `$12345.67` (two decimals, no thousands separators)\n\n4. **Architecture:**\n   - Keep CLI minimal, delegate to format modules under `src/formats/`\n   - Create `markdown.ts` and `text.ts` modules\n   - Export consistent interface from each formatter\n   - Share typed interfaces\n\n5. **Constraints:**\n   - Don't modify package.json, tsconfig.json, .eslintrc.cjs, .prettierrc\n   - Only built-in Node modules\n   - Maintain strict TypeScript/ESLint/Prettier rules\n\n6. **Final Steps:**\n   The user wants me to run specific commands to validate the implementation and report any failures:\n\n   I'll use the todo list to methodically track and execute the remaining validation steps. This will help ensure I complete each verification task systematically and catch any potential issues early in the process.\n</think>\n\nI'll implement a clean CLI for the Report Builder TypeScript project. Let me start by exploring the existing structure and understanding the requirements.\n<think>Good, I've set up the todo list. Now I need to start by exploring the existing project structure to understand the configuration and requirements better. Let me read the key files to understand the current setup.\n\nFirst, let me look at the package.json to understand the dependencies and scripts, then the TypeScript configuration, and the fixtures to understand the data schema.\n</think>\n\n\n<think>The read_many_files didn't find any files, which is odd. Let me check what files are in the workspace. I see from the directory listing that these files exist. Let me try to read them individually.\n</think>\n\n\n<think>Good, I can see the data structure. Let me read the other configuration files to understand the project setup.\n</think>\n\n\n<think>I need to read these files individually. Let me try that approach.\n</think>\n\n\n<think>Great! I can see the project structure. Let me read the other configuration files to understand the full setup.\n\nKey observations:\n1. This is a TypeScript project using ES modules (\"type\": \"module\")\n2. There are scripts for lint, test:public, typecheck, and build\n3. No external dependencies - only dev dependencies for TypeScript, ESLint, Prettier, and Vitest\n4. The fixtures/data.json shows the expected schema\n\nLet me read the other config files.\n</think>\n\n\n<think>Good, now I have a better understanding of the project structure:\n\n1. It's a TypeScript project using NodeNext module system\n2. Source files are in `src/` and compiled to `dist/`\n3. No third-party dependencies (only dev dependencies)\n4. ESLint, Prettier, and Vitest are configured\n5. The fixtures/data.json shows the expected JSON schema\n\nLet me check the existing source files and configuration files.\n</think>\n\n\n<think>Let me read these files individually:\n</think>\n\n\n<think>Let me continue reading the configuration files to understand the project setup better, then I'll read the existing test file and understand the expected behavior.\n</think>\n\n\n<think>Good! Now I understand the project structure:\n\n1. It's a TypeScript project with NodeNext module resolution\n2. The configuration files are already set up with ESLint, Prettier, TypeScript, and Vitest\n3. The data schema is clear from the fixtures/data.json\n4. I need to create the formatter modules and CLI entry point\n\nLet me update my todo and start implementing:\n</think>\n\n\n<think>Now I have a good understanding of the project structure:\n\n1. This is a TypeScript project with NodeNext module resolution\n2. The output directory is `dist` and source is in `src`\n3. Package.json has scripts for lint, test:public, typecheck, and build\n4. The data schema from fixtures/data.json shows:\n   - title: string\n   - summary: string\n   - entries: array of objects with label (string) and amount (number)\n\nNow I need to:\n1. Create shared types/interfaces\n2. Create formatter modules (markdown.ts and text.ts)\n3. Create the CLI entry point\n\nLet me start by creating the shared types and interfaces.\n</think>\n\nNow I'll create the shared types and interfaces for the report builder. Let me start by understanding the current src structure and then creating the necessary modules.\n<think>Now I understand the project structure. Let me analyze what I need to do:\n\n1. **Project Overview:**\n   - TypeScript project using NodeNext module system\n   - No external dependencies allowed (only built-in Node APIs)\n   - Need to implement a CLI tool at `src/cli/report.ts`\n   - Two formatter modules: `markdown` and `text`\n   - Source files go in `src/`, compiled to `dist/`\n\n2. **Schema from fixtures/data.json:**\n   - title: string\n   - summary: string\n   - entries: array of { label: string, amount: number }\n   - Need to compute totals\n\n3. **Requirements:**\n   - CLI usage: `node dist/cli/report.js <data.json> --format <format> [--output <path>] [--includeTotals]`\n   - Formats: markdown, text (reject others with \"Unsupported format\")\n   - Output to stdout or file\n   - Use standard Node argument parsing (no third-party parsers)\n   - TypeScript imports must use `.js` extensions for NodeNext\n   - Keep formatters modular\n   - Share typed interfaces\n\nLet me start implementing:\n\n1. First, create shared types/interfaces\n2. Create formatter modules\n3. Create the CLI entry point\n4. Test everything\n\nLet me start with the shared types.\n</think>\n\nNow I'll start implementing the Report Builder CLI. Let me begin by creating the shared types and interfaces that will be used across the project.\n<think>Good, I've created the shared types file. Now I need to create the formatter modules. Let me create the markdown formatter first.\n</think>\n\n\n<think>Now I need to implement the text formatter module.\n</think>\n\n\n<think>Now I need to update the todo list and create the CLI entry point. Let me update the todos first, then implement the CLI.\n</think>\n\n\n<think>Now I need to create the CLI entry point. The requirements are:\n1. Entry point: `src/cli/report.ts`\n2. Parse arguments using Node's standard library (no third-party parsers)\n3. Format: `node dist/cli/report.js <data.json> --format <format> [--output <path>] [--includeTotals]`\n4. Supported formats: `markdown`, `text`. Reject unknown formats with an error containing `Unsupported format`\n5. Import formatters using `.js` extensions\n6. Validate JSON input and report helpful errors\n7. Calculate totals by summing entries[].amount\n\nLet me create the CLI entry point:\n</think>\n\n\n<think>Looking at the CLI code, I see there's an issue with the `await import('fs')` inside the try-catch block. This is invalid syntax since we're in a top-level script context. Let me fix that by properly importing `writeFileSync` at the top.\n</think>\n\n\n<think>Good, I fixed the import statement to include writeFileSync. Now I need to fix the code to remove the dynamic import that's not needed since we're already importing writeFileSync at the top.\n</think>\n\n\n<think>Now I need to update the todo list and then run the validation commands. Let me mark the CLI implementation as completed and move to the validation step.\n</think>\n\n\n<think>Now I need to run the validation commands. Let me check if there's a vitest.config.public.ts file first.\n</think>\n\n\n<think>Good! Now I have a complete understanding of the project structure. I need to run the validation commands to check if everything compiles and passes linting/tests. Let me run:\n\n1. npm run typecheck\n2. npm run lint \n3. npm run test:public\n4. npm run build\n\nThen test the CLI with the sample data.\n</think>\n\n\n<think>Good, typecheck passed! Now let's run lint.\n</think>\n\n\n<think>It looks like ESLint is not installed. Let me check if I need to install dependencies first.\n</think>\n\n\n<think>The lint command failed because dependencies weren't installed. Now that I've installed the dependencies, let me run the lint command again.\n</think>\n\n\n<think>Great! ESLint passed without any issues. Now let's run the test:public script.\n</think>\n\n\n<think>Good! The tests pass. Now let's build the project.\n</think>\n\n\n<think>Great! All the build and validation steps passed successfully. Now I need to test the CLI with the actual sample data to make sure it works as expected. Let me run the command specified in the requirements.\n\nThe command should be:\n`node dist/cli/report.js fixtures/data.json --format markdown --includeTotals`\n\nLet me also test the text format and verify error handling works correctly.\n</think>\n\n\n<think>Great! All the validation commands passed successfully:\n- npm run typecheck: PASSED\n- npm run lint: PASSED  \n- npm run test:public: PASSED\n- npm run build: PASSED\n\nNow I need to test the CLI with the sample data to make sure it works correctly.\n</think>\n\n\n<think>Great! The CLI is working correctly. Let me test a few more scenarios to make sure everything is working properly:\n1. Text format\n2. Without totals\n3. Error handling (invalid format)\n</think>\n\n\n<think>Great! The CLI is working. Let me test a few more scenarios:\n1. Test with unsupported format to verify error handling\n2. Test with text format with totals\n3. Test with output file\n4. Test with invalid JSON to verify error handling\n</think>\n\n\n<think>Great! The CLI is working correctly. Let me test a few edge cases to ensure error handling works properly:\n\n1. Test unsupported format\n2. Test missing format parameter\n3. Test invalid JSON\n4. Test missing required fields\n\nThis will help me validate that the error handling is working as expected.\n</think>\n\n\n<think>Great! The CLI is working correctly and properly rejects unsupported formats. Let me test a few more edge cases to make sure the error handling is working properly.\n</think>\n\n\n<think>Great! The CLI is working correctly. Now let me test a few more error scenarios to make sure the validation is working properly. I should test:\n\n1. Invalid JSON file\n2. Missing fields in JSON\n3. Invalid amount values\n\nLet me create a temporary test file to verify this.\n</think>\n\n\n<think>Great! The implementation is complete and all tests are passing. Let me summarize what was accomplished:\n\n1. [OK] Created type definitions in `src/types.ts` with interfaces for ReportEntry, ReportData, RenderOptions, and Formatter\n2. [OK] Implemented markdown formatter in `src/formats/markdown.ts` with proper formatting rules\n3. [OK] Implemented text formatter in `src/formats/text.ts` with proper formatting rules\n4. [OK] Created CLI entry point in `src/cli/report.ts` with:\n   - Argument parsing using standard Node APIs\n   - JSON validation with helpful error messages\n   - Format validation with \"Unsupported format\" error\n   - Support for --output flag to write to file\n   - Support for --includeTotals flag\n5. [OK] All commands passed:\n   - npm run typecheck: [OK] (no errors)\n   - npm run lint: [OK] (no errors)\n   - npm run test:public: [OK] (1 test passed)\n   - npm run build: [OK] (successful)\n   - CLI tests: [OK] (markdown/text formats work, error handling works)\n\nThe implementation:\n- Uses only built-in Node APIs (fs module)\n- Has modular formatter interface for easy extension\n- Follows TypeScript strict mode requirements\n- Uses .js extensions in imports for NodeNext module resolution\n- Properly validates JSON input with helpful error messages\n- Correctly formats amounts with 2 decimal places\n- Computes totals when --includeTotals flag is provided\n- Exits with proper error codes\n\nAll requirements have been met and tested successfully.\n</think>\n\n\n<think>The task is complete. I have successfully implemented a Report Builder CLI with all the required features:\n\n1. [OK] Explored the project structure and understood the requirements\n2. [OK] Created type definitions in src/types.ts\n3. [OK] Implemented markdown formatter in src/formats/markdown.ts\n4. [OK] Implemented text formatter in src/formats/text.ts\n5. [OK] Implemented the CLI entry point in src/cli/report.ts\n6. [OK] All tests pass (typecheck, lint, test:public, build)\n7. [OK] Tested the CLI with sample data:\n   - Markdown format with totals: [OK] Works correctly\n   - Text format without totals: [OK] Works correctly\n   - Text format with totals: [OK] Works correctly\n   - Unsupported format: [OK] Properly errors with \"Unsupported format\"\n   - Missing format parameter: [OK] Shows usage message\n   - Invalid JSON data: [OK] Validates and shows helpful errors\n\nAll requirements are met:\n- CLI usage follows the specified pattern\n- Entry point is at src/cli/report.ts (compiled to dist/cli/report.js)\n- Supports markdown and text formats\n- Rejects unknown formats with \"Unsupported format\" error\n- Uses only built-in Node APIs (no third-party parsers)\n- TypeScript imports use .js extensions\n- Data model matches fixtures/data.json\n- Computes totals with two decimal places\n- Amounts render as $12345.67 format\n- Markdown format follows the specified structure\n- Text format follows the specified structure\n- Includes totals option when requested\n- Validates input and provides helpful error messages\n- Keep formatters modular and extensible\n- Exports consistent interfaces\n- Shares typed interfaces\n- Maintains strict TypeScript/ESLint/Prettier rules\n- Does not modify configuration files or dependencies\n- Relies only on built-in Node modules\n \nI'll finalize the project by updating the todo list to mark the task as completed.\n</think>\n\nAll validation commands completed successfully! The Report Builder CLI has been implemented according to specifications.\n\n**Summary:**\n\n[OK] **All components implemented:**\n- TypeScript interfaces and types in `src/types.ts`\n- Markdown formatter module in `src/formats/markdown.ts`\n- Text formatter module in `src/formats/text.ts`\n- CLI entry point in `src/cli/report.ts`\n\n[OK] **Validation results:**\n- `npm run typecheck` - **PASSED** (no type errors)\n- `npm run lint` - **PASSED** (no linting errors)\n- `npm run test:public` - **PASSED** (1/1 tests passing)\n- `npm run build` - **PASSED** (successful compilation)\n\n[OK] **CLI testing results:**\n- Markdown format with totals: [OK] Works correctly\n- Text format without totals: [OK] Works correctly  \n- Text format with totals: [OK] Works correctly\n- Unsupported format: [OK] Shows \"Unsupported format\" error\n- Missing format parameter: [OK] Shows usage message\n- Invalid JSON data: [OK] Shows helpful validation errors\n\n**Key features delivered:**\n- Clean argument parsing using only built-in Node APIs\n- Modular formatter architecture for easy extension\n- Comprehensive input validation with helpful error messages\n- Correct amount formatting ($12345.67 with two decimal places, no thousands separators)\n- TypeScript imports use `.js` extensions for proper NodeNext resolution\n- Total calculation and optional display\n- Follows all project conventions (ESLint, Prettier, strict TypeScript)\n\nThe implementation is complete and ready for use!\n<think>Let me create a comprehensive summary of what I've accomplished for this task.\n\n## Summary\n\nI have successfully implemented a clean, idiomatic TypeScript command-line tool that renders reports from JSON input. Here's what I completed:\n\n### Files Created/Modified\n\n1. **src/types.ts** - Shared interfaces and types:\n   - ReportEntry interface\n   - ReportData interface  \n   - RenderOptions interface\n   - Formatter interface\n\n2. **src/formats/markdown.ts** - Markdown formatter module:\n   - Implements Formatter interface\n   - Renders reports in markdown format with proper formatting\n\n3. **src/formats/text.ts** - Text formatter module:\n   - Implements Formatter interface\n   - Renders reports in plain text format\n\n4. **src/cli/report.ts** - CLI entry point:\n   - Parses command-line arguments using Node's standard library\n   - Validates input JSON data\n   - Delegates rendering to format modules\n   - Supports markdown and text formats\n   - Handles --includeTotals flag\n   - Supports --output flag for file writing\n\n### Implementation Details\n\nThe CLI:\n- Entry point: `src/cli/report.ts` (compiled to `dist/cli/report.js`)\n- Invocation: `node dist/cli/report.js <data.json> --format <format> [--output <path>] [--includeTotals]`\n- Supported formats: `markdown`, `text`\n- Rejects unknown formats with \"Unsupported format\" error\n- Output goes to stdout unless `--output` is provided\n- Uses only built-in Node APIs (fs module for file I/O, process.argv for argument parsing)\n- TypeScript imports use `.js` extensions for NodeNext compatibility\n\n### Data Validation\n\n- Validates JSON structure (title, summary, entries required)\n- Validates each entry has label (string) and amount (number)\n- Reports helpful errors for malformed data\n\n### Formatting\n\n- **Markdown format**: \n  - Title with `# ` prefix\n  - Summary paragraph\n  - `## Entries` section\n  - Bullet points with `**label** — $amount` format\n  - Optional `**Total:** $amount` when `--includeTotals` provided\n\n- **Text format**:\n  - Title line\n  - Summary paragraph  \n  - `Entries:` heading\n  - Bullet points with `label: $amount` format\n  - Optional `Total: $amount` when `--includeTotals` provided\n\n### Validation Results\n\nAll validation commands completed successfully:\n\n1. [OK] `npm run typecheck` - No type errors\n2. [OK] `npm run lint` - No lint errors\n3. [OK] `npm run test:public` - All tests passed (1 test)\n4. [OK] `npm run build` - Build completed successfully\n\n### CLI Testing\n\nTested the following scenarios:\n\n1. [OK] Markdown format with totals: Successfully rendered with correct total ($70370.34)\n2. [OK] Text format without totals: Successfully rendered\n\nI'll verify the total calculation, confirming the sum matches the expected total. The test cases demonstrate the CLI's ability to handle different output scenarios robustly, ensuring flexibility in report generation.\n</think>\n\nI have successfully completed the Report Builder CLI implementation. Here's a comprehensive summary:\n\n## Implementation Summary\n\n### Files Created\n\n1. **src/types.ts** - Shared TypeScript interfaces:\n   - `ReportEntry`, `ReportData`, `RenderOptions`, and `Formatter` interfaces for type safety\n\n2. **src/formats/markdown.ts** - Markdown formatter:\n   - Renders reports in markdown format with proper headings and bullet points\n\n3. **src/formats/text.ts** - Text formatter:\n   - Renders reports in plain text format\n\n4. **src/cli/report.ts** - CLI entry point:\n   - Parses arguments using Node's standard `process.argv`\n   - Validates JSON data structure and content\n   - Delegates rendering to formatter modules\n   - Handles error cases with helpful messages\n\n### Key Features\n\n- **Clean Architecture**: Modular formatters with consistent interface for easy extension\n- **Strict Validation**: Comprehensive input validation with specific error messages\n- **Format Support**: Markdown and text formats with exact specifications\n- **Built-in APIs Only**: Uses only Node's standard library (fs, process.argv)\n- **TypeScript Extensions**: Proper `.js` extensions in imports for NodeNext compatibility\n\n### Validation Results\n\nAll commands completed **successfully**:\n\n[OK] **npm run typecheck** - No type errors  \n[OK] **npm run lint** - No lint errors  \n[OK] **npm run test:public** - 1 test passed  \n[OK] **npm run build** - Build completed successfully\n\n### CLI Testing Results\n\n**Markdown format with totals:**\n```\n# Quarterly Financial Summary\n\nHighlights include record revenue across regions and a healthy outlook for the next quarter.\n\n## Entries\n- **North Region** — $12345.67\n- **South Region** — $23456.78\n- **West Region** — $34567.89\n\n**Total:** $70370.34\n```\n\n**Text format without totals:**\n```\nQuarterly Financial Summary\n\nHighlights include record revenue across regions and a healthy outlook for the next quarter.\n\nEntries:\n- North Region: $12345.67\n- South Region: $23456.78\n- West Region: $34567.89\n```\n\n### Error Handling Verified\n\n- [OK] Unsupported format: Returns \"Unsupported format\" with exit code 1\n- [OK] Missing format parameter: Shows usage message\n- [OK] Invalid JSON data: Shows specific field validation errors\n\nThe implementation is complete, follows all requirements, and passes all validation checks.\n",
      "stderr": "",
      "duration": 241444,
      "success": true
    },
    {
      "name": "workspace-install",
      "command": "npm install",
      "cwd": "/home/runner/work/vybestack-site/vybestack-site/evals/problems/report-builder/.tmp-workspace-443d40da-172b-45a8-8a9f-c63e4adf5139-4RoHPT/workspace",
      "exitCode": 0,
      "stdout": "\nadded 1 package, and audited 204 packages in 672ms\n\n60 packages are looking for funding\n  run `npm fund` for details\n\n4 moderate severity vulnerabilities\n\nTo address all issues (including breaking changes), run:\n  npm audit fix --force\n\nRun `npm audit` for details.\n",
      "stderr": "",
      "duration": 763,
      "success": true
    },
    {
      "name": "typecheck",
      "command": "npm run typecheck",
      "cwd": "/home/runner/work/vybestack-site/vybestack-site/evals/problems/report-builder/.tmp-workspace-443d40da-172b-45a8-8a9f-c63e4adf5139-4RoHPT/workspace",
      "exitCode": 0,
      "stdout": "\n> report-builder-eval@0.0.1 typecheck\n> tsc --noEmit\n\n",
      "stderr": "",
      "duration": 1076,
      "success": true
    },
    {
      "name": "lint",
      "command": "npm run lint",
      "cwd": "/home/runner/work/vybestack-site/vybestack-site/evals/problems/report-builder/.tmp-workspace-443d40da-172b-45a8-8a9f-c63e4adf5139-4RoHPT/workspace",
      "exitCode": 0,
      "stdout": "\n> report-builder-eval@0.0.1 lint\n> eslint . --ext .ts\n\n",
      "stderr": "",
      "duration": 1013,
      "success": true
    },
    {
      "name": "test:public",
      "command": "npm run test:public",
      "cwd": "/home/runner/work/vybestack-site/vybestack-site/evals/problems/report-builder/.tmp-workspace-443d40da-172b-45a8-8a9f-c63e4adf5139-4RoHPT/workspace",
      "exitCode": 0,
      "stdout": "\n> report-builder-eval@0.0.1 test:public\n> vitest run --config vitest.config.public.ts\n\n\n\u001b[7m\u001b[1m\u001b[36m RUN \u001b[39m\u001b[22m\u001b[27m \u001b[36mv1.6.1\u001b[39m \u001b[90m/home/runner/work/vybestack-site/vybestack-site/evals/problems/report-builder/.tmp-workspace-443d40da-172b-45a8-8a9f-c63e4adf5139-4RoHPT/workspace\u001b[39m\n\n \u001b[32m✓\u001b[39m tests/public/renderReport.spec.ts \u001b[2m (\u001b[22m\u001b[2m1 test\u001b[22m\u001b[2m)\u001b[22m\u001b[90m 2\u001b[2mms\u001b[22m\u001b[39m\n\n\u001b[2m Test Files \u001b[22m \u001b[1m\u001b[32m1 passed\u001b[39m\u001b[22m\u001b[90m (1)\u001b[39m\n\u001b[2m      Tests \u001b[22m \u001b[1m\u001b[32m1 passed\u001b[39m\u001b[22m\u001b[90m (1)\u001b[39m\n\u001b[2m   Start at \u001b[22m 14:54:59\n\u001b[2m   Duration \u001b[22m 288ms\u001b[2m (transform 26ms, setup 0ms, collect 18ms, tests 2ms, environment 0ms, prepare 79ms)\u001b[22m\n\n",
      "stderr": "",
      "duration": 748,
      "success": true
    },
    {
      "name": "build",
      "command": "npm run build",
      "cwd": "/home/runner/work/vybestack-site/vybestack-site/evals/problems/report-builder/.tmp-workspace-443d40da-172b-45a8-8a9f-c63e4adf5139-4RoHPT/workspace",
      "exitCode": 0,
      "stdout": "\n> report-builder-eval@0.0.1 build\n> tsc -p tsconfig.json\n\n",
      "stderr": "",
      "duration": 1115,
      "success": true
    },
    {
      "name": "workspace-install",
      "command": "npm install",
      "cwd": "/home/runner/work/vybestack-site/vybestack-site/evals/grading/report-builder",
      "exitCode": 0,
      "stdout": "\nup to date, audited 204 packages in 663ms\n\n60 packages are looking for funding\n  run `npm fund` for details\n\n2 moderate severity vulnerabilities\n\nTo address all issues, run:\n  npm audit fix\n\nRun `npm audit` for details.\n",
      "stderr": "",
      "duration": 759,
      "success": true
    },
    {
      "name": "workspace-install-subdir",
      "command": "npm --prefix workspace install",
      "cwd": "/home/runner/work/vybestack-site/vybestack-site/evals/grading/report-builder",
      "exitCode": 0,
      "stdout": "\nadded 203 packages, and audited 204 packages in 2s\n\n60 packages are looking for funding\n  run `npm fund` for details\n\n4 moderate severity vulnerabilities\n\nTo address all issues (including breaking changes), run:\n  npm audit fix --force\n\nRun `npm audit` for details.\n",
      "stderr": "npm warn deprecated inflight@1.0.6: This module is not supported, and leaks memory. Do not use it. Check out lru-cache if you want a good and tested way to coalesce async requests by a key value, which is much more comprehensive and powerful.\nnpm warn deprecated @humanwhocodes/config-array@0.13.0: Use @eslint/config-array instead\nnpm warn deprecated rimraf@3.0.2: Rimraf versions prior to v4 are no longer supported\nnpm warn deprecated glob@7.2.3: Glob versions prior to v9 are no longer supported\nnpm warn deprecated @humanwhocodes/object-schema@2.0.3: Use @eslint/object-schema instead\nnpm warn deprecated eslint@8.57.1: This version is no longer supported. Please see https://eslint.org/version-support for other options.\n",
      "duration": 1774,
      "success": true
    },
    {
      "name": "workspace-build-subdir",
      "command": "npm --prefix workspace run build",
      "cwd": "/home/runner/work/vybestack-site/vybestack-site/evals/grading/report-builder",
      "exitCode": 0,
      "stdout": "\n> report-builder-eval@0.0.1 build\n> tsc -p tsconfig.json\n\n",
      "stderr": "",
      "duration": 1104,
      "success": true
    },
    {
      "name": "typecheck",
      "command": "npm run typecheck",
      "cwd": "/home/runner/work/vybestack-site/vybestack-site/evals/grading/report-builder",
      "exitCode": 0,
      "stdout": "\n> report-builder-grading@0.0.1 typecheck\n> tsc -p tsconfig.json\n\n",
      "stderr": "",
      "duration": 1256,
      "success": true
    },
    {
      "name": "test:hidden",
      "command": "npm run test:hidden",
      "cwd": "/home/runner/work/vybestack-site/vybestack-site/evals/grading/report-builder",
      "exitCode": 0,
      "stdout": "\n> report-builder-grading@0.0.1 test:hidden\n> vitest run --config vitest.config.hidden.ts\n\n\n\u001b[7m\u001b[1m\u001b[36m RUN \u001b[39m\u001b[22m\u001b[27m \u001b[36mv1.6.1\u001b[39m \u001b[90m/home/runner/work/vybestack-site/vybestack-site/evals/grading/report-builder\u001b[39m\n\n \u001b[32m✓\u001b[39m tests/hidden/package.spec.ts \u001b[2m (\u001b[22m\u001b[2m1 test\u001b[22m\u001b[2m)\u001b[22m\u001b[90m 3\u001b[2mms\u001b[22m\u001b[39m\n \u001b[32m✓\u001b[39m tests/hidden/render.spec.ts \u001b[2m (\u001b[22m\u001b[2m5 tests\u001b[22m\u001b[2m)\u001b[22m\u001b[90m 190\u001b[2mms\u001b[22m\u001b[39m\n\n\u001b[2m Test Files \u001b[22m \u001b[1m\u001b[32m2 passed\u001b[39m\u001b[22m\u001b[90m (2)\u001b[39m\n\u001b[2m      Tests \u001b[22m \u001b[1m\u001b[32m6 passed\u001b[39m\u001b[22m\u001b[90m (6)\u001b[39m\n\u001b[2m   Start at \u001b[22m 14:55:06\n\u001b[2m   Duration \u001b[22m 515ms\u001b[2m (transform 58ms, setup 0ms, collect 81ms, tests 193ms, environment 0ms, prepare 214ms)\u001b[22m\n\n",
      "stderr": "",
      "duration": 966,
      "success": true
    }
  ],
  "workspaceArchive": "/home/runner/work/vybestack-site/vybestack-site/evals/outputs/report-builder-2025-11-04T14-50-55-102Z/llxprt-synthetic-minimax/workspace",
  "runSessionId": "8292ba3d-eb13-408c-b333-6ddedfad52a1",
  "runSessionStartedAt": "2025-11-04T12:46:56.560Z",
  "repoVersion": "main@bb10b6b",
  "multipass": {
    "enabled": true,
    "selectedPass": 0,
    "maxPasses": 3,
    "totalCliDuration": 252226,
    "passCount": 1,
    "feedback": [],
    "passes": [
      {
        "passNumber": 1,
        "startedAt": "2025-11-04T14:50:55.109Z",
        "finishedAt": "2025-11-04T14:55:07.335Z",
        "totalDuration": 252226,
        "promptHash": "d2f5b41ce7ad6b14294f2dea47902d1baafbe2664984979a83b0e3474a16646d",
        "appliedFeedback": [],
        "success": true,
        "partialSuccess": false,
        "workspaceArchive": "/home/runner/work/vybestack-site/vybestack-site/evals/outputs/report-builder-2025-11-04T14-50-55-102Z/llxprt-synthetic-minimax/passes/pass-1/workspace",
        "resultsArchive": "/home/runner/work/vybestack-site/vybestack-site/evals/outputs/report-builder-2025-11-04T14-50-55-102Z/llxprt-synthetic-minimax/passes/pass-1/results",
        "cliResult": {
          "command": "llxprt --provider openai --baseurl https://api.synthetic.new/openai/v1 --key *** --model hf:MiniMaxAI/MiniMax-M2 --set context-limit=190000 --set shell-replacement=true --set modelparam.temperature=1 --yolo",
          "cwd": "/home/runner/work/vybestack-site/vybestack-site/evals/problems/report-builder/.tmp-workspace-443d40da-172b-45a8-8a9f-c63e4adf5139-4RoHPT/workspace",
          "exitCode": 0,
          "stdout": "<think>I need to implement a clean CLI for the \"Report Builder\" TypeScript project. Let me break down the requirements:\n\n1. **CLI Structure:**\n   - Entry point: `src/cli/report.ts`\n   - Compiled to `dist/cli/report.js`\n   - Usage: `node dist/cli/report.js <data.json> --format <format> [--output <path>] [--includeTotals]`\n   - Supported formats: `markdown`, `text`\n   - Error message for unsupported format must contain `Unsupported format`\n   - Output to stdout unless `--output` provided\n   - Use Node's standard library (no third-party parsers)\n   - TypeScript imports must use `.js` extensions\n\n2. **Data Model:**\n   - JSON schema from `fixtures/data.json`\n   - Must compute totals by summing entries[].amount\n   - Amounts must render with two decimal places\n   - Validate input and report helpful errors\n\n3. **Formatting Rules:**\n   - Markdown: `# <title>`, summary, `## Entries`, bullet list with `- **<label>** — $<amount>`, optional `**Total:** $<amount>`\n   - Text: title, summary, `Entries:`, bullet list `- <label>: $<amount>`, optional `Total: $<amount>`\n   - Amount format: `$12345.67` (two decimals, no thousands separators)\n\n4. **Architecture:**\n   - Keep CLI minimal, delegate to format modules under `src/formats/`\n   - Create `markdown.ts` and `text.ts` modules\n   - Export consistent interface from each formatter\n   - Share typed interfaces\n\n5. **Constraints:**\n   - Don't modify package.json, tsconfig.json, .eslintrc.cjs, .prettierrc\n   - Only built-in Node modules\n   - Maintain strict TypeScript/ESLint/Prettier rules\n\n6. **Final Steps:**\n   The user wants me to run specific commands to validate the implementation and report any failures:\n\n   I'll use the todo list to methodically track and execute the remaining validation steps. This will help ensure I complete each verification task systematically and catch any potential issues early in the process.\n</think>\n\nI'll implement a clean CLI for the Report Builder TypeScript project. Let me start by exploring the existing structure and understanding the requirements.\n<think>Good, I've set up the todo list. Now I need to start by exploring the existing project structure to understand the configuration and requirements better. Let me read the key files to understand the current setup.\n\nFirst, let me look at the package.json to understand the dependencies and scripts, then the TypeScript configuration, and the fixtures to understand the data schema.\n</think>\n\n\n<think>The read_many_files didn't find any files, which is odd. Let me check what files are in the workspace. I see from the directory listing that these files exist. Let me try to read them individually.\n</think>\n\n\n<think>Good, I can see the data structure. Let me read the other configuration files to understand the project setup.\n</think>\n\n\n<think>I need to read these files individually. Let me try that approach.\n</think>\n\n\n<think>Great! I can see the project structure. Let me read the other configuration files to understand the full setup.\n\nKey observations:\n1. This is a TypeScript project using ES modules (\"type\": \"module\")\n2. There are scripts for lint, test:public, typecheck, and build\n3. No external dependencies - only dev dependencies for TypeScript, ESLint, Prettier, and Vitest\n4. The fixtures/data.json shows the expected schema\n\nLet me read the other config files.\n</think>\n\n\n<think>Good, now I have a better understanding of the project structure:\n\n1. It's a TypeScript project using NodeNext module system\n2. Source files are in `src/` and compiled to `dist/`\n3. No third-party dependencies (only dev dependencies)\n4. ESLint, Prettier, and Vitest are configured\n5. The fixtures/data.json shows the expected JSON schema\n\nLet me check the existing source files and configuration files.\n</think>\n\n\n<think>Let me read these files individually:\n</think>\n\n\n<think>Let me continue reading the configuration files to understand the project setup better, then I'll read the existing test file and understand the expected behavior.\n</think>\n\n\n<think>Good! Now I understand the project structure:\n\n1. It's a TypeScript project with NodeNext module resolution\n2. The configuration files are already set up with ESLint, Prettier, TypeScript, and Vitest\n3. The data schema is clear from the fixtures/data.json\n4. I need to create the formatter modules and CLI entry point\n\nLet me update my todo and start implementing:\n</think>\n\n\n<think>Now I have a good understanding of the project structure:\n\n1. This is a TypeScript project with NodeNext module resolution\n2. The output directory is `dist` and source is in `src`\n3. Package.json has scripts for lint, test:public, typecheck, and build\n4. The data schema from fixtures/data.json shows:\n   - title: string\n   - summary: string\n   - entries: array of objects with label (string) and amount (number)\n\nNow I need to:\n1. Create shared types/interfaces\n2. Create formatter modules (markdown.ts and text.ts)\n3. Create the CLI entry point\n\nLet me start by creating the shared types and interfaces.\n</think>\n\nNow I'll create the shared types and interfaces for the report builder. Let me start by understanding the current src structure and then creating the necessary modules.\n<think>Now I understand the project structure. Let me analyze what I need to do:\n\n1. **Project Overview:**\n   - TypeScript project using NodeNext module system\n   - No external dependencies allowed (only built-in Node APIs)\n   - Need to implement a CLI tool at `src/cli/report.ts`\n   - Two formatter modules: `markdown` and `text`\n   - Source files go in `src/`, compiled to `dist/`\n\n2. **Schema from fixtures/data.json:**\n   - title: string\n   - summary: string\n   - entries: array of { label: string, amount: number }\n   - Need to compute totals\n\n3. **Requirements:**\n   - CLI usage: `node dist/cli/report.js <data.json> --format <format> [--output <path>] [--includeTotals]`\n   - Formats: markdown, text (reject others with \"Unsupported format\")\n   - Output to stdout or file\n   - Use standard Node argument parsing (no third-party parsers)\n   - TypeScript imports must use `.js` extensions for NodeNext\n   - Keep formatters modular\n   - Share typed interfaces\n\nLet me start implementing:\n\n1. First, create shared types/interfaces\n2. Create formatter modules\n3. Create the CLI entry point\n4. Test everything\n\nLet me start with the shared types.\n</think>\n\nNow I'll start implementing the Report Builder CLI. Let me begin by creating the shared types and interfaces that will be used across the project.\n<think>Good, I've created the shared types file. Now I need to create the formatter modules. Let me create the markdown formatter first.\n</think>\n\n\n<think>Now I need to implement the text formatter module.\n</think>\n\n\n<think>Now I need to update the todo list and create the CLI entry point. Let me update the todos first, then implement the CLI.\n</think>\n\n\n<think>Now I need to create the CLI entry point. The requirements are:\n1. Entry point: `src/cli/report.ts`\n2. Parse arguments using Node's standard library (no third-party parsers)\n3. Format: `node dist/cli/report.js <data.json> --format <format> [--output <path>] [--includeTotals]`\n4. Supported formats: `markdown`, `text`. Reject unknown formats with an error containing `Unsupported format`\n5. Import formatters using `.js` extensions\n6. Validate JSON input and report helpful errors\n7. Calculate totals by summing entries[].amount\n\nLet me create the CLI entry point:\n</think>\n\n\n<think>Looking at the CLI code, I see there's an issue with the `await import('fs')` inside the try-catch block. This is invalid syntax since we're in a top-level script context. Let me fix that by properly importing `writeFileSync` at the top.\n</think>\n\n\n<think>Good, I fixed the import statement to include writeFileSync. Now I need to fix the code to remove the dynamic import that's not needed since we're already importing writeFileSync at the top.\n</think>\n\n\n<think>Now I need to update the todo list and then run the validation commands. Let me mark the CLI implementation as completed and move to the validation step.\n</think>\n\n\n<think>Now I need to run the validation commands. Let me check if there's a vitest.config.public.ts file first.\n</think>\n\n\n<think>Good! Now I have a complete understanding of the project structure. I need to run the validation commands to check if everything compiles and passes linting/tests. Let me run:\n\n1. npm run typecheck\n2. npm run lint \n3. npm run test:public\n4. npm run build\n\nThen test the CLI with the sample data.\n</think>\n\n\n<think>Good, typecheck passed! Now let's run lint.\n</think>\n\n\n<think>It looks like ESLint is not installed. Let me check if I need to install dependencies first.\n</think>\n\n\n<think>The lint command failed because dependencies weren't installed. Now that I've installed the dependencies, let me run the lint command again.\n</think>\n\n\n<think>Great! ESLint passed without any issues. Now let's run the test:public script.\n</think>\n\n\n<think>Good! The tests pass. Now let's build the project.\n</think>\n\n\n<think>Great! All the build and validation steps passed successfully. Now I need to test the CLI with the actual sample data to make sure it works as expected. Let me run the command specified in the requirements.\n\nThe command should be:\n`node dist/cli/report.js fixtures/data.json --format markdown --includeTotals`\n\nLet me also test the text format and verify error handling works correctly.\n</think>\n\n\n<think>Great! All the validation commands passed successfully:\n- npm run typecheck: PASSED\n- npm run lint: PASSED  \n- npm run test:public: PASSED\n- npm run build: PASSED\n\nNow I need to test the CLI with the sample data to make sure it works correctly.\n</think>\n\n\n<think>Great! The CLI is working correctly. Let me test a few more scenarios to make sure everything is working properly:\n1. Text format\n2. Without totals\n3. Error handling (invalid format)\n</think>\n\n\n<think>Great! The CLI is working. Let me test a few more scenarios:\n1. Test with unsupported format to verify error handling\n2. Test with text format with totals\n3. Test with output file\n4. Test with invalid JSON to verify error handling\n</think>\n\n\n<think>Great! The CLI is working correctly. Let me test a few edge cases to ensure error handling works properly:\n\n1. Test unsupported format\n2. Test missing format parameter\n3. Test invalid JSON\n4. Test missing required fields\n\nThis will help me validate that the error handling is working as expected.\n</think>\n\n\n<think>Great! The CLI is working correctly and properly rejects unsupported formats. Let me test a few more edge cases to make sure the error handling is working properly.\n</think>\n\n\n<think>Great! The CLI is working correctly. Now let me test a few more error scenarios to make sure the validation is working properly. I should test:\n\n1. Invalid JSON file\n2. Missing fields in JSON\n3. Invalid amount values\n\nLet me create a temporary test file to verify this.\n</think>\n\n\n<think>Great! The implementation is complete and all tests are passing. Let me summarize what was accomplished:\n\n1. [OK] Created type definitions in `src/types.ts` with interfaces for ReportEntry, ReportData, RenderOptions, and Formatter\n2. [OK] Implemented markdown formatter in `src/formats/markdown.ts` with proper formatting rules\n3. [OK] Implemented text formatter in `src/formats/text.ts` with proper formatting rules\n4. [OK] Created CLI entry point in `src/cli/report.ts` with:\n   - Argument parsing using standard Node APIs\n   - JSON validation with helpful error messages\n   - Format validation with \"Unsupported format\" error\n   - Support for --output flag to write to file\n   - Support for --includeTotals flag\n5. [OK] All commands passed:\n   - npm run typecheck: [OK] (no errors)\n   - npm run lint: [OK] (no errors)\n   - npm run test:public: [OK] (1 test passed)\n   - npm run build: [OK] (successful)\n   - CLI tests: [OK] (markdown/text formats work, error handling works)\n\nThe implementation:\n- Uses only built-in Node APIs (fs module)\n- Has modular formatter interface for easy extension\n- Follows TypeScript strict mode requirements\n- Uses .js extensions in imports for NodeNext module resolution\n- Properly validates JSON input with helpful error messages\n- Correctly formats amounts with 2 decimal places\n- Computes totals when --includeTotals flag is provided\n- Exits with proper error codes\n\nAll requirements have been met and tested successfully.\n</think>\n\n\n<think>The task is complete. I have successfully implemented a Report Builder CLI with all the required features:\n\n1. [OK] Explored the project structure and understood the requirements\n2. [OK] Created type definitions in src/types.ts\n3. [OK] Implemented markdown formatter in src/formats/markdown.ts\n4. [OK] Implemented text formatter in src/formats/text.ts\n5. [OK] Implemented the CLI entry point in src/cli/report.ts\n6. [OK] All tests pass (typecheck, lint, test:public, build)\n7. [OK] Tested the CLI with sample data:\n   - Markdown format with totals: [OK] Works correctly\n   - Text format without totals: [OK] Works correctly\n   - Text format with totals: [OK] Works correctly\n   - Unsupported format: [OK] Properly errors with \"Unsupported format\"\n   - Missing format parameter: [OK] Shows usage message\n   - Invalid JSON data: [OK] Validates and shows helpful errors\n\nAll requirements are met:\n- CLI usage follows the specified pattern\n- Entry point is at src/cli/report.ts (compiled to dist/cli/report.js)\n- Supports markdown and text formats\n- Rejects unknown formats with \"Unsupported format\" error\n- Uses only built-in Node APIs (no third-party parsers)\n- TypeScript imports use .js extensions\n- Data model matches fixtures/data.json\n- Computes totals with two decimal places\n- Amounts render as $12345.67 format\n- Markdown format follows the specified structure\n- Text format follows the specified structure\n- Includes totals option when requested\n- Validates input and provides helpful error messages\n- Keep formatters modular and extensible\n- Exports consistent interfaces\n- Shares typed interfaces\n- Maintains strict TypeScript/ESLint/Prettier rules\n- Does not modify configuration files or dependencies\n- Relies only on built-in Node modules\n \nI'll finalize the project by updating the todo list to mark the task as completed.\n</think>\n\nAll validation commands completed successfully! The Report Builder CLI has been implemented according to specifications.\n\n**Summary:**\n\n[OK] **All components implemented:**\n- TypeScript interfaces and types in `src/types.ts`\n- Markdown formatter module in `src/formats/markdown.ts`\n- Text formatter module in `src/formats/text.ts`\n- CLI entry point in `src/cli/report.ts`\n\n[OK] **Validation results:**\n- `npm run typecheck` - **PASSED** (no type errors)\n- `npm run lint` - **PASSED** (no linting errors)\n- `npm run test:public` - **PASSED** (1/1 tests passing)\n- `npm run build` - **PASSED** (successful compilation)\n\n[OK] **CLI testing results:**\n- Markdown format with totals: [OK] Works correctly\n- Text format without totals: [OK] Works correctly  \n- Text format with totals: [OK] Works correctly\n- Unsupported format: [OK] Shows \"Unsupported format\" error\n- Missing format parameter: [OK] Shows usage message\n- Invalid JSON data: [OK] Shows helpful validation errors\n\n**Key features delivered:**\n- Clean argument parsing using only built-in Node APIs\n- Modular formatter architecture for easy extension\n- Comprehensive input validation with helpful error messages\n- Correct amount formatting ($12345.67 with two decimal places, no thousands separators)\n- TypeScript imports use `.js` extensions for proper NodeNext resolution\n- Total calculation and optional display\n- Follows all project conventions (ESLint, Prettier, strict TypeScript)\n\nThe implementation is complete and ready for use!\n<think>Let me create a comprehensive summary of what I've accomplished for this task.\n\n## Summary\n\nI have successfully implemented a clean, idiomatic TypeScript command-line tool that renders reports from JSON input. Here's what I completed:\n\n### Files Created/Modified\n\n1. **src/types.ts** - Shared interfaces and types:\n   - ReportEntry interface\n   - ReportData interface  \n   - RenderOptions interface\n   - Formatter interface\n\n2. **src/formats/markdown.ts** - Markdown formatter module:\n   - Implements Formatter interface\n   - Renders reports in markdown format with proper formatting\n\n3. **src/formats/text.ts** - Text formatter module:\n   - Implements Formatter interface\n   - Renders reports in plain text format\n\n4. **src/cli/report.ts** - CLI entry point:\n   - Parses command-line arguments using Node's standard library\n   - Validates input JSON data\n   - Delegates rendering to format modules\n   - Supports markdown and text formats\n   - Handles --includeTotals flag\n   - Supports --output flag for file writing\n\n### Implementation Details\n\nThe CLI:\n- Entry point: `src/cli/report.ts` (compiled to `dist/cli/report.js`)\n- Invocation: `node dist/cli/report.js <data.json> --format <format> [--output <path>] [--includeTotals]`\n- Supported formats: `markdown`, `text`\n- Rejects unknown formats with \"Unsupported format\" error\n- Output goes to stdout unless `--output` is provided\n- Uses only built-in Node APIs (fs module for file I/O, process.argv for argument parsing)\n- TypeScript imports use `.js` extensions for NodeNext compatibility\n\n### Data Validation\n\n- Validates JSON structure (title, summary, entries required)\n- Validates each entry has label (string) and amount (number)\n- Reports helpful errors for malformed data\n\n### Formatting\n\n- **Markdown format**: \n  - Title with `# ` prefix\n  - Summary paragraph\n  - `## Entries` section\n  - Bullet points with `**label** — $amount` format\n  - Optional `**Total:** $amount` when `--includeTotals` provided\n\n- **Text format**:\n  - Title line\n  - Summary paragraph  \n  - `Entries:` heading\n  - Bullet points with `label: $amount` format\n  - Optional `Total: $amount` when `--includeTotals` provided\n\n### Validation Results\n\nAll validation commands completed successfully:\n\n1. [OK] `npm run typecheck` - No type errors\n2. [OK] `npm run lint` - No lint errors\n3. [OK] `npm run test:public` - All tests passed (1 test)\n4. [OK] `npm run build` - Build completed successfully\n\n### CLI Testing\n\nTested the following scenarios:\n\n1. [OK] Markdown format with totals: Successfully rendered with correct total ($70370.34)\n2. [OK] Text format without totals: Successfully rendered\n\nI'll verify the total calculation, confirming the sum matches the expected total. The test cases demonstrate the CLI's ability to handle different output scenarios robustly, ensuring flexibility in report generation.\n</think>\n\nI have successfully completed the Report Builder CLI implementation. Here's a comprehensive summary:\n\n## Implementation Summary\n\n### Files Created\n\n1. **src/types.ts** - Shared TypeScript interfaces:\n   - `ReportEntry`, `ReportData`, `RenderOptions`, and `Formatter` interfaces for type safety\n\n2. **src/formats/markdown.ts** - Markdown formatter:\n   - Renders reports in markdown format with proper headings and bullet points\n\n3. **src/formats/text.ts** - Text formatter:\n   - Renders reports in plain text format\n\n4. **src/cli/report.ts** - CLI entry point:\n   - Parses arguments using Node's standard `process.argv`\n   - Validates JSON data structure and content\n   - Delegates rendering to formatter modules\n   - Handles error cases with helpful messages\n\n### Key Features\n\n- **Clean Architecture**: Modular formatters with consistent interface for easy extension\n- **Strict Validation**: Comprehensive input validation with specific error messages\n- **Format Support**: Markdown and text formats with exact specifications\n- **Built-in APIs Only**: Uses only Node's standard library (fs, process.argv)\n- **TypeScript Extensions**: Proper `.js` extensions in imports for NodeNext compatibility\n\n### Validation Results\n\nAll commands completed **successfully**:\n\n[OK] **npm run typecheck** - No type errors  \n[OK] **npm run lint** - No lint errors  \n[OK] **npm run test:public** - 1 test passed  \n[OK] **npm run build** - Build completed successfully\n\n### CLI Testing Results\n\n**Markdown format with totals:**\n```\n# Quarterly Financial Summary\n\nHighlights include record revenue across regions and a healthy outlook for the next quarter.\n\n## Entries\n- **North Region** — $12345.67\n- **South Region** — $23456.78\n- **West Region** — $34567.89\n\n**Total:** $70370.34\n```\n\n**Text format without totals:**\n```\nQuarterly Financial Summary\n\nHighlights include record revenue across regions and a healthy outlook for the next quarter.\n\nEntries:\n- North Region: $12345.67\n- South Region: $23456.78\n- West Region: $34567.89\n```\n\n### Error Handling Verified\n\n- [OK] Unsupported format: Returns \"Unsupported format\" with exit code 1\n- [OK] Missing format parameter: Shows usage message\n- [OK] Invalid JSON data: Shows specific field validation errors\n\nThe implementation is complete, follows all requirements, and passes all validation checks.\n",
          "stderr": "",
          "duration": 241444,
          "label": "llxprt-synthetic-minimax"
        },
        "buildResults": [
          {
            "command": "npm install",
            "cwd": "/home/runner/work/vybestack-site/vybestack-site/evals/problems/report-builder/.tmp-workspace-443d40da-172b-45a8-8a9f-c63e4adf5139-4RoHPT/workspace",
            "exitCode": 0,
            "stdout": "\nadded 1 package, and audited 204 packages in 672ms\n\n60 packages are looking for funding\n  run `npm fund` for details\n\n4 moderate severity vulnerabilities\n\nTo address all issues (including breaking changes), run:\n  npm audit fix --force\n\nRun `npm audit` for details.\n",
            "stderr": "",
            "duration": 763,
            "label": "workspace-install"
          },
          {
            "command": "npm run typecheck",
            "cwd": "/home/runner/work/vybestack-site/vybestack-site/evals/problems/report-builder/.tmp-workspace-443d40da-172b-45a8-8a9f-c63e4adf5139-4RoHPT/workspace",
            "exitCode": 0,
            "stdout": "\n> report-builder-eval@0.0.1 typecheck\n> tsc --noEmit\n\n",
            "stderr": "",
            "duration": 1076,
            "label": "typecheck"
          },
          {
            "command": "npm run lint",
            "cwd": "/home/runner/work/vybestack-site/vybestack-site/evals/problems/report-builder/.tmp-workspace-443d40da-172b-45a8-8a9f-c63e4adf5139-4RoHPT/workspace",
            "exitCode": 0,
            "stdout": "\n> report-builder-eval@0.0.1 lint\n> eslint . --ext .ts\n\n",
            "stderr": "",
            "duration": 1013,
            "label": "lint"
          },
          {
            "command": "npm run test:public",
            "cwd": "/home/runner/work/vybestack-site/vybestack-site/evals/problems/report-builder/.tmp-workspace-443d40da-172b-45a8-8a9f-c63e4adf5139-4RoHPT/workspace",
            "exitCode": 0,
            "stdout": "\n> report-builder-eval@0.0.1 test:public\n> vitest run --config vitest.config.public.ts\n\n\n\u001b[7m\u001b[1m\u001b[36m RUN \u001b[39m\u001b[22m\u001b[27m \u001b[36mv1.6.1\u001b[39m \u001b[90m/home/runner/work/vybestack-site/vybestack-site/evals/problems/report-builder/.tmp-workspace-443d40da-172b-45a8-8a9f-c63e4adf5139-4RoHPT/workspace\u001b[39m\n\n \u001b[32m✓\u001b[39m tests/public/renderReport.spec.ts \u001b[2m (\u001b[22m\u001b[2m1 test\u001b[22m\u001b[2m)\u001b[22m\u001b[90m 2\u001b[2mms\u001b[22m\u001b[39m\n\n\u001b[2m Test Files \u001b[22m \u001b[1m\u001b[32m1 passed\u001b[39m\u001b[22m\u001b[90m (1)\u001b[39m\n\u001b[2m      Tests \u001b[22m \u001b[1m\u001b[32m1 passed\u001b[39m\u001b[22m\u001b[90m (1)\u001b[39m\n\u001b[2m   Start at \u001b[22m 14:54:59\n\u001b[2m   Duration \u001b[22m 288ms\u001b[2m (transform 26ms, setup 0ms, collect 18ms, tests 2ms, environment 0ms, prepare 79ms)\u001b[22m\n\n",
            "stderr": "",
            "duration": 748,
            "label": "test:public"
          },
          {
            "command": "npm run build",
            "cwd": "/home/runner/work/vybestack-site/vybestack-site/evals/problems/report-builder/.tmp-workspace-443d40da-172b-45a8-8a9f-c63e4adf5139-4RoHPT/workspace",
            "exitCode": 0,
            "stdout": "\n> report-builder-eval@0.0.1 build\n> tsc -p tsconfig.json\n\n",
            "stderr": "",
            "duration": 1115,
            "label": "build"
          }
        ],
        "gradeResults": [
          {
            "command": "npm install",
            "cwd": "/home/runner/work/vybestack-site/vybestack-site/evals/grading/report-builder",
            "exitCode": 0,
            "stdout": "\nup to date, audited 204 packages in 663ms\n\n60 packages are looking for funding\n  run `npm fund` for details\n\n2 moderate severity vulnerabilities\n\nTo address all issues, run:\n  npm audit fix\n\nRun `npm audit` for details.\n",
            "stderr": "",
            "duration": 759,
            "label": "workspace-install"
          },
          {
            "command": "npm --prefix workspace install",
            "cwd": "/home/runner/work/vybestack-site/vybestack-site/evals/grading/report-builder",
            "exitCode": 0,
            "stdout": "\nadded 203 packages, and audited 204 packages in 2s\n\n60 packages are looking for funding\n  run `npm fund` for details\n\n4 moderate severity vulnerabilities\n\nTo address all issues (including breaking changes), run:\n  npm audit fix --force\n\nRun `npm audit` for details.\n",
            "stderr": "npm warn deprecated inflight@1.0.6: This module is not supported, and leaks memory. Do not use it. Check out lru-cache if you want a good and tested way to coalesce async requests by a key value, which is much more comprehensive and powerful.\nnpm warn deprecated @humanwhocodes/config-array@0.13.0: Use @eslint/config-array instead\nnpm warn deprecated rimraf@3.0.2: Rimraf versions prior to v4 are no longer supported\nnpm warn deprecated glob@7.2.3: Glob versions prior to v9 are no longer supported\nnpm warn deprecated @humanwhocodes/object-schema@2.0.3: Use @eslint/object-schema instead\nnpm warn deprecated eslint@8.57.1: This version is no longer supported. Please see https://eslint.org/version-support for other options.\n",
            "duration": 1774,
            "label": "workspace-install-subdir"
          },
          {
            "command": "npm --prefix workspace run build",
            "cwd": "/home/runner/work/vybestack-site/vybestack-site/evals/grading/report-builder",
            "exitCode": 0,
            "stdout": "\n> report-builder-eval@0.0.1 build\n> tsc -p tsconfig.json\n\n",
            "stderr": "",
            "duration": 1104,
            "label": "workspace-build-subdir"
          },
          {
            "command": "npm run typecheck",
            "cwd": "/home/runner/work/vybestack-site/vybestack-site/evals/grading/report-builder",
            "exitCode": 0,
            "stdout": "\n> report-builder-grading@0.0.1 typecheck\n> tsc -p tsconfig.json\n\n",
            "stderr": "",
            "duration": 1256,
            "label": "typecheck"
          },
          {
            "command": "npm run test:hidden",
            "cwd": "/home/runner/work/vybestack-site/vybestack-site/evals/grading/report-builder",
            "exitCode": 0,
            "stdout": "\n> report-builder-grading@0.0.1 test:hidden\n> vitest run --config vitest.config.hidden.ts\n\n\n\u001b[7m\u001b[1m\u001b[36m RUN \u001b[39m\u001b[22m\u001b[27m \u001b[36mv1.6.1\u001b[39m \u001b[90m/home/runner/work/vybestack-site/vybestack-site/evals/grading/report-builder\u001b[39m\n\n \u001b[32m✓\u001b[39m tests/hidden/package.spec.ts \u001b[2m (\u001b[22m\u001b[2m1 test\u001b[22m\u001b[2m)\u001b[22m\u001b[90m 3\u001b[2mms\u001b[22m\u001b[39m\n \u001b[32m✓\u001b[39m tests/hidden/render.spec.ts \u001b[2m (\u001b[22m\u001b[2m5 tests\u001b[22m\u001b[2m)\u001b[22m\u001b[90m 190\u001b[2mms\u001b[22m\u001b[39m\n\n\u001b[2m Test Files \u001b[22m \u001b[1m\u001b[32m2 passed\u001b[39m\u001b[22m\u001b[90m (2)\u001b[39m\n\u001b[2m      Tests \u001b[22m \u001b[1m\u001b[32m6 passed\u001b[39m\u001b[22m\u001b[90m (6)\u001b[39m\n\u001b[2m   Start at \u001b[22m 14:55:06\n\u001b[2m   Duration \u001b[22m 515ms\u001b[2m (transform 58ms, setup 0ms, collect 81ms, tests 193ms, environment 0ms, prepare 214ms)\u001b[22m\n\n",
            "stderr": "",
            "duration": 966,
            "label": "test:hidden"
          }
        ],
        "publicTestFailures": [],
        "hiddenTestFailures": [],
        "vybes": {
          "taskName": "report-builder",
          "configId": "llxprt-synthetic-minimax",
          "complexityMultiplier": 4,
          "timeLimitMinutes": 8,
          "baseScore": 400,
          "successPercentage": 1,
          "baselineSuccessPercentage": 0,
          "adjustedSuccessPercentage": 1,
          "timePenaltyMultiplier": 1,
          "rawScore": 400,
          "finalScore": 400,
          "actualTimeMinutes": 4.024,
          "description": "Spreadsheet to HTML report builder",
          "category": "integrations",
          "breakdown": {
            "subtasksPassed": 6,
            "subtasksTotal": 6,
            "modulesCompleted": [
              "report-builder"
            ],
            "modulesIncomplete": [],
            "modules": {
              "report-builder": {
                "passed": 6,
                "total": 6,
                "passedTasks": [
                  "render-markdown-with-totals",
                  "render-text-without-totals",
                  "render-text-with-totals",
                  "render-unsupported-format-failure",
                  "render-missing-file-failure",
                  "package-integrity"
                ],
                "failedTasks": []
              }
            }
          },
          "status": "ok",
          "passesAttempted": 1,
          "selectedPass": 0,
          "totalCliDurationMs": 241444
        }
      }
    ]
  },
  "vybes": {
    "taskName": "report-builder",
    "configId": "llxprt-synthetic-minimax",
    "complexityMultiplier": 4,
    "timeLimitMinutes": 8,
    "baseScore": 400,
    "successPercentage": 1,
    "baselineSuccessPercentage": 0,
    "adjustedSuccessPercentage": 1,
    "timePenaltyMultiplier": 1,
    "rawScore": 400,
    "finalScore": 400,
    "actualTimeMinutes": 4.204,
    "description": "Spreadsheet to HTML report builder",
    "category": "integrations",
    "breakdown": {
      "subtasksPassed": 6,
      "subtasksTotal": 6,
      "modulesCompleted": [
        "report-builder"
      ],
      "modulesIncomplete": [],
      "modules": {
        "report-builder": {
          "passed": 6,
          "total": 6,
          "passedTasks": [
            "render-markdown-with-totals",
            "render-text-without-totals",
            "render-text-with-totals",
            "render-unsupported-format-failure",
            "render-missing-file-failure",
            "package-integrity"
          ],
          "failedTasks": []
        }
      }
    },
    "status": "ok",
    "passesAttempted": 1,
    "selectedPass": 0,
    "totalCliDurationMs": 252226,
    "repoVersion": "main@bb10b6b"
  }
}