{
  "evalName": "pagination",
  "configId": "llxprt-synthetic-minimax",
  "startedAt": "2025-11-02T10:34:23.126Z",
  "finishedAt": "2025-11-02T10:34:23.126Z",
  "status": "fail",
  "totalDuration": 345623,
  "totalCliDuration": 345553,
  "commands": [
    {
      "name": "llxprt-synthetic-minimax",
      "command": "llxprt --provider openai --baseurl https://api.synthetic.new/openai/v1 --key *** --model hf:MiniMaxAI/MiniMax-M2 --set context-limit=190000 --set shell-replacement=true --set modelparam.temperature=1 --yolo",
      "cwd": "/home/runner/work/vybestack-site/vybestack-site/evals/problems/pagination/.tmp-workspace-2f822703-1739-44d0-8f71-9b80c1501b21-u5YFLG/workspace",
      "exitCode": 0,
      "stdout": "<think>The user is asking me to fix pagination functionality in a TypeScript project with an Express API and React client. Let me understand what needs to be done:\n\n1. Fix `GET /inventory` endpoint to handle pagination with `page` and `limit` query parameters\n2. Validate inputs properly (non-numeric, negative, zero, excessive values)\n3. Return correct data slice with pagination metadata\n4. Update React components to handle pagination and navigation\n5. Ensure proper error handling and UI states\n\nI need to:\n1. First understand the current codebase structure\n2. Create a todo list to organize the work\n3. Examine existing code to understand current implementation\n4. Fix the API endpoints\n5. Fix the React components\n6. Run the required tests and commands\n\nLet me start by exploring the project structure and understanding what's currently implemented.\n</think>\n\nI'll help you restore the pagination functionality in this TypeScript project. Let me start by understanding the current codebase structure and creating a plan to fix the pagination behavior across both the Express API and React client.\n<think>I need to fix the todo structure - the toolCalls parameter needs to be properly structured. Let me rebuild this with a simpler approach first.\n</think>\n\nLet me start by exploring the project structure to understand the current implementation:\n<think>The read_many_files didn't work. Let me try to read files individually and use glob to understand the structure better.\n</think>\n\n\n<think>Let me read the current implementation files to understand the structure. I need to look at:\n1. Server files (Express API)\n2. Client files (React components)\n3. Shared types\n4. Database seed file\n5. Tests\n\nLet me start by reading these files to understand the current state.\n</think>\n\n\n<think>It seems the read_many_files didn't work. Let me try to read the files individually with read_file to understand the project structure better.\n</think>\n\n\n<think>Good, I can see the current implementation. Now let me check the repository implementation to understand how it's currently working.\n</think>\n\n\n<think>Great! Now I can see the issue. In `inventoryRepository.ts`, there's a clear bug in the offset calculation:\n\n```typescript\nconst offset = page * limit;\n```\n\nThis is incorrect. The correct offset should be `(page - 1) * limit`. This causes the API to skip the first page entirely and start from page 2.\n\nLet me continue reading the rest of the files to understand the complete structure.\n</think>\n\n\n<think>The read_many_files returned nothing, but the individual read_file worked for app.ts. Let me try reading the files individually.\n</think>\n\n\n<think>Now I have a clear picture of the project structure. Let me analyze the issues:\n\n1. **API Issues (server)**:\n   - In `inventoryRepository.ts`: The offset calculation is wrong. It should be `(page - 1) * limit`, not `page * limit`\n   - No input validation for page/limit parameters (non-numeric, negative, zero, excessive values)\n   - No error handling in the Express route\n\n2. **Client Issues**:\n   - `useInventory.tsx`: The effect dependencies are missing `page` and `limit`, so it doesn't reload when they change\n   - No query parameters are sent in the fetch request\n   - `InventoryView.tsx`: No pagination controls (Previous/Next buttons)\n   - No error handling for invalid input\n\nLet me start by understanding the project better and then systematically fix these issues.\n\nFirst, let me check the seed data to understand the dataset size:\n</think>\n\n\n<think>Great! Now I understand the structure of the project. Let me analyze what I've found:\n\n## Current Issues:\n\n1. **Server side (`inventoryRepository.ts`)**:\n   - The offset calculation is wrong: `const offset = page * limit;` should be `const offset = (page - 1) * limit;`\n   - No validation of page/limit parameters\n   - No error handling for invalid inputs\n\n2. **Server side (`app.ts`)**:\n   - No input validation \n   - No error responses for invalid inputs\n   - Missing validation for negative, zero, or excessive values\n\n3. **Client side (`useInventory.tsx`)**:\n   - Missing page and limit in the dependency array (commented out with eslint-disable-next-line)\n   - Not actually using the page and limit parameters in the fetch request\n   - No pagination state management\n\n4. **Client side (`InventoryView.tsx`)**:\n   - Missing pagination controls (Previous/Next buttons)\n   - Always requesting page 1 with PAGE_LIMIT\n   - No navigation functionality\n\n## Plan:\n\n1. Fix the server-side pagination logic (offset calculation, validation)\n2. Add proper error handling in the API\n3. Fix the React hook to use page/limit parameters\n4. Add pagination controls to the React component\n5. Test everything\n\nLet me start by creating a todo list to organize this work properly.\n</think>\n\nNow I understand the project structure. I can see several issues with the current pagination implementation:\n\n**Issues identified:**\n1. **Server**: Wrong offset calculation (`page * limit` instead of `(page - 1) * limit`)\n2. **Server**: No input validation for page/limit parameters\n3. **Client**: React hook doesn't use page/limit in fetch or dependencies\n4. **Client**: Missing pagination controls in UI\n\nLet me create a plan and fix these issues:\n<think>I need to fix the project to implement proper pagination. Let me analyze what I found:\n\n**Issues identified:**\n\n1. **Server-side bugs in `inventoryRepository.ts`:**\n   - Offset calculation is wrong: `offset = page * limit` should be `offset = (page - 1) * limit`\n   - This means page 1 with limit 5 would skip items 0-4 and start from item 5\n   - No validation for negative, zero, or non-numeric values\n   - No input sanitization\n\n2. **Client-side bugs in `useInventory.tsx`:**\n   - The fetch doesn't include page/limit query parameters\n   - The useEffect dependencies array is incomplete (missing page and limit)\n   - Only fetches page 1 regardless of parameters\n\n3. **Client-side bugs in `InventoryView.tsx`:**\n   - Hardcoded to page 1\n   - Missing pagination controls (Previous/Next buttons)\n\n4. **Server-side bugs in `app.ts`:**\n   - No input validation\n   - No error handling for invalid inputs\n\nLet me create a todo list and fix these issues systematically.\n</think>\n\n\n<think>Good! Now I have a full understanding of the codebase. Let me analyze the issues:\n\n## Issues Found:\n\n### Server-side (inventoryRepository.ts):\n1. **Bug in offset calculation**: The current code uses `const offset = page * limit;` which should be `const offset = (page - 1) * limit;`\n2. **No validation**: The code doesn't validate if page/limit are numeric, positive, or within reasonable bounds\n3. **No error handling**: Missing validation should return HTTP 400 with proper error messages\n\n### Client-side (useInventory.tsx):\n1. **Bug in dependencies**: The useEffect doesn't include page and limit in the dependency array, so it never re-fetches when they change\n2. **Bug in fetch URL**: The fetch doesn't include page/limit query parameters\n3. **State management**: The hook doesn't update state properly on parameter changes\n\n### Client-side (InventoryView.tsx):\n1. **Missing pagination controls**: No Previous/Next buttons\n2. **Missing navigation logic**: No state management for current page\n\n### Server-side (app.ts):\n1. **No validation**: Doesn't check for valid numeric inputs before passing to repository\n\nLet me start fixing these issues step by step.\n</think>\n\nPerfect! I've analyzed the entire codebase. Here's what I found:\n\n## Critical Issues:\n\n1. **Server-side pagination bug**: The offset calculation is wrong - `page * limit` instead of `(page - 1) * limit`, which skips the first page entirely\n2. **No input validation**: Missing validation for page/limit parameters (non-numeric, negative, zero, excessive values)\n3. **Client hook bug**: useInventory doesn't use page/limit in dependencies or fetch URL\n4. **Missing UI controls**: No Previous/Next pagination buttons in the React component\n\nLet me fix these issues systematically:\n<think>Good, I've fixed the pagination logic in the server. The key issues were:\n1. Wrong offset calculation (page * limit instead of (page - 1) * limit)\n2. Added validation for page and limit parameters\n3. Fixed hasNext calculation to use offset + limit\n\nNow I need to fix the app.ts to properly handle validation errors and pass query parameters.\n</think>\n\n\n<think>Good! I've fixed the server-side issues:\n1. Fixed the offset calculation in inventoryRepository.ts\n2. Added proper input validation for page and limit parameters\n3. Added error handling in the Express route\n\nNow I need to fix the React client to:\n1. Update the useInventory hook to properly use page and limit in the fetch URL and dependencies\n2. Add pagination controls to the InventoryView component\n\nLet me fix the hook first.\n</think>\n\n\n<think>Now I need to add the pagination controls to the React component. Let me update the InventoryView.tsx to include Previous/Next buttons and proper error handling.\n</think>\n\n\n<think>Good! I've made the following changes:\n\n1. **Server side (`inventoryRepository.ts`)**:\n   - Added validation for page and limit parameters\n   - Fixed the offset calculation from `page * limit` to `(page - 1) * limit`\n   - Fixed the hasNext calculation to use `offset + limit < total`\n\n2. **Server side (`app.ts`)**:\n   - Added proper input validation for page and limit\n   - Returns HTTP 400 for invalid inputs (non-numeric, negative, zero, excessive values)\n   - Added proper error handling\n\n3. **Client side (`useInventory.tsx`)**:\n   - Fixed the hook to include page and limit in the effect dependencies\n   - Added proper query parameters to the fetch request\n   - Handles 400 errors from the server\n   - Changed the status from 'ready' to 'idle' for initial load\n\n4. **Client side (`InventoryView.tsx)**:\n   - Added pagination state (currentPage)\n   - Added Previous/Next buttons with proper disabled states\n   - Shows page information and total items\n   - Shows empty state when no items\n   - Properly displays errors\n\nNow I need to test these changes by running the required commands.\n</think>\n\nNow let me test the changes by running the required commands:\n<think>Good, npm install completed successfully. Now let's run typecheck, lint, test:public, and build as required.\n\nFirst, let me run typecheck.\n</think>\n\nThis task seems to involve multiple steps. A todo list might help track your progress.\n",
      "stderr": "Error executing tool todo_write: Validation error: 0.subtasks.0.toolCalls.0.timestamp - Required\nError executing tool write_file: File path must be within one of the workspace directories: /home/runner/work/vybestack-site/vybestack-site/evals/problems/pagination/.tmp-workspace-2f822703-1739-44d0-8f71-9b80c1501b21-u5YFLG/workspace\n",
      "duration": 112410,
      "success": true
    },
    {
      "name": "workspace-install",
      "command": "npm install",
      "cwd": "/home/runner/work/vybestack-site/vybestack-site/evals/problems/pagination/.tmp-workspace-2f822703-1739-44d0-8f71-9b80c1501b21-u5YFLG/workspace",
      "exitCode": 0,
      "stdout": "\nup to date, audited 371 packages in 804ms\n\n79 packages are looking for funding\n  run `npm fund` for details\n\n2 moderate severity vulnerabilities\n\nTo address all issues, run:\n  npm audit fix\n\nRun `npm audit` for details.\n",
      "stderr": "",
      "duration": 892,
      "success": true
    },
    {
      "name": "typecheck",
      "command": "npm run typecheck",
      "cwd": "/home/runner/work/vybestack-site/vybestack-site/evals/problems/pagination/.tmp-workspace-2f822703-1739-44d0-8f71-9b80c1501b21-u5YFLG/workspace",
      "exitCode": 0,
      "stdout": "\n> pagination-eval@0.0.1 typecheck\n> tsc --noEmit\n\n",
      "stderr": "",
      "duration": 1745,
      "success": true
    },
    {
      "name": "lint",
      "command": "npm run lint",
      "cwd": "/home/runner/work/vybestack-site/vybestack-site/evals/problems/pagination/.tmp-workspace-2f822703-1739-44d0-8f71-9b80c1501b21-u5YFLG/workspace",
      "exitCode": 0,
      "stdout": "\n> pagination-eval@0.0.1 lint\n> eslint . --ext .ts,.tsx\n\n",
      "stderr": "",
      "duration": 2693,
      "success": true
    },
    {
      "name": "test:public",
      "command": "npm run test:public",
      "cwd": "/home/runner/work/vybestack-site/vybestack-site/evals/problems/pagination/.tmp-workspace-2f822703-1739-44d0-8f71-9b80c1501b21-u5YFLG/workspace",
      "exitCode": 0,
      "stdout": "\n> pagination-eval@0.0.1 test:public\n> vitest run --config vitest.config.public.ts\n\n\n\u001b[7m\u001b[1m\u001b[36m RUN \u001b[39m\u001b[22m\u001b[27m \u001b[36mv1.6.1\u001b[39m \u001b[90m/home/runner/work/vybestack-site/vybestack-site/evals/problems/pagination/.tmp-workspace-2f822703-1739-44d0-8f71-9b80c1501b21-u5YFLG/workspace\u001b[39m\n\n \u001b[32m✓\u001b[39m tests/public/smoke.spec.ts \u001b[2m (\u001b[22m\u001b[2m1 test\u001b[22m\u001b[2m)\u001b[22m\u001b[90m 58\u001b[2mms\u001b[22m\u001b[39m\n\n\u001b[2m Test Files \u001b[22m \u001b[1m\u001b[32m1 passed\u001b[39m\u001b[22m\u001b[90m (1)\u001b[39m\n\u001b[2m      Tests \u001b[22m \u001b[1m\u001b[32m1 passed\u001b[39m\u001b[22m\u001b[90m (1)\u001b[39m\n\u001b[2m   Start at \u001b[22m 10:30:35\n\u001b[2m   Duration \u001b[22m 500ms\u001b[2m (transform 60ms, setup 0ms, collect 175ms, tests 58ms, environment 0ms, prepare 80ms)\u001b[22m\n\n",
      "stderr": "",
      "duration": 1020,
      "success": true
    },
    {
      "name": "lint",
      "command": "npm run lint",
      "cwd": "/home/runner/work/vybestack-site/vybestack-site/evals/grading/pagination",
      "exitCode": 0,
      "stdout": "\n> pagination-grading@0.0.1 lint\n> eslint workspace/src workspace/tests --ext .ts,.tsx\n\n",
      "stderr": "",
      "duration": 2630,
      "success": true
    },
    {
      "name": "typecheck",
      "command": "npm run typecheck",
      "cwd": "/home/runner/work/vybestack-site/vybestack-site/evals/grading/pagination",
      "exitCode": 0,
      "stdout": "\n> pagination-grading@0.0.1 typecheck\n> tsc -p tsconfig.json\n\n",
      "stderr": "",
      "duration": 1701,
      "success": true
    },
    {
      "name": "test:hidden",
      "command": "npm run test:hidden",
      "cwd": "/home/runner/work/vybestack-site/vybestack-site/evals/grading/pagination",
      "exitCode": 0,
      "stdout": "\n> pagination-grading@0.0.1 test:hidden\n> vitest run --config vitest.config.hidden.ts\n\n\n\u001b[7m\u001b[1m\u001b[36m RUN \u001b[39m\u001b[22m\u001b[27m \u001b[36mv1.6.1\u001b[39m \u001b[90m/home/runner/work/vybestack-site/vybestack-site/evals/grading/pagination\u001b[39m\n\n \u001b[32m✓\u001b[39m tests/hidden/api.spec.ts \u001b[2m (\u001b[22m\u001b[2m3 tests\u001b[22m\u001b[2m)\u001b[22m\u001b[90m 86\u001b[2mms\u001b[22m\u001b[39m\n\n\u001b[2m Test Files \u001b[22m \u001b[1m\u001b[32m1 passed\u001b[39m\u001b[22m\u001b[90m (1)\u001b[39m\n\u001b[2m      Tests \u001b[22m \u001b[1m\u001b[32m3 passed\u001b[39m\u001b[22m\u001b[90m (3)\u001b[39m\n\u001b[2m   Start at \u001b[22m 10:30:41\n\u001b[2m   Duration \u001b[22m 966ms\u001b[2m (transform 60ms, setup 73ms, collect 133ms, tests 86ms, environment 392ms, prepare 97ms)\u001b[22m\n\n",
      "stderr": "",
      "duration": 1451,
      "success": true
    }
  ],
  "workspaceArchive": "/home/runner/work/vybestack-site/vybestack-site/evals/outputs/pagination-2025-11-02T10-28-37-501Z/llxprt-synthetic-minimax/workspace",
  "runSessionId": "e4d6e2b2-7ff7-46ac-9a28-2c57d4af48a3",
  "runSessionStartedAt": "2025-11-02T08:27:08.010Z",
  "repoVersion": "main@ddc1921",
  "multipass": {
    "enabled": true,
    "selectedPass": 0,
    "maxPasses": 3,
    "totalCliDuration": 345553,
    "passCount": 3,
    "feedback": [],
    "passes": [
      {
        "passNumber": 1,
        "startedAt": "2025-11-02T10:28:37.517Z",
        "finishedAt": "2025-11-02T10:30:42.071Z",
        "totalDuration": 124554,
        "promptHash": "776b272b2eb46e0d6c42504640a82d553bbcb0c4ec1161aa157cfc4dc69c0a24",
        "appliedFeedback": [],
        "success": false,
        "partialSuccess": true,
        "workspaceArchive": "/home/runner/work/vybestack-site/vybestack-site/evals/outputs/pagination-2025-11-02T10-28-37-501Z/llxprt-synthetic-minimax/passes/pass-1/workspace",
        "resultsArchive": "/home/runner/work/vybestack-site/vybestack-site/evals/outputs/pagination-2025-11-02T10-28-37-501Z/llxprt-synthetic-minimax/passes/pass-1/results",
        "cliResult": {
          "command": "llxprt --provider openai --baseurl https://api.synthetic.new/openai/v1 --key *** --model hf:MiniMaxAI/MiniMax-M2 --set context-limit=190000 --set shell-replacement=true --set modelparam.temperature=1 --yolo",
          "cwd": "/home/runner/work/vybestack-site/vybestack-site/evals/problems/pagination/.tmp-workspace-2f822703-1739-44d0-8f71-9b80c1501b21-u5YFLG/workspace",
          "exitCode": 0,
          "stdout": "<think>The user is asking me to fix pagination functionality in a TypeScript project with an Express API and React client. Let me understand what needs to be done:\n\n1. Fix `GET /inventory` endpoint to handle pagination with `page` and `limit` query parameters\n2. Validate inputs properly (non-numeric, negative, zero, excessive values)\n3. Return correct data slice with pagination metadata\n4. Update React components to handle pagination and navigation\n5. Ensure proper error handling and UI states\n\nI need to:\n1. First understand the current codebase structure\n2. Create a todo list to organize the work\n3. Examine existing code to understand current implementation\n4. Fix the API endpoints\n5. Fix the React components\n6. Run the required tests and commands\n\nLet me start by exploring the project structure and understanding what's currently implemented.\n</think>\n\nI'll help you restore the pagination functionality in this TypeScript project. Let me start by understanding the current codebase structure and creating a plan to fix the pagination behavior across both the Express API and React client.\n<think>I need to fix the todo structure - the toolCalls parameter needs to be properly structured. Let me rebuild this with a simpler approach first.\n</think>\n\nLet me start by exploring the project structure to understand the current implementation:\n<think>The read_many_files didn't work. Let me try to read files individually and use glob to understand the structure better.\n</think>\n\n\n<think>Let me read the current implementation files to understand the structure. I need to look at:\n1. Server files (Express API)\n2. Client files (React components)\n3. Shared types\n4. Database seed file\n5. Tests\n\nLet me start by reading these files to understand the current state.\n</think>\n\n\n<think>It seems the read_many_files didn't work. Let me try to read the files individually with read_file to understand the project structure better.\n</think>\n\n\n<think>Good, I can see the current implementation. Now let me check the repository implementation to understand how it's currently working.\n</think>\n\n\n<think>Great! Now I can see the issue. In `inventoryRepository.ts`, there's a clear bug in the offset calculation:\n\n```typescript\nconst offset = page * limit;\n```\n\nThis is incorrect. The correct offset should be `(page - 1) * limit`. This causes the API to skip the first page entirely and start from page 2.\n\nLet me continue reading the rest of the files to understand the complete structure.\n</think>\n\n\n<think>The read_many_files returned nothing, but the individual read_file worked for app.ts. Let me try reading the files individually.\n</think>\n\n\n<think>Now I have a clear picture of the project structure. Let me analyze the issues:\n\n1. **API Issues (server)**:\n   - In `inventoryRepository.ts`: The offset calculation is wrong. It should be `(page - 1) * limit`, not `page * limit`\n   - No input validation for page/limit parameters (non-numeric, negative, zero, excessive values)\n   - No error handling in the Express route\n\n2. **Client Issues**:\n   - `useInventory.tsx`: The effect dependencies are missing `page` and `limit`, so it doesn't reload when they change\n   - No query parameters are sent in the fetch request\n   - `InventoryView.tsx`: No pagination controls (Previous/Next buttons)\n   - No error handling for invalid input\n\nLet me start by understanding the project better and then systematically fix these issues.\n\nFirst, let me check the seed data to understand the dataset size:\n</think>\n\n\n<think>Great! Now I understand the structure of the project. Let me analyze what I've found:\n\n## Current Issues:\n\n1. **Server side (`inventoryRepository.ts`)**:\n   - The offset calculation is wrong: `const offset = page * limit;` should be `const offset = (page - 1) * limit;`\n   - No validation of page/limit parameters\n   - No error handling for invalid inputs\n\n2. **Server side (`app.ts`)**:\n   - No input validation \n   - No error responses for invalid inputs\n   - Missing validation for negative, zero, or excessive values\n\n3. **Client side (`useInventory.tsx`)**:\n   - Missing page and limit in the dependency array (commented out with eslint-disable-next-line)\n   - Not actually using the page and limit parameters in the fetch request\n   - No pagination state management\n\n4. **Client side (`InventoryView.tsx`)**:\n   - Missing pagination controls (Previous/Next buttons)\n   - Always requesting page 1 with PAGE_LIMIT\n   - No navigation functionality\n\n## Plan:\n\n1. Fix the server-side pagination logic (offset calculation, validation)\n2. Add proper error handling in the API\n3. Fix the React hook to use page/limit parameters\n4. Add pagination controls to the React component\n5. Test everything\n\nLet me start by creating a todo list to organize this work properly.\n</think>\n\nNow I understand the project structure. I can see several issues with the current pagination implementation:\n\n**Issues identified:**\n1. **Server**: Wrong offset calculation (`page * limit` instead of `(page - 1) * limit`)\n2. **Server**: No input validation for page/limit parameters\n3. **Client**: React hook doesn't use page/limit in fetch or dependencies\n4. **Client**: Missing pagination controls in UI\n\nLet me create a plan and fix these issues:\n<think>I need to fix the project to implement proper pagination. Let me analyze what I found:\n\n**Issues identified:**\n\n1. **Server-side bugs in `inventoryRepository.ts`:**\n   - Offset calculation is wrong: `offset = page * limit` should be `offset = (page - 1) * limit`\n   - This means page 1 with limit 5 would skip items 0-4 and start from item 5\n   - No validation for negative, zero, or non-numeric values\n   - No input sanitization\n\n2. **Client-side bugs in `useInventory.tsx`:**\n   - The fetch doesn't include page/limit query parameters\n   - The useEffect dependencies array is incomplete (missing page and limit)\n   - Only fetches page 1 regardless of parameters\n\n3. **Client-side bugs in `InventoryView.tsx`:**\n   - Hardcoded to page 1\n   - Missing pagination controls (Previous/Next buttons)\n\n4. **Server-side bugs in `app.ts`:**\n   - No input validation\n   - No error handling for invalid inputs\n\nLet me create a todo list and fix these issues systematically.\n</think>\n\n\n<think>Good! Now I have a full understanding of the codebase. Let me analyze the issues:\n\n## Issues Found:\n\n### Server-side (inventoryRepository.ts):\n1. **Bug in offset calculation**: The current code uses `const offset = page * limit;` which should be `const offset = (page - 1) * limit;`\n2. **No validation**: The code doesn't validate if page/limit are numeric, positive, or within reasonable bounds\n3. **No error handling**: Missing validation should return HTTP 400 with proper error messages\n\n### Client-side (useInventory.tsx):\n1. **Bug in dependencies**: The useEffect doesn't include page and limit in the dependency array, so it never re-fetches when they change\n2. **Bug in fetch URL**: The fetch doesn't include page/limit query parameters\n3. **State management**: The hook doesn't update state properly on parameter changes\n\n### Client-side (InventoryView.tsx):\n1. **Missing pagination controls**: No Previous/Next buttons\n2. **Missing navigation logic**: No state management for current page\n\n### Server-side (app.ts):\n1. **No validation**: Doesn't check for valid numeric inputs before passing to repository\n\nLet me start fixing these issues step by step.\n</think>\n\nPerfect! I've analyzed the entire codebase. Here's what I found:\n\n## Critical Issues:\n\n1. **Server-side pagination bug**: The offset calculation is wrong - `page * limit` instead of `(page - 1) * limit`, which skips the first page entirely\n2. **No input validation**: Missing validation for page/limit parameters (non-numeric, negative, zero, excessive values)\n3. **Client hook bug**: useInventory doesn't use page/limit in dependencies or fetch URL\n4. **Missing UI controls**: No Previous/Next pagination buttons in the React component\n\nLet me fix these issues systematically:\n<think>Good, I've fixed the pagination logic in the server. The key issues were:\n1. Wrong offset calculation (page * limit instead of (page - 1) * limit)\n2. Added validation for page and limit parameters\n3. Fixed hasNext calculation to use offset + limit\n\nNow I need to fix the app.ts to properly handle validation errors and pass query parameters.\n</think>\n\n\n<think>Good! I've fixed the server-side issues:\n1. Fixed the offset calculation in inventoryRepository.ts\n2. Added proper input validation for page and limit parameters\n3. Added error handling in the Express route\n\nNow I need to fix the React client to:\n1. Update the useInventory hook to properly use page and limit in the fetch URL and dependencies\n2. Add pagination controls to the InventoryView component\n\nLet me fix the hook first.\n</think>\n\n\n<think>Now I need to add the pagination controls to the React component. Let me update the InventoryView.tsx to include Previous/Next buttons and proper error handling.\n</think>\n\n\n<think>Good! I've made the following changes:\n\n1. **Server side (`inventoryRepository.ts`)**:\n   - Added validation for page and limit parameters\n   - Fixed the offset calculation from `page * limit` to `(page - 1) * limit`\n   - Fixed the hasNext calculation to use `offset + limit < total`\n\n2. **Server side (`app.ts`)**:\n   - Added proper input validation for page and limit\n   - Returns HTTP 400 for invalid inputs (non-numeric, negative, zero, excessive values)\n   - Added proper error handling\n\n3. **Client side (`useInventory.tsx`)**:\n   - Fixed the hook to include page and limit in the effect dependencies\n   - Added proper query parameters to the fetch request\n   - Handles 400 errors from the server\n   - Changed the status from 'ready' to 'idle' for initial load\n\n4. **Client side (`InventoryView.tsx)**:\n   - Added pagination state (currentPage)\n   - Added Previous/Next buttons with proper disabled states\n   - Shows page information and total items\n   - Shows empty state when no items\n   - Properly displays errors\n\nNow I need to test these changes by running the required commands.\n</think>\n\nNow let me test the changes by running the required commands:\n<think>Good, npm install completed successfully. Now let's run typecheck, lint, test:public, and build as required.\n\nFirst, let me run typecheck.\n</think>\n\nThis task seems to involve multiple steps. A todo list might help track your progress.\n",
          "stderr": "Error executing tool todo_write: Validation error: 0.subtasks.0.toolCalls.0.timestamp - Required\nError executing tool write_file: File path must be within one of the workspace directories: /home/runner/work/vybestack-site/vybestack-site/evals/problems/pagination/.tmp-workspace-2f822703-1739-44d0-8f71-9b80c1501b21-u5YFLG/workspace\n",
          "duration": 112410,
          "label": "llxprt-synthetic-minimax"
        },
        "buildResults": [
          {
            "command": "npm install",
            "cwd": "/home/runner/work/vybestack-site/vybestack-site/evals/problems/pagination/.tmp-workspace-2f822703-1739-44d0-8f71-9b80c1501b21-u5YFLG/workspace",
            "exitCode": 0,
            "stdout": "\nup to date, audited 371 packages in 804ms\n\n79 packages are looking for funding\n  run `npm fund` for details\n\n2 moderate severity vulnerabilities\n\nTo address all issues, run:\n  npm audit fix\n\nRun `npm audit` for details.\n",
            "stderr": "",
            "duration": 892,
            "label": "workspace-install"
          },
          {
            "command": "npm run typecheck",
            "cwd": "/home/runner/work/vybestack-site/vybestack-site/evals/problems/pagination/.tmp-workspace-2f822703-1739-44d0-8f71-9b80c1501b21-u5YFLG/workspace",
            "exitCode": 0,
            "stdout": "\n> pagination-eval@0.0.1 typecheck\n> tsc --noEmit\n\n",
            "stderr": "",
            "duration": 1745,
            "label": "typecheck"
          },
          {
            "command": "npm run lint",
            "cwd": "/home/runner/work/vybestack-site/vybestack-site/evals/problems/pagination/.tmp-workspace-2f822703-1739-44d0-8f71-9b80c1501b21-u5YFLG/workspace",
            "exitCode": 0,
            "stdout": "\n> pagination-eval@0.0.1 lint\n> eslint . --ext .ts,.tsx\n\n",
            "stderr": "",
            "duration": 2693,
            "label": "lint"
          },
          {
            "command": "npm run test:public",
            "cwd": "/home/runner/work/vybestack-site/vybestack-site/evals/problems/pagination/.tmp-workspace-2f822703-1739-44d0-8f71-9b80c1501b21-u5YFLG/workspace",
            "exitCode": 0,
            "stdout": "\n> pagination-eval@0.0.1 test:public\n> vitest run --config vitest.config.public.ts\n\n\n\u001b[7m\u001b[1m\u001b[36m RUN \u001b[39m\u001b[22m\u001b[27m \u001b[36mv1.6.1\u001b[39m \u001b[90m/home/runner/work/vybestack-site/vybestack-site/evals/problems/pagination/.tmp-workspace-2f822703-1739-44d0-8f71-9b80c1501b21-u5YFLG/workspace\u001b[39m\n\n \u001b[32m✓\u001b[39m tests/public/smoke.spec.ts \u001b[2m (\u001b[22m\u001b[2m1 test\u001b[22m\u001b[2m)\u001b[22m\u001b[90m 58\u001b[2mms\u001b[22m\u001b[39m\n\n\u001b[2m Test Files \u001b[22m \u001b[1m\u001b[32m1 passed\u001b[39m\u001b[22m\u001b[90m (1)\u001b[39m\n\u001b[2m      Tests \u001b[22m \u001b[1m\u001b[32m1 passed\u001b[39m\u001b[22m\u001b[90m (1)\u001b[39m\n\u001b[2m   Start at \u001b[22m 10:30:35\n\u001b[2m   Duration \u001b[22m 500ms\u001b[2m (transform 60ms, setup 0ms, collect 175ms, tests 58ms, environment 0ms, prepare 80ms)\u001b[22m\n\n",
            "stderr": "",
            "duration": 1020,
            "label": "test:public"
          }
        ],
        "gradeResults": [
          {
            "command": "npm run lint",
            "cwd": "/home/runner/work/vybestack-site/vybestack-site/evals/grading/pagination",
            "exitCode": 0,
            "stdout": "\n> pagination-grading@0.0.1 lint\n> eslint workspace/src workspace/tests --ext .ts,.tsx\n\n",
            "stderr": "",
            "duration": 2630,
            "label": "lint"
          },
          {
            "command": "npm run typecheck",
            "cwd": "/home/runner/work/vybestack-site/vybestack-site/evals/grading/pagination",
            "exitCode": 0,
            "stdout": "\n> pagination-grading@0.0.1 typecheck\n> tsc -p tsconfig.json\n\n",
            "stderr": "",
            "duration": 1701,
            "label": "typecheck"
          },
          {
            "command": "npm run test:hidden",
            "cwd": "/home/runner/work/vybestack-site/vybestack-site/evals/grading/pagination",
            "exitCode": 0,
            "stdout": "\n> pagination-grading@0.0.1 test:hidden\n> vitest run --config vitest.config.hidden.ts\n\n\n\u001b[7m\u001b[1m\u001b[36m RUN \u001b[39m\u001b[22m\u001b[27m \u001b[36mv1.6.1\u001b[39m \u001b[90m/home/runner/work/vybestack-site/vybestack-site/evals/grading/pagination\u001b[39m\n\n \u001b[32m✓\u001b[39m tests/hidden/api.spec.ts \u001b[2m (\u001b[22m\u001b[2m3 tests\u001b[22m\u001b[2m)\u001b[22m\u001b[90m 86\u001b[2mms\u001b[22m\u001b[39m\n\n\u001b[2m Test Files \u001b[22m \u001b[1m\u001b[32m1 passed\u001b[39m\u001b[22m\u001b[90m (1)\u001b[39m\n\u001b[2m      Tests \u001b[22m \u001b[1m\u001b[32m3 passed\u001b[39m\u001b[22m\u001b[90m (3)\u001b[39m\n\u001b[2m   Start at \u001b[22m 10:30:41\n\u001b[2m   Duration \u001b[22m 966ms\u001b[2m (transform 60ms, setup 73ms, collect 133ms, tests 86ms, environment 392ms, prepare 97ms)\u001b[22m\n\n",
            "stderr": "",
            "duration": 1451,
            "label": "test:hidden"
          }
        ],
        "publicTestFailures": [],
        "hiddenTestFailures": [],
        "vybes": {
          "taskName": "pagination",
          "configId": "llxprt-synthetic-minimax",
          "complexityMultiplier": 5,
          "timeLimitMinutes": 10,
          "baseScore": 500,
          "successPercentage": 0.6,
          "baselineSuccessPercentage": 0,
          "adjustedSuccessPercentage": 0.6,
          "timePenaltyMultiplier": 1,
          "rawScore": 300,
          "finalScore": 300,
          "actualTimeMinutes": 1.873,
          "description": "Server and client pagination repair",
          "category": "full-stack",
          "breakdown": {
            "subtasksPassed": 3,
            "subtasksTotal": 5,
            "modulesCompleted": [],
            "modulesIncomplete": [
              "pagination"
            ],
            "modules": {
              "pagination": {
                "passed": 3,
                "total": 5,
                "passedTasks": [
                  "api-mid-page-request",
                  "api-final-page-handling",
                  "api-invalid-parameter-handling"
                ],
                "failedTasks": [
                  "client-navigation",
                  "client-alert"
                ]
              }
            }
          },
          "status": "ok",
          "passesAttempted": 1,
          "selectedPass": 0,
          "totalCliDurationMs": 112410
        }
      },
      {
        "passNumber": 2,
        "startedAt": "2025-11-02T10:30:42.086Z",
        "finishedAt": "2025-11-02T10:33:53.720Z",
        "totalDuration": 191634,
        "promptHash": "776b272b2eb46e0d6c42504640a82d553bbcb0c4ec1161aa157cfc4dc69c0a24",
        "appliedFeedback": [],
        "success": false,
        "partialSuccess": true,
        "workspaceArchive": "/home/runner/work/vybestack-site/vybestack-site/evals/outputs/pagination-2025-11-02T10-28-37-501Z/llxprt-synthetic-minimax/passes/pass-2/workspace",
        "resultsArchive": "/home/runner/work/vybestack-site/vybestack-site/evals/outputs/pagination-2025-11-02T10-28-37-501Z/llxprt-synthetic-minimax/passes/pass-2/results",
        "cliResult": {
          "command": "llxprt --provider openai --baseurl https://api.synthetic.new/openai/v1 --key *** --model hf:MiniMaxAI/MiniMax-M2 --set context-limit=190000 --set shell-replacement=true --set modelparam.temperature=1 --yolo",
          "cwd": "/home/runner/work/vybestack-site/vybestack-site/evals/problems/pagination/.tmp-workspace-2f822703-1739-44d0-8f71-9b80c1501b21-u5YFLG/workspace",
          "exitCode": 0,
          "stdout": "<think>I need to understand the current state of this TypeScript project and restore the correct pagination behavior. Let me start by examining the project structure and understanding what files are already present.\n\nThe user mentioned this is a \"Pagination Service Repair\" project with:\n1. Express API backed by SQLite\n2. React client with tests\n3. Missing critical pagination behavior\n\nRequirements:\n- `GET /inventory` with `page` and `limit` query parameters (defaults: page=1, limit=5)\n- Validate inputs (non-numeric, negative, zero, excessive values → HTTP 400)\n- Return correct slice with pagination metadata (page, limit, total, hasNext)\n- React hook/component that handles navigation and errors\n- Previous/Next controls with proper disable states\n- Empty states and error propagation\n\nI need to run the commands they mentioned at the end to check the current state:\n- npm run typecheck\n- npm run lint  \n- npm run test:public\n- npm run build\n\nLet me start by examining the project structure and understanding what's already implemented.\n</think>\n\nI'll help you restore the correct pagination behavior in this TypeScript project. Let me start by understanding the current state of the codebase and then systematically implement the required pagination features.\n<think>Let me start by examining the project structure to understand the current implementation. I'll look at the key files:\n1. First, read the problem.md file to understand the task\n2. Check package.json to understand scripts and dependencies\n3. Look at the server implementation\n4. Check the client implementation\n5. Look at shared types\n6. Examine the seed data\n\nThen I'll run the initial commands to see what's failing.\n</think>\n\nI'll help you restore correct pagination behavior in this TypeScript project. Let me start by examining the project structure and current implementation.\n<think>The read_many_files didn't find the files. Let me list the workspace to see what's available.\n</think>\n\n\n<think>It seems like I can't list the directory properly. Let me try a different approach - let me check what files are in the workspace using the list_directory tool without any filters.\n</think>\n\n\n<think>Good, now I can see the project structure. Let me start by examining the problem.md file and the source code to understand the current implementation and what needs to be fixed.\n</think>\n\n\n<think>The read_many_files didn't work with relative paths. Let me try with absolute paths.\n</think>\n\n\n<think>Good, now I can see the problem. Let me read the prompt.md and package.json to understand the structure better, then examine the source code to see what needs to be fixed.\n</think>\n\n\n<think>Now I need to examine the source code to understand the current implementation. Let me read the key files:\n\n1. Server files: app.ts, db.ts, inventoryRepository.ts, server.ts\n2. Client files: InventoryView.tsx, useInventory.tsx\n3. Shared types: types.ts\n4. Database seed data\n5. Tests\n\nLet me start with these files.\n</think>\n\n\n<think>I need to construct the full absolute paths. Let me read the files from the src directory structure.\n</think>\n\n\n<think>Good! I can see the current implementation has some validation logic but it doesn't set default values for page and limit. Let me continue reading the other files to understand the full implementation.\n</think>\n\n\n<think>Good! I can see the inventory repository is already mostly implemented with pagination logic. Let me continue reading the other files to understand the current state.\n</think>\n\n\n<think>Good, I can see the current state of the files. Let me analyze what I found:\n\n1. **src/server/app.ts**: This looks pretty good already. It has validation for page and limit parameters, handling default values, and proper error responses with HTTP 400.\n\n2. **src/server/inventoryRepository.ts**: This also looks mostly correct. It has the pagination logic with offset calculation, total count, and hasNext determination. The types are already defined for InventoryPage with all required fields.\n\n3. **src/shared/types.ts**: The types are already defined correctly with InventoryPage including items, page, limit, total, and hasNext.\n\nLet me check the React client code to see what needs to be fixed there.\n</think>\n\n\n<think>Now let me check the React component:\n</think>\n\n\n<think>Let me examine the code to understand what's currently implemented and what needs to be fixed.\n\nLooking at the server side (app.ts):\n1. The validation logic is present and looks correct\n2. It validates page and limit parameters properly\n3. It handles defaults when parameters are not provided\n4. It calls `listInventory` from the repository\n\nLooking at the inventoryRepository.ts:\n1. It has validation logic (though some is duplicated from app.ts)\n2. It calculates the offset correctly: `(page - 1) * limit`\n3. It returns the correct pagination metadata\n4. The query seems correct\n\nLooking at the shared types:\n1. The types look good and complete\n\nLooking at the client side (useInventory.tsx):\n1. It accepts page and limit parameters\n2. It makes the API call with the correct parameters\n3. It handles error responses (400 status specifically)\n4. It manages loading states\n\nLooking at InventoryView.tsx:\n1. It has pagination controls (Previous/Next buttons)\n2. The buttons are properly disabled based on current page and hasNext\n3. It displays the current page and total pages\n\nNow let me run the initial commands to see what the current state is:\n</think>\n\nNow let me examine the current state by running the initial commands to see what issues exist:\n<think>Good! TypeScript type checking passed. Let me now run the linting command.\n</think>\n\n\n<think>Good, typecheck and lint passed. Now let me run the tests to see what the current state is.\n</think>\n\n\n<think>Great! Let me understand the current state:\n\n1. **TypeScript typecheck**: [OK] Passed\n2. **ESLint**: [OK] Passed\n3. **Tests**: [OK] All tests passed (1 test passed)\n\nThe initial tests are passing, but looking at the code, I can see there are some issues that need to be fixed to meet the requirements:\n\n**Analysis of current implementation:**\n\n1. **API Endpoint (`app.ts`)**: \n   - [OK] Has validation for `page` and `limit` parameters\n   - [OK] Returns 400 for invalid inputs\n   - [OK] Has defaults (page=1, limit=5)\n   - [OK] Calls `listInventory` with the parameters\n\n2. **Repository (`inventoryRepository.ts`)**:\n   - [OK] Has correct pagination logic with offset calculation\n   - [OK] Returns proper metadata (page, limit, total, hasNext)\n   - [OK] Has validation\n\n3. **Types (`types.ts`)**:\n   - [OK] Has `InventoryPage` interface with all required fields\n\n4. **React Hook (`useInventory.tsx`)**:\n   - [OK] Fetches data with page/limit parameters\n   - [OK] Handles 400 errors and other errors\n   - [OK] Has proper state management\n\n5. **React Component (`InventoryView.tsx`)**:\n   - [OK] Has Previous/Next buttons\n   - [OK] Disables buttons appropriately\n   - [OK] Shows loading and error states\n   - [OK] Displays pagination info\n\nWait, everything seems to be working! Let me check if there are more comprehensive tests that might reveal issues. Let me look at the test file to see what it's actually testing.\n</think>\n\nLet me check what the test is actually testing to understand if there might be deeper issues:\n<think>Let me analyze the current state of the project. Looking at the files:\n\n1. **server/app.ts**: The API endpoint currently has validation logic but there's an issue - the validation is in the controller but it doesn't set default values properly. When pageParam and limitParam are undefined, page and limit remain undefined, and those undefined values are passed to the repository.\n\n2. **server/inventoryRepository.ts**: The repository has the correct logic for handling defaults and pagination, but it also validates again. The repository accepts the page/limit parameters and handles them appropriately with defaults.\n\n3. **shared/types.ts**: The types look good - InventoryPage has all the required fields.\n\n4. **client/useInventory.ts**: The hook looks good, it properly handles status states and errors.\n\n5. **client/InventoryView.tsx**: The component looks good too, it manages pagination state properly.\n\nThe issue is that in `app.ts`, when pageParam and limitParam are undefined, the variables page and limit remain undefined and are passed to listInventory. However, listInventory already handles this by using defaults.\n\nLet me trace through the flow:\n1. GET /inventory with no params → pageParam=undefined, limitParam=undefined\n2. page=undefined, limit=undefined after the validation checks\n3. listInventory(db, {page: undefined, limit: undefined}) is called\n4. listInventory handles undefined by using defaults (page=1, limit=5)\n\nThis actually seems correct already! The tests pass too. But let me check if there are any edge cases or issues.\n\nLooking at the requirements again:\n- `GET /inventory` must accept `page` and `limit` query parameters (default `page = 1`, `limit = 5`) [OK]\n- Validate inputs: reject non-numeric, negative, zero, or excessive values with HTTP 400 [OK]\n- Query must return the correct slice of items without skipping or duplicating rows [OK]\n\n\n- Response should include pagination metadata: `page`, `limit`, `total`, `hasNext` [OK]\n- React hook/component must request the selected page, update when the user navigates, and surface errors [OK]\n- Provide \"Previous\" and \"Next\" controls that disable appropriately [OK]\n\nI'm investigating how defaults are applied in the repository. The validation checks in listInventory seem redundant since the app.ts controller handles parameter validation. The repository's default handling for page and limit parameters appears to be an additional safeguard, potentially complicating the flow unnecessarily.\n\nThe current implementation allows passing undefined values to listInventory, which then applies defaults. This creates an extra step that could potentially be simplified in the controller itself. The goal is to ensure clean, direct parameter handling while maintaining clear, predictable behavior for pagination logic.\n\nThe flow reveals a careful validation sequence in app.ts, where undefined parameters trigger specific type and value checks before calling the repository method. This approach prevents invalid input from propagating through the system while maintaining flexibility in pagination configuration.\n\nThe repository further reinforces input integrity by implementing its own validation, ensuring that any unexpected input is caught and rejected with an appropriate error message. This creates a robust, multi-layered validation strategy that protects against potential edge cases.\n\nI'll continue the test run to verify the build configuration and ensure all tests pass successfully. The current implementation appears solid, with comprehensive checks preventing invalid pagination parameters from impacting the application's data retrieval process.\n</think>\n\n\n<think>I've examined the code and found the following:\n\n1. The basic structure is in place and the tests pass\n2. However, there's a critical issue with the current implementation in `src/server/app.ts`:\n   - The default values for `page` and `limit` are NOT being applied when the parameters are undefined\n   - The validation logic correctly validates if the parameters are provided, but it doesn't set defaults\n\nLet me trace through what happens:\n- If `pageParam` is undefined, `page` remains `undefined`\n- If `limitParam` is undefined, `limit` remains `undefined`\n- Then `listInventory` is called with `{ page: undefined, limit: undefined }`\n- In `listInventory`, it does set defaults: `const page = options.page && options.page > 0 ? Math.floor(options.page) : 1;`\n- But the issue is that the validation in `app.ts` happens before calling `listInventory`, and it only validates if the values are provided. If they're not provided, it passes them as `undefined` to `listInventory`.\n\nActually, looking more closely at the code, I think the validation logic is problematic:\n\n1. In `app.ts`, if `pageParam` is undefined, it doesn't set `page` at all (leaves it undefined)\n2. Same for `limit`\n3. Then it passes these undefined values to `listInventory`\n4. `listInventory` validates them again and sets defaults\n\nThis duplication of validation is confusing. Let me think about what needs to be fixed:\n\nThe requirements state:\n- `GET /inventory` must accept `page` and `limit` query parameters (default `page = 1`, `limit = 5`).\n- Validate inputs: reject non-numeric, negative, zero, or excessive values with HTTP 400.\n\nSo the validation should:\n1. Set defaults if parameters are missing\n2. Validate if parameters are provided\n3. Return 400 for invalid parameters\n \nI see the core problem now. The current implementation creates unnecessary complexity by implementing duplicate validation logic. The goal is to simplify the approach by moving all validation and default handling to `listInventory`. This means `app.ts` should only parse the parameters and immediately pass them to `listInventory`, which will handle all the validation and default value assignment.\n\nThe key steps are straightforward: parse parameters, immediately forward to `listInventory`, and rely on that function to handle all validation and default value logic. This eliminates the redundant validation and makes the code more straightforward and maintainable.\n\nThe critical issue is the validation logic's inconsistent handling of undefined versus empty string parameters. Currently, the code treats undefined and empty strings differently, which creates unexpected behavior in parameter processing. This means the validation needs to be more uniform and predictable, ensuring that empty or missing parameters are handled consistently.\n\nThe key problem lies in the string parsing and validation logic. When an undefined parameter is passed, the code needs to gracefully handle this case and either set a default value or mark it as invalid. The current implementation allows undefined parameters to slip through without triggering the expected validation checks.\n\nI'll need to carefully review how the code handles different input scenarios, particularly focusing on the boundary conditions around undefined and empty string parameters. The goal is to ensure robust input validation that provides clear feedback when invalid parameters are provided.\n\nThe solution involves explicitly handling undefined parameters by setting default values and ensuring proper error messaging. This approach will make the validation logic more consistent and predictable across different input scenarios.\n\nI'll modify the parameter handling to check for undefined first, applying default values before any validation checks. By proactively setting defaults and clearly defining validation rules, we can create a more robust parameter parsing mechanism.\n\nThe key is to create a clear, sequential approach: detect undefined, set defaults, validate the result, and provide precise error feedback when parameters don't meet the specified criteria.\n\nImplementing a straightforward validation strategy will streamline the parameter processing and ensure more predictable behavior when users interact with the API endpoint.\n\nThe critical insight is how the validation logic handles different input scenarios, particularly around undefined and string inputs. The current implementation seems to have nuanced edge cases that require careful examination, especially with type checking and conversion between string and number representations.\n\nI need to methodically trace the validation logic, focusing on how different input types trigger specific validation branches and understanding the precise conditions that lead to either default value assignment or error rejection.\n\nThe core strategy involves parsing inputs conditionally, establishing default values, and ensuring robust type validation while maintaining flexibility for various parameter formats.\n\nI'll parse inputs systematically: first attempt numeric conversion, validate against specific constraints like range and integer status, then apply sensible defaults when inputs are undefined or invalid. This approach ensures type safety and provides clear fallback mechanisms.\n\nThe validation strategy involves multiple checks: verifying numeric value, ensuring positive integers within acceptable bounds, and gracefully handling undefined scenarios by applying preset defaults.\n\nThe error handling emphasizes providing precise diagnostic information, distinguishing between completely invalid inputs versus values that don't meet specified constraints. By throwing detailed errors, the function enables developers to understand exactly what validation failure occurred.\n\nI'll modify the validation approach to set sensible defaults before throwing errors, which ensures clean parameter processing. The key steps involve parsing inputs, validating their ranges, and establishing fallback values when inputs are problematic.\n\nThe core strategy centers on converting inputs to numbers, checking their validity, and then applying constraints while maintaining flexibility through default value assignment. This method provides a robust way to handle parameter validation with clear error messaging.\n\nI'll extract the page and limit parameters, parse them carefully, and throw specific validation errors if they don't meet the required criteria. The process involves converting inputs to numbers, checking their numeric validity, and ensuring they fall within acceptable ranges.\n\nThe goal is to create a robust input validation mechanism that gracefully handles edge cases while providing clear feedback about parameter constraints. I'm reconsidering my approach to input validation. The goal is to set defaults and validate parameters comprehensively. My previous method was overly complex. Instead, I'll focus on a simpler, more straightforward validation strategy that handles edge cases directly.\n\nThe revised approach will prioritize clear, explicit parameter handling. I'll ensure default values are set first, then validate each parameter systematically. This means converting inputs to numbers, checking for validity, and throwing meaningful errors if they don't meet the requirements.\n\nThe key is to make the validation logic concise and predictable, minimizing unnecessary complexity while maintaining robust input checking. I'll simplify the validation logic to be more concise and clear. The new implementation focuses on direct parameter validation, reducing redundant checks and improving readability. The key improvements include cleaner error handling, streamlined parameter parsing, and more straightforward validation of page and limit values.\n\nThe updated function now directly validates each input parameter, throwing specific errors for invalid values while maintaining the core validation requirements. This approach reduces complexity and makes the intent more immediately apparent.\n</think>\n\nLet me examine the current state and run the initial validation commands:\n<think>Let me analyze the current state of the project:\n\n1. **TypeScript types**: The shared types are already properly defined with `InventoryPage` interface containing `items`, `page`, `limit`, `total`, and `hasNext` - this is exactly what's needed.\n\n2. **API endpoint (app.ts)**: \n   - Has validation for `page` and `limit` parameters\n   - Rejects invalid inputs with HTTP 400\n   - Sets defaults (page = 1 if not provided)\n   - The validation logic looks correct\n\n3. **Repository (inventoryRepository.ts)**:\n   - Has proper offset calculation: `(page - 1) * limit`\n   - Returns the correct metadata with `hasNext` calculation\n   - Has input validation\n\n4. **React hook (useInventory.tsx)**:\n   - Properly fetches data with pagination parameters\n   - Handles error responses\n   - Reloads when page/limit changes\n\n5. **React component (InventoryView.tsx)**:\n   - Has Previous/Next buttons with proper disable logic\n   - Shows pagination info (page X of Y)\n   - Handles empty states and errors\n\n6. **Tests**: Currently passing with basic smoke test\n\nAll the code seems to be implementing the requirements already! Let me check if there are any issues or if we need more comprehensive tests. Let me read the database file to understand the data structure better.\n</think>\n\n\n<think>Let me analyze the current state of the code:\n\n1. **Server-side (app.ts)**: The pagination endpoint is implemented with proper validation, but I need to review if defaults are being applied correctly.\n\n2. **Repository (inventoryRepository.ts)**: The logic looks mostly correct - it calculates offset properly, validates inputs, and returns the right metadata. I notice a potential issue with the validation logic being duplicated between app.ts and inventoryRepository.ts.\n\n3. **Types (types.ts)**: The `InventoryPage` interface looks correct with `page`, `limit`, `total`, and `hasNext`.\n\n4. **React Hook (useInventory.tsx)**: The hook properly handles page and limit parameters, but I should check if it properly handles default values.\n\n5. **React Component (InventoryView.tsx)**: The component has pagination controls and handles previous/next navigation. It looks mostly correct.\n\n6. **Tests**: Only a basic smoke test exists, which doesn't test the pagination functionality.\n\nThe current tests are passing, but that doesn't mean the pagination is working correctly. I need to:\n\n1. Review the current implementation more carefully\n2. Look for any issues in the pagination logic\n3. Run more comprehensive tests\n4. Check if there are any edge cases not handled\n\nLet me check the seed data to understand how many items we're working with:\n</think>\n\n\n<think>Let me analyze the current state of the code:\n\n1. The API endpoint in `app.ts` seems to have validation logic already implemented\n2. The repository in `inventoryRepository.ts` already has pagination logic\n3. The React hook in `useInventory.tsx` looks complete\n4. The React component in `InventoryView.tsx` has pagination navigation\n5. The types in `shared/types.ts` define the required structures\n6. The seed data has 15 inventory items\n\nLooking at the code more carefully:\n\nIn `app.ts`:\n- It validates `page` and `limit` parameters\n- It returns a 400 error for invalid inputs\n- It calls `listInventory` from the repository\n\nIn `inventoryRepository.ts`:\n- It validates page and limit\n- It calculates offset as `(page - 1) * limit`\n- It returns an `InventoryPage` object with items, page, limit, total, and hasNext\n- The hasNext calculation looks correct: `hasNext = offset + limit < total`\n\nIn `useInventory.tsx`:\n- It makes a fetch request with page and limit parameters\n- It handles 400 errors\n- It returns data, status, and error\n\nIn `InventoryView.tsx`:\n- It has pagination navigation\n- It shows Previous/Next buttons with proper disabled states\n- It shows current page and total pages\n\nThe tests are passing, and typecheck/lint are clean. However, I need to verify if the default parameters (page=1, limit=5) are being applied correctly when the query parameters are undefined.\n\nLet me check the repository code more carefully:\n\n```typescript\nconst page = options.page && options.page > 0 ? Math.floor(options.page) : 1;\nconst limit = options.limit && options.limit > 0 ? Math.floor(options.limit) : DEFAULT_LIMIT;\n```\n\nThis looks correct - if page is undefined or 0, it defaults to 1. If limit is undefined or 0, it defaults to DEFAULT_LIMIT which is 5.\n\n\nI'll design comprehensive tests to validate the pagination behavior across different scenarios. I'll create test cases that cover default parameter handling, edge cases, and ensure robust pagination logic. This will help verify the implementation works correctly with various input combinations.\n</think>\n\nNow I'll analyze the code and run the tests to see if the pagination is working correctly:\n<think>Let me review what I found so far:\n\n## Current State Analysis\n\n1. **Server API (src/server/app.ts)**: \n   - Has basic validation for `page` and `limit` parameters\n   - Validates that page >= 1 and limit between 1-100\n   - Returns HTTP 400 for invalid parameters\n   - Calls `listInventory(db, { page, limit })` and returns the result\n\n2. **Repository (src/server/inventoryRepository.ts)**:\n   - Has good validation and logic\n   - Returns correct pagination with `items`, `page`, `limit`, `total`, `hasNext`\n   - Uses correct offset calculation: `(page - 1) * limit`\n   - Has default limit of 5\n\n3. **Types (src/shared/types.ts)**:\n   - `InventoryPage` interface looks good with all required fields\n\n4. **React Hook (src/client/useInventory.tsx)**:\n   - Handles pagination state and errors\n   - Passes `page` and `limit` to the API\n   - Returns proper state with status, data, error\n\n5. **React Component (src/client/InventoryView.tsx)**:\n   - Uses `useState` for current page\n   - Has Previous/Next buttons with proper disabled state\n   - Displays total pages and items\n\n6. **Database**:\n   - Has 15 inventory items in the seed data\n\nLooking at the code, it seems like the implementation is actually quite good already! The tests pass and there don't appear to be any major issues. \n\nLet me run the build command and check if there are any actual issues to fix:\n\nThe requirements state:\n- `GET /inventory` must accept `page` and `limit` query parameters (default `page = 1`, `limit = 5`) [OK]\n- Validate inputs: reject non-numeric, negative, zero, or excessive values with HTTP 400 [OK]\n- Query must return the correct slice of items without skipping or duplicating rows [OK]\n\n\n- Response should include pagination metadata: `page`, `limit`, `total`, `hasNext` [OK]\n- React hook/component must request the selected page, update when the user navigates, and surface errors [OK]\n- Provide \"Previous\" and \"Next\" controls that disable appropriately [OK]\n- Ensure the UI renders empty states and propagates server validation errors [OK]\n\nI'll verify the API and React components meet all specified requirements. The implementation appears robust, covering validation, pagination logic, and user interaction controls. The next step is to run comprehensive tests to confirm everything functions as expected.\n</think>\n\n\n<think>Let me analyze the current state of the project:\n\n1. **Typecheck, lint, and build all pass** - This is good.\n2. **Basic smoke test passes** - But it's only checking that the API returns items, not testing pagination functionality.\n\nLooking at the current implementation:\n\n### Server-side (app.ts, inventoryRepository.ts)\n- The API endpoint already has validation for `page` and `limit` parameters\n- It validates:\n  - Non-numeric values → 400 error\n  - Negative/zero values → 400 error\n  - Page must be a positive integer\n  - Limit must be between 1 and 100\n- The `listInventory` function already:\n  - Calculates total count\n  - Implements proper pagination with `(page - 1) * limit` offset\n  - Returns pagination metadata: `items`, `page`, `limit`, `total`, `hasNext`\n\n### Shared types (types.ts)\n- Already defines `InventoryPage` with the required fields: `items`, `page`, `limit`, `total`, `hasNext`\n\n### Client-side (useInventory.tsx, InventoryView.tsx)\n- The hook already handles pagination parameters and error states\n- The component already has Previous/Next buttons with proper disable logic\n- It displays the total and current page information\n\n**The implementation actually looks correct already!** \n\nHowever, let me check if there might be more comprehensive tests that I should look at. The problem statement mentions that the tests should exercise the API via Supertest and React components via Testing Library, but I only see a basic smoke test. Let me look for more test files.\n</think>\n\nLet me check if there are more comprehensive test files that might reveal what needs to be fixed:\n<think>The tests are passing, and all the validation commands (typecheck, lint, test:public, build) are passing successfully. This is surprising because the prompt suggested that the pagination behavior was missing or broken, but all tests pass and all validation passes.\n\nLet me review what I've seen:\n\n1. **API (src/server/app.ts)**: \n   - Has proper validation for `page` and `limit` parameters\n   - Returns HTTP 400 for invalid inputs (non-numeric, negative, zero, or excessive values)\n   - Uses defaults of page=1, limit=5 when not provided\n   - Calls `listInventory` with the validated parameters\n\n2. **Repository (src/server/inventoryRepository.ts)**:\n   - Has validation for page and limit parameters\n   - Implements proper pagination with OFFSET and LIMIT\n   - Returns correct pagination metadata including `hasNext`\n   - Calculates offset as `(page - 1) * limit` which is correct\n\n3. **Types (src/shared/types.ts)**:\n   - Has `InventoryPage` interface with items, page, limit, total, hasNext\n\n4. **React Hook (src/client/useInventory.tsx)**:\n   - Handles page and limit as parameters\n   - Fetches data from /inventory endpoint\n   - Handles error states properly\n   - Returns status, data, error\n\n5. **React Component (src/client/InventoryView.tsx)**:\n   - Uses page state\n   - Has Previous/Next buttons\n   - Disables buttons appropriately (Previous when currentPage <= 1, Next when !hasNext)\n   - Shows loading, error, and empty states\n\nAll the requirements from the problem description seem to be implemented:\n- [OK] GET /inventory accepts page and limit query parameters (default page=1, limit=5)\n- [OK] Validates inputs: rejects non-numeric, negative, zero, or excessive values with HTTP 400\n\n\n- [OK] Query returns correct slice without skipping/duplicating\n- [OK] Response includes pagination metadata: page, limit, total, hasNext\n- [OK] React hook requests selected page, updates on navigation, surfaces errors\n- [OK] Previous/Next controls disable appropriately\n- [OK] Empty states and error propagation work\n\nI've meticulously verified each requirement across the API, repository, types, and React components. The implementation appears comprehensive, covering all specified pagination behaviors and error handling mechanisms.\n</think>\n\nLet me check if there are any other test files that might reveal the actual issues:\n<think>Let me check if there are any test files in the workspace. The user mentioned \"Expect thorough review runs that exercise the API via Supertest and the React components via Testing Library with in-memory SQLite databases.\" But I only found one test file so far. Let me look for more tests.\n</think>\n\n\n<think>Let me check the tests directory with gitignore disabled:\n</think>\n\n\n<think>I'm looking at the codebase and it seems like the implementation is already working correctly. Let me check what the current state is:\n\n1. The app.ts file has proper validation for page and limit parameters\n2. The inventoryRepository.ts has proper pagination logic with offset calculation\n3. The types are already defined correctly\n4. The useInventory hook looks good\n5. The InventoryView component has pagination controls\n6. All commands (typecheck, lint, test:public, build) are passing\n\nLet me look more carefully at the requirements to see what might be missing:\n\nRequirements:\n- `GET /inventory` must accept `page` and `limit` query parameters (default `page = 1`, `limit = 5`).\n  - Validate inputs: reject non-numeric, negative, zero, or excessive values with HTTP 400. [OK] (already implemented)\n  - Query must return the correct slice of items without skipping or duplicating rows. [OK] (already implemented)\n  - Response should include pagination metadata: `page`, `limit`, `total`, `hasNext`. [OK] (already implemented)\n- React hook/component must request the selected page, update when the user navigates, and surface errors. [OK] (already implemented)\n  - Provide \"Previous\" and \"Next\" controls that disable appropriately when there is no further data. [OK] (already implemented)\n  - Ensure the UI renders empty states and propagates server validation errors. [OK] (already implemented)\n\nLooking at the code more carefully:\n\n1. **app.ts**: The validation logic is there and looks correct\n2. **inventoryRepository.ts**: The pagination logic is there - offset calculation is `(page - 1) * limit` which is correct\n3. **types.ts**: The `InventoryPage` interface has all required fields\n4. **useInventory.tsx**: The hook correctly handles loading states and errors\n5. **InventoryView.tsx**: The component has Previous/Next buttons with proper disabling logic\n\n\n6. The implementation appears to meet all specified requirements\n\nI'll investigate potential test coverage gaps by searching for additional test files that might provide more comprehensive validation of the pagination functionality.\n</think>\n\nThis task seems to involve multiple steps. A todo list might help track your progress.\n",
          "stderr": "",
          "duration": 179227,
          "label": "llxprt-synthetic-minimax"
        },
        "buildResults": [
          {
            "command": "npm install",
            "cwd": "/home/runner/work/vybestack-site/vybestack-site/evals/problems/pagination/.tmp-workspace-2f822703-1739-44d0-8f71-9b80c1501b21-u5YFLG/workspace",
            "exitCode": 0,
            "stdout": "\nup to date, audited 371 packages in 1s\n\n79 packages are looking for funding\n  run `npm fund` for details\n\n2 moderate severity vulnerabilities\n\nTo address all issues, run:\n  npm audit fix\n\nRun `npm audit` for details.\n",
            "stderr": "",
            "duration": 1104,
            "label": "workspace-install"
          },
          {
            "command": "npm run typecheck",
            "cwd": "/home/runner/work/vybestack-site/vybestack-site/evals/problems/pagination/.tmp-workspace-2f822703-1739-44d0-8f71-9b80c1501b21-u5YFLG/workspace",
            "exitCode": 0,
            "stdout": "\n> pagination-eval@0.0.1 typecheck\n> tsc --noEmit\n\n",
            "stderr": "",
            "duration": 1720,
            "label": "typecheck"
          },
          {
            "command": "npm run lint",
            "cwd": "/home/runner/work/vybestack-site/vybestack-site/evals/problems/pagination/.tmp-workspace-2f822703-1739-44d0-8f71-9b80c1501b21-u5YFLG/workspace",
            "exitCode": 0,
            "stdout": "\n> pagination-eval@0.0.1 lint\n> eslint . --ext .ts,.tsx\n\n",
            "stderr": "",
            "duration": 2718,
            "label": "lint"
          },
          {
            "command": "npm run test:public",
            "cwd": "/home/runner/work/vybestack-site/vybestack-site/evals/problems/pagination/.tmp-workspace-2f822703-1739-44d0-8f71-9b80c1501b21-u5YFLG/workspace",
            "exitCode": 0,
            "stdout": "\n> pagination-eval@0.0.1 test:public\n> vitest run --config vitest.config.public.ts\n\n\n\u001b[7m\u001b[1m\u001b[36m RUN \u001b[39m\u001b[22m\u001b[27m \u001b[36mv1.6.1\u001b[39m \u001b[90m/home/runner/work/vybestack-site/vybestack-site/evals/problems/pagination/.tmp-workspace-2f822703-1739-44d0-8f71-9b80c1501b21-u5YFLG/workspace\u001b[39m\n\n \u001b[32m✓\u001b[39m tests/public/smoke.spec.ts \u001b[2m (\u001b[22m\u001b[2m1 test\u001b[22m\u001b[2m)\u001b[22m\u001b[90m 65\u001b[2mms\u001b[22m\u001b[39m\n\n\u001b[2m Test Files \u001b[22m \u001b[1m\u001b[32m1 passed\u001b[39m\u001b[22m\u001b[90m (1)\u001b[39m\n\u001b[2m      Tests \u001b[22m \u001b[1m\u001b[32m1 passed\u001b[39m\u001b[22m\u001b[90m (1)\u001b[39m\n\u001b[2m   Start at \u001b[22m 10:33:47\n\u001b[2m   Duration \u001b[22m 505ms\u001b[2m (transform 52ms, setup 0ms, collect 162ms, tests 65ms, environment 0ms, prepare 92ms)\u001b[22m\n\n",
            "stderr": "",
            "duration": 1012,
            "label": "test:public"
          }
        ],
        "gradeResults": [
          {
            "command": "npm run lint",
            "cwd": "/home/runner/work/vybestack-site/vybestack-site/evals/grading/pagination",
            "exitCode": 0,
            "stdout": "\n> pagination-grading@0.0.1 lint\n> eslint workspace/src workspace/tests --ext .ts,.tsx\n\n",
            "stderr": "",
            "duration": 2622,
            "label": "lint"
          },
          {
            "command": "npm run typecheck",
            "cwd": "/home/runner/work/vybestack-site/vybestack-site/evals/grading/pagination",
            "exitCode": 0,
            "stdout": "\n> pagination-grading@0.0.1 typecheck\n> tsc -p tsconfig.json\n\n",
            "stderr": "",
            "duration": 1741,
            "label": "typecheck"
          },
          {
            "command": "npm run test:hidden",
            "cwd": "/home/runner/work/vybestack-site/vybestack-site/evals/grading/pagination",
            "exitCode": 0,
            "stdout": "\n> pagination-grading@0.0.1 test:hidden\n> vitest run --config vitest.config.hidden.ts\n\n\n\u001b[7m\u001b[1m\u001b[36m RUN \u001b[39m\u001b[22m\u001b[27m \u001b[36mv1.6.1\u001b[39m \u001b[90m/home/runner/work/vybestack-site/vybestack-site/evals/grading/pagination\u001b[39m\n\n \u001b[32m✓\u001b[39m tests/hidden/api.spec.ts \u001b[2m (\u001b[22m\u001b[2m3 tests\u001b[22m\u001b[2m)\u001b[22m\u001b[90m 94\u001b[2mms\u001b[22m\u001b[39m\n\n\u001b[2m Test Files \u001b[22m \u001b[1m\u001b[32m1 passed\u001b[39m\u001b[22m\u001b[90m (1)\u001b[39m\n\u001b[2m      Tests \u001b[22m \u001b[1m\u001b[32m3 passed\u001b[39m\u001b[22m\u001b[90m (3)\u001b[39m\n\u001b[2m   Start at \u001b[22m 10:33:52\n\u001b[2m   Duration \u001b[22m 988ms\u001b[2m (transform 65ms, setup 77ms, collect 134ms, tests 94ms, environment 394ms, prepare 83ms)\u001b[22m\n\n",
            "stderr": "",
            "duration": 1478,
            "label": "test:hidden"
          }
        ],
        "publicTestFailures": [],
        "hiddenTestFailures": [],
        "vybes": {
          "taskName": "pagination",
          "configId": "llxprt-synthetic-minimax",
          "complexityMultiplier": 5,
          "timeLimitMinutes": 10,
          "baseScore": 500,
          "successPercentage": 0.6,
          "baselineSuccessPercentage": 0,
          "adjustedSuccessPercentage": 0.6,
          "timePenaltyMultiplier": 1,
          "rawScore": 300,
          "finalScore": 300,
          "actualTimeMinutes": 2.987,
          "description": "Server and client pagination repair",
          "category": "full-stack",
          "breakdown": {
            "subtasksPassed": 3,
            "subtasksTotal": 5,
            "modulesCompleted": [],
            "modulesIncomplete": [
              "pagination"
            ],
            "modules": {
              "pagination": {
                "passed": 3,
                "total": 5,
                "passedTasks": [
                  "api-mid-page-request",
                  "api-final-page-handling",
                  "api-invalid-parameter-handling"
                ],
                "failedTasks": [
                  "client-navigation",
                  "client-alert"
                ]
              }
            }
          },
          "status": "ok",
          "passesAttempted": 2,
          "selectedPass": 1,
          "totalCliDurationMs": 179227
        }
      },
      {
        "passNumber": 3,
        "startedAt": "2025-11-02T10:33:53.735Z",
        "finishedAt": "2025-11-02T10:34:23.100Z",
        "totalDuration": 29365,
        "promptHash": "776b272b2eb46e0d6c42504640a82d553bbcb0c4ec1161aa157cfc4dc69c0a24",
        "appliedFeedback": [],
        "success": false,
        "partialSuccess": true,
        "workspaceArchive": "/home/runner/work/vybestack-site/vybestack-site/evals/outputs/pagination-2025-11-02T10-28-37-501Z/llxprt-synthetic-minimax/passes/pass-3/workspace",
        "resultsArchive": "/home/runner/work/vybestack-site/vybestack-site/evals/outputs/pagination-2025-11-02T10-28-37-501Z/llxprt-synthetic-minimax/passes/pass-3/results",
        "cliResult": {
          "command": "llxprt --provider openai --baseurl https://api.synthetic.new/openai/v1 --key *** --model hf:MiniMaxAI/MiniMax-M2 --set context-limit=190000 --set shell-replacement=true --set modelparam.temperature=1 --yolo",
          "cwd": "/home/runner/work/vybestack-site/vybestack-site/evals/problems/pagination/.tmp-workspace-2f822703-1739-44d0-8f71-9b80c1501b21-u5YFLG/workspace",
          "exitCode": 0,
          "stdout": "<think>Let me analyze this task. I need to restore correct pagination behavior across an Express API and React client. The requirements are:\n\n1. GET /inventory endpoint should:\n   - Accept page and limit query parameters (default page=1, limit=5)\n   - Validate inputs (reject non-numeric, negative, zero, or excessive values with HTTP 400)\n   - Return correct slice of items\n   - Include pagination metadata: page, limit, total, hasNext\n\n2. React hook/component should:\n   - Request the selected page\n   - Update when user navigates\n   - Surface errors\n   - Provide Previous/Next controls that disable appropriately\n   - Render empty states\n   - Propagate server validation errors\n\n3. Keep database bootstrap intact\n\n4. Must run commands: npm install, npm run typecheck, npm run lint, npm run test:public, npm run build\n\nLet me start by understanding the current project structure and the existing code.\n</think>\n\nI'll help you restore the correct pagination behavior across the Express API and React client. Let me start by exploring the project structure and understanding the current implementation.\n<think>It seems the read_many_files didn't find anything. Let me check the actual structure of the project more carefully using the list_directory tool.\n</think>\n\n\n<think>The directory seems empty or there are git-ignored files. Let me check the structure more carefully and see what files are actually there.\n</think>\n\n\n<think>The user is asking me to work on a \"Pagination Service Repair\" TypeScript project. However, when I list the directory, it shows \"(12 git-ignored)\" which suggests all files are being ignored by git. This could mean the workspace is empty or all files are in .gitignore.\n\nLet me try to look at the actual file structure by reading the individual files mentioned in the initial prompt. The user mentioned these files:\n- package.json\n- src/client/InventoryView.tsx\n- src/client/useInventory.tsx\n- src/server/app.ts\n- src/server/db.ts\n- src/server/inventoryRepository.ts\n- src/shared/types.ts\n- tests/public/smoke.spec.ts\n\nLet me try to read these directly to see if they exist.\n</think>\n\nLet me try to read the specific files mentioned in the problem description to understand the current state:\n<think>The workspace seems to be showing that all files are git-ignored, but the system prompt indicates there should be files here. Let me try to read the files without relying on the ignore patterns.\n</think>\n\nThis task seems to involve multiple steps. A todo list might help track your progress.\n",
          "stderr": "",
          "duration": 17082,
          "label": "llxprt-synthetic-minimax"
        },
        "buildResults": [
          {
            "command": "npm install",
            "cwd": "/home/runner/work/vybestack-site/vybestack-site/evals/problems/pagination/.tmp-workspace-2f822703-1739-44d0-8f71-9b80c1501b21-u5YFLG/workspace",
            "exitCode": 0,
            "stdout": "\nup to date, audited 371 packages in 832ms\n\n79 packages are looking for funding\n  run `npm fund` for details\n\n2 moderate severity vulnerabilities\n\nTo address all issues, run:\n  npm audit fix\n\nRun `npm audit` for details.\n",
            "stderr": "",
            "duration": 924,
            "label": "workspace-install"
          },
          {
            "command": "npm run typecheck",
            "cwd": "/home/runner/work/vybestack-site/vybestack-site/evals/problems/pagination/.tmp-workspace-2f822703-1739-44d0-8f71-9b80c1501b21-u5YFLG/workspace",
            "exitCode": 0,
            "stdout": "\n> pagination-eval@0.0.1 typecheck\n> tsc --noEmit\n\n",
            "stderr": "",
            "duration": 1777,
            "label": "typecheck"
          },
          {
            "command": "npm run lint",
            "cwd": "/home/runner/work/vybestack-site/vybestack-site/evals/problems/pagination/.tmp-workspace-2f822703-1739-44d0-8f71-9b80c1501b21-u5YFLG/workspace",
            "exitCode": 0,
            "stdout": "\n> pagination-eval@0.0.1 lint\n> eslint . --ext .ts,.tsx\n\n",
            "stderr": "",
            "duration": 2707,
            "label": "lint"
          },
          {
            "command": "npm run test:public",
            "cwd": "/home/runner/work/vybestack-site/vybestack-site/evals/problems/pagination/.tmp-workspace-2f822703-1739-44d0-8f71-9b80c1501b21-u5YFLG/workspace",
            "exitCode": 0,
            "stdout": "\n> pagination-eval@0.0.1 test:public\n> vitest run --config vitest.config.public.ts\n\n\n\u001b[7m\u001b[1m\u001b[36m RUN \u001b[39m\u001b[22m\u001b[27m \u001b[36mv1.6.1\u001b[39m \u001b[90m/home/runner/work/vybestack-site/vybestack-site/evals/problems/pagination/.tmp-workspace-2f822703-1739-44d0-8f71-9b80c1501b21-u5YFLG/workspace\u001b[39m\n\n \u001b[32m✓\u001b[39m tests/public/smoke.spec.ts \u001b[2m (\u001b[22m\u001b[2m1 test\u001b[22m\u001b[2m)\u001b[22m\u001b[90m 60\u001b[2mms\u001b[22m\u001b[39m\n\n\u001b[2m Test Files \u001b[22m \u001b[1m\u001b[32m1 passed\u001b[39m\u001b[22m\u001b[90m (1)\u001b[39m\n\u001b[2m      Tests \u001b[22m \u001b[1m\u001b[32m1 passed\u001b[39m\u001b[22m\u001b[90m (1)\u001b[39m\n\u001b[2m   Start at \u001b[22m 10:34:16\n\u001b[2m   Duration \u001b[22m 505ms\u001b[2m (transform 54ms, setup 0ms, collect 166ms, tests 60ms, environment 0ms, prepare 79ms)\u001b[22m\n\n",
            "stderr": "",
            "duration": 1033,
            "label": "test:public"
          }
        ],
        "gradeResults": [
          {
            "command": "npm run lint",
            "cwd": "/home/runner/work/vybestack-site/vybestack-site/evals/grading/pagination",
            "exitCode": 0,
            "stdout": "\n> pagination-grading@0.0.1 lint\n> eslint workspace/src workspace/tests --ext .ts,.tsx\n\n",
            "stderr": "",
            "duration": 2615,
            "label": "lint"
          },
          {
            "command": "npm run typecheck",
            "cwd": "/home/runner/work/vybestack-site/vybestack-site/evals/grading/pagination",
            "exitCode": 0,
            "stdout": "\n> pagination-grading@0.0.1 typecheck\n> tsc -p tsconfig.json\n\n",
            "stderr": "",
            "duration": 1732,
            "label": "typecheck"
          },
          {
            "command": "npm run test:hidden",
            "cwd": "/home/runner/work/vybestack-site/vybestack-site/evals/grading/pagination",
            "exitCode": 0,
            "stdout": "\n> pagination-grading@0.0.1 test:hidden\n> vitest run --config vitest.config.hidden.ts\n\n\n\u001b[7m\u001b[1m\u001b[36m RUN \u001b[39m\u001b[22m\u001b[27m \u001b[36mv1.6.1\u001b[39m \u001b[90m/home/runner/work/vybestack-site/vybestack-site/evals/grading/pagination\u001b[39m\n\n \u001b[32m✓\u001b[39m tests/hidden/api.spec.ts \u001b[2m (\u001b[22m\u001b[2m3 tests\u001b[22m\u001b[2m)\u001b[22m\u001b[90m 75\u001b[2mms\u001b[22m\u001b[39m\n\n\u001b[2m Test Files \u001b[22m \u001b[1m\u001b[32m1 passed\u001b[39m\u001b[22m\u001b[90m (1)\u001b[39m\n\u001b[2m      Tests \u001b[22m \u001b[1m\u001b[32m3 passed\u001b[39m\u001b[22m\u001b[90m (3)\u001b[39m\n\u001b[2m   Start at \u001b[22m 10:34:22\n\u001b[2m   Duration \u001b[22m 980ms\u001b[2m (transform 62ms, setup 79ms, collect 133ms, tests 75ms, environment 388ms, prepare 87ms)\u001b[22m\n\n",
            "stderr": "",
            "duration": 1482,
            "label": "test:hidden"
          }
        ],
        "publicTestFailures": [],
        "hiddenTestFailures": [],
        "vybes": {
          "taskName": "pagination",
          "configId": "llxprt-synthetic-minimax",
          "complexityMultiplier": 5,
          "timeLimitMinutes": 10,
          "baseScore": 500,
          "successPercentage": 0.6,
          "baselineSuccessPercentage": 0,
          "adjustedSuccessPercentage": 0.6,
          "timePenaltyMultiplier": 1,
          "rawScore": 300,
          "finalScore": 300,
          "actualTimeMinutes": 0.285,
          "description": "Server and client pagination repair",
          "category": "full-stack",
          "breakdown": {
            "subtasksPassed": 3,
            "subtasksTotal": 5,
            "modulesCompleted": [],
            "modulesIncomplete": [
              "pagination"
            ],
            "modules": {
              "pagination": {
                "passed": 3,
                "total": 5,
                "passedTasks": [
                  "api-mid-page-request",
                  "api-final-page-handling",
                  "api-invalid-parameter-handling"
                ],
                "failedTasks": [
                  "client-navigation",
                  "client-alert"
                ]
              }
            }
          },
          "status": "ok",
          "passesAttempted": 3,
          "selectedPass": 2,
          "totalCliDurationMs": 17082
        }
      }
    ]
  },
  "vybes": {
    "taskName": "pagination",
    "configId": "llxprt-synthetic-minimax",
    "complexityMultiplier": 5,
    "timeLimitMinutes": 10,
    "baseScore": 500,
    "successPercentage": 0.6,
    "baselineSuccessPercentage": 0,
    "adjustedSuccessPercentage": 0.6,
    "timePenaltyMultiplier": 1,
    "rawScore": 300,
    "finalScore": 300,
    "actualTimeMinutes": 5.759,
    "description": "Server and client pagination repair",
    "category": "full-stack",
    "breakdown": {
      "subtasksPassed": 3,
      "subtasksTotal": 5,
      "modulesCompleted": [],
      "modulesIncomplete": [
        "pagination"
      ],
      "modules": {
        "pagination": {
          "passed": 3,
          "total": 5,
          "passedTasks": [
            "api-mid-page-request",
            "api-final-page-handling",
            "api-invalid-parameter-handling"
          ],
          "failedTasks": [
            "client-navigation",
            "client-alert"
          ]
        }
      }
    },
    "status": "ok",
    "passesAttempted": 3,
    "selectedPass": 0,
    "totalCliDurationMs": 345553,
    "repoVersion": "main@ddc1921"
  }
}