{
  "evalName": "report-builder",
  "configId": "llxprt-synthetic-minimax",
  "startedAt": "2025-11-03T14:34:25.264Z",
  "finishedAt": "2025-11-03T14:34:25.264Z",
  "status": "pass",
  "totalDuration": 136874,
  "totalCliDuration": 136837,
  "commands": [
    {
      "name": "llxprt-synthetic-minimax",
      "command": "llxprt --provider openai --baseurl https://api.synthetic.new/openai/v1 --key *** --model hf:MiniMaxAI/MiniMax-M2 --set context-limit=190000 --set shell-replacement=true --set modelparam.temperature=1 --yolo",
      "cwd": "/home/runner/work/vybestack-site/vybestack-site/evals/problems/report-builder/.tmp-workspace-5fde4ae2-0605-4013-ba83-a7ec8eb2d1bb-SyXKgI/workspace",
      "exitCode": 0,
      "stdout": "<think>This is a TypeScript CLI project for a report builder. Let me break down the requirements:\n\n1. **Entry point**: `src/cli/report.ts` that compiles to `dist/cli/report.js`\n2. **CLI usage**: `node dist/cli/report.js <data.json> --format <format> [--output <path>] [--includeTotals]`\n3. **Formats**: `markdown` and `text` (reject unknown with \"Unsupported format\")\n4. **Output**: stdout unless `--output` is provided\n5. **Data model**: based on `fixtures/data.json` with title, summary, entries (label, amount), compute totals\n6. **Formatting rules**: specific markdown and text formats with bullet lists and totals\n7. **Structure**: modular formatters under `src/formats/`\n8. **Constraints**: no third-party parsers, only built-in Node modules, no dependency changes\n9. **Quality**: run lint, typecheck, test, build and fix any issues\n\nLet me start by understanding the current project structure and then plan the implementation.\n\nFirst, I should:\n1. Read the existing files to understand the current state\n2. Check the data schema in fixtures\n3. Plan the implementation\n4. Create the todo list\n5. Implement step by step\n</think>\n\nI'll help you implement the Report Builder CLI project. Let me start by understanding the current project structure and requirements.\n<think>Let me try reading the files using absolute paths. First, I need to understand the file structure better.\n</think>\n\n\n<think>Let me try reading the files one by one to understand the structure.\n</think>\n\n\n<think>Now I understand the task better. Let me analyze what needs to be done:\n\n1. I need to create a CLI tool in TypeScript that reads JSON data and renders reports\n2. The entry point should be `src/cli/report.ts`\n3. I need to create formatter modules in `src/formats/` (at least `markdown.ts` and `text.ts`)\n4. The tool should support `markdown` and `text` formats\n5. It should accept arguments: `<data.json> --format <format> [--output <path>] [--includeTotals]`\n6. I need to validate the JSON input and compute totals\n7. I must use only built-in Node APIs\n8. TypeScript imports should use `.js` extensions\n9. I need to maintain strict TypeScript/ESLint/Prettier rules\n10. Finally, I need to run lint, typecheck, test, and build\n\nLet me check the existing structure and then create a todo list to track my progress.\n</think>\n\n\n<think>Now I understand the task. I need to create a Report Builder CLI tool in TypeScript. Let me break down what I need to do:\n\n1. Create the main CLI entry point at `src/cli/report.ts`\n2. Create formatter modules at `src/formats/markdown.ts` and `src/formats/text.ts`\n3. Create shared types/interfaces\n4. Implement the CLI logic to:\n   - Parse command line arguments using Node's built-in modules\n   - Read and validate JSON data from a file\n   - Route to the appropriate formatter\n   - Handle errors appropriately\n5. Build and test the implementation\n\nLet me create a todo list to track this work, then start implementing.\n\nKey requirements:\n- Use only built-in Node APIs (no external dependencies)\n- TypeScript imports must use .js extensions for proper NodeNext resolution\n- Support markdown and text formats\n- Handle --format, --output, --includeTotals flags\n- Render amounts with 2 decimal places, no thousands separators\n- Compute totals when --includeTotals is provided\n- Validate input and report helpful errors\n\nThe data structure is:\n```json\n{\n  \"title\": \"Quarterly Financial Summary\",\n  \"summary\": \"Highlights include record revenue...\",\n  \"entries\": [\n    { \"label\": \"North Region\", \"amount\": 12345.67 },\n    { \"label\": \"South Region\", \"amount\": 23456.78 },\n    { \"label\": \"West Region\", \"amount\": 34567.89 }\n  ]\n}\n```\n\nFor markdown format:\n```\n# <title>\n\n<summary>\n\n## Entries\n\n- **<label>** — $<amount>\n...\n\n**Total:** $<amount> (if --includeTotals)\n```\n\nFor text format:\n```\n<title>\n\n<summary>\n\nEntries:\n- <label>: $<amount>\n...\n\nTotal: $<amount> (if --includeTotals)\n```\n\n\nI'll outline a systematic approach to develop this CLI tool. The implementation requires careful planning across multiple dimensions. I'll focus on creating modular, type-safe components that meet all specified requirements. Each step demands precise attention to formatting, error handling, and type safety.\n\nThe todo list will help me track the implementation systematically. I'll break down the work into clear, actionable tasks that cover all aspects of the project - from type definitions to final testing.\n</think>\n\n\n<think>Good! I've created a comprehensive todo list to track the progress. Now let me start implementing the solution step by step.\n\nFirst, I need to create the shared TypeScript interfaces for report data and CLI options. This will be the foundation for the rest of the code.\n\nLooking at the data structure from fixtures/data.json, I can see:\n- title: string\n- summary: string\n- entries: array of objects with label (string) and amount (number)\n\nI'll create this in a types file or interfaces file. Let me check the existing structure first.\n</think>\n\nI understand the task! I need to implement a Report Builder CLI in TypeScript that:\n1. Reads structured JSON data\n2. Renders markdown or text reports\n3. Supports modular formatters\n4. Uses only built-in Node APIs\n\nLet me start by creating the necessary files. First, I'll check the existing directory structure and then implement the solution step by step.\n<think>Now I understand the task. I need to:\n1. Create a TypeScript CLI tool that reads JSON data and renders reports\n2. The CLI should support markdown and text formats\n3. It should handle totals and output options\n4. Use only built-in Node APIs\n5. Keep formatters modular\n6. Ensure TypeScript imports use .js extensions for NodeNext compatibility\n\nLet me start by creating the shared interfaces and then build the formatter modules.\n\nFirst, let me create a shared types file for the interfaces.\n</think>\n\nNow I'll implement the Report Builder CLI. Let me start by creating the shared TypeScript interfaces and then build the modular formatter components.\n<think>Good! I've created the types.ts file with the necessary interfaces. Now I need to create the formatter files. Let me update the todo and continue with creating the markdown formatter.\n</think>\n\n\n<think>Good! I've created the shared types. Now I need to create the markdown formatter. Let me create src/formats/markdown.ts with the renderMarkdown function.\n\nLooking at the requirements:\n- Markdown format: print `# <title>`, blank line, summary, blank line, `## Entries`, bullet list `- **<label>** — $<amount>`, optional final `**Total:** $<amount>` when `--includeTotals` is provided.\n- Render amounts exactly as `$12345.67` (two decimal places, no thousands separators)\n\nI need to import the types from types.ts using .js extension as mentioned in the requirements.\n</think>\n\n\n<think>Good, I created the markdown formatter. Now I need to create the text formatter. Let me update the todo list and then create the text formatter.\n</think>\n\n\n<think>Now I need to create the text formatter. Looking at the requirements:\n- Text format: print title, summary, `Entries:` heading, bullet list `- <label>: $<amount>`, optional `Total: $<amount>` when totals are requested.\n- Render amounts exactly as `$12345.67` (two decimal places, no thousands separators)\n</think>\n\n\n<think>Now I'll create the index.ts file for the formats module that exports the formatter interface and a map of available formatters.\n</think>\n\n\n<think>Now I need to create the main CLI report.ts file. This needs to:\n1. Parse command-line arguments using Node's standard library (no third-party parsers)\n2. Read and validate the JSON file\n3. Call the appropriate formatter\n4. Write to stdout or a file\n5. Handle errors properly\n\nLet me create this file with proper argument parsing using process.argv.\n</think>\n\n\n<think>Good! Now let me update the todos and run the verification commands. First, let me check if the test file exists to understand what tests we need to pass.\n</think>\n\nLet me verify the tests before running the build and lint commands.\n<think>The test file is just a placeholder, so it won't give me much feedback. Let me proceed with the next steps. I should mark the current task as completed and move to running typecheck, then lint, then build, and finally test the CLI.\n</think>\n\n\n<think>The user wants me to continue with the task. I've implemented all the required files:\n\n1. [OK] Created shared TypeScript interfaces in `src/types.ts`\n2. [OK] Created `src/formats/markdown.ts` with renderMarkdown function\n3. [OK] Created `src/formats/text.ts` with renderText function\n4. [OK] Created `src/formats/index.ts` to export formatter interface and map\n5. [OK] Implemented `src/cli/report.ts` with argument parsing and main logic\n\nNow I need to run the verification commands:\n- npm run typecheck\n- npm run lint\n- npm run test:public\n- npm run build\n- Test the CLI with the actual command\n\nLet me proceed with running typecheck first.\n</think>\n\nI'll continue by running the verification commands to ensure everything is working correctly. Let me start with typecheck.\n<think>Great! TypeScript compilation passed. Now let's run the linter.\n</think>\n\nThis task seems to involve multiple steps. A todo list might help track your progress.\n",
      "stderr": "",
      "duration": 122013,
      "success": true
    },
    {
      "name": "workspace-install",
      "command": "npm install",
      "cwd": "/home/runner/work/vybestack-site/vybestack-site/evals/problems/report-builder/.tmp-workspace-5fde4ae2-0605-4013-ba83-a7ec8eb2d1bb-SyXKgI/workspace",
      "exitCode": 0,
      "stdout": "\nadded 202 packages, and audited 203 packages in 5s\n\n60 packages are looking for funding\n  run `npm fund` for details\n\n4 moderate severity vulnerabilities\n\nTo address all issues (including breaking changes), run:\n  npm audit fix --force\n\nRun `npm audit` for details.\n",
      "stderr": "npm warn deprecated inflight@1.0.6: This module is not supported, and leaks memory. Do not use it. Check out lru-cache if you want a good and tested way to coalesce async requests by a key value, which is much more comprehensive and powerful.\nnpm warn deprecated @humanwhocodes/config-array@0.13.0: Use @eslint/config-array instead\nnpm warn deprecated rimraf@3.0.2: Rimraf versions prior to v4 are no longer supported\nnpm warn deprecated glob@7.2.3: Glob versions prior to v9 are no longer supported\nnpm warn deprecated @humanwhocodes/object-schema@2.0.3: Use @eslint/object-schema instead\nnpm warn deprecated eslint@8.57.1: This version is no longer supported. Please see https://eslint.org/version-support for other options.\n",
      "duration": 4633,
      "success": true
    },
    {
      "name": "typecheck",
      "command": "npm run typecheck",
      "cwd": "/home/runner/work/vybestack-site/vybestack-site/evals/problems/report-builder/.tmp-workspace-5fde4ae2-0605-4013-ba83-a7ec8eb2d1bb-SyXKgI/workspace",
      "exitCode": 0,
      "stdout": "\n> report-builder-eval@0.0.1 typecheck\n> tsc --noEmit\n\n",
      "stderr": "",
      "duration": 1117,
      "success": true
    },
    {
      "name": "lint",
      "command": "npm run lint",
      "cwd": "/home/runner/work/vybestack-site/vybestack-site/evals/problems/report-builder/.tmp-workspace-5fde4ae2-0605-4013-ba83-a7ec8eb2d1bb-SyXKgI/workspace",
      "exitCode": 0,
      "stdout": "\n> report-builder-eval@0.0.1 lint\n> eslint . --ext .ts\n\n",
      "stderr": "",
      "duration": 1050,
      "success": true
    },
    {
      "name": "test:public",
      "command": "npm run test:public",
      "cwd": "/home/runner/work/vybestack-site/vybestack-site/evals/problems/report-builder/.tmp-workspace-5fde4ae2-0605-4013-ba83-a7ec8eb2d1bb-SyXKgI/workspace",
      "exitCode": 0,
      "stdout": "\n> report-builder-eval@0.0.1 test:public\n> vitest run --config vitest.config.public.ts\n\n\n\u001b[7m\u001b[1m\u001b[36m RUN \u001b[39m\u001b[22m\u001b[27m \u001b[36mv1.6.1\u001b[39m \u001b[90m/home/runner/work/vybestack-site/vybestack-site/evals/problems/report-builder/.tmp-workspace-5fde4ae2-0605-4013-ba83-a7ec8eb2d1bb-SyXKgI/workspace\u001b[39m\n\n \u001b[32m✓\u001b[39m tests/public/renderReport.spec.ts \u001b[2m (\u001b[22m\u001b[2m1 test\u001b[22m\u001b[2m)\u001b[22m\u001b[90m 2\u001b[2mms\u001b[22m\u001b[39m\n\n\u001b[2m Test Files \u001b[22m \u001b[1m\u001b[32m1 passed\u001b[39m\u001b[22m\u001b[90m (1)\u001b[39m\n\u001b[2m      Tests \u001b[22m \u001b[1m\u001b[32m1 passed\u001b[39m\u001b[22m\u001b[90m (1)\u001b[39m\n\u001b[2m   Start at \u001b[22m 14:34:17\n\u001b[2m   Duration \u001b[22m 294ms\u001b[2m (transform 26ms, setup 0ms, collect 18ms, tests 2ms, environment 0ms, prepare 84ms)\u001b[22m\n\n",
      "stderr": "",
      "duration": 745,
      "success": true
    },
    {
      "name": "build",
      "command": "npm run build",
      "cwd": "/home/runner/work/vybestack-site/vybestack-site/evals/problems/report-builder/.tmp-workspace-5fde4ae2-0605-4013-ba83-a7ec8eb2d1bb-SyXKgI/workspace",
      "exitCode": 0,
      "stdout": "\n> report-builder-eval@0.0.1 build\n> tsc -p tsconfig.json\n\n",
      "stderr": "",
      "duration": 1140,
      "success": true
    },
    {
      "name": "workspace-install",
      "command": "npm install",
      "cwd": "/home/runner/work/vybestack-site/vybestack-site/evals/grading/report-builder",
      "exitCode": 0,
      "stdout": "\nup to date, audited 204 packages in 630ms\n\n60 packages are looking for funding\n  run `npm fund` for details\n\n2 moderate severity vulnerabilities\n\nTo address all issues, run:\n  npm audit fix\n\nRun `npm audit` for details.\n",
      "stderr": "",
      "duration": 728,
      "success": true
    },
    {
      "name": "workspace-install-subdir",
      "command": "npm --prefix workspace install",
      "cwd": "/home/runner/work/vybestack-site/vybestack-site/evals/grading/report-builder",
      "exitCode": 0,
      "stdout": "\nadded 203 packages, and audited 204 packages in 2s\n\n60 packages are looking for funding\n  run `npm fund` for details\n\n4 moderate severity vulnerabilities\n\nTo address all issues (including breaking changes), run:\n  npm audit fix --force\n\nRun `npm audit` for details.\n",
      "stderr": "npm warn deprecated inflight@1.0.6: This module is not supported, and leaks memory. Do not use it. Check out lru-cache if you want a good and tested way to coalesce async requests by a key value, which is much more comprehensive and powerful.\nnpm warn deprecated @humanwhocodes/config-array@0.13.0: Use @eslint/config-array instead\nnpm warn deprecated rimraf@3.0.2: Rimraf versions prior to v4 are no longer supported\nnpm warn deprecated glob@7.2.3: Glob versions prior to v9 are no longer supported\nnpm warn deprecated @humanwhocodes/object-schema@2.0.3: Use @eslint/object-schema instead\nnpm warn deprecated eslint@8.57.1: This version is no longer supported. Please see https://eslint.org/version-support for other options.\n",
      "duration": 1787,
      "success": true
    },
    {
      "name": "workspace-build-subdir",
      "command": "npm --prefix workspace run build",
      "cwd": "/home/runner/work/vybestack-site/vybestack-site/evals/grading/report-builder",
      "exitCode": 0,
      "stdout": "\n> report-builder-eval@0.0.1 build\n> tsc -p tsconfig.json\n\n",
      "stderr": "",
      "duration": 1139,
      "success": true
    },
    {
      "name": "typecheck",
      "command": "npm run typecheck",
      "cwd": "/home/runner/work/vybestack-site/vybestack-site/evals/grading/report-builder",
      "exitCode": 0,
      "stdout": "\n> report-builder-grading@0.0.1 typecheck\n> tsc -p tsconfig.json\n\n",
      "stderr": "",
      "duration": 1300,
      "success": true
    },
    {
      "name": "test:hidden",
      "command": "npm run test:hidden",
      "cwd": "/home/runner/work/vybestack-site/vybestack-site/evals/grading/report-builder",
      "exitCode": 0,
      "stdout": "\n> report-builder-grading@0.0.1 test:hidden\n> vitest run --config vitest.config.hidden.ts\n\n\n\u001b[7m\u001b[1m\u001b[36m RUN \u001b[39m\u001b[22m\u001b[27m \u001b[36mv1.6.1\u001b[39m \u001b[90m/home/runner/work/vybestack-site/vybestack-site/evals/grading/report-builder\u001b[39m\n\n \u001b[32m✓\u001b[39m tests/hidden/package.spec.ts \u001b[2m (\u001b[22m\u001b[2m1 test\u001b[22m\u001b[2m)\u001b[22m\u001b[90m 5\u001b[2mms\u001b[22m\u001b[39m\n \u001b[32m✓\u001b[39m tests/hidden/render.spec.ts \u001b[2m (\u001b[22m\u001b[2m5 tests\u001b[22m\u001b[2m)\u001b[22m\u001b[90m 188\u001b[2mms\u001b[22m\u001b[39m\n\n\u001b[2m Test Files \u001b[22m \u001b[1m\u001b[32m2 passed\u001b[39m\u001b[22m\u001b[90m (2)\u001b[39m\n\u001b[2m      Tests \u001b[22m \u001b[1m\u001b[32m6 passed\u001b[39m\u001b[22m\u001b[90m (6)\u001b[39m\n\u001b[2m   Start at \u001b[22m 14:34:24\n\u001b[2m   Duration \u001b[22m 517ms\u001b[2m (transform 64ms, setup 0ms, collect 92ms, tests 193ms, environment 0ms, prepare 218ms)\u001b[22m\n\n",
      "stderr": "",
      "duration": 973,
      "success": true
    }
  ],
  "workspaceArchive": "/home/runner/work/vybestack-site/vybestack-site/evals/outputs/report-builder-2025-11-03T14-32-08-382Z/llxprt-synthetic-minimax/workspace",
  "runSessionId": "838ec21d-94a0-45df-8f96-d6928840b97f",
  "runSessionStartedAt": "2025-11-03T12:44:13.599Z",
  "repoVersion": "main@bb10b6b",
  "multipass": {
    "enabled": true,
    "selectedPass": 0,
    "maxPasses": 3,
    "totalCliDuration": 136837,
    "passCount": 1,
    "feedback": [],
    "passes": [
      {
        "passNumber": 1,
        "startedAt": "2025-11-03T14:32:08.389Z",
        "finishedAt": "2025-11-03T14:34:25.226Z",
        "totalDuration": 136837,
        "promptHash": "d2f5b41ce7ad6b14294f2dea47902d1baafbe2664984979a83b0e3474a16646d",
        "appliedFeedback": [],
        "success": true,
        "partialSuccess": false,
        "workspaceArchive": "/home/runner/work/vybestack-site/vybestack-site/evals/outputs/report-builder-2025-11-03T14-32-08-382Z/llxprt-synthetic-minimax/passes/pass-1/workspace",
        "resultsArchive": "/home/runner/work/vybestack-site/vybestack-site/evals/outputs/report-builder-2025-11-03T14-32-08-382Z/llxprt-synthetic-minimax/passes/pass-1/results",
        "cliResult": {
          "command": "llxprt --provider openai --baseurl https://api.synthetic.new/openai/v1 --key *** --model hf:MiniMaxAI/MiniMax-M2 --set context-limit=190000 --set shell-replacement=true --set modelparam.temperature=1 --yolo",
          "cwd": "/home/runner/work/vybestack-site/vybestack-site/evals/problems/report-builder/.tmp-workspace-5fde4ae2-0605-4013-ba83-a7ec8eb2d1bb-SyXKgI/workspace",
          "exitCode": 0,
          "stdout": "<think>This is a TypeScript CLI project for a report builder. Let me break down the requirements:\n\n1. **Entry point**: `src/cli/report.ts` that compiles to `dist/cli/report.js`\n2. **CLI usage**: `node dist/cli/report.js <data.json> --format <format> [--output <path>] [--includeTotals]`\n3. **Formats**: `markdown` and `text` (reject unknown with \"Unsupported format\")\n4. **Output**: stdout unless `--output` is provided\n5. **Data model**: based on `fixtures/data.json` with title, summary, entries (label, amount), compute totals\n6. **Formatting rules**: specific markdown and text formats with bullet lists and totals\n7. **Structure**: modular formatters under `src/formats/`\n8. **Constraints**: no third-party parsers, only built-in Node modules, no dependency changes\n9. **Quality**: run lint, typecheck, test, build and fix any issues\n\nLet me start by understanding the current project structure and then plan the implementation.\n\nFirst, I should:\n1. Read the existing files to understand the current state\n2. Check the data schema in fixtures\n3. Plan the implementation\n4. Create the todo list\n5. Implement step by step\n</think>\n\nI'll help you implement the Report Builder CLI project. Let me start by understanding the current project structure and requirements.\n<think>Let me try reading the files using absolute paths. First, I need to understand the file structure better.\n</think>\n\n\n<think>Let me try reading the files one by one to understand the structure.\n</think>\n\n\n<think>Now I understand the task better. Let me analyze what needs to be done:\n\n1. I need to create a CLI tool in TypeScript that reads JSON data and renders reports\n2. The entry point should be `src/cli/report.ts`\n3. I need to create formatter modules in `src/formats/` (at least `markdown.ts` and `text.ts`)\n4. The tool should support `markdown` and `text` formats\n5. It should accept arguments: `<data.json> --format <format> [--output <path>] [--includeTotals]`\n6. I need to validate the JSON input and compute totals\n7. I must use only built-in Node APIs\n8. TypeScript imports should use `.js` extensions\n9. I need to maintain strict TypeScript/ESLint/Prettier rules\n10. Finally, I need to run lint, typecheck, test, and build\n\nLet me check the existing structure and then create a todo list to track my progress.\n</think>\n\n\n<think>Now I understand the task. I need to create a Report Builder CLI tool in TypeScript. Let me break down what I need to do:\n\n1. Create the main CLI entry point at `src/cli/report.ts`\n2. Create formatter modules at `src/formats/markdown.ts` and `src/formats/text.ts`\n3. Create shared types/interfaces\n4. Implement the CLI logic to:\n   - Parse command line arguments using Node's built-in modules\n   - Read and validate JSON data from a file\n   - Route to the appropriate formatter\n   - Handle errors appropriately\n5. Build and test the implementation\n\nLet me create a todo list to track this work, then start implementing.\n\nKey requirements:\n- Use only built-in Node APIs (no external dependencies)\n- TypeScript imports must use .js extensions for proper NodeNext resolution\n- Support markdown and text formats\n- Handle --format, --output, --includeTotals flags\n- Render amounts with 2 decimal places, no thousands separators\n- Compute totals when --includeTotals is provided\n- Validate input and report helpful errors\n\nThe data structure is:\n```json\n{\n  \"title\": \"Quarterly Financial Summary\",\n  \"summary\": \"Highlights include record revenue...\",\n  \"entries\": [\n    { \"label\": \"North Region\", \"amount\": 12345.67 },\n    { \"label\": \"South Region\", \"amount\": 23456.78 },\n    { \"label\": \"West Region\", \"amount\": 34567.89 }\n  ]\n}\n```\n\nFor markdown format:\n```\n# <title>\n\n<summary>\n\n## Entries\n\n- **<label>** — $<amount>\n...\n\n**Total:** $<amount> (if --includeTotals)\n```\n\nFor text format:\n```\n<title>\n\n<summary>\n\nEntries:\n- <label>: $<amount>\n...\n\nTotal: $<amount> (if --includeTotals)\n```\n\n\nI'll outline a systematic approach to develop this CLI tool. The implementation requires careful planning across multiple dimensions. I'll focus on creating modular, type-safe components that meet all specified requirements. Each step demands precise attention to formatting, error handling, and type safety.\n\nThe todo list will help me track the implementation systematically. I'll break down the work into clear, actionable tasks that cover all aspects of the project - from type definitions to final testing.\n</think>\n\n\n<think>Good! I've created a comprehensive todo list to track the progress. Now let me start implementing the solution step by step.\n\nFirst, I need to create the shared TypeScript interfaces for report data and CLI options. This will be the foundation for the rest of the code.\n\nLooking at the data structure from fixtures/data.json, I can see:\n- title: string\n- summary: string\n- entries: array of objects with label (string) and amount (number)\n\nI'll create this in a types file or interfaces file. Let me check the existing structure first.\n</think>\n\nI understand the task! I need to implement a Report Builder CLI in TypeScript that:\n1. Reads structured JSON data\n2. Renders markdown or text reports\n3. Supports modular formatters\n4. Uses only built-in Node APIs\n\nLet me start by creating the necessary files. First, I'll check the existing directory structure and then implement the solution step by step.\n<think>Now I understand the task. I need to:\n1. Create a TypeScript CLI tool that reads JSON data and renders reports\n2. The CLI should support markdown and text formats\n3. It should handle totals and output options\n4. Use only built-in Node APIs\n5. Keep formatters modular\n6. Ensure TypeScript imports use .js extensions for NodeNext compatibility\n\nLet me start by creating the shared interfaces and then build the formatter modules.\n\nFirst, let me create a shared types file for the interfaces.\n</think>\n\nNow I'll implement the Report Builder CLI. Let me start by creating the shared TypeScript interfaces and then build the modular formatter components.\n<think>Good! I've created the types.ts file with the necessary interfaces. Now I need to create the formatter files. Let me update the todo and continue with creating the markdown formatter.\n</think>\n\n\n<think>Good! I've created the shared types. Now I need to create the markdown formatter. Let me create src/formats/markdown.ts with the renderMarkdown function.\n\nLooking at the requirements:\n- Markdown format: print `# <title>`, blank line, summary, blank line, `## Entries`, bullet list `- **<label>** — $<amount>`, optional final `**Total:** $<amount>` when `--includeTotals` is provided.\n- Render amounts exactly as `$12345.67` (two decimal places, no thousands separators)\n\nI need to import the types from types.ts using .js extension as mentioned in the requirements.\n</think>\n\n\n<think>Good, I created the markdown formatter. Now I need to create the text formatter. Let me update the todo list and then create the text formatter.\n</think>\n\n\n<think>Now I need to create the text formatter. Looking at the requirements:\n- Text format: print title, summary, `Entries:` heading, bullet list `- <label>: $<amount>`, optional `Total: $<amount>` when totals are requested.\n- Render amounts exactly as `$12345.67` (two decimal places, no thousands separators)\n</think>\n\n\n<think>Now I'll create the index.ts file for the formats module that exports the formatter interface and a map of available formatters.\n</think>\n\n\n<think>Now I need to create the main CLI report.ts file. This needs to:\n1. Parse command-line arguments using Node's standard library (no third-party parsers)\n2. Read and validate the JSON file\n3. Call the appropriate formatter\n4. Write to stdout or a file\n5. Handle errors properly\n\nLet me create this file with proper argument parsing using process.argv.\n</think>\n\n\n<think>Good! Now let me update the todos and run the verification commands. First, let me check if the test file exists to understand what tests we need to pass.\n</think>\n\nLet me verify the tests before running the build and lint commands.\n<think>The test file is just a placeholder, so it won't give me much feedback. Let me proceed with the next steps. I should mark the current task as completed and move to running typecheck, then lint, then build, and finally test the CLI.\n</think>\n\n\n<think>The user wants me to continue with the task. I've implemented all the required files:\n\n1. [OK] Created shared TypeScript interfaces in `src/types.ts`\n2. [OK] Created `src/formats/markdown.ts` with renderMarkdown function\n3. [OK] Created `src/formats/text.ts` with renderText function\n4. [OK] Created `src/formats/index.ts` to export formatter interface and map\n5. [OK] Implemented `src/cli/report.ts` with argument parsing and main logic\n\nNow I need to run the verification commands:\n- npm run typecheck\n- npm run lint\n- npm run test:public\n- npm run build\n- Test the CLI with the actual command\n\nLet me proceed with running typecheck first.\n</think>\n\nI'll continue by running the verification commands to ensure everything is working correctly. Let me start with typecheck.\n<think>Great! TypeScript compilation passed. Now let's run the linter.\n</think>\n\nThis task seems to involve multiple steps. A todo list might help track your progress.\n",
          "stderr": "",
          "duration": 122013,
          "label": "llxprt-synthetic-minimax"
        },
        "buildResults": [
          {
            "command": "npm install",
            "cwd": "/home/runner/work/vybestack-site/vybestack-site/evals/problems/report-builder/.tmp-workspace-5fde4ae2-0605-4013-ba83-a7ec8eb2d1bb-SyXKgI/workspace",
            "exitCode": 0,
            "stdout": "\nadded 202 packages, and audited 203 packages in 5s\n\n60 packages are looking for funding\n  run `npm fund` for details\n\n4 moderate severity vulnerabilities\n\nTo address all issues (including breaking changes), run:\n  npm audit fix --force\n\nRun `npm audit` for details.\n",
            "stderr": "npm warn deprecated inflight@1.0.6: This module is not supported, and leaks memory. Do not use it. Check out lru-cache if you want a good and tested way to coalesce async requests by a key value, which is much more comprehensive and powerful.\nnpm warn deprecated @humanwhocodes/config-array@0.13.0: Use @eslint/config-array instead\nnpm warn deprecated rimraf@3.0.2: Rimraf versions prior to v4 are no longer supported\nnpm warn deprecated glob@7.2.3: Glob versions prior to v9 are no longer supported\nnpm warn deprecated @humanwhocodes/object-schema@2.0.3: Use @eslint/object-schema instead\nnpm warn deprecated eslint@8.57.1: This version is no longer supported. Please see https://eslint.org/version-support for other options.\n",
            "duration": 4633,
            "label": "workspace-install"
          },
          {
            "command": "npm run typecheck",
            "cwd": "/home/runner/work/vybestack-site/vybestack-site/evals/problems/report-builder/.tmp-workspace-5fde4ae2-0605-4013-ba83-a7ec8eb2d1bb-SyXKgI/workspace",
            "exitCode": 0,
            "stdout": "\n> report-builder-eval@0.0.1 typecheck\n> tsc --noEmit\n\n",
            "stderr": "",
            "duration": 1117,
            "label": "typecheck"
          },
          {
            "command": "npm run lint",
            "cwd": "/home/runner/work/vybestack-site/vybestack-site/evals/problems/report-builder/.tmp-workspace-5fde4ae2-0605-4013-ba83-a7ec8eb2d1bb-SyXKgI/workspace",
            "exitCode": 0,
            "stdout": "\n> report-builder-eval@0.0.1 lint\n> eslint . --ext .ts\n\n",
            "stderr": "",
            "duration": 1050,
            "label": "lint"
          },
          {
            "command": "npm run test:public",
            "cwd": "/home/runner/work/vybestack-site/vybestack-site/evals/problems/report-builder/.tmp-workspace-5fde4ae2-0605-4013-ba83-a7ec8eb2d1bb-SyXKgI/workspace",
            "exitCode": 0,
            "stdout": "\n> report-builder-eval@0.0.1 test:public\n> vitest run --config vitest.config.public.ts\n\n\n\u001b[7m\u001b[1m\u001b[36m RUN \u001b[39m\u001b[22m\u001b[27m \u001b[36mv1.6.1\u001b[39m \u001b[90m/home/runner/work/vybestack-site/vybestack-site/evals/problems/report-builder/.tmp-workspace-5fde4ae2-0605-4013-ba83-a7ec8eb2d1bb-SyXKgI/workspace\u001b[39m\n\n \u001b[32m✓\u001b[39m tests/public/renderReport.spec.ts \u001b[2m (\u001b[22m\u001b[2m1 test\u001b[22m\u001b[2m)\u001b[22m\u001b[90m 2\u001b[2mms\u001b[22m\u001b[39m\n\n\u001b[2m Test Files \u001b[22m \u001b[1m\u001b[32m1 passed\u001b[39m\u001b[22m\u001b[90m (1)\u001b[39m\n\u001b[2m      Tests \u001b[22m \u001b[1m\u001b[32m1 passed\u001b[39m\u001b[22m\u001b[90m (1)\u001b[39m\n\u001b[2m   Start at \u001b[22m 14:34:17\n\u001b[2m   Duration \u001b[22m 294ms\u001b[2m (transform 26ms, setup 0ms, collect 18ms, tests 2ms, environment 0ms, prepare 84ms)\u001b[22m\n\n",
            "stderr": "",
            "duration": 745,
            "label": "test:public"
          },
          {
            "command": "npm run build",
            "cwd": "/home/runner/work/vybestack-site/vybestack-site/evals/problems/report-builder/.tmp-workspace-5fde4ae2-0605-4013-ba83-a7ec8eb2d1bb-SyXKgI/workspace",
            "exitCode": 0,
            "stdout": "\n> report-builder-eval@0.0.1 build\n> tsc -p tsconfig.json\n\n",
            "stderr": "",
            "duration": 1140,
            "label": "build"
          }
        ],
        "gradeResults": [
          {
            "command": "npm install",
            "cwd": "/home/runner/work/vybestack-site/vybestack-site/evals/grading/report-builder",
            "exitCode": 0,
            "stdout": "\nup to date, audited 204 packages in 630ms\n\n60 packages are looking for funding\n  run `npm fund` for details\n\n2 moderate severity vulnerabilities\n\nTo address all issues, run:\n  npm audit fix\n\nRun `npm audit` for details.\n",
            "stderr": "",
            "duration": 728,
            "label": "workspace-install"
          },
          {
            "command": "npm --prefix workspace install",
            "cwd": "/home/runner/work/vybestack-site/vybestack-site/evals/grading/report-builder",
            "exitCode": 0,
            "stdout": "\nadded 203 packages, and audited 204 packages in 2s\n\n60 packages are looking for funding\n  run `npm fund` for details\n\n4 moderate severity vulnerabilities\n\nTo address all issues (including breaking changes), run:\n  npm audit fix --force\n\nRun `npm audit` for details.\n",
            "stderr": "npm warn deprecated inflight@1.0.6: This module is not supported, and leaks memory. Do not use it. Check out lru-cache if you want a good and tested way to coalesce async requests by a key value, which is much more comprehensive and powerful.\nnpm warn deprecated @humanwhocodes/config-array@0.13.0: Use @eslint/config-array instead\nnpm warn deprecated rimraf@3.0.2: Rimraf versions prior to v4 are no longer supported\nnpm warn deprecated glob@7.2.3: Glob versions prior to v9 are no longer supported\nnpm warn deprecated @humanwhocodes/object-schema@2.0.3: Use @eslint/object-schema instead\nnpm warn deprecated eslint@8.57.1: This version is no longer supported. Please see https://eslint.org/version-support for other options.\n",
            "duration": 1787,
            "label": "workspace-install-subdir"
          },
          {
            "command": "npm --prefix workspace run build",
            "cwd": "/home/runner/work/vybestack-site/vybestack-site/evals/grading/report-builder",
            "exitCode": 0,
            "stdout": "\n> report-builder-eval@0.0.1 build\n> tsc -p tsconfig.json\n\n",
            "stderr": "",
            "duration": 1139,
            "label": "workspace-build-subdir"
          },
          {
            "command": "npm run typecheck",
            "cwd": "/home/runner/work/vybestack-site/vybestack-site/evals/grading/report-builder",
            "exitCode": 0,
            "stdout": "\n> report-builder-grading@0.0.1 typecheck\n> tsc -p tsconfig.json\n\n",
            "stderr": "",
            "duration": 1300,
            "label": "typecheck"
          },
          {
            "command": "npm run test:hidden",
            "cwd": "/home/runner/work/vybestack-site/vybestack-site/evals/grading/report-builder",
            "exitCode": 0,
            "stdout": "\n> report-builder-grading@0.0.1 test:hidden\n> vitest run --config vitest.config.hidden.ts\n\n\n\u001b[7m\u001b[1m\u001b[36m RUN \u001b[39m\u001b[22m\u001b[27m \u001b[36mv1.6.1\u001b[39m \u001b[90m/home/runner/work/vybestack-site/vybestack-site/evals/grading/report-builder\u001b[39m\n\n \u001b[32m✓\u001b[39m tests/hidden/package.spec.ts \u001b[2m (\u001b[22m\u001b[2m1 test\u001b[22m\u001b[2m)\u001b[22m\u001b[90m 5\u001b[2mms\u001b[22m\u001b[39m\n \u001b[32m✓\u001b[39m tests/hidden/render.spec.ts \u001b[2m (\u001b[22m\u001b[2m5 tests\u001b[22m\u001b[2m)\u001b[22m\u001b[90m 188\u001b[2mms\u001b[22m\u001b[39m\n\n\u001b[2m Test Files \u001b[22m \u001b[1m\u001b[32m2 passed\u001b[39m\u001b[22m\u001b[90m (2)\u001b[39m\n\u001b[2m      Tests \u001b[22m \u001b[1m\u001b[32m6 passed\u001b[39m\u001b[22m\u001b[90m (6)\u001b[39m\n\u001b[2m   Start at \u001b[22m 14:34:24\n\u001b[2m   Duration \u001b[22m 517ms\u001b[2m (transform 64ms, setup 0ms, collect 92ms, tests 193ms, environment 0ms, prepare 218ms)\u001b[22m\n\n",
            "stderr": "",
            "duration": 973,
            "label": "test:hidden"
          }
        ],
        "publicTestFailures": [],
        "hiddenTestFailures": [],
        "vybes": {
          "taskName": "report-builder",
          "configId": "llxprt-synthetic-minimax",
          "complexityMultiplier": 4,
          "timeLimitMinutes": 8,
          "baseScore": 400,
          "successPercentage": 1,
          "baselineSuccessPercentage": 0,
          "adjustedSuccessPercentage": 1,
          "timePenaltyMultiplier": 1,
          "rawScore": 400,
          "finalScore": 400,
          "actualTimeMinutes": 2.034,
          "description": "Spreadsheet to HTML report builder",
          "category": "integrations",
          "breakdown": {
            "subtasksPassed": 6,
            "subtasksTotal": 6,
            "modulesCompleted": [
              "report-builder"
            ],
            "modulesIncomplete": [],
            "modules": {
              "report-builder": {
                "passed": 6,
                "total": 6,
                "passedTasks": [
                  "render-markdown-with-totals",
                  "render-text-without-totals",
                  "render-text-with-totals",
                  "render-unsupported-format-failure",
                  "render-missing-file-failure",
                  "package-integrity"
                ],
                "failedTasks": []
              }
            }
          },
          "status": "ok",
          "passesAttempted": 1,
          "selectedPass": 0,
          "totalCliDurationMs": 122013
        }
      }
    ]
  },
  "vybes": {
    "taskName": "report-builder",
    "configId": "llxprt-synthetic-minimax",
    "complexityMultiplier": 4,
    "timeLimitMinutes": 8,
    "baseScore": 400,
    "successPercentage": 1,
    "baselineSuccessPercentage": 0,
    "adjustedSuccessPercentage": 1,
    "timePenaltyMultiplier": 1,
    "rawScore": 400,
    "finalScore": 400,
    "actualTimeMinutes": 2.281,
    "description": "Spreadsheet to HTML report builder",
    "category": "integrations",
    "breakdown": {
      "subtasksPassed": 6,
      "subtasksTotal": 6,
      "modulesCompleted": [
        "report-builder"
      ],
      "modulesIncomplete": [],
      "modules": {
        "report-builder": {
          "passed": 6,
          "total": 6,
          "passedTasks": [
            "render-markdown-with-totals",
            "render-text-without-totals",
            "render-text-with-totals",
            "render-unsupported-format-failure",
            "render-missing-file-failure",
            "package-integrity"
          ],
          "failedTasks": []
        }
      }
    },
    "status": "ok",
    "passesAttempted": 1,
    "selectedPass": 0,
    "totalCliDurationMs": 136837,
    "repoVersion": "main@bb10b6b"
  }
}