{
  "evalName": "base64-fix",
  "configId": "llxprt-synthetic-minimax",
  "startedAt": "2025-11-04T06:38:49.019Z",
  "finishedAt": "2025-11-04T06:38:49.019Z",
  "status": "pass",
  "totalDuration": 125276,
  "totalCliDuration": 125242,
  "commands": [
    {
      "name": "llxprt-synthetic-minimax",
      "command": "llxprt --provider openai --baseurl https://api.synthetic.new/openai/v1 --key *** --model hf:MiniMaxAI/MiniMax-M2 --set context-limit=190000 --set shell-replacement=true --set modelparam.temperature=1 --yolo",
      "cwd": "/home/runner/work/vybestack-site/vybestack-site/evals/problems/base64-fix/.tmp-workspace-510115c0-328e-46c9-84dc-2fca39bc761f-CXFQy7/workspace",
      "exitCode": 0,
      "stdout": "<think>The user wants me to repair a TypeScript Base64 CLI project. Let me first understand what needs to be done:\n\n1. The Base64 encode/decode implementations need to be fixed to match RFC 4648 Base64\n2. The encode function should use canonical Base64 alphabet (+, /) and include = padding when required\n3. The decode function should accept valid Base64 (with or without padding) and recover original Unicode string\n4. The decode function should reject invalid payloads by throwing errors\n5. The run helper should return correct exit codes (0 for success, 1 for failure)\n6. Errors should go to stderr\n7. I need to preserve the exposed functions for tests\n8. I need to run npm run typecheck, lint, test:public, and build at the end\n\nLet me start by exploring the project structure and understanding the current implementation.\n</think>\n\nI'll help you repair the Base64 CLI project to match RFC 4648 specifications. Let me start by exploring the current implementation and understanding the project structure.\n<think>The read_many_files tool didn't find those files. Let me check what files actually exist in the workspace first.\n</think>\n\n\n<think>I can see the issue now! The current implementation is using `base64url` encoding instead of standard Base64. Base64url uses `-` and `_` instead of `+` and `/`, and it doesn't use padding. This is exactly what needs to be fixed.\n\nLet me read the other files to understand the full structure.\n</think>\n\n\n<think>The read_many_files didn't find multiple files, so let me read them one by one to understand the project structure.\n</think>\n\n\n<think>Now let me read the test file to understand what's expected:\n</think>\n\n\n<think>Now I understand the issue. Looking at the code:\n\n1. **Current problems in `src/base64.ts`:**\n   - The `encode` function uses `Buffer.from().toString('base64url')` which uses URL-safe Base64 (using `-` and `_` instead of `+` and `/`)\n   - It strips padding characters, which is incorrect\n   - The `decode` function uses `Buffer.from().toString('base64url')` which won't work for standard Base64 with `+` and `/`\n\n2. **Current problems in the CLI:**\n   - The `run` function looks mostly correct already - it returns 0 on success and 1 on error, and writes errors to stderr\n\n3. **Tests expect:**\n   - `encode('hello')` should return `'aGVsbG8='` (with padding)\n   - `decode('aGVsbG8=')` should return `'hello'`\n\nThe fix is simple:\n1. Use standard Base64 (`Buffer.toString('base64')`) instead of URL-safe Base64\n2. Don't strip padding characters\n3. Make sure decoding handles the padding correctly\n\nLet me start by understanding the current state and then fix the implementation.\n</think>\n\nI can see the issue clearly now. The current implementation has these problems:\n\n1. **Uses URL-safe Base64** (`base64url`) instead of standard Base64\n2. **Strips padding characters** which breaks compatibility  \n3. **Wrong alphabet** - uses `-` and `_` instead of `+` and `/`\n\nLet me organize this repair task:\n<think>Now I understand the problem:\n\n1. The current implementation uses `base64url` encoding which:\n   - Uses `-` and `_` instead of `+` and `/`\n   - Strips padding characters `=`\n   \n2. The task requires:\n   - Standard Base64 encoding with canonical alphabet (`A-Z`, `a-z`, `0-9`, `+`, `/`)\n   - Include proper padding (`=`) when required\n   - Decoding should accept valid Base64 and reject invalid input\n   - The CLI should return exit code 0 on success, 1 on failure\n\nLet me start fixing the implementation. I'll use the standard `base64` encoding instead of `base64url`.\n</think>\n\nI understand the problem now. The current implementation incorrectly uses Base64url encoding (which replaces `+` with `-`, `/` with `_`, and strips padding), when it should use standard Base64 encoding with the canonical alphabet and proper padding.\n\nLet me start by fixing the encode and decode functions:\n<think>Great! I've fixed the encode and decode functions in base64.ts:\n\n1. The `encode` function now uses standard Base64 (`base64`) instead of base64url, which means it will include the proper \"+\" and \"/\" characters and the \"=\" padding.\n\n2. The `decode` function now:\n   - Uses standard `base64` decoding instead of `base64url`\n   - Includes validation to ensure the input only contains valid Base64 characters\n   - Throws an error for invalid input so the CLI can signal failure\n\nNow I need to mark these tasks as completed and move on to the next steps.\n</think>\n\n\n<think>Now I need to run npm install to ensure dependencies are available, then run the tests to verify the fixes work correctly. Let me start by running npm install.\n</think>\n\n\n<think>Good, npm install completed successfully. Now I'll update the todo and run the tests to see if my changes are working.\n</think>\n\n\n<think>Let me update the todo list to mark the test task as completed since the tests passed. Now I need to run lint and fix any issues.\n</think>\n\n\n<think>Great! The tests are passing. Now let me update the todo list and move on to running lint.\n</think>\n\n\n<think>Now I need to run lint to check for any ESLint issues. Let me run the lint command and see if there are any issues that need to be fixed.\n</think>\n\n\n<think>Great! The lint passed with no errors. Now I need to run the typecheck and build commands to ensure there are no TypeScript compilation errors.\n</think>\n\n\n<think>Now I need to run the typecheck and build commands. The prompt mentioned running `npm run typecheck` and `npm run build`, so let me do that.\n</think>\n\n\n<think>Great! All the checks passed. Now let me test the CLI manually to ensure it works correctly with encode and decode commands.\n</think>\n\n\n<think>Now let's test the CLI manually to ensure it works correctly with both encode and decode commands, and verify the exit codes are correct.\n</think>\n\n\n<think>The user wants me to test the CLI manually with the decode command as well. Let me do that.\n</think>\n\n\n<think>Great! The CLI is working correctly. Let me now test some edge cases to make sure the implementation handles tricky inputs properly, as mentioned in the problem description. I'll test with:\n\n1. Non-ASCII characters\n2. Binary-like data  \n3. Padding variations\n4. Invalid input to ensure error handling works\n\nLet me test a few more scenarios to be thorough.\n</think>\n\n\n<think>The user wants me to test decode of the result above to ensure it works correctly. Let me do that.\n</think>\n\n\n<think>Great! Now let me test error handling to make sure invalid input is rejected properly.\n</think>\n\n\n<think>Great! The test shows that:\n1. The error message is properly written to stderr\n2. The process exited with code 1 (as shown by the exit code: 1 output)\n3. The error message is correct\n\nLet me verify the final test commands as specified in the problem statement.\n</think>\n\n\n<think>The tests all look good! The CLI is working correctly with proper exit codes. Let me test a few more edge cases to be thorough:\n\n1. Test with + and / characters in the base64 output\n2. Test with no padding\n3. Test with different padding amounts\n\nActually, let me test a short string that won't have padding first, then test one that does have padding with + and / characters.\n</think>\n\n\n<think>Good, let me test one more case with special characters to ensure the encode function handles them correctly:\n</think>\n\n\n<think>I've successfully completed the task! Let me summarize what was done:\n\n## Task Completion Summary\n\nI've successfully repaired the Base64 CLI implementation to match the canonical RFC 4648 Base64 specification. Here's what was accomplished:\n\n### 1. Fixed the `encode` function\n- **Before**: Used `base64url` encoding which strips padding and uses URL-safe characters (`-` and `_` instead of `+` and `/`)\n- **After**: Changed to standard `base64` encoding which includes:\n  - Canonical Base64 alphabet (`A-Z`, `a-z`, `0-9`, `+`, `/`)\n  - Proper padding (`=`) when required\n  - Full compliance with RFC 4648\n\n### 2. Fixed the `decode` function\n- **Before**: Used `base64url` decoding, which failed for standard Base64 input containing `+` or `/`\n- **After**: \n  - Added validation using regex to ensure only valid Base64 characters are accepted\n  - Changed to standard `base64` decoding\n  - Properly throws errors for invalid input, allowing the CLI to signal failure with exit code 1\n  - Successfully handles input with or without padding\n\n### 3. Verified CLI behavior\nThe CLI now correctly:\n- Returns exit code 0 on success\n- Returns exit code 1 on failure\n- Writes error messages to stderr (not stdout)\n- Handles Unicode input properly\n- Uses correct Base64 encoding/decoding\n\n### 4. All tests pass\n- `npm run test:public` [OK]\n- `npm run typecheck` [OK]\n- `npm run lint` [OK]\n- `npm run build` [OK]\n- Manual CLI testing [OK]\n\n### 5. Tested edge cases\n- Encoding/decoding basic ASCII text\n- Unicode characters (emoji, special symbols)\n- Short strings requiring padding\n- Invalid input properly rejected with exit code 1\n \nThe refactoring ensures a clean, concise implementation that precisely meets the Base64 specification requirements. The code is now more robust, handling various input scenarios while maintaining strict type safety and error handling.\n</think>\n\nConsider using a todo list to help organize your work if this is a complex task.\n",
      "stderr": "",
      "duration": 115942,
      "success": true
    },
    {
      "name": "workspace-install",
      "command": "npm install",
      "cwd": "/home/runner/work/vybestack-site/vybestack-site/evals/problems/base64-fix/.tmp-workspace-510115c0-328e-46c9-84dc-2fca39bc761f-CXFQy7/workspace",
      "exitCode": 0,
      "stdout": "\nadded 1 package, and audited 226 packages in 785ms\n\n63 packages are looking for funding\n  run `npm fund` for details\n\n5 moderate severity vulnerabilities\n\nTo address all issues (including breaking changes), run:\n  npm audit fix --force\n\nRun `npm audit` for details.\n",
      "stderr": "",
      "duration": 880,
      "success": true
    },
    {
      "name": "typecheck",
      "command": "npm run typecheck",
      "cwd": "/home/runner/work/vybestack-site/vybestack-site/evals/problems/base64-fix/.tmp-workspace-510115c0-328e-46c9-84dc-2fca39bc761f-CXFQy7/workspace",
      "exitCode": 0,
      "stdout": "\n> base64-fix@0.0.1 typecheck\n> tsc --noEmit\n\n",
      "stderr": "",
      "duration": 1202,
      "success": true
    },
    {
      "name": "lint",
      "command": "npm run lint",
      "cwd": "/home/runner/work/vybestack-site/vybestack-site/evals/problems/base64-fix/.tmp-workspace-510115c0-328e-46c9-84dc-2fca39bc761f-CXFQy7/workspace",
      "exitCode": 0,
      "stdout": "\n> base64-fix@0.0.1 lint\n> eslint . --ext .ts\n\n",
      "stderr": "",
      "duration": 2201,
      "success": true
    },
    {
      "name": "test:public",
      "command": "npm run test:public",
      "cwd": "/home/runner/work/vybestack-site/vybestack-site/evals/problems/base64-fix/.tmp-workspace-510115c0-328e-46c9-84dc-2fca39bc761f-CXFQy7/workspace",
      "exitCode": 0,
      "stdout": "\n> base64-fix@0.0.1 test:public\n> vitest run --config vitest.config.public.ts\n\n\n\u001b[7m\u001b[1m\u001b[36m RUN \u001b[39m\u001b[22m\u001b[27m \u001b[36mv1.6.1\u001b[39m \u001b[90m/home/runner/work/vybestack-site/vybestack-site/evals/problems/base64-fix/.tmp-workspace-510115c0-328e-46c9-84dc-2fca39bc761f-CXFQy7/workspace\u001b[39m\n\n \u001b[32m✓\u001b[39m tests/public/base64.spec.ts \u001b[2m (\u001b[22m\u001b[2m2 tests\u001b[22m\u001b[2m)\u001b[22m\u001b[90m 2\u001b[2mms\u001b[22m\u001b[39m\n\n\u001b[2m Test Files \u001b[22m \u001b[1m\u001b[32m1 passed\u001b[39m\u001b[22m\u001b[90m (1)\u001b[39m\n\u001b[2m      Tests \u001b[22m \u001b[1m\u001b[32m2 passed\u001b[39m\u001b[22m\u001b[90m (2)\u001b[39m\n\u001b[2m   Start at \u001b[22m 06:38:44\n\u001b[2m   Duration \u001b[22m 288ms\u001b[2m (transform 33ms, setup 0ms, collect 26ms, tests 2ms, environment 0ms, prepare 77ms)\u001b[22m\n\n",
      "stderr": "",
      "duration": 761,
      "success": true
    },
    {
      "name": "lint",
      "command": "npm run lint",
      "cwd": "/home/runner/work/vybestack-site/vybestack-site/evals/grading/base64-fix",
      "exitCode": 0,
      "stdout": "\n> base64-fix-grading@0.0.1 lint\n> eslint workspace/src workspace/tests --ext .ts\n\n",
      "stderr": "",
      "duration": 2173,
      "success": true
    },
    {
      "name": "typecheck",
      "command": "npm run typecheck",
      "cwd": "/home/runner/work/vybestack-site/vybestack-site/evals/grading/base64-fix",
      "exitCode": 0,
      "stdout": "\n> base64-fix-grading@0.0.1 typecheck\n> tsc -p tsconfig.json\n\n",
      "stderr": "",
      "duration": 1294,
      "success": true
    },
    {
      "name": "test:hidden",
      "command": "npm run test:hidden",
      "cwd": "/home/runner/work/vybestack-site/vybestack-site/evals/grading/base64-fix",
      "exitCode": 0,
      "stdout": "\n> base64-fix-grading@0.0.1 test:hidden\n> vitest run --config vitest.config.hidden.ts\n\n\n\u001b[7m\u001b[1m\u001b[36m RUN \u001b[39m\u001b[22m\u001b[27m \u001b[36mv1.6.1\u001b[39m \u001b[90m/home/runner/work/vybestack-site/vybestack-site/evals/grading/base64-fix\u001b[39m\n\nZm9vL2Jhcg==\n \u001b[32m✓\u001b[39m tests/hidden/base64.spec.ts \u001b[2m (\u001b[22m\u001b[2m18 tests\u001b[22m\u001b[2m)\u001b[22m\u001b[90m 8\u001b[2mms\u001b[22m\u001b[39m\n\n\u001b[2m Test Files \u001b[22m \u001b[1m\u001b[32m1 passed\u001b[39m\u001b[22m\u001b[90m (1)\u001b[39m\n\u001b[2m      Tests \u001b[22m \u001b[1m\u001b[32m18 passed\u001b[39m\u001b[22m\u001b[90m (18)\u001b[39m\n\u001b[2m   Start at \u001b[22m 06:38:48\n\u001b[2m   Duration \u001b[22m 316ms\u001b[2m (transform 51ms, setup 0ms, collect 49ms, tests 8ms, environment 0ms, prepare 87ms)\u001b[22m\n\n",
      "stderr": "",
      "duration": 776,
      "success": true
    }
  ],
  "workspaceArchive": "/home/runner/work/vybestack-site/vybestack-site/evals/outputs/base64-fix-2025-11-04T06-36-43-741Z/llxprt-synthetic-minimax/workspace",
  "runSessionId": "8bf80d7a-836b-4e1f-a804-d7748215b9ad",
  "runSessionStartedAt": "2025-11-04T06:33:29.138Z",
  "repoVersion": "main@bb10b6b",
  "multipass": {
    "enabled": true,
    "selectedPass": 0,
    "maxPasses": 3,
    "totalCliDuration": 125242,
    "passCount": 1,
    "feedback": [],
    "passes": [
      {
        "passNumber": 1,
        "startedAt": "2025-11-04T06:36:43.748Z",
        "finishedAt": "2025-11-04T06:38:48.990Z",
        "totalDuration": 125242,
        "promptHash": "cb263c1957574db12f7ebe053b5673278cf344dbaf21c9b4ab49cdf5f13e9029",
        "appliedFeedback": [],
        "success": true,
        "partialSuccess": false,
        "workspaceArchive": "/home/runner/work/vybestack-site/vybestack-site/evals/outputs/base64-fix-2025-11-04T06-36-43-741Z/llxprt-synthetic-minimax/passes/pass-1/workspace",
        "resultsArchive": "/home/runner/work/vybestack-site/vybestack-site/evals/outputs/base64-fix-2025-11-04T06-36-43-741Z/llxprt-synthetic-minimax/passes/pass-1/results",
        "cliResult": {
          "command": "llxprt --provider openai --baseurl https://api.synthetic.new/openai/v1 --key *** --model hf:MiniMaxAI/MiniMax-M2 --set context-limit=190000 --set shell-replacement=true --set modelparam.temperature=1 --yolo",
          "cwd": "/home/runner/work/vybestack-site/vybestack-site/evals/problems/base64-fix/.tmp-workspace-510115c0-328e-46c9-84dc-2fca39bc761f-CXFQy7/workspace",
          "exitCode": 0,
          "stdout": "<think>The user wants me to repair a TypeScript Base64 CLI project. Let me first understand what needs to be done:\n\n1. The Base64 encode/decode implementations need to be fixed to match RFC 4648 Base64\n2. The encode function should use canonical Base64 alphabet (+, /) and include = padding when required\n3. The decode function should accept valid Base64 (with or without padding) and recover original Unicode string\n4. The decode function should reject invalid payloads by throwing errors\n5. The run helper should return correct exit codes (0 for success, 1 for failure)\n6. Errors should go to stderr\n7. I need to preserve the exposed functions for tests\n8. I need to run npm run typecheck, lint, test:public, and build at the end\n\nLet me start by exploring the project structure and understanding the current implementation.\n</think>\n\nI'll help you repair the Base64 CLI project to match RFC 4648 specifications. Let me start by exploring the current implementation and understanding the project structure.\n<think>The read_many_files tool didn't find those files. Let me check what files actually exist in the workspace first.\n</think>\n\n\n<think>I can see the issue now! The current implementation is using `base64url` encoding instead of standard Base64. Base64url uses `-` and `_` instead of `+` and `/`, and it doesn't use padding. This is exactly what needs to be fixed.\n\nLet me read the other files to understand the full structure.\n</think>\n\n\n<think>The read_many_files didn't find multiple files, so let me read them one by one to understand the project structure.\n</think>\n\n\n<think>Now let me read the test file to understand what's expected:\n</think>\n\n\n<think>Now I understand the issue. Looking at the code:\n\n1. **Current problems in `src/base64.ts`:**\n   - The `encode` function uses `Buffer.from().toString('base64url')` which uses URL-safe Base64 (using `-` and `_` instead of `+` and `/`)\n   - It strips padding characters, which is incorrect\n   - The `decode` function uses `Buffer.from().toString('base64url')` which won't work for standard Base64 with `+` and `/`\n\n2. **Current problems in the CLI:**\n   - The `run` function looks mostly correct already - it returns 0 on success and 1 on error, and writes errors to stderr\n\n3. **Tests expect:**\n   - `encode('hello')` should return `'aGVsbG8='` (with padding)\n   - `decode('aGVsbG8=')` should return `'hello'`\n\nThe fix is simple:\n1. Use standard Base64 (`Buffer.toString('base64')`) instead of URL-safe Base64\n2. Don't strip padding characters\n3. Make sure decoding handles the padding correctly\n\nLet me start by understanding the current state and then fix the implementation.\n</think>\n\nI can see the issue clearly now. The current implementation has these problems:\n\n1. **Uses URL-safe Base64** (`base64url`) instead of standard Base64\n2. **Strips padding characters** which breaks compatibility  \n3. **Wrong alphabet** - uses `-` and `_` instead of `+` and `/`\n\nLet me organize this repair task:\n<think>Now I understand the problem:\n\n1. The current implementation uses `base64url` encoding which:\n   - Uses `-` and `_` instead of `+` and `/`\n   - Strips padding characters `=`\n   \n2. The task requires:\n   - Standard Base64 encoding with canonical alphabet (`A-Z`, `a-z`, `0-9`, `+`, `/`)\n   - Include proper padding (`=`) when required\n   - Decoding should accept valid Base64 and reject invalid input\n   - The CLI should return exit code 0 on success, 1 on failure\n\nLet me start fixing the implementation. I'll use the standard `base64` encoding instead of `base64url`.\n</think>\n\nI understand the problem now. The current implementation incorrectly uses Base64url encoding (which replaces `+` with `-`, `/` with `_`, and strips padding), when it should use standard Base64 encoding with the canonical alphabet and proper padding.\n\nLet me start by fixing the encode and decode functions:\n<think>Great! I've fixed the encode and decode functions in base64.ts:\n\n1. The `encode` function now uses standard Base64 (`base64`) instead of base64url, which means it will include the proper \"+\" and \"/\" characters and the \"=\" padding.\n\n2. The `decode` function now:\n   - Uses standard `base64` decoding instead of `base64url`\n   - Includes validation to ensure the input only contains valid Base64 characters\n   - Throws an error for invalid input so the CLI can signal failure\n\nNow I need to mark these tasks as completed and move on to the next steps.\n</think>\n\n\n<think>Now I need to run npm install to ensure dependencies are available, then run the tests to verify the fixes work correctly. Let me start by running npm install.\n</think>\n\n\n<think>Good, npm install completed successfully. Now I'll update the todo and run the tests to see if my changes are working.\n</think>\n\n\n<think>Let me update the todo list to mark the test task as completed since the tests passed. Now I need to run lint and fix any issues.\n</think>\n\n\n<think>Great! The tests are passing. Now let me update the todo list and move on to running lint.\n</think>\n\n\n<think>Now I need to run lint to check for any ESLint issues. Let me run the lint command and see if there are any issues that need to be fixed.\n</think>\n\n\n<think>Great! The lint passed with no errors. Now I need to run the typecheck and build commands to ensure there are no TypeScript compilation errors.\n</think>\n\n\n<think>Now I need to run the typecheck and build commands. The prompt mentioned running `npm run typecheck` and `npm run build`, so let me do that.\n</think>\n\n\n<think>Great! All the checks passed. Now let me test the CLI manually to ensure it works correctly with encode and decode commands.\n</think>\n\n\n<think>Now let's test the CLI manually to ensure it works correctly with both encode and decode commands, and verify the exit codes are correct.\n</think>\n\n\n<think>The user wants me to test the CLI manually with the decode command as well. Let me do that.\n</think>\n\n\n<think>Great! The CLI is working correctly. Let me now test some edge cases to make sure the implementation handles tricky inputs properly, as mentioned in the problem description. I'll test with:\n\n1. Non-ASCII characters\n2. Binary-like data  \n3. Padding variations\n4. Invalid input to ensure error handling works\n\nLet me test a few more scenarios to be thorough.\n</think>\n\n\n<think>The user wants me to test decode of the result above to ensure it works correctly. Let me do that.\n</think>\n\n\n<think>Great! Now let me test error handling to make sure invalid input is rejected properly.\n</think>\n\n\n<think>Great! The test shows that:\n1. The error message is properly written to stderr\n2. The process exited with code 1 (as shown by the exit code: 1 output)\n3. The error message is correct\n\nLet me verify the final test commands as specified in the problem statement.\n</think>\n\n\n<think>The tests all look good! The CLI is working correctly with proper exit codes. Let me test a few more edge cases to be thorough:\n\n1. Test with + and / characters in the base64 output\n2. Test with no padding\n3. Test with different padding amounts\n\nActually, let me test a short string that won't have padding first, then test one that does have padding with + and / characters.\n</think>\n\n\n<think>Good, let me test one more case with special characters to ensure the encode function handles them correctly:\n</think>\n\n\n<think>I've successfully completed the task! Let me summarize what was done:\n\n## Task Completion Summary\n\nI've successfully repaired the Base64 CLI implementation to match the canonical RFC 4648 Base64 specification. Here's what was accomplished:\n\n### 1. Fixed the `encode` function\n- **Before**: Used `base64url` encoding which strips padding and uses URL-safe characters (`-` and `_` instead of `+` and `/`)\n- **After**: Changed to standard `base64` encoding which includes:\n  - Canonical Base64 alphabet (`A-Z`, `a-z`, `0-9`, `+`, `/`)\n  - Proper padding (`=`) when required\n  - Full compliance with RFC 4648\n\n### 2. Fixed the `decode` function\n- **Before**: Used `base64url` decoding, which failed for standard Base64 input containing `+` or `/`\n- **After**: \n  - Added validation using regex to ensure only valid Base64 characters are accepted\n  - Changed to standard `base64` decoding\n  - Properly throws errors for invalid input, allowing the CLI to signal failure with exit code 1\n  - Successfully handles input with or without padding\n\n### 3. Verified CLI behavior\nThe CLI now correctly:\n- Returns exit code 0 on success\n- Returns exit code 1 on failure\n- Writes error messages to stderr (not stdout)\n- Handles Unicode input properly\n- Uses correct Base64 encoding/decoding\n\n### 4. All tests pass\n- `npm run test:public` [OK]\n- `npm run typecheck` [OK]\n- `npm run lint` [OK]\n- `npm run build` [OK]\n- Manual CLI testing [OK]\n\n### 5. Tested edge cases\n- Encoding/decoding basic ASCII text\n- Unicode characters (emoji, special symbols)\n- Short strings requiring padding\n- Invalid input properly rejected with exit code 1\n \nThe refactoring ensures a clean, concise implementation that precisely meets the Base64 specification requirements. The code is now more robust, handling various input scenarios while maintaining strict type safety and error handling.\n</think>\n\nConsider using a todo list to help organize your work if this is a complex task.\n",
          "stderr": "",
          "duration": 115942,
          "label": "llxprt-synthetic-minimax"
        },
        "buildResults": [
          {
            "command": "npm install",
            "cwd": "/home/runner/work/vybestack-site/vybestack-site/evals/problems/base64-fix/.tmp-workspace-510115c0-328e-46c9-84dc-2fca39bc761f-CXFQy7/workspace",
            "exitCode": 0,
            "stdout": "\nadded 1 package, and audited 226 packages in 785ms\n\n63 packages are looking for funding\n  run `npm fund` for details\n\n5 moderate severity vulnerabilities\n\nTo address all issues (including breaking changes), run:\n  npm audit fix --force\n\nRun `npm audit` for details.\n",
            "stderr": "",
            "duration": 880,
            "label": "workspace-install"
          },
          {
            "command": "npm run typecheck",
            "cwd": "/home/runner/work/vybestack-site/vybestack-site/evals/problems/base64-fix/.tmp-workspace-510115c0-328e-46c9-84dc-2fca39bc761f-CXFQy7/workspace",
            "exitCode": 0,
            "stdout": "\n> base64-fix@0.0.1 typecheck\n> tsc --noEmit\n\n",
            "stderr": "",
            "duration": 1202,
            "label": "typecheck"
          },
          {
            "command": "npm run lint",
            "cwd": "/home/runner/work/vybestack-site/vybestack-site/evals/problems/base64-fix/.tmp-workspace-510115c0-328e-46c9-84dc-2fca39bc761f-CXFQy7/workspace",
            "exitCode": 0,
            "stdout": "\n> base64-fix@0.0.1 lint\n> eslint . --ext .ts\n\n",
            "stderr": "",
            "duration": 2201,
            "label": "lint"
          },
          {
            "command": "npm run test:public",
            "cwd": "/home/runner/work/vybestack-site/vybestack-site/evals/problems/base64-fix/.tmp-workspace-510115c0-328e-46c9-84dc-2fca39bc761f-CXFQy7/workspace",
            "exitCode": 0,
            "stdout": "\n> base64-fix@0.0.1 test:public\n> vitest run --config vitest.config.public.ts\n\n\n\u001b[7m\u001b[1m\u001b[36m RUN \u001b[39m\u001b[22m\u001b[27m \u001b[36mv1.6.1\u001b[39m \u001b[90m/home/runner/work/vybestack-site/vybestack-site/evals/problems/base64-fix/.tmp-workspace-510115c0-328e-46c9-84dc-2fca39bc761f-CXFQy7/workspace\u001b[39m\n\n \u001b[32m✓\u001b[39m tests/public/base64.spec.ts \u001b[2m (\u001b[22m\u001b[2m2 tests\u001b[22m\u001b[2m)\u001b[22m\u001b[90m 2\u001b[2mms\u001b[22m\u001b[39m\n\n\u001b[2m Test Files \u001b[22m \u001b[1m\u001b[32m1 passed\u001b[39m\u001b[22m\u001b[90m (1)\u001b[39m\n\u001b[2m      Tests \u001b[22m \u001b[1m\u001b[32m2 passed\u001b[39m\u001b[22m\u001b[90m (2)\u001b[39m\n\u001b[2m   Start at \u001b[22m 06:38:44\n\u001b[2m   Duration \u001b[22m 288ms\u001b[2m (transform 33ms, setup 0ms, collect 26ms, tests 2ms, environment 0ms, prepare 77ms)\u001b[22m\n\n",
            "stderr": "",
            "duration": 761,
            "label": "test:public"
          }
        ],
        "gradeResults": [
          {
            "command": "npm run lint",
            "cwd": "/home/runner/work/vybestack-site/vybestack-site/evals/grading/base64-fix",
            "exitCode": 0,
            "stdout": "\n> base64-fix-grading@0.0.1 lint\n> eslint workspace/src workspace/tests --ext .ts\n\n",
            "stderr": "",
            "duration": 2173,
            "label": "lint"
          },
          {
            "command": "npm run typecheck",
            "cwd": "/home/runner/work/vybestack-site/vybestack-site/evals/grading/base64-fix",
            "exitCode": 0,
            "stdout": "\n> base64-fix-grading@0.0.1 typecheck\n> tsc -p tsconfig.json\n\n",
            "stderr": "",
            "duration": 1294,
            "label": "typecheck"
          },
          {
            "command": "npm run test:hidden",
            "cwd": "/home/runner/work/vybestack-site/vybestack-site/evals/grading/base64-fix",
            "exitCode": 0,
            "stdout": "\n> base64-fix-grading@0.0.1 test:hidden\n> vitest run --config vitest.config.hidden.ts\n\n\n\u001b[7m\u001b[1m\u001b[36m RUN \u001b[39m\u001b[22m\u001b[27m \u001b[36mv1.6.1\u001b[39m \u001b[90m/home/runner/work/vybestack-site/vybestack-site/evals/grading/base64-fix\u001b[39m\n\nZm9vL2Jhcg==\n \u001b[32m✓\u001b[39m tests/hidden/base64.spec.ts \u001b[2m (\u001b[22m\u001b[2m18 tests\u001b[22m\u001b[2m)\u001b[22m\u001b[90m 8\u001b[2mms\u001b[22m\u001b[39m\n\n\u001b[2m Test Files \u001b[22m \u001b[1m\u001b[32m1 passed\u001b[39m\u001b[22m\u001b[90m (1)\u001b[39m\n\u001b[2m      Tests \u001b[22m \u001b[1m\u001b[32m18 passed\u001b[39m\u001b[22m\u001b[90m (18)\u001b[39m\n\u001b[2m   Start at \u001b[22m 06:38:48\n\u001b[2m   Duration \u001b[22m 316ms\u001b[2m (transform 51ms, setup 0ms, collect 49ms, tests 8ms, environment 0ms, prepare 87ms)\u001b[22m\n\n",
            "stderr": "",
            "duration": 776,
            "label": "test:hidden"
          }
        ],
        "publicTestFailures": [],
        "hiddenTestFailures": [],
        "vybes": {
          "taskName": "base64-fix",
          "configId": "llxprt-synthetic-minimax",
          "complexityMultiplier": 1,
          "timeLimitMinutes": 2,
          "baseScore": 100,
          "successPercentage": 1,
          "baselineSuccessPercentage": 0.8889,
          "adjustedSuccessPercentage": 1,
          "timePenaltyMultiplier": 1,
          "rawScore": 100,
          "finalScore": 100,
          "actualTimeMinutes": 1.932,
          "description": "Base64 encoder/decoder utilities",
          "category": "utilities",
          "breakdown": {
            "subtasksPassed": 18,
            "subtasksTotal": 18,
            "modulesCompleted": [
              "base64"
            ],
            "modulesIncomplete": [],
            "modules": {
              "base64": {
                "passed": 18,
                "total": 18,
                "passedTasks": [
                  "encode-0",
                  "encode-1",
                  "encode-2",
                  "encode-3",
                  "encode-4",
                  "encode-5",
                  "decode-0",
                  "decode-1",
                  "decode-2",
                  "decode-3",
                  "decode-4",
                  "decode-5",
                  "decode-without-padding",
                  "decode-rejects-invalid",
                  "cli-encode-success",
                  "cli-decode-success",
                  "cli-argument-error",
                  "cli-decode-error"
                ],
                "failedTasks": []
              }
            }
          },
          "status": "ok",
          "passesAttempted": 1,
          "selectedPass": 0,
          "totalCliDurationMs": 115942
        }
      }
    ]
  },
  "vybes": {
    "taskName": "base64-fix",
    "configId": "llxprt-synthetic-minimax",
    "complexityMultiplier": 1,
    "timeLimitMinutes": 2,
    "baseScore": 100,
    "successPercentage": 1,
    "baselineSuccessPercentage": 0.8889,
    "adjustedSuccessPercentage": 1,
    "timePenaltyMultiplier": 0.9581,
    "rawScore": 100,
    "finalScore": 95.81,
    "actualTimeMinutes": 2.087,
    "description": "Base64 encoder/decoder utilities",
    "category": "utilities",
    "breakdown": {
      "subtasksPassed": 18,
      "subtasksTotal": 18,
      "modulesCompleted": [
        "base64"
      ],
      "modulesIncomplete": [],
      "modules": {
        "base64": {
          "passed": 18,
          "total": 18,
          "passedTasks": [
            "encode-0",
            "encode-1",
            "encode-2",
            "encode-3",
            "encode-4",
            "encode-5",
            "decode-0",
            "decode-1",
            "decode-2",
            "decode-3",
            "decode-4",
            "decode-5",
            "decode-without-padding",
            "decode-rejects-invalid",
            "cli-encode-success",
            "cli-decode-success",
            "cli-argument-error",
            "cli-decode-error"
          ],
          "failedTasks": []
        }
      }
    },
    "status": "ok",
    "passesAttempted": 1,
    "selectedPass": 0,
    "totalCliDurationMs": 125242,
    "repoVersion": "main@bb10b6b"
  }
}