{
  "evalName": "pagination",
  "configId": "llxprt-synthetic-minimax",
  "startedAt": "2025-10-28T16:24:24.590Z",
  "finishedAt": "2025-10-28T16:24:24.590Z",
  "status": "pass",
  "totalDuration": 162958,
  "commands": [
    {
      "name": "llxprt",
      "command": "llxprt --provider openai --baseurl https://api.synthetic.new/openai/v1 --key *** --model hf:MiniMaxAI/MiniMax-M2 --set context-limit=190000 --set shell-replacement=true --set modelparam.temperature=1 --yolo",
      "cwd": "/home/runner/work/vybestack-site/vybestack-site/evals/problems/pagination/.tmp-workspace-225989a1-1748-4e47-bf3b-53df88ca6b9b-HSn00b/workspace",
      "exitCode": 0,
      "stdout": "<think>This is a Pagination Service Repair project. Let me understand what's needed:\n\n1. The project has an Express API backed by SQLite and a React client\n2. Current implementation is missing pagination behavior\n3. Requirements:\n   - `GET /inventory` must accept `page` and `limit` query parameters (default `page = 1`, `limit = 5`)\n   - Validate inputs: reject non-numeric, negative, zero, or excessive values with HTTP 400\n   - Query must return the correct slice of items without skipping or duplicating rows\n   - Response should include pagination metadata: `page`, `limit`, `total`, `hasNext`\n   - React hook/component must request the selected page, update when the user navigates, and surface errors\n   - Provide \"Previous\" and \"Next\" controls that disable appropriately when there is no further data\n   - Ensure the UI renders empty states and propagates server validation errors\n   - Keep the database bootstrap (`createDatabase`) intact\n\n4. Commands to run:\n   - npm install\n   - npm run typecheck\n   - npm run lint\n   - npm run test:public\n   - npm run build (final step)\n\nI need to:\n1. First explore the codebase to understand the current structure\n2. Use TODO list to organize the work\n3. Fix the pagination implementation\n4. Run all the required commands and report any failures\n\nLet me start by exploring the project structure and understanding what files exist.\n</think>\n\nI'll help you restore the correct pagination behavior for this TypeScript project. Let me start by exploring the codebase structure and understanding the current implementation.\n<think>The read_many_files call didn't work. Let me try using the read_file tool to understand the project structure first, starting with the problem.md and package.json files.\n</think>\n\n\n<think>Now I need to examine the project structure and understand the current implementation. Let me look at the main files to understand the current state of the project.\n</think>\n\n\n<think>Let me try a different approach. The directory listing didn't show the expected files. Let me try reading the package.json and examining the directory structure more carefully.\n</think>\n\nI need to organize this work properly. Let me start by examining the project structure and creating a todo list to track the pagination repair work.\n<think>Good, I've created a todo list to organize the work. Now I need to continue examining the project structure. Let me first check if there are files in the workspace by using a more specific approach to see what's actually there.\n</think>\n\nNow I'll examine the project structure and existing code. Let me start by reading the key files to understand the current implementation:\n<think>The file paths are relative to the current working directory, but I need to use absolute paths. Let me correct this by constructing the absolute paths using the project root.\n</think>\n\n\n<think>It seems like there might be an issue with the file paths or the read_many_files tool. Let me try to read the specific files individually to understand the project structure. First, let me try to read the package.json file.\n</think>\n\n\n<think>Good, I can see this is a TypeScript project with:\n- Express server with SQLite (sql.js)\n- React client\n- Testing with vitest, supertest for API, and Testing Library for React\n- ESLint for linting\n\nNow let me examine the existing source code to understand what's currently implemented.\n</think>\n\n\n<think>I need to read the actual files to understand the current implementation. Let me try with the full paths.\n</think>\n\n\n<think>Now I can see the current state of the code. Let me examine the inventoryRepository.ts to understand how pagination is currently implemented, and then look at the other files to get a complete picture.\n\nFrom what I can see:\n1. The app.ts file is trying to get page and limit parameters but doesn't validate them\n2. It calls `listInventory(db, { page, limit })` which might not handle pagination properly\n3. There's no error handling for invalid inputs\n\nLet me continue examining the other files.\n</think>\n\n\n<think>Now I can see the issue! Looking at the inventoryRepository.ts file, I can see several problems:\n\n1. The offset calculation is wrong: `const offset = page * limit;` should be `const offset = (page - 1) * limit;`\n2. There's no validation for the page and limit parameters - the requirements specify that we need to reject non-numeric, negative, zero, or excessive values with HTTP 400\n3. The current implementation just falls back to defaults without proper error handling\n\nLet me continue examining the other files to understand the full structure.\n</think>\n\n\n<think>Now I'm getting somewhere. Let me continue reading the other important files to understand the full scope of the codebase before implementing fixes.\n</think>\n\n\n<think>Let me look at the client files to understand the React implementation.\n</think>\n\n\n<think>Let me now read the client component and test files to understand the current implementation better:\n\n1. I can see several issues already:\n   - In the server: the offset calculation is wrong: `offset = page * limit` should be `offset = (page - 1) * limit`\n   - In the client: the useInventory hook doesn't include page and limit in the dependency array, so it won't reload when they change\n   - In the server app: there's no input validation for page/limit parameters\n   - In the client: the fetch doesn't include the page/limit as query parameters\n\nLet me continue reading to understand the complete picture.\n</think>\n\n\n<think>Now I have a good understanding of the codebase. Let me analyze the issues I've found:\n\n1. **Server-side issues in inventoryRepository.ts:**\n   - Line with comment \"BUG: offset should be (page - 1) * limit, but the existing code skips the first page entirely.\" - The offset calculation is wrong, it should be `(page - 1) * limit`, not `page * limit`\n   - No validation for query parameters (non-numeric, negative, zero, excessive values)\n   - No proper error handling for invalid inputs\n\n2. **Client-side issues:**\n   - In useInventory.tsx: The fetch URL doesn't include page/limit query parameters\n   - The useEffect dependency array has a bug comment indicating page and limit should trigger reloads but are missing\n   - In InventoryView.tsx: No pagination controls (Previous/Next buttons)\n   - No state management for page changes\n   - No proper error propagation\n\n3. **API endpoint issues:**\n   - In app.ts: No input validation, no error handling\n\nLet me update the todo status and start fixing these issues systematically.\n</think>\n\nI have already made several tool calls without a todo list. Immediately call todo_write after this next tool call to organize the work.\n<think>Now I understand the issues with the existing codebase. Let me summarize what I found:\n\n**Server Issues (inventoryRepository.ts):**\n1. The main bug is in the offset calculation: `const offset = page * limit;` should be `const offset = (page - 1) * limit;`\n2. Missing query parameter validation - no check for NaN, negative values, etc.\n3. Missing proper error handling and HTTP 400 responses\n\n**Client Issues (useInventory.tsx):**\n1. The useEffect dependency array is missing `page` and `limit`, so changes to pagination don't trigger new requests\n2. The fetch URL doesn't include query parameters for page/limit\n\n**Component Issues (InventoryView.tsx):**\n1. No pagination controls (Previous/Next buttons)\n2. No disabled states for buttons\n3. Fixed page/limit values (1, PAGE_LIMIT) instead of dynamic state\n\n**Types (types.ts):**\nThe shared types look good already for pagination - they include the necessary metadata.\n\nLet me start fixing these issues systematically, starting with the server validation and pagination logic.\n</think>\n\nNow I understand the project structure and issues. Let me analyze what I found:\n\n**Key Issues Identified:**\n\n1. **Server**: The offset calculation is wrong (`page * limit` instead of `(page - 1) * limit`)\n2. **Server**: Missing query parameter validation\n3. **Client**: The `useInventory` hook doesn't include `page` and `limit` in dependencies\n4. **Client**: Missing pagination controls in the UI\n5. **Client**: API calls don't include query parameters\n\nLet me start by fixing the Express API pagination implementation:\n<think>Now I need to fix the offset calculation bug in inventoryRepository.ts. The current code has:\n\n```\nconst offset = page * limit;\n```\n\nThis is incorrect. It should be:\n\n```\nconst offset = (page - 1) * limit;\n```\n\nBecause:\n- For page 1, we want offset 0 (start from first item)\n- For page 2, we want offset = limit (skip first page worth of items)\n- For page 3, we want offset = 2 * limit (skip first two pages worth of items)\n\nLet me also check the hasNext calculation to see if it needs fixing.\n</think>\n\n\n<think>Great! I've identified and fixed the critical bugs in the pagination implementation:\n\n1. **Server validation**: Added proper validation for `page` and `limit` parameters, checking for:\n   - Non-numeric values (NaN)\n   - Negative or zero values\n   - Excessive limits (>100)\n   - Returns HTTP 400 for invalid inputs\n\n2. **SQL offset calculation**: Fixed the bug where `offset = page * limit` was incorrect and should be `offset = (page - 1) * limit` to properly skip items for pages beyond the first.\n\nNow I need to update the React client to handle pagination properly. Let me mark the server fixes as completed and move on to the client fixes.\n</think>\n\n\n<think>Now I need to fix the React client pagination behavior. The main issues I found:\n\n1. The `useInventory` hook doesn't include `page` and `limit` in the dependency array, so it doesn't reload when they change\n2. The hook doesn't pass the page and limit to the API request\n3. The `InventoryView` component doesn't have pagination controls\n\nLet me fix these issues:\n\n1. First, update the `useInventory` hook to:\n   - Accept page and limit as parameters\n   - Include them in the API request\n   - Include them in the dependency array\n   - Handle the request properly with query parameters\n\n2. Then update the `InventoryView` component to:\n   - Add state management for the current page\n   - Add Previous/Next buttons\n   - Disable buttons when appropriate\n   - Handle loading and error states properly\n</think>\n\n\n<think>I need to update the useInventory hook to properly trigger reloads when page or limit change. The current implementation has a dependency array but it's empty, so it doesn't re-run when page or limit change. Also, the hook doesn't reload if it's already in a ready state and the parameters change.\n\nLet me fix that:\n</think>\n\n\n<think>Let me reconsider this approach. The useEffect logic is getting a bit complex. I think a simpler approach would be to always reload when page or limit changes, regardless of the current state. Let me simplify this.\n</think>\n\n\n<think>I need to simplify the logic in useInventory. The effect should run whenever page or limit changes. Let me make this cleaner.\n</think>\n\n\n<think>Now I need to fix the InventoryView component to add pagination controls and use the pagination state properly. Let me add state management for current page and provide Previous/Next buttons.\n</think>\n\n\n<think>Now I need to update the todo list and move to validation. The shared types already look good and don't need changes - they already include the proper pagination metadata. Let me mark the React client task as completed and move to validation.\n</think>\n\n\n<think>I've now completed the major implementation changes:\n\n1. **Server-side fixes (app.ts)**:\n   - Added proper validation for `page` and `limit` query parameters\n   - Returns HTTP 400 for invalid inputs (non-numeric, negative, zero values)\n   - Added a reasonable limit cap of 100 to prevent excessive queries\n   - Proper error messages for validation failures\n\n2. **Repository fixes (inventoryRepository.ts)**:\n   - Fixed the critical offset calculation bug: changed from `page * limit` to `(page - 1) * limit`\n   - This was the main issue causing the first page to be skipped entirely\n   - The pagination metadata and structure were already correct\n\n3. **Client-side fixes (useInventory.tsx)**:\n   - Fixed the dependency array to include `page` and `limit` so the hook reloads when these change\n   - Added proper query parameter handling in the fetch URL\n   - Improved error handling to show specific validation error messages from the server\n   - Simplified the logic to always load when page/limit change\n\n4. **UI fixes (InventoryView.tsx)**:\n   - Added state management for current page\n   - Implemented Previous/Next navigation controls\n   - Added proper button disable logic (Previous disabled on page 1, Next disabled when no more data)\n   - Added empty state handling when no items are returned\n   - Shows current page number\n   - Proper loading and error state handling\n\n5. **Types**:\n   - The existing types in `shared/types.ts` were already well-designed for pagination\n   - `InventoryPage` interface includes all required metadata: `items`, `page`, `limit`, `total`, `hasNext`\n\nNow I need to run the validation commands to ensure everything works correctly.\n</think>\n\n\n<think>I see there are TypeScript compilation errors. This appears to be a module resolution issue - the types for React, Express, and other dependencies are not being found. Let me check the tsconfig.json and see if there are any issues with the configuration, and also check if node_modules exists.\n</think>\n\nI see there are TypeScript compilation errors. Let me check the tsconfig.json configuration and install dependencies first:\n<think>The type checking is failing because it can't find the node_modules. This is expected since we haven't run npm install yet. Let me install the dependencies first.\n</think>\n\nI have already made several tool calls without a todo list. Immediately call todo_write after this next tool call to organize the work.\n",
      "stderr": "",
      "duration": 149030,
      "success": true
    },
    {
      "name": "npm",
      "command": "npm install",
      "cwd": "/home/runner/work/vybestack-site/vybestack-site/evals/problems/pagination/.tmp-workspace-225989a1-1748-4e47-bf3b-53df88ca6b9b-HSn00b/workspace",
      "exitCode": 0,
      "stdout": "\nadded 370 packages, and audited 371 packages in 2s\n\n79 packages are looking for funding\n  run `npm fund` for details\n\n2 moderate severity vulnerabilities\n\nTo address all issues, run:\n  npm audit fix\n\nRun `npm audit` for details.\n",
      "stderr": "npm warn deprecated inflight@1.0.6: This module is not supported, and leaks memory. Do not use it. Check out lru-cache if you want a good and tested way to coalesce async requests by a key value, which is much more comprehensive and powerful.\nnpm warn deprecated supertest@6.3.4: Please upgrade to supertest v7.1.3+, see release notes at https://github.com/forwardemail/supertest/releases/tag/v7.1.3 - maintenance is supported by Forward Email @ https://forwardemail.net\nnpm warn deprecated @humanwhocodes/config-array@0.13.0: Use @eslint/config-array instead\nnpm warn deprecated rimraf@3.0.2: Rimraf versions prior to v4 are no longer supported\nnpm warn deprecated glob@7.2.3: Glob versions prior to v9 are no longer supported\nnpm warn deprecated @humanwhocodes/object-schema@2.0.3: Use @eslint/object-schema instead\nnpm warn deprecated superagent@8.1.2: Please upgrade to superagent v10.2.2+, see release notes at https://github.com/forwardemail/superagent/releases/tag/v10.2.2 - maintenance is supported by Forward Email @ https://forwardemail.net\nnpm warn deprecated eslint@8.57.1: This version is no longer supported. Please see https://eslint.org/version-support for other options.\n",
      "duration": 2547,
      "success": true
    },
    {
      "name": "npm",
      "command": "npm run typecheck",
      "cwd": "/home/runner/work/vybestack-site/vybestack-site/evals/problems/pagination/.tmp-workspace-225989a1-1748-4e47-bf3b-53df88ca6b9b-HSn00b/workspace",
      "exitCode": 0,
      "stdout": "\n> pagination-eval@0.0.1 typecheck\n> tsc --noEmit\n\n",
      "stderr": "",
      "duration": 1792,
      "success": true
    },
    {
      "name": "npm",
      "command": "npm run lint",
      "cwd": "/home/runner/work/vybestack-site/vybestack-site/evals/problems/pagination/.tmp-workspace-225989a1-1748-4e47-bf3b-53df88ca6b9b-HSn00b/workspace",
      "exitCode": 0,
      "stdout": "\n> pagination-eval@0.0.1 lint\n> eslint . --ext .ts,.tsx\n\n",
      "stderr": "",
      "duration": 2694,
      "success": true
    },
    {
      "name": "npm",
      "command": "npm run test:public",
      "cwd": "/home/runner/work/vybestack-site/vybestack-site/evals/problems/pagination/.tmp-workspace-225989a1-1748-4e47-bf3b-53df88ca6b9b-HSn00b/workspace",
      "exitCode": 0,
      "stdout": "\n> pagination-eval@0.0.1 test:public\n> vitest run --config vitest.config.public.ts\n\n\n\u001b[7m\u001b[1m\u001b[36m RUN \u001b[39m\u001b[22m\u001b[27m \u001b[36mv1.6.1\u001b[39m \u001b[90m/home/runner/work/vybestack-site/vybestack-site/evals/problems/pagination/.tmp-workspace-225989a1-1748-4e47-bf3b-53df88ca6b9b-HSn00b/workspace\u001b[39m\n\n \u001b[32m✓\u001b[39m tests/public/smoke.spec.ts \u001b[2m (\u001b[22m\u001b[2m1 test\u001b[22m\u001b[2m)\u001b[22m\u001b[90m 63\u001b[2mms\u001b[22m\u001b[39m\n\n\u001b[2m Test Files \u001b[22m \u001b[1m\u001b[32m1 passed\u001b[39m\u001b[22m\u001b[90m (1)\u001b[39m\n\u001b[2m      Tests \u001b[22m \u001b[1m\u001b[32m1 passed\u001b[39m\u001b[22m\u001b[90m (1)\u001b[39m\n\u001b[2m   Start at \u001b[22m 16:24:18\n\u001b[2m   Duration \u001b[22m 505ms\u001b[2m (transform 56ms, setup 0ms, collect 168ms, tests 63ms, environment 0ms, prepare 85ms)\u001b[22m\n\n",
      "stderr": "",
      "duration": 1037,
      "success": true
    },
    {
      "name": "npm",
      "command": "npm run lint",
      "cwd": "/home/runner/work/vybestack-site/vybestack-site/evals/grading/pagination",
      "exitCode": 0,
      "stdout": "\n> pagination-grading@0.0.1 lint\n> eslint workspace/src workspace/tests --ext .ts,.tsx\n\n",
      "stderr": "",
      "duration": 2637,
      "success": true
    },
    {
      "name": "npm",
      "command": "npm run typecheck",
      "cwd": "/home/runner/work/vybestack-site/vybestack-site/evals/grading/pagination",
      "exitCode": 0,
      "stdout": "\n> pagination-grading@0.0.1 typecheck\n> tsc -p tsconfig.json\n\n",
      "stderr": "",
      "duration": 1726,
      "success": true
    },
    {
      "name": "npm",
      "command": "npm run test:hidden",
      "cwd": "/home/runner/work/vybestack-site/vybestack-site/evals/grading/pagination",
      "exitCode": 0,
      "stdout": "\n> pagination-grading@0.0.1 test:hidden\n> vitest run --config vitest.config.hidden.ts\n\n\n\u001b[7m\u001b[1m\u001b[36m RUN \u001b[39m\u001b[22m\u001b[27m \u001b[36mv1.6.1\u001b[39m \u001b[90m/home/runner/work/vybestack-site/vybestack-site/evals/grading/pagination\u001b[39m\n\n \u001b[32m✓\u001b[39m tests/hidden/api.spec.ts \u001b[2m (\u001b[22m\u001b[2m3 tests\u001b[22m\u001b[2m)\u001b[22m\u001b[90m 89\u001b[2mms\u001b[22m\u001b[39m\n\n\u001b[2m Test Files \u001b[22m \u001b[1m\u001b[32m1 passed\u001b[39m\u001b[22m\u001b[90m (1)\u001b[39m\n\u001b[2m      Tests \u001b[22m \u001b[1m\u001b[32m3 passed\u001b[39m\u001b[22m\u001b[90m (3)\u001b[39m\n\u001b[2m   Start at \u001b[22m 16:24:23\n\u001b[2m   Duration \u001b[22m 968ms\u001b[2m (transform 70ms, setup 73ms, collect 127ms, tests 89ms, environment 400ms, prepare 104ms)\u001b[22m\n\n",
      "stderr": "",
      "duration": 1462,
      "success": true
    }
  ],
  "workspaceArchive": "/home/runner/work/vybestack-site/vybestack-site/evals/outputs/pagination-2025-10-28T16-21-41-630Z/llxprt-synthetic-minimax/workspace",
  "runSessionId": "de8ea513-8b14-4cc3-8408-91147d8ef11c",
  "runSessionStartedAt": "2025-10-28T15:50:08.567Z",
  "repoVersion": "main@2db185c",
  "vybes": {
    "taskName": "pagination",
    "configId": "llxprt-synthetic-minimax",
    "complexityMultiplier": 5,
    "timeLimitMinutes": 10,
    "baseScore": 500,
    "successPercentage": 0.6,
    "baselineSuccessPercentage": 0,
    "adjustedSuccessPercentage": 0.6,
    "timePenaltyMultiplier": 1,
    "rawScore": 300,
    "finalScore": 300,
    "actualTimeMinutes": 2.484,
    "description": "Server and client pagination repair",
    "category": "full-stack",
    "breakdown": {
      "subtasksPassed": 3,
      "subtasksTotal": 5,
      "modulesCompleted": [],
      "modulesIncomplete": [
        "pagination"
      ],
      "modules": {
        "pagination": {
          "passed": 3,
          "total": 5,
          "passedTasks": [
            "api-mid-page-request",
            "api-final-page-handling",
            "api-invalid-parameter-handling"
          ],
          "failedTasks": [
            "client-navigation",
            "client-alert"
          ]
        }
      }
    },
    "status": "ok",
    "repoVersion": "main@2db185c"
  }
}