{
  "evalName": "regex-challenge",
  "configId": "llxprt-synthetic-minimax",
  "startedAt": "2025-10-27T20:28:16.294Z",
  "finishedAt": "2025-10-27T20:28:16.294Z",
  "status": "fail",
  "totalDuration": 11415,
  "commands": [
    {
      "name": "llxprt",
      "command": "llxprt --provider openai --baseurl https://api.synthetic.new/openai/v1 --key *** --model hf:MiniMaxAI/MiniMax-M2 --set context-limit=190000 --set shell-replacement=true --set modelparam.temperature 1 --yolo",
      "cwd": "/home/runner/work/vybestack-site/vybestack-site/evals/problems/regex-challenge/.tmp-workspace-61024d5a-60f2-4fca-8c12-29ef6cc865b8-gmoeMr/workspace",
      "exitCode": 1,
      "stdout": "",
      "stderr": "An unexpected critical error occurred:\nError: Invalid --set format: modelparam.temperature. Expected key=value\n    at applyCliSetArguments (file:///opt/hostedtoolcache/node/20.19.5/x64/lib/node_modules/@vybestack/llxprt-code/dist/src/config/cliEphemeralSettings.js:17:19)\n    at loadCliConfig (file:///opt/hostedtoolcache/node/20.19.5/x64/lib/node_modules/@vybestack/llxprt-code/dist/src/config/config.js:692:26)\n    at async main (file:///opt/hostedtoolcache/node/20.19.5/x64/lib/node_modules/@vybestack/llxprt-code/dist/src/gemini.js:219:20)\n",
      "duration": 1444,
      "success": false
    },
    {
      "name": "npm",
      "command": "npm install",
      "cwd": "/home/runner/work/vybestack-site/vybestack-site/evals/problems/regex-challenge/.tmp-workspace-61024d5a-60f2-4fca-8c12-29ef6cc865b8-gmoeMr/workspace",
      "exitCode": 0,
      "stdout": "\nadded 203 packages, and audited 204 packages in 2s\n\n60 packages are looking for funding\n  run `npm fund` for details\n\n4 moderate severity vulnerabilities\n\nTo address all issues (including breaking changes), run:\n  npm audit fix --force\n\nRun `npm audit` for details.\n",
      "stderr": "npm warn deprecated inflight@1.0.6: This module is not supported, and leaks memory. Do not use it. Check out lru-cache if you want a good and tested way to coalesce async requests by a key value, which is much more comprehensive and powerful.\nnpm warn deprecated @humanwhocodes/config-array@0.13.0: Use @eslint/config-array instead\nnpm warn deprecated rimraf@3.0.2: Rimraf versions prior to v4 are no longer supported\nnpm warn deprecated glob@7.2.3: Glob versions prior to v9 are no longer supported\nnpm warn deprecated @humanwhocodes/object-schema@2.0.3: Use @eslint/object-schema instead\nnpm warn deprecated eslint@8.57.1: This version is no longer supported. Please see https://eslint.org/version-support for other options.\n",
      "duration": 1833,
      "success": true
    },
    {
      "name": "npm",
      "command": "npm run lint",
      "cwd": "/home/runner/work/vybestack-site/vybestack-site/evals/problems/regex-challenge/.tmp-workspace-61024d5a-60f2-4fca-8c12-29ef6cc865b8-gmoeMr/workspace",
      "exitCode": 1,
      "stdout": "\n> regex-challenge-eval@0.0.1 lint\n> eslint . --ext .ts\n\n\n/home/runner/work/vybestack-site/vybestack-site/evals/problems/regex-challenge/.tmp-workspace-61024d5a-60f2-4fca-8c12-29ef6cc865b8-gmoeMr/workspace/src/puzzles.ts\n   4:35  error  'text' is defined but never used. Allowed unused args must match /^_/u        @typescript-eslint/no-unused-vars\n   4:49  error  'prefix' is defined but never used. Allowed unused args must match /^_/u      @typescript-eslint/no-unused-vars\n   4:65  error  'exceptions' is defined but never used. Allowed unused args must match /^_/u  @typescript-eslint/no-unused-vars\n  11:35  error  'text' is defined but never used. Allowed unused args must match /^_/u        @typescript-eslint/no-unused-vars\n  11:49  error  'token' is defined but never used. Allowed unused args must match /^_/u       @typescript-eslint/no-unused-vars\n  18:34  error  'value' is defined but never used. Allowed unused args must match /^_/u       @typescript-eslint/no-unused-vars\n  25:30  error  'value' is defined but never used. Allowed unused args must match /^_/u       @typescript-eslint/no-unused-vars\n\n/home/runner/work/vybestack-site/vybestack-site/evals/problems/regex-challenge/.tmp-workspace-61024d5a-60f2-4fca-8c12-29ef6cc865b8-gmoeMr/workspace/src/transformations.ts\n   4:37  error  'text' is defined but never used. Allowed unused args must match /^_/u   @typescript-eslint/no-unused-vars\n  11:29  error  'text' is defined but never used. Allowed unused args must match /^_/u   @typescript-eslint/no-unused-vars\n  18:30  error  'text' is defined but never used. Allowed unused args must match /^_/u   @typescript-eslint/no-unused-vars\n  25:33  error  'text' is defined but never used. Allowed unused args must match /^_/u   @typescript-eslint/no-unused-vars\n  32:29  error  'value' is defined but never used. Allowed unused args must match /^_/u  @typescript-eslint/no-unused-vars\n\n/home/runner/work/vybestack-site/vybestack-site/evals/problems/regex-challenge/.tmp-workspace-61024d5a-60f2-4fca-8c12-29ef6cc865b8-gmoeMr/workspace/src/validators.ts\n   9:30  error  'value' is defined but never used. Allowed unused args must match /^_/u    @typescript-eslint/no-unused-vars\n  16:32  error  'value' is defined but never used. Allowed unused args must match /^_/u    @typescript-eslint/no-unused-vars\n  16:47  error  'options' is defined but never used. Allowed unused args must match /^_/u  @typescript-eslint/no-unused-vars\n  23:39  error  'value' is defined but never used. Allowed unused args must match /^_/u    @typescript-eslint/no-unused-vars\n  30:29  error  'value' is defined but never used. Allowed unused args must match /^_/u    @typescript-eslint/no-unused-vars\n  37:35  error  'value' is defined but never used. Allowed unused args must match /^_/u    @typescript-eslint/no-unused-vars\n\n✖ 18 problems (18 errors, 0 warnings)\n\n",
      "stderr": "",
      "duration": 2289,
      "success": false
    },
    {
      "name": "npm",
      "command": "npm run test:public",
      "cwd": "/home/runner/work/vybestack-site/vybestack-site/evals/problems/regex-challenge/.tmp-workspace-61024d5a-60f2-4fca-8c12-29ef6cc865b8-gmoeMr/workspace",
      "exitCode": 1,
      "stdout": "\n> regex-challenge-eval@0.0.1 test:public\n> vitest run --config vitest.config.public.ts\n\n\n\u001b[7m\u001b[1m\u001b[36m RUN \u001b[39m\u001b[22m\u001b[27m \u001b[36mv1.6.1\u001b[39m \u001b[90m/home/runner/work/vybestack-site/vybestack-site/evals/problems/regex-challenge/.tmp-workspace-61024d5a-60f2-4fca-8c12-29ef6cc865b8-gmoeMr/workspace\u001b[39m\n\n \u001b[33m❯\u001b[39m tests/public/puzzles.spec.ts \u001b[2m (\u001b[22m\u001b[2m4 tests\u001b[22m \u001b[2m|\u001b[22m \u001b[31m4 failed\u001b[39m\u001b[2m)\u001b[22m\u001b[90m 8\u001b[2mms\u001b[22m\u001b[39m\n\u001b[31m   \u001b[33m❯\u001b[31m tests/public/puzzles.spec.ts\u001b[2m > \u001b[22mpuzzles (public smoke)\u001b[2m > \u001b[22mfinds prefixed words\u001b[39m\n\u001b[31m     → TODO: implement findPrefixedWords\u001b[39m\n\u001b[31m   \u001b[33m❯\u001b[31m tests/public/puzzles.spec.ts\u001b[2m > \u001b[22mpuzzles (public smoke)\u001b[2m > \u001b[22mfinds embedded tokens after digits\u001b[39m\n\u001b[31m     → TODO: implement findEmbeddedToken\u001b[39m\n\u001b[31m   \u001b[33m❯\u001b[31m tests/public/puzzles.spec.ts\u001b[2m > \u001b[22mpuzzles (public smoke)\u001b[2m > \u001b[22maccepts a trivially strong password\u001b[39m\n\u001b[31m     → TODO: implement isStrongPassword\u001b[39m\n\u001b[31m   \u001b[33m❯\u001b[31m tests/public/puzzles.spec.ts\u001b[2m > \u001b[22mpuzzles (public smoke)\u001b[2m > \u001b[22mdetects ipv6\u001b[39m\n\u001b[31m     → TODO: implement containsIPv6\u001b[39m\n \u001b[33m❯\u001b[39m tests/public/validators.spec.ts \u001b[2m (\u001b[22m\u001b[2m6 tests\u001b[22m \u001b[2m|\u001b[22m \u001b[31m6 failed\u001b[39m\u001b[2m)\u001b[22m\u001b[90m 11\u001b[2mms\u001b[22m\u001b[39m\n\u001b[31m   \u001b[33m❯\u001b[31m tests/public/validators.spec.ts\u001b[2m > \u001b[22mvalidators (public smoke)\u001b[2m > \u001b[22maccepts a simple email\u001b[39m\n\u001b[31m     → TODO: implement isValidEmail\u001b[39m\n\u001b[31m   \u001b[33m❯\u001b[31m tests/public/validators.spec.ts\u001b[2m > \u001b[22mvalidators (public smoke)\u001b[2m > \u001b[22mrejects an obviously bad email\u001b[39m\n\u001b[31m     → TODO: implement isValidEmail\u001b[39m\n\u001b[31m   \u001b[33m❯\u001b[31m tests/public/validators.spec.ts\u001b[2m > \u001b[22mvalidators (public smoke)\u001b[2m > \u001b[22maccepts a standard US phone number\u001b[39m\n\u001b[31m     → TODO: implement isValidUSPhone\u001b[39m\n\u001b[31m   \u001b[33m❯\u001b[31m tests/public/validators.spec.ts\u001b[2m > \u001b[22mvalidators (public smoke)\u001b[2m > \u001b[22maccepts a common Argentine phone format\u001b[39m\n\u001b[31m     → TODO: implement isValidArgentinePhone\u001b[39m\n\u001b[31m   \u001b[33m❯\u001b[31m tests/public/validators.spec.ts\u001b[2m > \u001b[22mvalidators (public smoke)\u001b[2m > \u001b[22maccepts a basic name\u001b[39m\n\u001b[31m     → TODO: implement isValidName\u001b[39m\n\u001b[31m   \u001b[33m❯\u001b[31m tests/public/validators.spec.ts\u001b[2m > \u001b[22mvalidators (public smoke)\u001b[2m > \u001b[22maccepts a plausible credit card number\u001b[39m\n\u001b[31m     → TODO: implement isValidCreditCard\u001b[39m\n \u001b[33m❯\u001b[39m tests/public/transformations.spec.ts \u001b[2m (\u001b[22m\u001b[2m5 tests\u001b[22m \u001b[2m|\u001b[22m \u001b[31m5 failed\u001b[39m\u001b[2m)\u001b[22m\u001b[90m 10\u001b[2mms\u001b[22m\u001b[39m\n\u001b[31m   \u001b[33m❯\u001b[31m tests/public/transformations.spec.ts\u001b[2m > \u001b[22mtransformations (public smoke)\u001b[2m > \u001b[22mcapitalizes simple sentences\u001b[39m\n\u001b[31m     → TODO: implement capitalizeSentences\u001b[39m\n\u001b[31m   \u001b[33m❯\u001b[31m tests/public/transformations.spec.ts\u001b[2m > \u001b[22mtransformations (public smoke)\u001b[2m > \u001b[22mextracts an obvious URL\u001b[39m\n\u001b[31m     → TODO: implement extractUrls\u001b[39m\n\u001b[31m   \u001b[33m❯\u001b[31m tests/public/transformations.spec.ts\u001b[2m > \u001b[22mtransformations (public smoke)\u001b[2m > \u001b[22mconverts http to https\u001b[39m\n\u001b[31m     → TODO: implement enforceHttps\u001b[39m\n\u001b[31m   \u001b[33m❯\u001b[31m tests/public/transformations.spec.ts\u001b[2m > \u001b[22mtransformations (public smoke)\u001b[2m > \u001b[22mrewrites docs url\u001b[39m\n\u001b[31m     → TODO: implement rewriteDocsUrls\u001b[39m\n\u001b[31m   \u001b[33m❯\u001b[31m tests/public/transformations.spec.ts\u001b[2m > \u001b[22mtransformations (public smoke)\u001b[2m > \u001b[22mextracts the year from a simple date\u001b[39m\n\u001b[31m     → TODO: implement extractYear\u001b[39m\n\n\n::error file=/home/runner/work/vybestack-site/vybestack-site/evals/problems/regex-challenge/.tmp-workspace-61024d5a-60f2-4fca-8c12-29ef6cc865b8-gmoeMr/workspace/src/puzzles.ts,title=tests/public/puzzles.spec.ts > puzzles (public smoke) > finds prefixed words,line=5,column=9::Error: TODO: implement findPrefixedWords%0A ❯ Module.findPrefixedWords src/puzzles.ts:5:9%0A ❯ tests/public/puzzles.spec.ts:11:12%0A%0A\n\n::error file=/home/runner/work/vybestack-site/vybestack-site/evals/problems/regex-challenge/.tmp-workspace-61024d5a-60f2-4fca-8c12-29ef6cc865b8-gmoeMr/workspace/src/puzzles.ts,title=tests/public/puzzles.spec.ts > puzzles (public smoke) > finds embedded tokens after digits,line=12,column=9::Error: TODO: implement findEmbeddedToken%0A ❯ Module.findEmbeddedToken src/puzzles.ts:12:9%0A ❯ tests/public/puzzles.spec.ts:15:12%0A%0A\n\n::error file=/home/runner/work/vybestack-site/vybestack-site/evals/problems/regex-challenge/.tmp-workspace-61024d5a-60f2-4fca-8c12-29ef6cc865b8-gmoeMr/workspace/src/puzzles.ts,title=tests/public/puzzles.spec.ts > puzzles (public smoke) > accepts a trivially strong password,line=19,column=9::Error: TODO: implement isStrongPassword%0A ❯ Module.isStrongPassword src/puzzles.ts:19:9%0A ❯ tests/public/puzzles.spec.ts:19:12%0A%0A\n\n::error file=/home/runner/work/vybestack-site/vybestack-site/evals/problems/regex-challenge/.tmp-workspace-61024d5a-60f2-4fca-8c12-29ef6cc865b8-gmoeMr/workspace/src/puzzles.ts,title=tests/public/puzzles.spec.ts > puzzles (public smoke) > detects ipv6,line=26,column=9::Error: TODO: implement containsIPv6%0A ❯ Module.containsIPv6 src/puzzles.ts:26:9%0A ❯ tests/public/puzzles.spec.ts:23:12%0A%0A\n\n::error file=/home/runner/work/vybestack-site/vybestack-site/evals/problems/regex-challenge/.tmp-workspace-61024d5a-60f2-4fca-8c12-29ef6cc865b8-gmoeMr/workspace/src/transformations.ts,title=tests/public/transformations.spec.ts > transformations (public smoke) > capitalizes simple sentences,line=5,column=9::Error: TODO: implement capitalizeSentences%0A ❯ Module.capitalizeSentences src/transformations.ts:5:9%0A ❯ tests/public/transformations.spec.ts:12:12%0A%0A\n\n::error file=/home/runner/work/vybestack-site/vybestack-site/evals/problems/regex-challenge/.tmp-workspace-61024d5a-60f2-4fca-8c12-29ef6cc865b8-gmoeMr/workspace/src/transformations.ts,title=tests/public/transformations.spec.ts > transformations (public smoke) > extracts an obvious URL,line=12,column=9::Error: TODO: implement extractUrls%0A ❯ Module.extractUrls src/transformations.ts:12:9%0A ❯ tests/public/transformations.spec.ts:16:12%0A%0A\n\n::error file=/home/runner/work/vybestack-site/vybestack-site/evals/problems/regex-challenge/.tmp-workspace-61024d5a-60f2-4fca-8c12-29ef6cc865b8-gmoeMr/workspace/src/transformations.ts,title=tests/public/transformations.spec.ts > transformations (public smoke) > converts http to https,line=19,column=9::Error: TODO: implement enforceHttps%0A ❯ Module.enforceHttps src/transformations.ts:19:9%0A ❯ tests/public/transformations.spec.ts:20:12%0A%0A\n\n::error file=/home/runner/work/vybestack-site/vybestack-site/evals/problems/regex-challenge/.tmp-workspace-61024d5a-60f2-4fca-8c12-29ef6cc865b8-gmoeMr/workspace/src/transformations.ts,title=tests/public/transformations.spec.ts > transformations (public smoke) > rewrites docs url,line=26,column=9::Error: TODO: implement rewriteDocsUrls%0A ❯ Module.rewriteDocsUrls src/transformations.ts:26:9%0A ❯ tests/public/transformations.spec.ts:24:12%0A%0A\n\n::error file=/home/runner/work/vybestack-site/vybestack-site/evals/problems/regex-challenge/.tmp-workspace-61024d5a-60f2-4fca-8c12-29ef6cc865b8-gmoeMr/workspace/src/transformations.ts,title=tests/public/transformations.spec.ts > transformations (public smoke) > extracts the year from a simple date,line=33,column=9::Error: TODO: implement extractYear%0A ❯ Module.extractYear src/transformations.ts:33:9%0A ❯ tests/public/transformations.spec.ts:28:12%0A%0A\n\n::error file=/home/runner/work/vybestack-site/vybestack-site/evals/problems/regex-challenge/.tmp-workspace-61024d5a-60f2-4fca-8c12-29ef6cc865b8-gmoeMr/workspace/src/validators.ts,title=tests/public/validators.spec.ts > validators (public smoke) > accepts a simple email,line=10,column=9::Error: TODO: implement isValidEmail%0A ❯ Module.isValidEmail src/validators.ts:10:9%0A ❯ tests/public/validators.spec.ts:7:12%0A%0A\n\n::error file=/home/runner/work/vybestack-site/vybestack-site/evals/problems/regex-challenge/.tmp-workspace-61024d5a-60f2-4fca-8c12-29ef6cc865b8-gmoeMr/workspace/src/validators.ts,title=tests/public/validators.spec.ts > validators (public smoke) > rejects an obviously bad email,line=10,column=9::Error: TODO: implement isValidEmail%0A ❯ Module.isValidEmail src/validators.ts:10:9%0A ❯ tests/public/validators.spec.ts:11:12%0A%0A\n\n::error file=/home/runner/work/vybestack-site/vybestack-site/evals/problems/regex-challenge/.tmp-workspace-61024d5a-60f2-4fca-8c12-29ef6cc865b8-gmoeMr/workspace/src/validators.ts,title=tests/public/validators.spec.ts > validators (public smoke) > accepts a standard US phone number,line=17,column=9::Error: TODO: implement isValidUSPhone%0A ❯ Module.isValidUSPhone src/validators.ts:17:9%0A ❯ tests/public/validators.spec.ts:15:12%0A%0A\n\n::error file=/home/runner/work/vybestack-site/vybestack-site/evals/problems/regex-challenge/.tmp-workspace-61024d5a-60f2-4fca-8c12-29ef6cc865b8-gmoeMr/workspace/src/validators.ts,title=tests/public/validators.spec.ts > validators (public smoke) > accepts a common Argentine phone format,line=24,column=9::Error: TODO: implement isValidArgentinePhone%0A ❯ Module.isValidArgentinePhone src/validators.ts:24:9%0A ❯ tests/public/validators.spec.ts:19:12%0A%0A\n\n::error file=/home/runner/work/vybestack-site/vybestack-site/evals/problems/regex-challenge/.tmp-workspace-61024d5a-60f2-4fca-8c12-29ef6cc865b8-gmoeMr/workspace/src/validators.ts,title=tests/public/validators.spec.ts > validators (public smoke) > accepts a basic name,line=31,column=9::Error: TODO: implement isValidName%0A ❯ Module.isValidName src/validators.ts:31:9%0A ❯ tests/public/validators.spec.ts:23:12%0A%0A\n\n::error file=/home/runner/work/vybestack-site/vybestack-site/evals/problems/regex-challenge/.tmp-workspace-61024d5a-60f2-4fca-8c12-29ef6cc865b8-gmoeMr/workspace/src/validators.ts,title=tests/public/validators.spec.ts > validators (public smoke) > accepts a plausible credit card number,line=38,column=9::Error: TODO: implement isValidCreditCard%0A ❯ Module.isValidCreditCard src/validators.ts:38:9%0A ❯ tests/public/validators.spec.ts:27:12%0A%0A\n\u001b[2m Test Files \u001b[22m \u001b[1m\u001b[31m3 failed\u001b[39m\u001b[22m\u001b[90m (3)\u001b[39m\n\u001b[2m      Tests \u001b[22m \u001b[1m\u001b[31m15 failed\u001b[39m\u001b[22m\u001b[90m (15)\u001b[39m\n\u001b[2m   Start at \u001b[22m 20:28:10\n\u001b[2m   Duration \u001b[22m 388ms\u001b[2m (transform 105ms, setup 0ms, collect 119ms, tests 29ms, environment 1ms, prepare 418ms)\u001b[22m\n\n",
      "stderr": "\u001b[31m⎯⎯⎯⎯⎯⎯\u001b[1m\u001b[7m Failed Tests 15 \u001b[27m\u001b[22m⎯⎯⎯⎯⎯⎯⎯\u001b[39m\n\n\u001b[31m\u001b[1m\u001b[7m FAIL \u001b[27m\u001b[22m\u001b[39m tests/public/puzzles.spec.ts\u001b[2m > \u001b[22mpuzzles (public smoke)\u001b[2m > \u001b[22mfinds prefixed words\n\u001b[31m\u001b[1mError\u001b[22m: TODO: implement findPrefixedWords\u001b[39m\n\u001b[36m \u001b[2m❯\u001b[22m Module.findPrefixedWords src/puzzles.ts:\u001b[2m5:9\u001b[22m\u001b[39m\n    \u001b[90m  3| \u001b[39m */\u001b[39m\n    \u001b[90m  4| \u001b[39m\u001b[35mexport\u001b[39m \u001b[35mfunction\u001b[39m \u001b[34mfindPrefixedWords\u001b[39m(text\u001b[33m:\u001b[39m string\u001b[33m,\u001b[39m prefix\u001b[33m:\u001b[39m string\u001b[33m,\u001b[39m except…\n    \u001b[90m  5| \u001b[39m  \u001b[35mthrow\u001b[39m \u001b[35mnew\u001b[39m \u001b[33mError\u001b[39m(\u001b[32m'TODO: implement findPrefixedWords'\u001b[39m)\u001b[33m;\u001b[39m\n    \u001b[90m   | \u001b[39m        \u001b[31m^\u001b[39m\n    \u001b[90m  6| \u001b[39m}\n    \u001b[90m  7| \u001b[39m\n\u001b[90m \u001b[2m❯\u001b[22m tests/public/puzzles.spec.ts:\u001b[2m11:12\u001b[22m\u001b[39m\n\n\u001b[31m\u001b[2m⎯⎯⎯⎯⎯⎯⎯⎯⎯⎯⎯⎯⎯⎯⎯⎯⎯⎯⎯⎯⎯⎯⎯[1/15]⎯\u001b[22m\u001b[39m\n\n\u001b[31m\u001b[1m\u001b[7m FAIL \u001b[27m\u001b[22m\u001b[39m tests/public/puzzles.spec.ts\u001b[2m > \u001b[22mpuzzles (public smoke)\u001b[2m > \u001b[22mfinds embedded tokens after digits\n\u001b[31m\u001b[1mError\u001b[22m: TODO: implement findEmbeddedToken\u001b[39m\n\u001b[36m \u001b[2m❯\u001b[22m Module.findEmbeddedToken src/puzzles.ts:\u001b[2m12:9\u001b[22m\u001b[39m\n    \u001b[90m 10| \u001b[39m */\u001b[39m\n    \u001b[90m 11| \u001b[39m\u001b[35mexport\u001b[39m \u001b[35mfunction\u001b[39m \u001b[34mfindEmbeddedToken\u001b[39m(text\u001b[33m:\u001b[39m string\u001b[33m,\u001b[39m token\u001b[33m:\u001b[39m string)\u001b[33m:\u001b[39m string…\n    \u001b[90m 12| \u001b[39m  \u001b[35mthrow\u001b[39m \u001b[35mnew\u001b[39m \u001b[33mError\u001b[39m(\u001b[32m'TODO: implement findEmbeddedToken'\u001b[39m)\u001b[33m;\u001b[39m\n    \u001b[90m   | \u001b[39m        \u001b[31m^\u001b[39m\n    \u001b[90m 13| \u001b[39m}\n    \u001b[90m 14| \u001b[39m\n\u001b[90m \u001b[2m❯\u001b[22m tests/public/puzzles.spec.ts:\u001b[2m15:12\u001b[22m\u001b[39m\n\n\u001b[31m\u001b[2m⎯⎯⎯⎯⎯⎯⎯⎯⎯⎯⎯⎯⎯⎯⎯⎯⎯⎯⎯⎯⎯⎯⎯[2/15]⎯\u001b[22m\u001b[39m\n\n\u001b[31m\u001b[1m\u001b[7m FAIL \u001b[27m\u001b[22m\u001b[39m tests/public/puzzles.spec.ts\u001b[2m > \u001b[22mpuzzles (public smoke)\u001b[2m > \u001b[22maccepts a trivially strong password\n\u001b[31m\u001b[1mError\u001b[22m: TODO: implement isStrongPassword\u001b[39m\n\u001b[36m \u001b[2m❯\u001b[22m Module.isStrongPassword src/puzzles.ts:\u001b[2m19:9\u001b[22m\u001b[39m\n    \u001b[90m 17| \u001b[39m */\u001b[39m\n    \u001b[90m 18| \u001b[39m\u001b[35mexport\u001b[39m \u001b[35mfunction\u001b[39m \u001b[34misStrongPassword\u001b[39m(value\u001b[33m:\u001b[39m string)\u001b[33m:\u001b[39m boolean {\n    \u001b[90m 19| \u001b[39m  \u001b[35mthrow\u001b[39m \u001b[35mnew\u001b[39m \u001b[33mError\u001b[39m(\u001b[32m'TODO: implement isStrongPassword'\u001b[39m)\u001b[33m;\u001b[39m\n    \u001b[90m   | \u001b[39m        \u001b[31m^\u001b[39m\n    \u001b[90m 20| \u001b[39m}\n    \u001b[90m 21| \u001b[39m\n\u001b[90m \u001b[2m❯\u001b[22m tests/public/puzzles.spec.ts:\u001b[2m19:12\u001b[22m\u001b[39m\n\n\u001b[31m\u001b[2m⎯⎯⎯⎯⎯⎯⎯⎯⎯⎯⎯⎯⎯⎯⎯⎯⎯⎯⎯⎯⎯⎯⎯[3/15]⎯\u001b[22m\u001b[39m\n\n\u001b[31m\u001b[1m\u001b[7m FAIL \u001b[27m\u001b[22m\u001b[39m tests/public/puzzles.spec.ts\u001b[2m > \u001b[22mpuzzles (public smoke)\u001b[2m > \u001b[22mdetects ipv6\n\u001b[31m\u001b[1mError\u001b[22m: TODO: implement containsIPv6\u001b[39m\n\u001b[36m \u001b[2m❯\u001b[22m Module.containsIPv6 src/puzzles.ts:\u001b[2m26:9\u001b[22m\u001b[39m\n    \u001b[90m 24| \u001b[39m */\u001b[39m\n    \u001b[90m 25| \u001b[39m\u001b[35mexport\u001b[39m \u001b[35mfunction\u001b[39m \u001b[34mcontainsIPv6\u001b[39m(value\u001b[33m:\u001b[39m string)\u001b[33m:\u001b[39m boolean {\n    \u001b[90m 26| \u001b[39m  \u001b[35mthrow\u001b[39m \u001b[35mnew\u001b[39m \u001b[33mError\u001b[39m(\u001b[32m'TODO: implement containsIPv6'\u001b[39m)\u001b[33m;\u001b[39m\n    \u001b[90m   | \u001b[39m        \u001b[31m^\u001b[39m\n    \u001b[90m 27| \u001b[39m}\n    \u001b[90m 28| \u001b[39m\n\u001b[90m \u001b[2m❯\u001b[22m tests/public/puzzles.spec.ts:\u001b[2m23:12\u001b[22m\u001b[39m\n\n\u001b[31m\u001b[2m⎯⎯⎯⎯⎯⎯⎯⎯⎯⎯⎯⎯⎯⎯⎯⎯⎯⎯⎯⎯⎯⎯⎯[4/15]⎯\u001b[22m\u001b[39m\n\n\u001b[31m\u001b[1m\u001b[7m FAIL \u001b[27m\u001b[22m\u001b[39m tests/public/transformations.spec.ts\u001b[2m > \u001b[22mtransformations (public smoke)\u001b[2m > \u001b[22mcapitalizes simple sentences\n\u001b[31m\u001b[1mError\u001b[22m: TODO: implement capitalizeSentences\u001b[39m\n\u001b[36m \u001b[2m❯\u001b[22m Module.capitalizeSentences src/transformations.ts:\u001b[2m5:9\u001b[22m\u001b[39m\n    \u001b[90m  3| \u001b[39m */\u001b[39m\n    \u001b[90m  4| \u001b[39m\u001b[35mexport\u001b[39m \u001b[35mfunction\u001b[39m \u001b[34mcapitalizeSentences\u001b[39m(text\u001b[33m:\u001b[39m string)\u001b[33m:\u001b[39m string {\n    \u001b[90m  5| \u001b[39m  \u001b[35mthrow\u001b[39m \u001b[35mnew\u001b[39m \u001b[33mError\u001b[39m(\u001b[32m'TODO: implement capitalizeSentences'\u001b[39m)\u001b[33m;\u001b[39m\n    \u001b[90m   | \u001b[39m        \u001b[31m^\u001b[39m\n    \u001b[90m  6| \u001b[39m}\n    \u001b[90m  7| \u001b[39m\n\u001b[90m \u001b[2m❯\u001b[22m tests/public/transformations.spec.ts:\u001b[2m12:12\u001b[22m\u001b[39m\n\n\u001b[31m\u001b[2m⎯⎯⎯⎯⎯⎯⎯⎯⎯⎯⎯⎯⎯⎯⎯⎯⎯⎯⎯⎯⎯⎯⎯[5/15]⎯\u001b[22m\u001b[39m\n\n\u001b[31m\u001b[1m\u001b[7m FAIL \u001b[27m\u001b[22m\u001b[39m tests/public/transformations.spec.ts\u001b[2m > \u001b[22mtransformations (public smoke)\u001b[2m > \u001b[22mextracts an obvious URL\n\u001b[31m\u001b[1mError\u001b[22m: TODO: implement extractUrls\u001b[39m\n\u001b[36m \u001b[2m❯\u001b[22m Module.extractUrls src/transformations.ts:\u001b[2m12:9\u001b[22m\u001b[39m\n    \u001b[90m 10| \u001b[39m */\u001b[39m\n    \u001b[90m 11| \u001b[39m\u001b[35mexport\u001b[39m \u001b[35mfunction\u001b[39m \u001b[34mextractUrls\u001b[39m(text\u001b[33m:\u001b[39m string)\u001b[33m:\u001b[39m string[] {\n    \u001b[90m 12| \u001b[39m  \u001b[35mthrow\u001b[39m \u001b[35mnew\u001b[39m \u001b[33mError\u001b[39m(\u001b[32m'TODO: implement extractUrls'\u001b[39m)\u001b[33m;\u001b[39m\n    \u001b[90m   | \u001b[39m        \u001b[31m^\u001b[39m\n    \u001b[90m 13| \u001b[39m}\n    \u001b[90m 14| \u001b[39m\n\u001b[90m \u001b[2m❯\u001b[22m tests/public/transformations.spec.ts:\u001b[2m16:12\u001b[22m\u001b[39m\n\n\u001b[31m\u001b[2m⎯⎯⎯⎯⎯⎯⎯⎯⎯⎯⎯⎯⎯⎯⎯⎯⎯⎯⎯⎯⎯⎯⎯[6/15]⎯\u001b[22m\u001b[39m\n\n\u001b[31m\u001b[1m\u001b[7m FAIL \u001b[27m\u001b[22m\u001b[39m tests/public/transformations.spec.ts\u001b[2m > \u001b[22mtransformations (public smoke)\u001b[2m > \u001b[22mconverts http to https\n\u001b[31m\u001b[1mError\u001b[22m: TODO: implement enforceHttps\u001b[39m\n\u001b[36m \u001b[2m❯\u001b[22m Module.enforceHttps src/transformations.ts:\u001b[2m19:9\u001b[22m\u001b[39m\n    \u001b[90m 17| \u001b[39m */\u001b[39m\n    \u001b[90m 18| \u001b[39m\u001b[35mexport\u001b[39m \u001b[35mfunction\u001b[39m \u001b[34menforceHttps\u001b[39m(text\u001b[33m:\u001b[39m string)\u001b[33m:\u001b[39m string {\n    \u001b[90m 19| \u001b[39m  \u001b[35mthrow\u001b[39m \u001b[35mnew\u001b[39m \u001b[33mError\u001b[39m(\u001b[32m'TODO: implement enforceHttps'\u001b[39m)\u001b[33m;\u001b[39m\n    \u001b[90m   | \u001b[39m        \u001b[31m^\u001b[39m\n    \u001b[90m 20| \u001b[39m}\n    \u001b[90m 21| \u001b[39m\n\u001b[90m \u001b[2m❯\u001b[22m tests/public/transformations.spec.ts:\u001b[2m20:12\u001b[22m\u001b[39m\n\n\u001b[31m\u001b[2m⎯⎯⎯⎯⎯⎯⎯⎯⎯⎯⎯⎯⎯⎯⎯⎯⎯⎯⎯⎯⎯⎯⎯[7/15]⎯\u001b[22m\u001b[39m\n\n\u001b[31m\u001b[1m\u001b[7m FAIL \u001b[27m\u001b[22m\u001b[39m tests/public/transformations.spec.ts\u001b[2m > \u001b[22mtransformations (public smoke)\u001b[2m > \u001b[22mrewrites docs url\n\u001b[31m\u001b[1mError\u001b[22m: TODO: implement rewriteDocsUrls\u001b[39m\n\u001b[36m \u001b[2m❯\u001b[22m Module.rewriteDocsUrls src/transformations.ts:\u001b[2m26:9\u001b[22m\u001b[39m\n    \u001b[90m 24| \u001b[39m*/\u001b[39m\n    \u001b[90m 25| \u001b[39m\u001b[35mexport\u001b[39m \u001b[35mfunction\u001b[39m \u001b[34mrewriteDocsUrls\u001b[39m(text\u001b[33m:\u001b[39m string)\u001b[33m:\u001b[39m string {\n    \u001b[90m 26| \u001b[39m  \u001b[35mthrow\u001b[39m \u001b[35mnew\u001b[39m \u001b[33mError\u001b[39m(\u001b[32m'TODO: implement rewriteDocsUrls'\u001b[39m)\u001b[33m;\u001b[39m\n    \u001b[90m   | \u001b[39m        \u001b[31m^\u001b[39m\n    \u001b[90m 27| \u001b[39m}\n    \u001b[90m 28| \u001b[39m\n\u001b[90m \u001b[2m❯\u001b[22m tests/public/transformations.spec.ts:\u001b[2m24:12\u001b[22m\u001b[39m\n\n\u001b[31m\u001b[2m⎯⎯⎯⎯⎯⎯⎯⎯⎯⎯⎯⎯⎯⎯⎯⎯⎯⎯⎯⎯⎯⎯⎯[8/15]⎯\u001b[22m\u001b[39m\n\n\u001b[31m\u001b[1m\u001b[7m FAIL \u001b[27m\u001b[22m\u001b[39m tests/public/transformations.spec.ts\u001b[2m > \u001b[22mtransformations (public smoke)\u001b[2m > \u001b[22mextracts the year from a simple date\n\u001b[31m\u001b[1mError\u001b[22m: TODO: implement extractYear\u001b[39m\n\u001b[36m \u001b[2m❯\u001b[22m Module.extractYear src/transformations.ts:\u001b[2m33:9\u001b[22m\u001b[39m\n    \u001b[90m 31| \u001b[39m */\u001b[39m\n    \u001b[90m 32| \u001b[39m\u001b[35mexport\u001b[39m \u001b[35mfunction\u001b[39m \u001b[34mextractYear\u001b[39m(value\u001b[33m:\u001b[39m string)\u001b[33m:\u001b[39m string {\n    \u001b[90m 33| \u001b[39m  \u001b[35mthrow\u001b[39m \u001b[35mnew\u001b[39m \u001b[33mError\u001b[39m(\u001b[32m'TODO: implement extractYear'\u001b[39m)\u001b[33m;\u001b[39m\n    \u001b[90m   | \u001b[39m        \u001b[31m^\u001b[39m\n    \u001b[90m 34| \u001b[39m}\n    \u001b[90m 35| \u001b[39m\n\u001b[90m \u001b[2m❯\u001b[22m tests/public/transformations.spec.ts:\u001b[2m28:12\u001b[22m\u001b[39m\n\n\u001b[31m\u001b[2m⎯⎯⎯⎯⎯⎯⎯⎯⎯⎯⎯⎯⎯⎯⎯⎯⎯⎯⎯⎯⎯⎯⎯[9/15]⎯\u001b[22m\u001b[39m\n\n\u001b[31m\u001b[1m\u001b[7m FAIL \u001b[27m\u001b[22m\u001b[39m tests/public/validators.spec.ts\u001b[2m > \u001b[22mvalidators (public smoke)\u001b[2m > \u001b[22maccepts a simple email\n\u001b[31m\u001b[1mError\u001b[22m: TODO: implement isValidEmail\u001b[39m\n\u001b[36m \u001b[2m❯\u001b[22m Module.isValidEmail src/validators.ts:\u001b[2m10:9\u001b[22m\u001b[39m\n    \u001b[90m  8| \u001b[39m */\u001b[39m\n    \u001b[90m  9| \u001b[39m\u001b[35mexport\u001b[39m \u001b[35mfunction\u001b[39m \u001b[34misValidEmail\u001b[39m(value\u001b[33m:\u001b[39m string)\u001b[33m:\u001b[39m boolean {\n    \u001b[90m 10| \u001b[39m  \u001b[35mthrow\u001b[39m \u001b[35mnew\u001b[39m \u001b[33mError\u001b[39m(\u001b[32m'TODO: implement isValidEmail'\u001b[39m)\u001b[33m;\u001b[39m\n    \u001b[90m   | \u001b[39m        \u001b[31m^\u001b[39m\n    \u001b[90m 11| \u001b[39m}\n    \u001b[90m 12| \u001b[39m\n\u001b[90m \u001b[2m❯\u001b[22m tests/public/validators.spec.ts:\u001b[2m7:12\u001b[22m\u001b[39m\n\n\u001b[31m\u001b[2m⎯⎯⎯⎯⎯⎯⎯⎯⎯⎯⎯⎯⎯⎯⎯⎯⎯⎯⎯⎯⎯⎯[10/15]⎯\u001b[22m\u001b[39m\n\n\u001b[31m\u001b[1m\u001b[7m FAIL \u001b[27m\u001b[22m\u001b[39m tests/public/validators.spec.ts\u001b[2m > \u001b[22mvalidators (public smoke)\u001b[2m > \u001b[22mrejects an obviously bad email\n\u001b[31m\u001b[1mError\u001b[22m: TODO: implement isValidEmail\u001b[39m\n\u001b[36m \u001b[2m❯\u001b[22m Module.isValidEmail src/validators.ts:\u001b[2m10:9\u001b[22m\u001b[39m\n    \u001b[90m  8| \u001b[39m */\u001b[39m\n    \u001b[90m  9| \u001b[39m\u001b[35mexport\u001b[39m \u001b[35mfunction\u001b[39m \u001b[34misValidEmail\u001b[39m(value\u001b[33m:\u001b[39m string)\u001b[33m:\u001b[39m boolean {\n    \u001b[90m 10| \u001b[39m  \u001b[35mthrow\u001b[39m \u001b[35mnew\u001b[39m \u001b[33mError\u001b[39m(\u001b[32m'TODO: implement isValidEmail'\u001b[39m)\u001b[33m;\u001b[39m\n    \u001b[90m   | \u001b[39m        \u001b[31m^\u001b[39m\n    \u001b[90m 11| \u001b[39m}\n    \u001b[90m 12| \u001b[39m\n\u001b[90m \u001b[2m❯\u001b[22m tests/public/validators.spec.ts:\u001b[2m11:12\u001b[22m\u001b[39m\n\n\u001b[31m\u001b[2m⎯⎯⎯⎯⎯⎯⎯⎯⎯⎯⎯⎯⎯⎯⎯⎯⎯⎯⎯⎯⎯⎯[11/15]⎯\u001b[22m\u001b[39m\n\n\u001b[31m\u001b[1m\u001b[7m FAIL \u001b[27m\u001b[22m\u001b[39m tests/public/validators.spec.ts\u001b[2m > \u001b[22mvalidators (public smoke)\u001b[2m > \u001b[22maccepts a standard US phone number\n\u001b[31m\u001b[1mError\u001b[22m: TODO: implement isValidUSPhone\u001b[39m\n\u001b[36m \u001b[2m❯\u001b[22m Module.isValidUSPhone src/validators.ts:\u001b[2m17:9\u001b[22m\u001b[39m\n    \u001b[90m 15| \u001b[39m */\u001b[39m\n    \u001b[90m 16| \u001b[39m\u001b[35mexport\u001b[39m \u001b[35mfunction\u001b[39m \u001b[34misValidUSPhone\u001b[39m(value\u001b[33m:\u001b[39m string\u001b[33m,\u001b[39m options\u001b[33m?\u001b[39m\u001b[33m:\u001b[39m \u001b[33mPhoneValidatio\u001b[39m…\n    \u001b[90m 17| \u001b[39m  \u001b[35mthrow\u001b[39m \u001b[35mnew\u001b[39m \u001b[33mError\u001b[39m(\u001b[32m'TODO: implement isValidUSPhone'\u001b[39m)\u001b[33m;\u001b[39m\n    \u001b[90m   | \u001b[39m        \u001b[31m^\u001b[39m\n    \u001b[90m 18| \u001b[39m}\n    \u001b[90m 19| \u001b[39m\n\u001b[90m \u001b[2m❯\u001b[22m tests/public/validators.spec.ts:\u001b[2m15:12\u001b[22m\u001b[39m\n\n\u001b[31m\u001b[2m⎯⎯⎯⎯⎯⎯⎯⎯⎯⎯⎯⎯⎯⎯⎯⎯⎯⎯⎯⎯⎯⎯[12/15]⎯\u001b[22m\u001b[39m\n\n\u001b[31m\u001b[1m\u001b[7m FAIL \u001b[27m\u001b[22m\u001b[39m tests/public/validators.spec.ts\u001b[2m > \u001b[22mvalidators (public smoke)\u001b[2m > \u001b[22maccepts a common Argentine phone format\n\u001b[31m\u001b[1mError\u001b[22m: TODO: implement isValidArgentinePhone\u001b[39m\n\u001b[36m \u001b[2m❯\u001b[22m Module.isValidArgentinePhone src/validators.ts:\u001b[2m24:9\u001b[22m\u001b[39m\n    \u001b[90m 22| \u001b[39m */\u001b[39m\n    \u001b[90m 23| \u001b[39m\u001b[35mexport\u001b[39m \u001b[35mfunction\u001b[39m \u001b[34misValidArgentinePhone\u001b[39m(value\u001b[33m:\u001b[39m string)\u001b[33m:\u001b[39m boolean {\n    \u001b[90m 24| \u001b[39m  \u001b[35mthrow\u001b[39m \u001b[35mnew\u001b[39m \u001b[33mError\u001b[39m(\u001b[32m'TODO: implement isValidArgentinePhone'\u001b[39m)\u001b[33m;\u001b[39m\n    \u001b[90m   | \u001b[39m        \u001b[31m^\u001b[39m\n    \u001b[90m 25| \u001b[39m}\n    \u001b[90m 26| \u001b[39m\n\u001b[90m \u001b[2m❯\u001b[22m tests/public/validators.spec.ts:\u001b[2m19:12\u001b[22m\u001b[39m\n\n\u001b[31m\u001b[2m⎯⎯⎯⎯⎯⎯⎯⎯⎯⎯⎯⎯⎯⎯⎯⎯⎯⎯⎯⎯⎯⎯[13/15]⎯\u001b[22m\u001b[39m\n\n\u001b[31m\u001b[1m\u001b[7m FAIL \u001b[27m\u001b[22m\u001b[39m tests/public/validators.spec.ts\u001b[2m > \u001b[22mvalidators (public smoke)\u001b[2m > \u001b[22maccepts a basic name\n\u001b[31m\u001b[1mError\u001b[22m: TODO: implement isValidName\u001b[39m\n\u001b[36m \u001b[2m❯\u001b[22m Module.isValidName src/validators.ts:\u001b[2m31:9\u001b[22m\u001b[39m\n    \u001b[90m 29| \u001b[39m */\u001b[39m\n    \u001b[90m 30| \u001b[39m\u001b[35mexport\u001b[39m \u001b[35mfunction\u001b[39m \u001b[34misValidName\u001b[39m(value\u001b[33m:\u001b[39m string)\u001b[33m:\u001b[39m boolean {\n    \u001b[90m 31| \u001b[39m  \u001b[35mthrow\u001b[39m \u001b[35mnew\u001b[39m \u001b[33mError\u001b[39m(\u001b[32m'TODO: implement isValidName'\u001b[39m)\u001b[33m;\u001b[39m\n    \u001b[90m   | \u001b[39m        \u001b[31m^\u001b[39m\n    \u001b[90m 32| \u001b[39m}\n    \u001b[90m 33| \u001b[39m\n\u001b[90m \u001b[2m❯\u001b[22m tests/public/validators.spec.ts:\u001b[2m23:12\u001b[22m\u001b[39m\n\n\u001b[31m\u001b[2m⎯⎯⎯⎯⎯⎯⎯⎯⎯⎯⎯⎯⎯⎯⎯⎯⎯⎯⎯⎯⎯⎯[14/15]⎯\u001b[22m\u001b[39m\n\n\u001b[31m\u001b[1m\u001b[7m FAIL \u001b[27m\u001b[22m\u001b[39m tests/public/validators.spec.ts\u001b[2m > \u001b[22mvalidators (public smoke)\u001b[2m > \u001b[22maccepts a plausible credit card number\n\u001b[31m\u001b[1mError\u001b[22m: TODO: implement isValidCreditCard\u001b[39m\n\u001b[36m \u001b[2m❯\u001b[22m Module.isValidCreditCard src/validators.ts:\u001b[2m38:9\u001b[22m\u001b[39m\n    \u001b[90m 36| \u001b[39m */\u001b[39m\n    \u001b[90m 37| \u001b[39m\u001b[35mexport\u001b[39m \u001b[35mfunction\u001b[39m \u001b[34misValidCreditCard\u001b[39m(value\u001b[33m:\u001b[39m string)\u001b[33m:\u001b[39m boolean {\n    \u001b[90m 38| \u001b[39m  \u001b[35mthrow\u001b[39m \u001b[35mnew\u001b[39m \u001b[33mError\u001b[39m(\u001b[32m'TODO: implement isValidCreditCard'\u001b[39m)\u001b[33m;\u001b[39m\n    \u001b[90m   | \u001b[39m        \u001b[31m^\u001b[39m\n    \u001b[90m 39| \u001b[39m}\n    \u001b[90m 40| \u001b[39m\n\u001b[90m \u001b[2m❯\u001b[22m tests/public/validators.spec.ts:\u001b[2m27:12\u001b[22m\u001b[39m\n\n\u001b[31m\u001b[2m⎯⎯⎯⎯⎯⎯⎯⎯⎯⎯⎯⎯⎯⎯⎯⎯⎯⎯⎯⎯⎯⎯[15/15]⎯\u001b[22m\u001b[39m\n\n",
      "duration": 941,
      "success": false
    },
    {
      "name": "npm",
      "command": "npm run typecheck",
      "cwd": "/home/runner/work/vybestack-site/vybestack-site/evals/problems/regex-challenge/.tmp-workspace-61024d5a-60f2-4fca-8c12-29ef6cc865b8-gmoeMr/workspace",
      "exitCode": 0,
      "stdout": "\n> regex-challenge-eval@0.0.1 typecheck\n> tsc --noEmit\n\n",
      "stderr": "",
      "duration": 1239,
      "success": true
    },
    {
      "name": "npm",
      "command": "npm run build",
      "cwd": "/home/runner/work/vybestack-site/vybestack-site/evals/problems/regex-challenge/.tmp-workspace-61024d5a-60f2-4fca-8c12-29ef6cc865b8-gmoeMr/workspace",
      "exitCode": 0,
      "stdout": "\n> regex-challenge-eval@0.0.1 build\n> tsc -p tsconfig.json\n\n",
      "stderr": "",
      "duration": 1262,
      "success": true
    },
    {
      "name": "npm",
      "command": "npm install",
      "cwd": "/home/runner/work/vybestack-site/vybestack-site/evals/grading/regex-challenge",
      "exitCode": 0,
      "stdout": "\nup to date, audited 204 packages in 648ms\n\n60 packages are looking for funding\n  run `npm fund` for details\n\n2 moderate severity vulnerabilities\n\nTo address all issues, run:\n  npm audit fix\n\nRun `npm audit` for details.\n",
      "stderr": "",
      "duration": 746,
      "success": true
    },
    {
      "name": "npm",
      "command": "npm run typecheck",
      "cwd": "/home/runner/work/vybestack-site/vybestack-site/evals/grading/regex-challenge",
      "exitCode": 0,
      "stdout": "\n> regex-challenge-grading@0.0.1 typecheck\n> tsc -p tsconfig.json\n\n",
      "stderr": "",
      "duration": 1254,
      "success": true
    },
    {
      "name": "npm",
      "command": "npm run test:hidden",
      "cwd": "/home/runner/work/vybestack-site/vybestack-site/evals/grading/regex-challenge",
      "exitCode": 1,
      "stdout": "\n> regex-challenge-grading@0.0.1 test:hidden\n> vitest run --config vitest.config.hidden.ts\n\n",
      "stderr": "\n\u001b[31m⎯⎯⎯⎯⎯⎯\u001b[1m\u001b[7m Unhandled Error \u001b[27m\u001b[22m⎯⎯⎯⎯⎯⎯⎯\u001b[39m\nError: Cannot find module @rollup/rollup-linux-x64-gnu. npm has a bug related to optional dependencies (https://github.com/npm/cli/issues/4828). Please try `npm i` again after removing both package-lock.json and node_modules directory.\n    at requireWithFriendlyError (/home/runner/work/vybestack-site/vybestack-site/evals/grading/regex-challenge/node_modules/rollup/dist/native.js:83:9)\n    at Object.<anonymous> (/home/runner/work/vybestack-site/vybestack-site/evals/grading/regex-challenge/node_modules/rollup/dist/native.js:92:76)\n    ... 3 lines matching cause stack trace ...\n    at Module._load (node:internal/modules/cjs/loader:1091:12)\n    at cjsLoader (node:internal/modules/esm/translators:298:15)\n    at ModuleWrap.<anonymous> (node:internal/modules/esm/translators:240:7)\n    at ModuleJob.run (node:internal/modules/esm/module_job:325:25)\n    at async ModuleLoader.import (node:internal/modules/esm/loader:606:24) {\n  [cause]: Error: Cannot find module '@rollup/rollup-linux-x64-gnu'\n  Require stack:\n  - /home/runner/work/vybestack-site/vybestack-site/evals/grading/regex-challenge/node_modules/rollup/dist/native.js\n      at Module._resolveFilename (node:internal/modules/cjs/loader:1207:15)\n      at Module._load (node:internal/modules/cjs/loader:1038:27)\n      at Module.require (node:internal/modules/cjs/loader:1289:19)\n      at require (node:internal/modules/helpers:182:18)\n      at requireWithFriendlyError (/home/runner/work/vybestack-site/vybestack-site/evals/grading/regex-challenge/node_modules/rollup/dist/native.js:65:10)\n      at Object.<anonymous> (/home/runner/work/vybestack-site/vybestack-site/evals/grading/regex-challenge/node_modules/rollup/dist/native.js:92:76)\n      at Module._compile (node:internal/modules/cjs/loader:1521:14)\n      at Module._extensions..js (node:internal/modules/cjs/loader:1623:10)\n      at Module.load (node:internal/modules/cjs/loader:1266:32)\n      at Module._load (node:internal/modules/cjs/loader:1091:12) {\n    code: 'MODULE_NOT_FOUND',\n    requireStack: [\n      '/home/runner/work/vybestack-site/vybestack-site/evals/grading/regex-challenge/node_modules/rollup/dist/native.js'\n    ]\n  }\n}\n\n\n\n",
      "duration": 369,
      "success": false
    }
  ],
  "workspaceArchive": "/home/runner/work/vybestack-site/vybestack-site/evals/outputs/regex-challenge-2025-10-27T20-28-04-874Z/llxprt-synthetic-minimax/workspace",
  "runSessionId": "528502e9-af1f-4cc4-a38e-e564b029f09e",
  "runSessionStartedAt": "2025-10-27T20:23:47.291Z",
  "repoVersion": "main@b56de59",
  "vybes": {
    "taskName": "regex-challenge",
    "configId": "llxprt-synthetic-minimax",
    "complexityMultiplier": 3,
    "timeLimitMinutes": 6,
    "baseScore": 300,
    "successPercentage": 0,
    "timePenaltyMultiplier": 1,
    "finalScore": 0,
    "actualTimeMinutes": 0.024,
    "description": "Regex validation and transformation toolkit",
    "category": "utilities",
    "breakdown": {
      "subtasksPassed": 0,
      "subtasksTotal": 0,
      "modulesCompleted": [],
      "modulesIncomplete": [],
      "modules": {}
    },
    "error": "lint/typecheck failed",
    "repoVersion": "main@b56de59"
  }
}