{
  "evalName": "form-capture",
  "configId": "llxprt-synthetic-minimax",
  "startedAt": "2025-11-05T01:58:24.613Z",
  "finishedAt": "2025-11-05T01:58:24.613Z",
  "status": "fail",
  "totalDuration": 75734,
  "totalCliDuration": 75664,
  "commands": [
    {
      "name": "llxprt-synthetic-minimax",
      "command": "/home/runner/work/vybestack-site/vybestack-site/evals/llxprt --provider openai --baseurl https://api.synthetic.new/openai/v1 --key *** --model hf:MiniMaxAI/MiniMax-M2 --set context-limit=190000 --set shell-replacement=true --set modelparam.temperature=1 --yolo",
      "cwd": "/home/runner/work/vybestack-site/vybestack-site/evals/problems/form-capture/.tmp-workspace-cc32ef6c-321b-4b43-bfe5-39645eec9ec3-7hUM0a/workspace",
      "exitCode": 1,
      "stdout": "",
      "stderr": "",
      "duration": 1,
      "success": false
    },
    {
      "name": "workspace-install",
      "command": "npm install",
      "cwd": "/home/runner/work/vybestack-site/vybestack-site/evals/problems/form-capture/.tmp-workspace-cc32ef6c-321b-4b43-bfe5-39645eec9ec3-7hUM0a/workspace",
      "exitCode": 0,
      "stdout": "\nadded 343 packages, and audited 344 packages in 2s\n\n96 packages are looking for funding\n  run `npm fund` for details\n\n4 moderate severity vulnerabilities\n\nTo address all issues (including breaking changes), run:\n  npm audit fix --force\n\nRun `npm audit` for details.\n",
      "stderr": "npm warn deprecated inflight@1.0.6: This module is not supported, and leaks memory. Do not use it. Check out lru-cache if you want a good and tested way to coalesce async requests by a key value, which is much more comprehensive and powerful.\nnpm warn deprecated @humanwhocodes/config-array@0.13.0: Use @eslint/config-array instead\nnpm warn deprecated rimraf@3.0.2: Rimraf versions prior to v4 are no longer supported\nnpm warn deprecated glob@7.2.3: Glob versions prior to v9 are no longer supported\nnpm warn deprecated @humanwhocodes/object-schema@2.0.3: Use @eslint/object-schema instead\nnpm warn deprecated eslint@8.57.1: This version is no longer supported. Please see https://eslint.org/version-support for other options.\n",
      "duration": 2502,
      "success": true
    },
    {
      "name": "lint",
      "command": "npm run lint",
      "cwd": "/home/runner/work/vybestack-site/vybestack-site/evals/problems/form-capture/.tmp-workspace-cc32ef6c-321b-4b43-bfe5-39645eec9ec3-7hUM0a/workspace",
      "exitCode": 1,
      "stdout": "\n> form-capture-eval@0.0.1 lint\n> eslint . --ext .ts\n\n\n/home/runner/work/vybestack-site/vybestack-site/evals/problems/form-capture/.tmp-workspace-cc32ef6c-321b-4b43-bfe5-39645eec9ec3-7hUM0a/workspace/tests/public/form.spec.ts\n  2:8   error  'request' is defined but never used       @typescript-eslint/no-unused-vars\n  3:8   error  'cheerio' is defined but never used       @typescript-eslint/no-unused-vars\n  7:13  error  Unexpected any. Specify a different type  @typescript-eslint/no-explicit-any\n  8:5   error  'app' is defined but never used           @typescript-eslint/no-unused-vars\n  8:10  error  Unexpected any. Specify a different type  @typescript-eslint/no-explicit-any\n\n✖ 5 problems (5 errors, 0 warnings)\n\n",
      "stderr": "",
      "duration": 3104,
      "success": false
    },
    {
      "name": "test:public",
      "command": "npm run test:public",
      "cwd": "/home/runner/work/vybestack-site/vybestack-site/evals/problems/form-capture/.tmp-workspace-cc32ef6c-321b-4b43-bfe5-39645eec9ec3-7hUM0a/workspace",
      "exitCode": 0,
      "stdout": "\n> form-capture-eval@0.0.1 test:public\n> vitest run --config vitest.config.public.ts\n\n\n\u001b[7m\u001b[1m\u001b[36m RUN \u001b[39m\u001b[22m\u001b[27m \u001b[36mv1.6.1\u001b[39m \u001b[90m/home/runner/work/vybestack-site/vybestack-site/evals/problems/form-capture/.tmp-workspace-cc32ef6c-321b-4b43-bfe5-39645eec9ec3-7hUM0a/workspace\u001b[39m\n\n \u001b[32m✓\u001b[39m tests/public/form.spec.ts \u001b[2m (\u001b[22m\u001b[2m2 tests\u001b[22m\u001b[2m)\u001b[22m\u001b[90m 2\u001b[2mms\u001b[22m\u001b[39m\n\n\u001b[2m Test Files \u001b[22m \u001b[1m\u001b[32m1 passed\u001b[39m\u001b[22m\u001b[90m (1)\u001b[39m\n\u001b[2m      Tests \u001b[22m \u001b[1m\u001b[32m2 passed\u001b[39m\u001b[22m\u001b[90m (2)\u001b[39m\n\u001b[2m   Start at \u001b[22m 01:57:14\n\u001b[2m   Duration \u001b[22m 288ms\u001b[2m (transform 30ms, setup 0ms, collect 21ms, tests 2ms, environment 0ms, prepare 77ms)\u001b[22m\n\n",
      "stderr": "",
      "duration": 751,
      "success": true
    },
    {
      "name": "typecheck",
      "command": "npm run typecheck",
      "cwd": "/home/runner/work/vybestack-site/vybestack-site/evals/problems/form-capture/.tmp-workspace-cc32ef6c-321b-4b43-bfe5-39645eec9ec3-7hUM0a/workspace",
      "exitCode": 0,
      "stdout": "\n> form-capture-eval@0.0.1 typecheck\n> tsc --noEmit\n\n",
      "stderr": "",
      "duration": 1077,
      "success": true
    },
    {
      "name": "build",
      "command": "npm run build",
      "cwd": "/home/runner/work/vybestack-site/vybestack-site/evals/problems/form-capture/.tmp-workspace-cc32ef6c-321b-4b43-bfe5-39645eec9ec3-7hUM0a/workspace",
      "exitCode": 0,
      "stdout": "\n> form-capture-eval@0.0.1 build\n> tsc -p tsconfig.json\n\n",
      "stderr": "",
      "duration": 1120,
      "success": true
    },
    {
      "name": "workspace-install",
      "command": "npm install",
      "cwd": "/home/runner/work/vybestack-site/vybestack-site/evals/grading/form-capture",
      "exitCode": 0,
      "stdout": "\nup to date, audited 330 packages in 823ms\n\n96 packages are looking for funding\n  run `npm fund` for details\n\n2 moderate severity vulnerabilities\n\nTo address all issues, run:\n  npm audit fix\n\nRun `npm audit` for details.\n",
      "stderr": "",
      "duration": 906,
      "success": true
    },
    {
      "name": "workspace-install-subdir",
      "command": "npm --prefix workspace install",
      "cwd": "/home/runner/work/vybestack-site/vybestack-site/evals/grading/form-capture",
      "exitCode": 0,
      "stdout": "\nadded 343 packages, and audited 344 packages in 2s\n\n96 packages are looking for funding\n  run `npm fund` for details\n\n4 moderate severity vulnerabilities\n\nTo address all issues (including breaking changes), run:\n  npm audit fix --force\n\nRun `npm audit` for details.\n",
      "stderr": "npm warn deprecated inflight@1.0.6: This module is not supported, and leaks memory. Do not use it. Check out lru-cache if you want a good and tested way to coalesce async requests by a key value, which is much more comprehensive and powerful.\nnpm warn deprecated @humanwhocodes/config-array@0.13.0: Use @eslint/config-array instead\nnpm warn deprecated rimraf@3.0.2: Rimraf versions prior to v4 are no longer supported\nnpm warn deprecated glob@7.2.3: Glob versions prior to v9 are no longer supported\nnpm warn deprecated @humanwhocodes/object-schema@2.0.3: Use @eslint/object-schema instead\nnpm warn deprecated eslint@8.57.1: This version is no longer supported. Please see https://eslint.org/version-support for other options.\n",
      "duration": 2491,
      "success": true
    },
    {
      "name": "workspace-build-subdir",
      "command": "npm --prefix workspace run build",
      "cwd": "/home/runner/work/vybestack-site/vybestack-site/evals/grading/form-capture",
      "exitCode": 0,
      "stdout": "\n> form-capture-eval@0.0.1 build\n> tsc -p tsconfig.json\n\n",
      "stderr": "",
      "duration": 1104,
      "success": true
    },
    {
      "name": "typecheck",
      "command": "npm run typecheck",
      "cwd": "/home/runner/work/vybestack-site/vybestack-site/evals/grading/form-capture",
      "exitCode": 0,
      "stdout": "\n> form-capture-grading@0.0.1 typecheck\n> tsc -p tsconfig.json\n\n",
      "stderr": "",
      "duration": 1427,
      "success": true
    },
    {
      "name": "test:hidden",
      "command": "npm run test:hidden",
      "cwd": "/home/runner/work/vybestack-site/vybestack-site/evals/grading/form-capture",
      "exitCode": 1,
      "stdout": "\n> form-capture-grading@0.0.1 test:hidden\n> vitest run --config vitest.config.hidden.ts\n\n\n\u001b[7m\u001b[1m\u001b[36m RUN \u001b[39m\u001b[22m\u001b[27m \u001b[36mv1.6.1\u001b[39m \u001b[90m/home/runner/work/vybestack-site/vybestack-site/evals/grading/form-capture\u001b[39m\n\n \u001b[32m✓\u001b[39m tests/hidden/package.spec.ts \u001b[2m (\u001b[22m\u001b[2m1 test\u001b[22m\u001b[2m)\u001b[22m\u001b[90m 3\u001b[2mms\u001b[22m\u001b[39m\n \u001b[33m❯\u001b[39m tests/hidden/form.spec.ts \u001b[2m (\u001b[22m\u001b[2m4 tests\u001b[22m\u001b[2m)\u001b[22m\n \u001b[33m❯\u001b[39m tests/hidden/form.spec.ts \u001b[2m (\u001b[22m\u001b[2m4 tests\u001b[22m\u001b[2m)\u001b[22m\u001b[33m 10516\u001b[2mms\u001b[22m\u001b[39m\n\n\u001b[2m Test Files \u001b[22m \u001b[1m\u001b[31m1 failed\u001b[39m\u001b[22m\u001b[2m | \u001b[22m\u001b[1m\u001b[32m1 passed\u001b[39m\u001b[22m\u001b[90m (2)\u001b[39m\n\u001b[2m      Tests \u001b[22m \u001b[1m\u001b[32m1 passed\u001b[39m\u001b[22m\u001b[90m (5)\u001b[39m\n\u001b[2m   Start at \u001b[22m 01:57:24\n\u001b[2m   Duration \u001b[22m 11.00s\u001b[2m (transform 76ms, setup 0ms, collect 257ms, tests 10.52s, environment 0ms, prepare 208ms)\u001b[22m\n\n",
      "stderr": "Server not implemented yet.\n\u001b[31m⎯⎯⎯⎯⎯⎯\u001b[1m\u001b[7m Failed Suites 1 \u001b[27m\u001b[22m⎯⎯⎯⎯⎯⎯⎯\u001b[39m\n\n\u001b[31m\u001b[1m\u001b[7m FAIL \u001b[27m\u001b[22m\u001b[39m tests/hidden/form.spec.ts \u001b[2m[ tests/hidden/form.spec.ts ]\u001b[22m\n\u001b[31m\u001b[1mError\u001b[22m: Hook timed out in 10000ms.\nIf this is a long-running hook, pass a timeout value as the last argument or configure it globally with \"hookTimeout\".\u001b[39m\n\u001b[31m\u001b[2m⎯⎯⎯⎯⎯⎯⎯⎯⎯⎯⎯⎯⎯⎯⎯⎯⎯⎯⎯⎯⎯⎯⎯⎯[1/1]⎯\u001b[22m\u001b[39m\n\n",
      "duration": 11462,
      "success": false
    }
  ],
  "workspaceArchive": "/home/runner/work/vybestack-site/vybestack-site/evals/outputs/form-capture-2025-11-05T01-57-08-872Z/llxprt-synthetic-minimax/workspace",
  "runSessionId": "00e00d56-7112-4ec3-9c3b-b9658a977ebc",
  "runSessionStartedAt": "2025-11-05T01:42:00.150Z",
  "repoVersion": "main@913de44",
  "multipass": {
    "enabled": true,
    "selectedPass": 0,
    "maxPasses": 3,
    "totalCliDuration": 75664,
    "passCount": 3,
    "feedback": [],
    "passes": [
      {
        "passNumber": 1,
        "startedAt": "2025-11-05T01:57:08.882Z",
        "finishedAt": "2025-11-05T01:57:35.108Z",
        "totalDuration": 26226,
        "promptHash": "6300c326839fd1818695a02737dd4a6181aaa06c59197bafd0d7416044b1fc7e",
        "appliedFeedback": [],
        "success": false,
        "partialSuccess": false,
        "workspaceArchive": "/home/runner/work/vybestack-site/vybestack-site/evals/outputs/form-capture-2025-11-05T01-57-08-872Z/llxprt-synthetic-minimax/passes/pass-1/workspace",
        "resultsArchive": "/home/runner/work/vybestack-site/vybestack-site/evals/outputs/form-capture-2025-11-05T01-57-08-872Z/llxprt-synthetic-minimax/passes/pass-1/results",
        "cliResult": {
          "command": "/home/runner/work/vybestack-site/vybestack-site/evals/llxprt --provider openai --baseurl https://api.synthetic.new/openai/v1 --key *** --model hf:MiniMaxAI/MiniMax-M2 --set context-limit=190000 --set shell-replacement=true --set modelparam.temperature=1 --yolo",
          "cwd": "/home/runner/work/vybestack-site/vybestack-site/evals/problems/form-capture/.tmp-workspace-cc32ef6c-321b-4b43-bfe5-39645eec9ec3-7hUM0a/workspace",
          "exitCode": 1,
          "stdout": "",
          "stderr": "",
          "duration": 1,
          "label": "llxprt-synthetic-minimax"
        },
        "buildResults": [
          {
            "command": "npm install",
            "cwd": "/home/runner/work/vybestack-site/vybestack-site/evals/problems/form-capture/.tmp-workspace-cc32ef6c-321b-4b43-bfe5-39645eec9ec3-7hUM0a/workspace",
            "exitCode": 0,
            "stdout": "\nadded 343 packages, and audited 344 packages in 2s\n\n96 packages are looking for funding\n  run `npm fund` for details\n\n4 moderate severity vulnerabilities\n\nTo address all issues (including breaking changes), run:\n  npm audit fix --force\n\nRun `npm audit` for details.\n",
            "stderr": "npm warn deprecated inflight@1.0.6: This module is not supported, and leaks memory. Do not use it. Check out lru-cache if you want a good and tested way to coalesce async requests by a key value, which is much more comprehensive and powerful.\nnpm warn deprecated @humanwhocodes/config-array@0.13.0: Use @eslint/config-array instead\nnpm warn deprecated rimraf@3.0.2: Rimraf versions prior to v4 are no longer supported\nnpm warn deprecated glob@7.2.3: Glob versions prior to v9 are no longer supported\nnpm warn deprecated @humanwhocodes/object-schema@2.0.3: Use @eslint/object-schema instead\nnpm warn deprecated eslint@8.57.1: This version is no longer supported. Please see https://eslint.org/version-support for other options.\n",
            "duration": 2502,
            "label": "workspace-install"
          },
          {
            "command": "npm run lint",
            "cwd": "/home/runner/work/vybestack-site/vybestack-site/evals/problems/form-capture/.tmp-workspace-cc32ef6c-321b-4b43-bfe5-39645eec9ec3-7hUM0a/workspace",
            "exitCode": 1,
            "stdout": "\n> form-capture-eval@0.0.1 lint\n> eslint . --ext .ts\n\n\n/home/runner/work/vybestack-site/vybestack-site/evals/problems/form-capture/.tmp-workspace-cc32ef6c-321b-4b43-bfe5-39645eec9ec3-7hUM0a/workspace/tests/public/form.spec.ts\n  2:8   error  'request' is defined but never used       @typescript-eslint/no-unused-vars\n  3:8   error  'cheerio' is defined but never used       @typescript-eslint/no-unused-vars\n  7:13  error  Unexpected any. Specify a different type  @typescript-eslint/no-explicit-any\n  8:5   error  'app' is defined but never used           @typescript-eslint/no-unused-vars\n  8:10  error  Unexpected any. Specify a different type  @typescript-eslint/no-explicit-any\n\n✖ 5 problems (5 errors, 0 warnings)\n\n",
            "stderr": "",
            "duration": 3104,
            "label": "lint"
          },
          {
            "command": "npm run test:public",
            "cwd": "/home/runner/work/vybestack-site/vybestack-site/evals/problems/form-capture/.tmp-workspace-cc32ef6c-321b-4b43-bfe5-39645eec9ec3-7hUM0a/workspace",
            "exitCode": 0,
            "stdout": "\n> form-capture-eval@0.0.1 test:public\n> vitest run --config vitest.config.public.ts\n\n\n\u001b[7m\u001b[1m\u001b[36m RUN \u001b[39m\u001b[22m\u001b[27m \u001b[36mv1.6.1\u001b[39m \u001b[90m/home/runner/work/vybestack-site/vybestack-site/evals/problems/form-capture/.tmp-workspace-cc32ef6c-321b-4b43-bfe5-39645eec9ec3-7hUM0a/workspace\u001b[39m\n\n \u001b[32m✓\u001b[39m tests/public/form.spec.ts \u001b[2m (\u001b[22m\u001b[2m2 tests\u001b[22m\u001b[2m)\u001b[22m\u001b[90m 2\u001b[2mms\u001b[22m\u001b[39m\n\n\u001b[2m Test Files \u001b[22m \u001b[1m\u001b[32m1 passed\u001b[39m\u001b[22m\u001b[90m (1)\u001b[39m\n\u001b[2m      Tests \u001b[22m \u001b[1m\u001b[32m2 passed\u001b[39m\u001b[22m\u001b[90m (2)\u001b[39m\n\u001b[2m   Start at \u001b[22m 01:57:14\n\u001b[2m   Duration \u001b[22m 288ms\u001b[2m (transform 30ms, setup 0ms, collect 21ms, tests 2ms, environment 0ms, prepare 77ms)\u001b[22m\n\n",
            "stderr": "",
            "duration": 751,
            "label": "test:public"
          },
          {
            "command": "npm run typecheck",
            "cwd": "/home/runner/work/vybestack-site/vybestack-site/evals/problems/form-capture/.tmp-workspace-cc32ef6c-321b-4b43-bfe5-39645eec9ec3-7hUM0a/workspace",
            "exitCode": 0,
            "stdout": "\n> form-capture-eval@0.0.1 typecheck\n> tsc --noEmit\n\n",
            "stderr": "",
            "duration": 1077,
            "label": "typecheck"
          },
          {
            "command": "npm run build",
            "cwd": "/home/runner/work/vybestack-site/vybestack-site/evals/problems/form-capture/.tmp-workspace-cc32ef6c-321b-4b43-bfe5-39645eec9ec3-7hUM0a/workspace",
            "exitCode": 0,
            "stdout": "\n> form-capture-eval@0.0.1 build\n> tsc -p tsconfig.json\n\n",
            "stderr": "",
            "duration": 1120,
            "label": "build"
          }
        ],
        "gradeResults": [
          {
            "command": "npm install",
            "cwd": "/home/runner/work/vybestack-site/vybestack-site/evals/grading/form-capture",
            "exitCode": 0,
            "stdout": "\nup to date, audited 330 packages in 823ms\n\n96 packages are looking for funding\n  run `npm fund` for details\n\n2 moderate severity vulnerabilities\n\nTo address all issues, run:\n  npm audit fix\n\nRun `npm audit` for details.\n",
            "stderr": "",
            "duration": 906,
            "label": "workspace-install"
          },
          {
            "command": "npm --prefix workspace install",
            "cwd": "/home/runner/work/vybestack-site/vybestack-site/evals/grading/form-capture",
            "exitCode": 0,
            "stdout": "\nadded 343 packages, and audited 344 packages in 2s\n\n96 packages are looking for funding\n  run `npm fund` for details\n\n4 moderate severity vulnerabilities\n\nTo address all issues (including breaking changes), run:\n  npm audit fix --force\n\nRun `npm audit` for details.\n",
            "stderr": "npm warn deprecated inflight@1.0.6: This module is not supported, and leaks memory. Do not use it. Check out lru-cache if you want a good and tested way to coalesce async requests by a key value, which is much more comprehensive and powerful.\nnpm warn deprecated @humanwhocodes/config-array@0.13.0: Use @eslint/config-array instead\nnpm warn deprecated rimraf@3.0.2: Rimraf versions prior to v4 are no longer supported\nnpm warn deprecated glob@7.2.3: Glob versions prior to v9 are no longer supported\nnpm warn deprecated @humanwhocodes/object-schema@2.0.3: Use @eslint/object-schema instead\nnpm warn deprecated eslint@8.57.1: This version is no longer supported. Please see https://eslint.org/version-support for other options.\n",
            "duration": 2491,
            "label": "workspace-install-subdir"
          },
          {
            "command": "npm --prefix workspace run build",
            "cwd": "/home/runner/work/vybestack-site/vybestack-site/evals/grading/form-capture",
            "exitCode": 0,
            "stdout": "\n> form-capture-eval@0.0.1 build\n> tsc -p tsconfig.json\n\n",
            "stderr": "",
            "duration": 1104,
            "label": "workspace-build-subdir"
          },
          {
            "command": "npm run typecheck",
            "cwd": "/home/runner/work/vybestack-site/vybestack-site/evals/grading/form-capture",
            "exitCode": 0,
            "stdout": "\n> form-capture-grading@0.0.1 typecheck\n> tsc -p tsconfig.json\n\n",
            "stderr": "",
            "duration": 1427,
            "label": "typecheck"
          },
          {
            "command": "npm run test:hidden",
            "cwd": "/home/runner/work/vybestack-site/vybestack-site/evals/grading/form-capture",
            "exitCode": 1,
            "stdout": "\n> form-capture-grading@0.0.1 test:hidden\n> vitest run --config vitest.config.hidden.ts\n\n\n\u001b[7m\u001b[1m\u001b[36m RUN \u001b[39m\u001b[22m\u001b[27m \u001b[36mv1.6.1\u001b[39m \u001b[90m/home/runner/work/vybestack-site/vybestack-site/evals/grading/form-capture\u001b[39m\n\n \u001b[32m✓\u001b[39m tests/hidden/package.spec.ts \u001b[2m (\u001b[22m\u001b[2m1 test\u001b[22m\u001b[2m)\u001b[22m\u001b[90m 3\u001b[2mms\u001b[22m\u001b[39m\n \u001b[33m❯\u001b[39m tests/hidden/form.spec.ts \u001b[2m (\u001b[22m\u001b[2m4 tests\u001b[22m\u001b[2m)\u001b[22m\n \u001b[33m❯\u001b[39m tests/hidden/form.spec.ts \u001b[2m (\u001b[22m\u001b[2m4 tests\u001b[22m\u001b[2m)\u001b[22m\u001b[33m 10516\u001b[2mms\u001b[22m\u001b[39m\n\n\u001b[2m Test Files \u001b[22m \u001b[1m\u001b[31m1 failed\u001b[39m\u001b[22m\u001b[2m | \u001b[22m\u001b[1m\u001b[32m1 passed\u001b[39m\u001b[22m\u001b[90m (2)\u001b[39m\n\u001b[2m      Tests \u001b[22m \u001b[1m\u001b[32m1 passed\u001b[39m\u001b[22m\u001b[90m (5)\u001b[39m\n\u001b[2m   Start at \u001b[22m 01:57:24\n\u001b[2m   Duration \u001b[22m 11.00s\u001b[2m (transform 76ms, setup 0ms, collect 257ms, tests 10.52s, environment 0ms, prepare 208ms)\u001b[22m\n\n",
            "stderr": "Server not implemented yet.\n\u001b[31m⎯⎯⎯⎯⎯⎯\u001b[1m\u001b[7m Failed Suites 1 \u001b[27m\u001b[22m⎯⎯⎯⎯⎯⎯⎯\u001b[39m\n\n\u001b[31m\u001b[1m\u001b[7m FAIL \u001b[27m\u001b[22m\u001b[39m tests/hidden/form.spec.ts \u001b[2m[ tests/hidden/form.spec.ts ]\u001b[22m\n\u001b[31m\u001b[1mError\u001b[22m: Hook timed out in 10000ms.\nIf this is a long-running hook, pass a timeout value as the last argument or configure it globally with \"hookTimeout\".\u001b[39m\n\u001b[31m\u001b[2m⎯⎯⎯⎯⎯⎯⎯⎯⎯⎯⎯⎯⎯⎯⎯⎯⎯⎯⎯⎯⎯⎯⎯⎯[1/1]⎯\u001b[22m\u001b[39m\n\n",
            "duration": 11462,
            "label": "test:hidden"
          }
        ],
        "feedbackForNextPass": {
          "bullets": [
            "It isn't working correctly.",
            "Your previous attempt exited with code 1. Review the CLI logs to diagnose the issue.",
            "Lint failed. Fix the reported lint errors.",
            "A verification check failed.",
            "Please resolve the issues and re-run lint, tests, and build before finishing."
          ],
          "failingSteps": [
            {
              "step": "llxprt-synthetic-minimax",
              "exitCode": 1,
              "message": "Your previous attempt exited with code 1. Review the CLI logs to diagnose the issue."
            },
            {
              "step": "lint",
              "exitCode": 1,
              "message": "Lint failed. Fix the reported lint errors."
            },
            {
              "step": "test:hidden",
              "exitCode": 1,
              "message": "A verification check failed."
            }
          ],
          "hiddenAssertions": [],
          "publicTestFailures": [],
          "hiddenTestFailures": []
        },
        "publicTestFailures": [],
        "hiddenTestFailures": [],
        "vybes": {
          "taskName": "form-capture",
          "configId": "llxprt-synthetic-minimax",
          "complexityMultiplier": 5,
          "timeLimitMinutes": 10,
          "baseScore": 500,
          "successPercentage": 0,
          "baselineSuccessPercentage": 0,
          "adjustedSuccessPercentage": 0,
          "timePenaltyMultiplier": 1,
          "rawScore": 0,
          "finalScore": 0,
          "actualTimeMinutes": 0,
          "description": "Full-stack contact form application",
          "category": "full-stack",
          "breakdown": {
            "subtasksPassed": 1,
            "subtasksTotal": 6,
            "modulesCompleted": [],
            "modulesIncomplete": [
              "form-capture"
            ],
            "modules": {
              "form-capture": {
                "passed": 1,
                "total": 6,
                "passedTasks": [
                  "package-integrity"
                ],
                "failedTasks": [
                  "form-fields-render",
                  "invalid-email-validation",
                  "submission-persists",
                  "thank-you-page",
                  "css-styling"
                ]
              }
            }
          },
          "error": "lint/typecheck failed",
          "status": "error",
          "passesAttempted": 1,
          "selectedPass": 0,
          "totalCliDurationMs": 1
        }
      },
      {
        "passNumber": 2,
        "startedAt": "2025-11-05T01:57:35.125Z",
        "finishedAt": "2025-11-05T01:57:59.855Z",
        "totalDuration": 24730,
        "promptHash": "46a8c4284989f5f84fefb1403f9b8a72ecbb9a33c1311dceefa8eaa5d4f44536",
        "appliedFeedback": [
          "It isn't working correctly.",
          "Your previous attempt exited with code 1. Review the CLI logs to diagnose the issue.",
          "Lint failed. Fix the reported lint errors.",
          "A verification check failed.",
          "Please resolve the issues and re-run lint, tests, and build before finishing."
        ],
        "success": false,
        "partialSuccess": false,
        "workspaceArchive": "/home/runner/work/vybestack-site/vybestack-site/evals/outputs/form-capture-2025-11-05T01-57-08-872Z/llxprt-synthetic-minimax/passes/pass-2/workspace",
        "resultsArchive": "/home/runner/work/vybestack-site/vybestack-site/evals/outputs/form-capture-2025-11-05T01-57-08-872Z/llxprt-synthetic-minimax/passes/pass-2/results",
        "cliResult": {
          "command": "/home/runner/work/vybestack-site/vybestack-site/evals/llxprt --provider openai --baseurl https://api.synthetic.new/openai/v1 --key *** --model hf:MiniMaxAI/MiniMax-M2 --set context-limit=190000 --set shell-replacement=true --set modelparam.temperature=1 --yolo",
          "cwd": "/home/runner/work/vybestack-site/vybestack-site/evals/problems/form-capture/.tmp-workspace-cc32ef6c-321b-4b43-bfe5-39645eec9ec3-7hUM0a/workspace",
          "exitCode": 1,
          "stdout": "",
          "stderr": "",
          "duration": 1,
          "label": "llxprt-synthetic-minimax"
        },
        "buildResults": [
          {
            "command": "npm install",
            "cwd": "/home/runner/work/vybestack-site/vybestack-site/evals/problems/form-capture/.tmp-workspace-cc32ef6c-321b-4b43-bfe5-39645eec9ec3-7hUM0a/workspace",
            "exitCode": 0,
            "stdout": "\nup to date, audited 344 packages in 964ms\n\n96 packages are looking for funding\n  run `npm fund` for details\n\n4 moderate severity vulnerabilities\n\nTo address all issues (including breaking changes), run:\n  npm audit fix --force\n\nRun `npm audit` for details.\n",
            "stderr": "",
            "duration": 1055,
            "label": "workspace-install"
          },
          {
            "command": "npm run lint",
            "cwd": "/home/runner/work/vybestack-site/vybestack-site/evals/problems/form-capture/.tmp-workspace-cc32ef6c-321b-4b43-bfe5-39645eec9ec3-7hUM0a/workspace",
            "exitCode": 1,
            "stdout": "\n> form-capture-eval@0.0.1 lint\n> eslint . --ext .ts\n\n\n/home/runner/work/vybestack-site/vybestack-site/evals/problems/form-capture/.tmp-workspace-cc32ef6c-321b-4b43-bfe5-39645eec9ec3-7hUM0a/workspace/tests/public/form.spec.ts\n  2:8   error  'request' is defined but never used       @typescript-eslint/no-unused-vars\n  3:8   error  'cheerio' is defined but never used       @typescript-eslint/no-unused-vars\n  7:13  error  Unexpected any. Specify a different type  @typescript-eslint/no-explicit-any\n  8:5   error  'app' is defined but never used           @typescript-eslint/no-unused-vars\n  8:10  error  Unexpected any. Specify a different type  @typescript-eslint/no-explicit-any\n\n✖ 5 problems (5 errors, 0 warnings)\n\n",
            "stderr": "",
            "duration": 3113,
            "label": "lint"
          },
          {
            "command": "npm run test:public",
            "cwd": "/home/runner/work/vybestack-site/vybestack-site/evals/problems/form-capture/.tmp-workspace-cc32ef6c-321b-4b43-bfe5-39645eec9ec3-7hUM0a/workspace",
            "exitCode": 0,
            "stdout": "\n> form-capture-eval@0.0.1 test:public\n> vitest run --config vitest.config.public.ts\n\n\n\u001b[7m\u001b[1m\u001b[36m RUN \u001b[39m\u001b[22m\u001b[27m \u001b[36mv1.6.1\u001b[39m \u001b[90m/home/runner/work/vybestack-site/vybestack-site/evals/problems/form-capture/.tmp-workspace-cc32ef6c-321b-4b43-bfe5-39645eec9ec3-7hUM0a/workspace\u001b[39m\n\n \u001b[32m✓\u001b[39m tests/public/form.spec.ts \u001b[2m (\u001b[22m\u001b[2m2 tests\u001b[22m\u001b[2m)\u001b[22m\u001b[90m 2\u001b[2mms\u001b[22m\u001b[39m\n\n\u001b[2m Test Files \u001b[22m \u001b[1m\u001b[32m1 passed\u001b[39m\u001b[22m\u001b[90m (1)\u001b[39m\n\u001b[2m      Tests \u001b[22m \u001b[1m\u001b[32m2 passed\u001b[39m\u001b[22m\u001b[90m (2)\u001b[39m\n\u001b[2m   Start at \u001b[22m 01:57:39\n\u001b[2m   Duration \u001b[22m 277ms\u001b[2m (transform 31ms, setup 0ms, collect 20ms, tests 2ms, environment 0ms, prepare 93ms)\u001b[22m\n\n",
            "stderr": "",
            "duration": 743,
            "label": "test:public"
          },
          {
            "command": "npm run typecheck",
            "cwd": "/home/runner/work/vybestack-site/vybestack-site/evals/problems/form-capture/.tmp-workspace-cc32ef6c-321b-4b43-bfe5-39645eec9ec3-7hUM0a/workspace",
            "exitCode": 0,
            "stdout": "\n> form-capture-eval@0.0.1 typecheck\n> tsc --noEmit\n\n",
            "stderr": "",
            "duration": 1077,
            "label": "typecheck"
          },
          {
            "command": "npm run build",
            "cwd": "/home/runner/work/vybestack-site/vybestack-site/evals/problems/form-capture/.tmp-workspace-cc32ef6c-321b-4b43-bfe5-39645eec9ec3-7hUM0a/workspace",
            "exitCode": 0,
            "stdout": "\n> form-capture-eval@0.0.1 build\n> tsc -p tsconfig.json\n\n",
            "stderr": "",
            "duration": 1090,
            "label": "build"
          }
        ],
        "gradeResults": [
          {
            "command": "npm install",
            "cwd": "/home/runner/work/vybestack-site/vybestack-site/evals/grading/form-capture",
            "exitCode": 0,
            "stdout": "\nup to date, audited 330 packages in 786ms\n\n96 packages are looking for funding\n  run `npm fund` for details\n\n2 moderate severity vulnerabilities\n\nTo address all issues, run:\n  npm audit fix\n\nRun `npm audit` for details.\n",
            "stderr": "",
            "duration": 879,
            "label": "workspace-install"
          },
          {
            "command": "npm --prefix workspace install",
            "cwd": "/home/runner/work/vybestack-site/vybestack-site/evals/grading/form-capture",
            "exitCode": 0,
            "stdout": "\nadded 343 packages, and audited 344 packages in 2s\n\n96 packages are looking for funding\n  run `npm fund` for details\n\n4 moderate severity vulnerabilities\n\nTo address all issues (including breaking changes), run:\n  npm audit fix --force\n\nRun `npm audit` for details.\n",
            "stderr": "npm warn deprecated inflight@1.0.6: This module is not supported, and leaks memory. Do not use it. Check out lru-cache if you want a good and tested way to coalesce async requests by a key value, which is much more comprehensive and powerful.\nnpm warn deprecated @humanwhocodes/config-array@0.13.0: Use @eslint/config-array instead\nnpm warn deprecated rimraf@3.0.2: Rimraf versions prior to v4 are no longer supported\nnpm warn deprecated glob@7.2.3: Glob versions prior to v9 are no longer supported\nnpm warn deprecated @humanwhocodes/object-schema@2.0.3: Use @eslint/object-schema instead\nnpm warn deprecated eslint@8.57.1: This version is no longer supported. Please see https://eslint.org/version-support for other options.\n",
            "duration": 2478,
            "label": "workspace-install-subdir"
          },
          {
            "command": "npm --prefix workspace run build",
            "cwd": "/home/runner/work/vybestack-site/vybestack-site/evals/grading/form-capture",
            "exitCode": 0,
            "stdout": "\n> form-capture-eval@0.0.1 build\n> tsc -p tsconfig.json\n\n",
            "stderr": "",
            "duration": 1111,
            "label": "workspace-build-subdir"
          },
          {
            "command": "npm run typecheck",
            "cwd": "/home/runner/work/vybestack-site/vybestack-site/evals/grading/form-capture",
            "exitCode": 0,
            "stdout": "\n> form-capture-grading@0.0.1 typecheck\n> tsc -p tsconfig.json\n\n",
            "stderr": "",
            "duration": 1439,
            "label": "typecheck"
          },
          {
            "command": "npm run test:hidden",
            "cwd": "/home/runner/work/vybestack-site/vybestack-site/evals/grading/form-capture",
            "exitCode": 1,
            "stdout": "\n> form-capture-grading@0.0.1 test:hidden\n> vitest run --config vitest.config.hidden.ts\n\n\n\u001b[7m\u001b[1m\u001b[36m RUN \u001b[39m\u001b[22m\u001b[27m \u001b[36mv1.6.1\u001b[39m \u001b[90m/home/runner/work/vybestack-site/vybestack-site/evals/grading/form-capture\u001b[39m\n\n \u001b[32m✓\u001b[39m tests/hidden/package.spec.ts \u001b[2m (\u001b[22m\u001b[2m1 test\u001b[22m\u001b[2m)\u001b[22m\u001b[90m 5\u001b[2mms\u001b[22m\u001b[39m\n \u001b[33m❯\u001b[39m tests/hidden/form.spec.ts \u001b[2m (\u001b[22m\u001b[2m4 tests\u001b[22m\u001b[2m)\u001b[22m\n \u001b[33m❯\u001b[39m tests/hidden/form.spec.ts \u001b[2m (\u001b[22m\u001b[2m4 tests\u001b[22m\u001b[2m)\u001b[22m\u001b[33m 10520\u001b[2mms\u001b[22m\u001b[39m\n\n\u001b[2m Test Files \u001b[22m \u001b[1m\u001b[31m1 failed\u001b[39m\u001b[22m\u001b[2m | \u001b[22m\u001b[1m\u001b[32m1 passed\u001b[39m\u001b[22m\u001b[90m (2)\u001b[39m\n\u001b[2m      Tests \u001b[22m \u001b[1m\u001b[32m1 passed\u001b[39m\u001b[22m\u001b[90m (5)\u001b[39m\n\u001b[2m   Start at \u001b[22m 01:57:48\n\u001b[2m   Duration \u001b[22m 11.00s\u001b[2m (transform 67ms, setup 0ms, collect 224ms, tests 10.53s, environment 0ms, prepare 194ms)\u001b[22m\n\n",
            "stderr": "Server not implemented yet.\n\u001b[31m⎯⎯⎯⎯⎯⎯\u001b[1m\u001b[7m Failed Suites 1 \u001b[27m\u001b[22m⎯⎯⎯⎯⎯⎯⎯\u001b[39m\n\n\u001b[31m\u001b[1m\u001b[7m FAIL \u001b[27m\u001b[22m\u001b[39m tests/hidden/form.spec.ts \u001b[2m[ tests/hidden/form.spec.ts ]\u001b[22m\n\u001b[31m\u001b[1mError\u001b[22m: Hook timed out in 10000ms.\nIf this is a long-running hook, pass a timeout value as the last argument or configure it globally with \"hookTimeout\".\u001b[39m\n\u001b[31m\u001b[2m⎯⎯⎯⎯⎯⎯⎯⎯⎯⎯⎯⎯⎯⎯⎯⎯⎯⎯⎯⎯⎯⎯⎯⎯[1/1]⎯\u001b[22m\u001b[39m\n\n",
            "duration": 11463,
            "label": "test:hidden"
          }
        ],
        "feedbackForNextPass": {
          "bullets": [
            "It isn't working correctly.",
            "Your previous attempt exited with code 1. Review the CLI logs to diagnose the issue.",
            "Lint failed. Fix the reported lint errors.",
            "A verification check failed.",
            "Please resolve the issues and re-run lint, tests, and build before finishing."
          ],
          "failingSteps": [
            {
              "step": "llxprt-synthetic-minimax",
              "exitCode": 1,
              "message": "Your previous attempt exited with code 1. Review the CLI logs to diagnose the issue."
            },
            {
              "step": "lint",
              "exitCode": 1,
              "message": "Lint failed. Fix the reported lint errors."
            },
            {
              "step": "test:hidden",
              "exitCode": 1,
              "message": "A verification check failed."
            }
          ],
          "hiddenAssertions": [],
          "publicTestFailures": [],
          "hiddenTestFailures": []
        },
        "publicTestFailures": [],
        "hiddenTestFailures": [],
        "vybes": {
          "taskName": "form-capture",
          "configId": "llxprt-synthetic-minimax",
          "complexityMultiplier": 5,
          "timeLimitMinutes": 10,
          "baseScore": 500,
          "successPercentage": 0,
          "baselineSuccessPercentage": 0,
          "adjustedSuccessPercentage": 0,
          "timePenaltyMultiplier": 1,
          "rawScore": 0,
          "finalScore": 0,
          "actualTimeMinutes": 0,
          "description": "Full-stack contact form application",
          "category": "full-stack",
          "breakdown": {
            "subtasksPassed": 1,
            "subtasksTotal": 6,
            "modulesCompleted": [],
            "modulesIncomplete": [
              "form-capture"
            ],
            "modules": {
              "form-capture": {
                "passed": 1,
                "total": 6,
                "passedTasks": [
                  "package-integrity"
                ],
                "failedTasks": [
                  "form-fields-render",
                  "invalid-email-validation",
                  "submission-persists",
                  "thank-you-page",
                  "css-styling"
                ]
              }
            }
          },
          "error": "lint/typecheck failed",
          "status": "error",
          "passesAttempted": 2,
          "selectedPass": 1,
          "totalCliDurationMs": 1
        }
      },
      {
        "passNumber": 3,
        "startedAt": "2025-11-05T01:57:59.871Z",
        "finishedAt": "2025-11-05T01:58:24.579Z",
        "totalDuration": 24708,
        "promptHash": "46a8c4284989f5f84fefb1403f9b8a72ecbb9a33c1311dceefa8eaa5d4f44536",
        "appliedFeedback": [
          "It isn't working correctly.",
          "Your previous attempt exited with code 1. Review the CLI logs to diagnose the issue.",
          "Lint failed. Fix the reported lint errors.",
          "A verification check failed.",
          "Please resolve the issues and re-run lint, tests, and build before finishing."
        ],
        "success": false,
        "partialSuccess": false,
        "workspaceArchive": "/home/runner/work/vybestack-site/vybestack-site/evals/outputs/form-capture-2025-11-05T01-57-08-872Z/llxprt-synthetic-minimax/passes/pass-3/workspace",
        "resultsArchive": "/home/runner/work/vybestack-site/vybestack-site/evals/outputs/form-capture-2025-11-05T01-57-08-872Z/llxprt-synthetic-minimax/passes/pass-3/results",
        "cliResult": {
          "command": "/home/runner/work/vybestack-site/vybestack-site/evals/llxprt --provider openai --baseurl https://api.synthetic.new/openai/v1 --key *** --model hf:MiniMaxAI/MiniMax-M2 --set context-limit=190000 --set shell-replacement=true --set modelparam.temperature=1 --yolo",
          "cwd": "/home/runner/work/vybestack-site/vybestack-site/evals/problems/form-capture/.tmp-workspace-cc32ef6c-321b-4b43-bfe5-39645eec9ec3-7hUM0a/workspace",
          "exitCode": 1,
          "stdout": "",
          "stderr": "",
          "duration": 2,
          "label": "llxprt-synthetic-minimax"
        },
        "buildResults": [
          {
            "command": "npm install",
            "cwd": "/home/runner/work/vybestack-site/vybestack-site/evals/problems/form-capture/.tmp-workspace-cc32ef6c-321b-4b43-bfe5-39645eec9ec3-7hUM0a/workspace",
            "exitCode": 0,
            "stdout": "\nup to date, audited 344 packages in 838ms\n\n96 packages are looking for funding\n  run `npm fund` for details\n\n4 moderate severity vulnerabilities\n\nTo address all issues (including breaking changes), run:\n  npm audit fix --force\n\nRun `npm audit` for details.\n",
            "stderr": "",
            "duration": 932,
            "label": "workspace-install"
          },
          {
            "command": "npm run lint",
            "cwd": "/home/runner/work/vybestack-site/vybestack-site/evals/problems/form-capture/.tmp-workspace-cc32ef6c-321b-4b43-bfe5-39645eec9ec3-7hUM0a/workspace",
            "exitCode": 1,
            "stdout": "\n> form-capture-eval@0.0.1 lint\n> eslint . --ext .ts\n\n\n/home/runner/work/vybestack-site/vybestack-site/evals/problems/form-capture/.tmp-workspace-cc32ef6c-321b-4b43-bfe5-39645eec9ec3-7hUM0a/workspace/tests/public/form.spec.ts\n  2:8   error  'request' is defined but never used       @typescript-eslint/no-unused-vars\n  3:8   error  'cheerio' is defined but never used       @typescript-eslint/no-unused-vars\n  7:13  error  Unexpected any. Specify a different type  @typescript-eslint/no-explicit-any\n  8:5   error  'app' is defined but never used           @typescript-eslint/no-unused-vars\n  8:10  error  Unexpected any. Specify a different type  @typescript-eslint/no-explicit-any\n\n✖ 5 problems (5 errors, 0 warnings)\n\n",
            "stderr": "",
            "duration": 3150,
            "label": "lint"
          },
          {
            "command": "npm run test:public",
            "cwd": "/home/runner/work/vybestack-site/vybestack-site/evals/problems/form-capture/.tmp-workspace-cc32ef6c-321b-4b43-bfe5-39645eec9ec3-7hUM0a/workspace",
            "exitCode": 0,
            "stdout": "\n> form-capture-eval@0.0.1 test:public\n> vitest run --config vitest.config.public.ts\n\n\n\u001b[7m\u001b[1m\u001b[36m RUN \u001b[39m\u001b[22m\u001b[27m \u001b[36mv1.6.1\u001b[39m \u001b[90m/home/runner/work/vybestack-site/vybestack-site/evals/problems/form-capture/.tmp-workspace-cc32ef6c-321b-4b43-bfe5-39645eec9ec3-7hUM0a/workspace\u001b[39m\n\n \u001b[32m✓\u001b[39m tests/public/form.spec.ts \u001b[2m (\u001b[22m\u001b[2m2 tests\u001b[22m\u001b[2m)\u001b[22m\u001b[90m 2\u001b[2mms\u001b[22m\u001b[39m\n\n\u001b[2m Test Files \u001b[22m \u001b[1m\u001b[32m1 passed\u001b[39m\u001b[22m\u001b[90m (1)\u001b[39m\n\u001b[2m      Tests \u001b[22m \u001b[1m\u001b[32m2 passed\u001b[39m\u001b[22m\u001b[90m (2)\u001b[39m\n\u001b[2m   Start at \u001b[22m 01:58:04\n\u001b[2m   Duration \u001b[22m 295ms\u001b[2m (transform 31ms, setup 0ms, collect 20ms, tests 2ms, environment 0ms, prepare 88ms)\u001b[22m\n\n",
            "stderr": "",
            "duration": 765,
            "label": "test:public"
          },
          {
            "command": "npm run typecheck",
            "cwd": "/home/runner/work/vybestack-site/vybestack-site/evals/problems/form-capture/.tmp-workspace-cc32ef6c-321b-4b43-bfe5-39645eec9ec3-7hUM0a/workspace",
            "exitCode": 0,
            "stdout": "\n> form-capture-eval@0.0.1 typecheck\n> tsc --noEmit\n\n",
            "stderr": "",
            "duration": 1077,
            "label": "typecheck"
          },
          {
            "command": "npm run build",
            "cwd": "/home/runner/work/vybestack-site/vybestack-site/evals/problems/form-capture/.tmp-workspace-cc32ef6c-321b-4b43-bfe5-39645eec9ec3-7hUM0a/workspace",
            "exitCode": 0,
            "stdout": "\n> form-capture-eval@0.0.1 build\n> tsc -p tsconfig.json\n\n",
            "stderr": "",
            "duration": 1104,
            "label": "build"
          }
        ],
        "gradeResults": [
          {
            "command": "npm install",
            "cwd": "/home/runner/work/vybestack-site/vybestack-site/evals/grading/form-capture",
            "exitCode": 0,
            "stdout": "\nup to date, audited 330 packages in 806ms\n\n96 packages are looking for funding\n  run `npm fund` for details\n\n2 moderate severity vulnerabilities\n\nTo address all issues, run:\n  npm audit fix\n\nRun `npm audit` for details.\n",
            "stderr": "",
            "duration": 894,
            "label": "workspace-install"
          },
          {
            "command": "npm --prefix workspace install",
            "cwd": "/home/runner/work/vybestack-site/vybestack-site/evals/grading/form-capture",
            "exitCode": 0,
            "stdout": "\nadded 343 packages, and audited 344 packages in 2s\n\n96 packages are looking for funding\n  run `npm fund` for details\n\n4 moderate severity vulnerabilities\n\nTo address all issues (including breaking changes), run:\n  npm audit fix --force\n\nRun `npm audit` for details.\n",
            "stderr": "npm warn deprecated inflight@1.0.6: This module is not supported, and leaks memory. Do not use it. Check out lru-cache if you want a good and tested way to coalesce async requests by a key value, which is much more comprehensive and powerful.\nnpm warn deprecated @humanwhocodes/config-array@0.13.0: Use @eslint/config-array instead\nnpm warn deprecated rimraf@3.0.2: Rimraf versions prior to v4 are no longer supported\nnpm warn deprecated glob@7.2.3: Glob versions prior to v9 are no longer supported\nnpm warn deprecated @humanwhocodes/object-schema@2.0.3: Use @eslint/object-schema instead\nnpm warn deprecated eslint@8.57.1: This version is no longer supported. Please see https://eslint.org/version-support for other options.\n",
            "duration": 2503,
            "label": "workspace-install-subdir"
          },
          {
            "command": "npm --prefix workspace run build",
            "cwd": "/home/runner/work/vybestack-site/vybestack-site/evals/grading/form-capture",
            "exitCode": 0,
            "stdout": "\n> form-capture-eval@0.0.1 build\n> tsc -p tsconfig.json\n\n",
            "stderr": "",
            "duration": 1112,
            "label": "workspace-build-subdir"
          },
          {
            "command": "npm run typecheck",
            "cwd": "/home/runner/work/vybestack-site/vybestack-site/evals/grading/form-capture",
            "exitCode": 0,
            "stdout": "\n> form-capture-grading@0.0.1 typecheck\n> tsc -p tsconfig.json\n\n",
            "stderr": "",
            "duration": 1427,
            "label": "typecheck"
          },
          {
            "command": "npm run test:hidden",
            "cwd": "/home/runner/work/vybestack-site/vybestack-site/evals/grading/form-capture",
            "exitCode": 1,
            "stdout": "\n> form-capture-grading@0.0.1 test:hidden\n> vitest run --config vitest.config.hidden.ts\n\n\n\u001b[7m\u001b[1m\u001b[36m RUN \u001b[39m\u001b[22m\u001b[27m \u001b[36mv1.6.1\u001b[39m \u001b[90m/home/runner/work/vybestack-site/vybestack-site/evals/grading/form-capture\u001b[39m\n\n \u001b[32m✓\u001b[39m tests/hidden/package.spec.ts \u001b[2m (\u001b[22m\u001b[2m1 test\u001b[22m\u001b[2m)\u001b[22m\u001b[90m 4\u001b[2mms\u001b[22m\u001b[39m\n \u001b[33m❯\u001b[39m tests/hidden/form.spec.ts \u001b[2m (\u001b[22m\u001b[2m4 tests\u001b[22m\u001b[2m)\u001b[22m\n \u001b[33m❯\u001b[39m tests/hidden/form.spec.ts \u001b[2m (\u001b[22m\u001b[2m4 tests\u001b[22m\u001b[2m)\u001b[22m\u001b[33m 10517\u001b[2mms\u001b[22m\u001b[39m\n\n\u001b[2m Test Files \u001b[22m \u001b[1m\u001b[31m1 failed\u001b[39m\u001b[22m\u001b[2m | \u001b[22m\u001b[1m\u001b[32m1 passed\u001b[39m\u001b[22m\u001b[90m (2)\u001b[39m\n\u001b[2m      Tests \u001b[22m \u001b[1m\u001b[32m1 passed\u001b[39m\u001b[22m\u001b[90m (5)\u001b[39m\n\u001b[2m   Start at \u001b[22m 01:58:13\n\u001b[2m   Duration \u001b[22m 11.00s\u001b[2m (transform 66ms, setup 0ms, collect 254ms, tests 10.52s, environment 0ms, prepare 189ms)\u001b[22m\n\n",
            "stderr": "Server not implemented yet.\n\u001b[31m⎯⎯⎯⎯⎯⎯\u001b[1m\u001b[7m Failed Suites 1 \u001b[27m\u001b[22m⎯⎯⎯⎯⎯⎯⎯\u001b[39m\n\n\u001b[31m\u001b[1m\u001b[7m FAIL \u001b[27m\u001b[22m\u001b[39m tests/hidden/form.spec.ts \u001b[2m[ tests/hidden/form.spec.ts ]\u001b[22m\n\u001b[31m\u001b[1mError\u001b[22m: Hook timed out in 10000ms.\nIf this is a long-running hook, pass a timeout value as the last argument or configure it globally with \"hookTimeout\".\u001b[39m\n\u001b[31m\u001b[2m⎯⎯⎯⎯⎯⎯⎯⎯⎯⎯⎯⎯⎯⎯⎯⎯⎯⎯⎯⎯⎯⎯⎯⎯[1/1]⎯\u001b[22m\u001b[39m\n\n",
            "duration": 11459,
            "label": "test:hidden"
          }
        ],
        "publicTestFailures": [],
        "hiddenTestFailures": [],
        "vybes": {
          "taskName": "form-capture",
          "configId": "llxprt-synthetic-minimax",
          "complexityMultiplier": 5,
          "timeLimitMinutes": 10,
          "baseScore": 500,
          "successPercentage": 0,
          "baselineSuccessPercentage": 0,
          "adjustedSuccessPercentage": 0,
          "timePenaltyMultiplier": 1,
          "rawScore": 0,
          "finalScore": 0,
          "actualTimeMinutes": 0,
          "description": "Full-stack contact form application",
          "category": "full-stack",
          "breakdown": {
            "subtasksPassed": 1,
            "subtasksTotal": 6,
            "modulesCompleted": [],
            "modulesIncomplete": [
              "form-capture"
            ],
            "modules": {
              "form-capture": {
                "passed": 1,
                "total": 6,
                "passedTasks": [
                  "package-integrity"
                ],
                "failedTasks": [
                  "form-fields-render",
                  "invalid-email-validation",
                  "submission-persists",
                  "thank-you-page",
                  "css-styling"
                ]
              }
            }
          },
          "error": "lint/typecheck failed",
          "status": "error",
          "passesAttempted": 3,
          "selectedPass": 2,
          "totalCliDurationMs": 2
        }
      }
    ]
  },
  "vybes": {
    "taskName": "form-capture",
    "configId": "llxprt-synthetic-minimax",
    "complexityMultiplier": 5,
    "timeLimitMinutes": 10,
    "baseScore": 500,
    "successPercentage": 0,
    "baselineSuccessPercentage": 0,
    "adjustedSuccessPercentage": 0,
    "timePenaltyMultiplier": 1,
    "rawScore": 0,
    "finalScore": 0,
    "actualTimeMinutes": 1.261,
    "description": "Full-stack contact form application",
    "category": "full-stack",
    "breakdown": {
      "subtasksPassed": 1,
      "subtasksTotal": 6,
      "modulesCompleted": [],
      "modulesIncomplete": [
        "form-capture"
      ],
      "modules": {
        "form-capture": {
          "passed": 1,
          "total": 6,
          "passedTasks": [
            "package-integrity"
          ],
          "failedTasks": [
            "form-fields-render",
            "invalid-email-validation",
            "submission-persists",
            "thank-you-page",
            "css-styling"
          ]
        }
      }
    },
    "error": "lint/typecheck failed",
    "status": "error",
    "passesAttempted": 3,
    "selectedPass": 0,
    "totalCliDurationMs": 75664,
    "repoVersion": "main@913de44"
  }
}