{
  "evalName": "pagination",
  "configId": "llxprt-synthetic-minimax",
  "startedAt": "2025-11-02T03:53:40.881Z",
  "finishedAt": "2025-11-02T03:53:40.881Z",
  "status": "fail",
  "totalDuration": 183828,
  "totalCliDuration": 183766,
  "commands": [
    {
      "name": "llxprt-synthetic-minimax",
      "command": "llxprt --provider openai --baseurl https://api.synthetic.new/openai/v1 --key *** --model hf:MiniMaxAI/MiniMax-M2 --set context-limit=190000 --set shell-replacement=true --set modelparam.temperature=1 --yolo",
      "cwd": "/home/runner/work/vybestack-site/vybestack-site/evals/problems/pagination/.tmp-workspace-90c2693e-2518-45d5-9c6b-fc71ae2812be-acM3fP/workspace",
      "exitCode": 0,
      "stdout": "<think>Let me break down what I need to do:\n\n1. First, understand the current codebase structure and identify the pagination issues\n2. Fix the Express API to properly handle pagination with validation\n3. Fix the React client to properly handle pagination\n4. Test everything works correctly\n5. Run the final checks (typecheck, lint, test:public, build)\n\nLet me start by exploring the project structure and understanding what's already there.\n</think>\n\nI'll help you restore the correct pagination behavior across the Express API and React client. Let me start by exploring the project structure to understand the current implementation and identify the issues.\n<think>Let me try reading the specific files mentioned in the project structure.\n</think>\n\n\n<think>It seems the files aren't found with the absolute path. Let me try relative paths from the working directory.\n</think>\n\n\n<think>The read_many_files seems to be having trouble. Let me try with absolute paths and use list_directory first to understand the structure.\n</think>\n\n\n<think>The list_directory shows 11 git-ignored files, which means they exist but are ignored by git. Let me list them without the git ignore filter.\n</think>\n\n\n<think>I'm getting an empty directory listing even though the files should be there. Let me try using ls directly to see what's in the workspace.\n</think>\n\n\n<think>Good! Now I can see the files. Let me read the key files to understand the current implementation and what needs to be fixed.\n\nI need to:\n1. Read the problem.md and prompt.md to understand the requirements\n2. Read the package.json to understand the project structure\n3. Read the source files to understand the current implementation\n4. Fix the pagination functionality\n5. Run the commands to verify\n\nLet me start by reading the main files.\n</think>\n\n\n<think>The user wants me to repair a pagination service. Let me start by reading the key files to understand the project structure and requirements. I'll need to:\n\n1. Read the problem.md and prompt.md files to understand the requirements\n2. Examine the source code to understand the current implementation\n3. Identify what needs to be fixed\n4. Make the necessary changes\n5. Test the changes\n\nLet me start by reading the files using the correct absolute path format.\n</think>\n\nI'll help you repair the pagination service in this TypeScript project. Let me start by examining the project structure and understanding the current implementation.\n<think>It seems the read_many_files tool isn't working correctly. Let me try to read files individually and explore the project structure.\n</think>\n\n\n<think>Good, I can see the current state of the app.ts file. It's using the `listInventory` function but currently doesn't have proper validation or pagination metadata. Let me read the other files to understand the current implementation.\n</think>\n\n\n<think>It seems I need to use the full path. Let me try again with the absolute paths.\n</think>\n\n\n<think>Now I can see the issues:\n\n1. In `inventoryRepository.ts`:\n   - The offset calculation is wrong: `offset = page * limit` should be `offset = (page - 1) * limit`\n   - The `hasNext` calculation is wrong: it should check if `page * limit < total`\n   \nLet me continue reading the rest of the files.\n</think>\n\n\n<think>Good! Now let me read the client files to understand the React side of things.\n</think>\n\n\n<think>Now I'm seeing the issues! Let me look at the other files to get a complete picture of the codebase before starting the repairs.\n\nFrom what I can see so far:\n\n1. **app.ts** - The Express route doesn't validate pagination parameters (page, limit), and doesn't handle errors. It just passes undefined values to the repository function.\n\n2. **inventoryRepository.ts** - There are several bugs:\n   - The offset calculation is wrong: `offset = page * limit` should be `offset = (page - 1) * limit`\n   - No validation for page and limit parameters\n   - No error handling for invalid input\n\n3. **useInventory.tsx** - The hook doesn't actually use the page and limit parameters in the API call or dependency array, so it won't reload when they change.\n\nLet me read the remaining files to understand the complete picture.\n</think>\n\n\n<think>Alright, I can see the project structure now. Let me analyze what I've learned:\n\n1. **Server-side issues** (`src/server/inventoryRepository.ts`):\n   - The offset calculation is wrong: `offset = page * limit` should be `offset = (page - 1) * limit`\n   - No validation for page/limit parameters (checking for non-numeric, negative, zero, or excessive values)\n   - No error handling for invalid inputs\n\n2. **API issues** (`src/server/app.ts`):\n   - No validation of page/limit query parameters\n   - No error handling for invalid inputs\n   - The response should include pagination metadata (which it does via `listInventory`)\n\n3. **Client-side issues** (`src/client/useInventory.tsx`):\n   - The `useEffect` dependency array is missing `page` and `limit`, so the hook doesn't reload when these change\n   - The fetch URL doesn't include the page/limit query parameters\n\n4. **UI issues** (`src/client/InventoryView.tsx`):\n   - No pagination controls (Previous/Next buttons)\n   - No error handling display for invalid inputs\n   - The component is hardcoded to page 1 with PAGE_LIMIT\n\nNow let me check the test files to understand what's expected:\n</think>\n\n\n<think>Now I understand the structure. Let me look at the test file to see what it's testing.\n</think>\n\n\n<think>Let me understand the task:\n\n1. I need to fix pagination behavior in an Express API with SQLite backend and React client\n2. The current implementation has several bugs:\n   - In `inventoryRepository.ts`: The offset calculation is wrong - it should be `(page - 1) * limit` but currently it's `page * limit`, which skips the first page entirely\n   - Missing input validation in the API\n   - Missing error handling for invalid inputs\n   - In `useInventory.tsx`: The hook doesn't reload when page/limit change (missing dependencies)\n   - In `InventoryView.tsx`: Missing pagination controls (Previous/Next buttons)\n\n3. Requirements:\n   - `GET /inventory` must accept `page` and `limit` query parameters (default `page = 1`, `limit = 5`)\n   - Validate inputs: reject non-numeric, negative, zero, or excessive values with HTTP 400\n   - Query must return the correct slice of items without skipping or duplicating rows\n   - Response should include pagination metadata: `page`, `limit`, `total`, `hasNext`\n   - React hook/component must request the selected page, update when the user navigates, and surface errors\n   - Provide \"Previous\" and \"Next\" controls that disable appropriately when there is no further data\n   - Ensure the UI renders empty states and propagates server validation errors\n\nLet me create a todo list and start fixing these issues.\n</think>\n\nThis task seems to involve multiple steps. A todo list might help track your progress.\n",
      "stderr": "",
      "duration": 49259,
      "success": true
    },
    {
      "name": "workspace-install",
      "command": "npm install",
      "cwd": "/home/runner/work/vybestack-site/vybestack-site/evals/problems/pagination/.tmp-workspace-90c2693e-2518-45d5-9c6b-fc71ae2812be-acM3fP/workspace",
      "exitCode": 0,
      "stdout": "\nadded 370 packages, and audited 371 packages in 2s\n\n79 packages are looking for funding\n  run `npm fund` for details\n\n2 moderate severity vulnerabilities\n\nTo address all issues, run:\n  npm audit fix\n\nRun `npm audit` for details.\n",
      "stderr": "npm warn deprecated inflight@1.0.6: This module is not supported, and leaks memory. Do not use it. Check out lru-cache if you want a good and tested way to coalesce async requests by a key value, which is much more comprehensive and powerful.\nnpm warn deprecated supertest@6.3.4: Please upgrade to supertest v7.1.3+, see release notes at https://github.com/forwardemail/supertest/releases/tag/v7.1.3 - maintenance is supported by Forward Email @ https://forwardemail.net\nnpm warn deprecated @humanwhocodes/config-array@0.13.0: Use @eslint/config-array instead\nnpm warn deprecated rimraf@3.0.2: Rimraf versions prior to v4 are no longer supported\nnpm warn deprecated glob@7.2.3: Glob versions prior to v9 are no longer supported\nnpm warn deprecated @humanwhocodes/object-schema@2.0.3: Use @eslint/object-schema instead\nnpm warn deprecated superagent@8.1.2: Please upgrade to superagent v10.2.2+, see release notes at https://github.com/forwardemail/superagent/releases/tag/v10.2.2 - maintenance is supported by Forward Email @ https://forwardemail.net\nnpm warn deprecated eslint@8.57.1: This version is no longer supported. Please see https://eslint.org/version-support for other options.\n",
      "duration": 2527,
      "success": true
    },
    {
      "name": "typecheck",
      "command": "npm run typecheck",
      "cwd": "/home/runner/work/vybestack-site/vybestack-site/evals/problems/pagination/.tmp-workspace-90c2693e-2518-45d5-9c6b-fc71ae2812be-acM3fP/workspace",
      "exitCode": 0,
      "stdout": "\n> pagination-eval@0.0.1 typecheck\n> tsc --noEmit\n\n",
      "stderr": "",
      "duration": 1725,
      "success": true
    },
    {
      "name": "lint",
      "command": "npm run lint",
      "cwd": "/home/runner/work/vybestack-site/vybestack-site/evals/problems/pagination/.tmp-workspace-90c2693e-2518-45d5-9c6b-fc71ae2812be-acM3fP/workspace",
      "exitCode": 1,
      "stdout": "\n> pagination-eval@0.0.1 lint\n> eslint . --ext .ts,.tsx\n\n\n/home/runner/work/vybestack-site/vybestack-site/evals/problems/pagination/.tmp-workspace-90c2693e-2518-45d5-9c6b-fc71ae2812be-acM3fP/workspace/src/client/useInventory.tsx\n  16:30  error  'page' is defined but never used   @typescript-eslint/no-unused-vars\n  16:44  error  'limit' is defined but never used  @typescript-eslint/no-unused-vars\n\n✖ 2 problems (2 errors, 0 warnings)\n\n",
      "stderr": "",
      "duration": 2703,
      "success": false
    },
    {
      "name": "test:public",
      "command": "npm run test:public",
      "cwd": "/home/runner/work/vybestack-site/vybestack-site/evals/problems/pagination/.tmp-workspace-90c2693e-2518-45d5-9c6b-fc71ae2812be-acM3fP/workspace",
      "exitCode": 0,
      "stdout": "\n> pagination-eval@0.0.1 test:public\n> vitest run --config vitest.config.public.ts\n\n\n\u001b[7m\u001b[1m\u001b[36m RUN \u001b[39m\u001b[22m\u001b[27m \u001b[36mv1.6.1\u001b[39m \u001b[90m/home/runner/work/vybestack-site/vybestack-site/evals/problems/pagination/.tmp-workspace-90c2693e-2518-45d5-9c6b-fc71ae2812be-acM3fP/workspace\u001b[39m\n\n \u001b[32m✓\u001b[39m tests/public/smoke.spec.ts \u001b[2m (\u001b[22m\u001b[2m1 test\u001b[22m\u001b[2m)\u001b[22m\u001b[90m 52\u001b[2mms\u001b[22m\u001b[39m\n\n\u001b[2m Test Files \u001b[22m \u001b[1m\u001b[32m1 passed\u001b[39m\u001b[22m\u001b[90m (1)\u001b[39m\n\u001b[2m      Tests \u001b[22m \u001b[1m\u001b[32m1 passed\u001b[39m\u001b[22m\u001b[90m (1)\u001b[39m\n\u001b[2m   Start at \u001b[22m 03:51:33\n\u001b[2m   Duration \u001b[22m 494ms\u001b[2m (transform 51ms, setup 0ms, collect 165ms, tests 52ms, environment 0ms, prepare 76ms)\u001b[22m\n\n",
      "stderr": "",
      "duration": 1034,
      "success": true
    },
    {
      "name": "lint",
      "command": "npm run lint",
      "cwd": "/home/runner/work/vybestack-site/vybestack-site/evals/grading/pagination",
      "exitCode": 1,
      "stdout": "\n> pagination-grading@0.0.1 lint\n> eslint workspace/src workspace/tests --ext .ts,.tsx\n\n\n/home/runner/work/vybestack-site/vybestack-site/evals/grading/pagination/workspace/src/client/useInventory.tsx\n  16:30  error  'page' is defined but never used   @typescript-eslint/no-unused-vars\n  16:44  error  'limit' is defined but never used  @typescript-eslint/no-unused-vars\n\n✖ 2 problems (2 errors, 0 warnings)\n\n",
      "stderr": "",
      "duration": 2604,
      "success": false
    },
    {
      "name": "typecheck",
      "command": "npm run typecheck",
      "cwd": "/home/runner/work/vybestack-site/vybestack-site/evals/grading/pagination",
      "exitCode": 0,
      "stdout": "\n> pagination-grading@0.0.1 typecheck\n> tsc -p tsconfig.json\n\n",
      "stderr": "",
      "duration": 1707,
      "success": true
    },
    {
      "name": "test:hidden",
      "command": "npm run test:hidden",
      "cwd": "/home/runner/work/vybestack-site/vybestack-site/evals/grading/pagination",
      "exitCode": 1,
      "stdout": "\n> pagination-grading@0.0.1 test:hidden\n> vitest run --config vitest.config.hidden.ts\n\n\n\u001b[7m\u001b[1m\u001b[36m RUN \u001b[39m\u001b[22m\u001b[27m \u001b[36mv1.6.1\u001b[39m \u001b[90m/home/runner/work/vybestack-site/vybestack-site/evals/grading/pagination\u001b[39m\n\n \u001b[33m❯\u001b[39m tests/hidden/api.spec.ts \u001b[2m (\u001b[22m\u001b[2m3 tests\u001b[22m \u001b[2m|\u001b[22m \u001b[31m3 failed\u001b[39m\u001b[2m)\u001b[22m\u001b[90m 99\u001b[2mms\u001b[22m\u001b[39m\n\u001b[31m   \u001b[33m❯\u001b[31m tests/hidden/api.spec.ts\u001b[2m > \u001b[22mGET /inventory pagination\u001b[2m > \u001b[22mreturns the correct slice of data for a mid-page request\u001b[39m\n\u001b[31m     → expected [ 9, 10, 11, 12 ] to deeply equal [ 5, 6, 7, 8 ]\u001b[39m\n\u001b[31m   \u001b[33m❯\u001b[31m tests/hidden/api.spec.ts\u001b[2m > \u001b[22mGET /inventory pagination\u001b[2m > \u001b[22mindicates when the final page has been reached\u001b[39m\n\u001b[31m     → expected [] to have a length of 3 but got +0\u001b[39m\n\u001b[31m   \u001b[33m❯\u001b[31m tests/hidden/api.spec.ts\u001b[2m > \u001b[22mGET /inventory pagination\u001b[2m > \u001b[22mrejects invalid pagination parameters\u001b[39m\n\u001b[31m     → expected 200 to be 400 // Object.is equality\u001b[39m\n\n\n::error file=/home/runner/work/vybestack-site/vybestack-site/evals/grading/pagination/tests/hidden/api.spec.ts,title=tests/hidden/api.spec.ts > GET /inventory pagination > returns the correct slice of data for a mid-page request,line=43,column=17::AssertionError: expected [ 9, 10, 11, 12 ] to deeply equal [ 5, 6, 7, 8 ]%0A%0A- Expected%0A+ Received%0A%0A  Array [%0A-   5,%0A-   6,%0A-   7,%0A-   8,%0A+   9,%0A+   10,%0A+   11,%0A+   12,%0A  ]%0A%0A ❯ tests/hidden/api.spec.ts:43:17%0A%0A\n\n::error file=/home/runner/work/vybestack-site/vybestack-site/evals/grading/pagination/tests/hidden/api.spec.ts,title=tests/hidden/api.spec.ts > GET /inventory pagination > indicates when the final page has been reached,line=51,column=33::AssertionError: expected [] to have a length of 3 but got +0%0A%0A- Expected%0A+ Received%0A%0A- 3%0A+ 0%0A%0A ❯ tests/hidden/api.spec.ts:51:33%0A%0A\n\n::error file=/home/runner/work/vybestack-site/vybestack-site/evals/grading/pagination/tests/hidden/api.spec.ts,title=tests/hidden/api.spec.ts > GET /inventory pagination > rejects invalid pagination parameters,line=59,column=29::AssertionError: expected 200 to be 400 // Object.is equality%0A%0A- Expected%0A+ Received%0A%0A- 400%0A+ 200%0A%0A ❯ tests/hidden/api.spec.ts:59:29%0A%0A\n\u001b[2m Test Files \u001b[22m \u001b[1m\u001b[31m1 failed\u001b[39m\u001b[22m\u001b[90m (1)\u001b[39m\n\u001b[2m      Tests \u001b[22m \u001b[1m\u001b[31m3 failed\u001b[39m\u001b[22m\u001b[90m (3)\u001b[39m\n\u001b[2m   Start at \u001b[22m 03:51:39\n\u001b[2m   Duration \u001b[22m 992ms\u001b[2m (transform 61ms, setup 76ms, collect 128ms, tests 99ms, environment 392ms, prepare 96ms)\u001b[22m\n\n",
      "stderr": "\u001b[31m⎯⎯⎯⎯⎯⎯⎯\u001b[1m\u001b[7m Failed Tests 3 \u001b[27m\u001b[22m⎯⎯⎯⎯⎯⎯⎯\u001b[39m\n\n\u001b[31m\u001b[1m\u001b[7m FAIL \u001b[27m\u001b[22m\u001b[39m tests/hidden/api.spec.ts\u001b[2m > \u001b[22mGET /inventory pagination\u001b[2m > \u001b[22mreturns the correct slice of data for a mid-page request\n\u001b[31m\u001b[1mAssertionError\u001b[22m: expected [ 9, 10, 11, 12 ] to deeply equal [ 5, 6, 7, 8 ]\u001b[39m\n\n- Expected\n+ Received\n\n  Array [\n-   5,\n-   6,\n-   7,\n-   8,\n+   9,\n+   10,\n+   11,\n+   12,\n  ]\n\n\u001b[36m \u001b[2m❯\u001b[22m tests/hidden/api.spec.ts:\u001b[2m43:17\u001b[22m\u001b[39m\n    \u001b[90m 41| \u001b[39m\n    \u001b[90m 42| \u001b[39m    \u001b[35mconst\u001b[39m ids \u001b[33m=\u001b[39m response\u001b[33m.\u001b[39mbody\u001b[33m.\u001b[39mitems\u001b[33m.\u001b[39m\u001b[34mmap\u001b[39m((item\u001b[33m:\u001b[39m { id\u001b[33m:\u001b[39m number }) \u001b[33m=>\u001b[39m item…\n    \u001b[90m 43| \u001b[39m    \u001b[34mexpect\u001b[39m(ids)\u001b[33m.\u001b[39m\u001b[34mtoEqual\u001b[39m([\u001b[34m5\u001b[39m\u001b[33m,\u001b[39m \u001b[34m6\u001b[39m\u001b[33m,\u001b[39m \u001b[34m7\u001b[39m\u001b[33m,\u001b[39m \u001b[34m8\u001b[39m])\u001b[33m;\u001b[39m\n    \u001b[90m   | \u001b[39m                \u001b[31m^\u001b[39m\n    \u001b[90m 44| \u001b[39m    taskStatus\u001b[33m.\u001b[39m\u001b[35mset\u001b[39m(\u001b[32m'api-mid-page-request'\u001b[39m\u001b[33m,\u001b[39m \u001b[35mtrue\u001b[39m)\u001b[33m;\u001b[39m\n    \u001b[90m 45| \u001b[39m  })\u001b[33m;\u001b[39m\n\n\u001b[31m\u001b[2m⎯⎯⎯⎯⎯⎯⎯⎯⎯⎯⎯⎯⎯⎯⎯⎯⎯⎯⎯⎯⎯⎯⎯⎯[1/3]⎯\u001b[22m\u001b[39m\n\n\u001b[31m\u001b[1m\u001b[7m FAIL \u001b[27m\u001b[22m\u001b[39m tests/hidden/api.spec.ts\u001b[2m > \u001b[22mGET /inventory pagination\u001b[2m > \u001b[22mindicates when the final page has been reached\n\u001b[31m\u001b[1mAssertionError\u001b[22m: expected [] to have a length of 3 but got +0\u001b[39m\n\n- Expected\n+ Received\n\n- 3\n+ 0\n\n\u001b[36m \u001b[2m❯\u001b[22m tests/hidden/api.spec.ts:\u001b[2m51:33\u001b[22m\u001b[39m\n    \u001b[90m 49| \u001b[39m\n    \u001b[90m 50| \u001b[39m    \u001b[34mexpect\u001b[39m(response\u001b[33m.\u001b[39mstatus)\u001b[33m.\u001b[39m\u001b[34mtoBe\u001b[39m(\u001b[34m200\u001b[39m)\u001b[33m;\u001b[39m\n    \u001b[90m 51| \u001b[39m    \u001b[34mexpect\u001b[39m(response\u001b[33m.\u001b[39mbody\u001b[33m.\u001b[39mitems)\u001b[33m.\u001b[39m\u001b[34mtoHaveLength\u001b[39m(\u001b[34m3\u001b[39m)\u001b[33m;\u001b[39m\n    \u001b[90m   | \u001b[39m                                \u001b[31m^\u001b[39m\n    \u001b[90m 52| \u001b[39m    \u001b[34mexpect\u001b[39m(response\u001b[33m.\u001b[39mbody\u001b[33m.\u001b[39mhasNext)\u001b[33m.\u001b[39m\u001b[34mtoBe\u001b[39m(\u001b[35mfalse\u001b[39m)\u001b[33m;\u001b[39m\n    \u001b[90m 53| \u001b[39m    taskStatus\u001b[33m.\u001b[39m\u001b[35mset\u001b[39m(\u001b[32m'api-final-page-handling'\u001b[39m\u001b[33m,\u001b[39m \u001b[35mtrue\u001b[39m)\u001b[33m;\u001b[39m\n\n\u001b[31m\u001b[2m⎯⎯⎯⎯⎯⎯⎯⎯⎯⎯⎯⎯⎯⎯⎯⎯⎯⎯⎯⎯⎯⎯⎯⎯[2/3]⎯\u001b[22m\u001b[39m\n\n\u001b[31m\u001b[1m\u001b[7m FAIL \u001b[27m\u001b[22m\u001b[39m tests/hidden/api.spec.ts\u001b[2m > \u001b[22mGET /inventory pagination\u001b[2m > \u001b[22mrejects invalid pagination parameters\n\u001b[31m\u001b[1mAssertionError\u001b[22m: expected 200 to be 400 // Object.is equality\u001b[39m\n\n- Expected\n+ Received\n\n- 400\n+ 200\n\n\u001b[36m \u001b[2m❯\u001b[22m tests/hidden/api.spec.ts:\u001b[2m59:29\u001b[22m\u001b[39m\n    \u001b[90m 57| \u001b[39m    \u001b[35mconst\u001b[39m response \u001b[33m=\u001b[39m \u001b[35mawait\u001b[39m \u001b[34mrequest\u001b[39m(app)\u001b[33m.\u001b[39m\u001b[35mget\u001b[39m(\u001b[32m'/inventory'\u001b[39m)\u001b[33m.\u001b[39m\u001b[34mquery\u001b[39m({ page…\n    \u001b[90m 58| \u001b[39m\n    \u001b[90m 59| \u001b[39m    \u001b[34mexpect\u001b[39m(response\u001b[33m.\u001b[39mstatus)\u001b[33m.\u001b[39m\u001b[34mtoBe\u001b[39m(\u001b[34m400\u001b[39m)\u001b[33m;\u001b[39m\n    \u001b[90m   | \u001b[39m                            \u001b[31m^\u001b[39m\n    \u001b[90m 60| \u001b[39m    \u001b[34mexpect\u001b[39m((response\u001b[33m.\u001b[39mbody\u001b[33m.\u001b[39merror \u001b[33m??\u001b[39m \u001b[32m''\u001b[39m)\u001b[33m.\u001b[39m\u001b[34mtoLowerCase\u001b[39m())\u001b[33m.\u001b[39m\u001b[34mtoContain\u001b[39m(\u001b[32m'page'\u001b[39m…\n    \u001b[90m 61| \u001b[39m    taskStatus\u001b[33m.\u001b[39m\u001b[35mset\u001b[39m(\u001b[32m'api-invalid-parameter-handling'\u001b[39m\u001b[33m,\u001b[39m \u001b[35mtrue\u001b[39m)\u001b[33m;\u001b[39m\n\n\u001b[31m\u001b[2m⎯⎯⎯⎯⎯⎯⎯⎯⎯⎯⎯⎯⎯⎯⎯⎯⎯⎯⎯⎯⎯⎯⎯⎯[3/3]⎯\u001b[22m\u001b[39m\n\n",
      "duration": 1507,
      "success": false
    }
  ],
  "workspaceArchive": "/home/runner/work/vybestack-site/vybestack-site/evals/outputs/pagination-2025-11-02T03-50-37-053Z/llxprt-synthetic-minimax/workspace",
  "runSessionId": "ec70398c-fd08-456e-8af0-9c4f85a1bf6e",
  "runSessionStartedAt": "2025-11-02T01:54:56.794Z",
  "repoVersion": "main@ddc1921",
  "multipass": {
    "enabled": true,
    "selectedPass": 0,
    "maxPasses": 3,
    "totalCliDuration": 183766,
    "passCount": 3,
    "feedback": [],
    "passes": [
      {
        "passNumber": 1,
        "startedAt": "2025-11-02T03:50:37.062Z",
        "finishedAt": "2025-11-02T03:51:40.140Z",
        "totalDuration": 63078,
        "promptHash": "776b272b2eb46e0d6c42504640a82d553bbcb0c4ec1161aa157cfc4dc69c0a24",
        "appliedFeedback": [],
        "success": false,
        "partialSuccess": false,
        "workspaceArchive": "/home/runner/work/vybestack-site/vybestack-site/evals/outputs/pagination-2025-11-02T03-50-37-053Z/llxprt-synthetic-minimax/passes/pass-1/workspace",
        "resultsArchive": "/home/runner/work/vybestack-site/vybestack-site/evals/outputs/pagination-2025-11-02T03-50-37-053Z/llxprt-synthetic-minimax/passes/pass-1/results",
        "cliResult": {
          "command": "llxprt --provider openai --baseurl https://api.synthetic.new/openai/v1 --key *** --model hf:MiniMaxAI/MiniMax-M2 --set context-limit=190000 --set shell-replacement=true --set modelparam.temperature=1 --yolo",
          "cwd": "/home/runner/work/vybestack-site/vybestack-site/evals/problems/pagination/.tmp-workspace-90c2693e-2518-45d5-9c6b-fc71ae2812be-acM3fP/workspace",
          "exitCode": 0,
          "stdout": "<think>Let me break down what I need to do:\n\n1. First, understand the current codebase structure and identify the pagination issues\n2. Fix the Express API to properly handle pagination with validation\n3. Fix the React client to properly handle pagination\n4. Test everything works correctly\n5. Run the final checks (typecheck, lint, test:public, build)\n\nLet me start by exploring the project structure and understanding what's already there.\n</think>\n\nI'll help you restore the correct pagination behavior across the Express API and React client. Let me start by exploring the project structure to understand the current implementation and identify the issues.\n<think>Let me try reading the specific files mentioned in the project structure.\n</think>\n\n\n<think>It seems the files aren't found with the absolute path. Let me try relative paths from the working directory.\n</think>\n\n\n<think>The read_many_files seems to be having trouble. Let me try with absolute paths and use list_directory first to understand the structure.\n</think>\n\n\n<think>The list_directory shows 11 git-ignored files, which means they exist but are ignored by git. Let me list them without the git ignore filter.\n</think>\n\n\n<think>I'm getting an empty directory listing even though the files should be there. Let me try using ls directly to see what's in the workspace.\n</think>\n\n\n<think>Good! Now I can see the files. Let me read the key files to understand the current implementation and what needs to be fixed.\n\nI need to:\n1. Read the problem.md and prompt.md to understand the requirements\n2. Read the package.json to understand the project structure\n3. Read the source files to understand the current implementation\n4. Fix the pagination functionality\n5. Run the commands to verify\n\nLet me start by reading the main files.\n</think>\n\n\n<think>The user wants me to repair a pagination service. Let me start by reading the key files to understand the project structure and requirements. I'll need to:\n\n1. Read the problem.md and prompt.md files to understand the requirements\n2. Examine the source code to understand the current implementation\n3. Identify what needs to be fixed\n4. Make the necessary changes\n5. Test the changes\n\nLet me start by reading the files using the correct absolute path format.\n</think>\n\nI'll help you repair the pagination service in this TypeScript project. Let me start by examining the project structure and understanding the current implementation.\n<think>It seems the read_many_files tool isn't working correctly. Let me try to read files individually and explore the project structure.\n</think>\n\n\n<think>Good, I can see the current state of the app.ts file. It's using the `listInventory` function but currently doesn't have proper validation or pagination metadata. Let me read the other files to understand the current implementation.\n</think>\n\n\n<think>It seems I need to use the full path. Let me try again with the absolute paths.\n</think>\n\n\n<think>Now I can see the issues:\n\n1. In `inventoryRepository.ts`:\n   - The offset calculation is wrong: `offset = page * limit` should be `offset = (page - 1) * limit`\n   - The `hasNext` calculation is wrong: it should check if `page * limit < total`\n   \nLet me continue reading the rest of the files.\n</think>\n\n\n<think>Good! Now let me read the client files to understand the React side of things.\n</think>\n\n\n<think>Now I'm seeing the issues! Let me look at the other files to get a complete picture of the codebase before starting the repairs.\n\nFrom what I can see so far:\n\n1. **app.ts** - The Express route doesn't validate pagination parameters (page, limit), and doesn't handle errors. It just passes undefined values to the repository function.\n\n2. **inventoryRepository.ts** - There are several bugs:\n   - The offset calculation is wrong: `offset = page * limit` should be `offset = (page - 1) * limit`\n   - No validation for page and limit parameters\n   - No error handling for invalid input\n\n3. **useInventory.tsx** - The hook doesn't actually use the page and limit parameters in the API call or dependency array, so it won't reload when they change.\n\nLet me read the remaining files to understand the complete picture.\n</think>\n\n\n<think>Alright, I can see the project structure now. Let me analyze what I've learned:\n\n1. **Server-side issues** (`src/server/inventoryRepository.ts`):\n   - The offset calculation is wrong: `offset = page * limit` should be `offset = (page - 1) * limit`\n   - No validation for page/limit parameters (checking for non-numeric, negative, zero, or excessive values)\n   - No error handling for invalid inputs\n\n2. **API issues** (`src/server/app.ts`):\n   - No validation of page/limit query parameters\n   - No error handling for invalid inputs\n   - The response should include pagination metadata (which it does via `listInventory`)\n\n3. **Client-side issues** (`src/client/useInventory.tsx`):\n   - The `useEffect` dependency array is missing `page` and `limit`, so the hook doesn't reload when these change\n   - The fetch URL doesn't include the page/limit query parameters\n\n4. **UI issues** (`src/client/InventoryView.tsx`):\n   - No pagination controls (Previous/Next buttons)\n   - No error handling display for invalid inputs\n   - The component is hardcoded to page 1 with PAGE_LIMIT\n\nNow let me check the test files to understand what's expected:\n</think>\n\n\n<think>Now I understand the structure. Let me look at the test file to see what it's testing.\n</think>\n\n\n<think>Let me understand the task:\n\n1. I need to fix pagination behavior in an Express API with SQLite backend and React client\n2. The current implementation has several bugs:\n   - In `inventoryRepository.ts`: The offset calculation is wrong - it should be `(page - 1) * limit` but currently it's `page * limit`, which skips the first page entirely\n   - Missing input validation in the API\n   - Missing error handling for invalid inputs\n   - In `useInventory.tsx`: The hook doesn't reload when page/limit change (missing dependencies)\n   - In `InventoryView.tsx`: Missing pagination controls (Previous/Next buttons)\n\n3. Requirements:\n   - `GET /inventory` must accept `page` and `limit` query parameters (default `page = 1`, `limit = 5`)\n   - Validate inputs: reject non-numeric, negative, zero, or excessive values with HTTP 400\n   - Query must return the correct slice of items without skipping or duplicating rows\n   - Response should include pagination metadata: `page`, `limit`, `total`, `hasNext`\n   - React hook/component must request the selected page, update when the user navigates, and surface errors\n   - Provide \"Previous\" and \"Next\" controls that disable appropriately when there is no further data\n   - Ensure the UI renders empty states and propagates server validation errors\n\nLet me create a todo list and start fixing these issues.\n</think>\n\nThis task seems to involve multiple steps. A todo list might help track your progress.\n",
          "stderr": "",
          "duration": 49259,
          "label": "llxprt-synthetic-minimax"
        },
        "buildResults": [
          {
            "command": "npm install",
            "cwd": "/home/runner/work/vybestack-site/vybestack-site/evals/problems/pagination/.tmp-workspace-90c2693e-2518-45d5-9c6b-fc71ae2812be-acM3fP/workspace",
            "exitCode": 0,
            "stdout": "\nadded 370 packages, and audited 371 packages in 2s\n\n79 packages are looking for funding\n  run `npm fund` for details\n\n2 moderate severity vulnerabilities\n\nTo address all issues, run:\n  npm audit fix\n\nRun `npm audit` for details.\n",
            "stderr": "npm warn deprecated inflight@1.0.6: This module is not supported, and leaks memory. Do not use it. Check out lru-cache if you want a good and tested way to coalesce async requests by a key value, which is much more comprehensive and powerful.\nnpm warn deprecated supertest@6.3.4: Please upgrade to supertest v7.1.3+, see release notes at https://github.com/forwardemail/supertest/releases/tag/v7.1.3 - maintenance is supported by Forward Email @ https://forwardemail.net\nnpm warn deprecated @humanwhocodes/config-array@0.13.0: Use @eslint/config-array instead\nnpm warn deprecated rimraf@3.0.2: Rimraf versions prior to v4 are no longer supported\nnpm warn deprecated glob@7.2.3: Glob versions prior to v9 are no longer supported\nnpm warn deprecated @humanwhocodes/object-schema@2.0.3: Use @eslint/object-schema instead\nnpm warn deprecated superagent@8.1.2: Please upgrade to superagent v10.2.2+, see release notes at https://github.com/forwardemail/superagent/releases/tag/v10.2.2 - maintenance is supported by Forward Email @ https://forwardemail.net\nnpm warn deprecated eslint@8.57.1: This version is no longer supported. Please see https://eslint.org/version-support for other options.\n",
            "duration": 2527,
            "label": "workspace-install"
          },
          {
            "command": "npm run typecheck",
            "cwd": "/home/runner/work/vybestack-site/vybestack-site/evals/problems/pagination/.tmp-workspace-90c2693e-2518-45d5-9c6b-fc71ae2812be-acM3fP/workspace",
            "exitCode": 0,
            "stdout": "\n> pagination-eval@0.0.1 typecheck\n> tsc --noEmit\n\n",
            "stderr": "",
            "duration": 1725,
            "label": "typecheck"
          },
          {
            "command": "npm run lint",
            "cwd": "/home/runner/work/vybestack-site/vybestack-site/evals/problems/pagination/.tmp-workspace-90c2693e-2518-45d5-9c6b-fc71ae2812be-acM3fP/workspace",
            "exitCode": 1,
            "stdout": "\n> pagination-eval@0.0.1 lint\n> eslint . --ext .ts,.tsx\n\n\n/home/runner/work/vybestack-site/vybestack-site/evals/problems/pagination/.tmp-workspace-90c2693e-2518-45d5-9c6b-fc71ae2812be-acM3fP/workspace/src/client/useInventory.tsx\n  16:30  error  'page' is defined but never used   @typescript-eslint/no-unused-vars\n  16:44  error  'limit' is defined but never used  @typescript-eslint/no-unused-vars\n\n✖ 2 problems (2 errors, 0 warnings)\n\n",
            "stderr": "",
            "duration": 2703,
            "label": "lint"
          },
          {
            "command": "npm run test:public",
            "cwd": "/home/runner/work/vybestack-site/vybestack-site/evals/problems/pagination/.tmp-workspace-90c2693e-2518-45d5-9c6b-fc71ae2812be-acM3fP/workspace",
            "exitCode": 0,
            "stdout": "\n> pagination-eval@0.0.1 test:public\n> vitest run --config vitest.config.public.ts\n\n\n\u001b[7m\u001b[1m\u001b[36m RUN \u001b[39m\u001b[22m\u001b[27m \u001b[36mv1.6.1\u001b[39m \u001b[90m/home/runner/work/vybestack-site/vybestack-site/evals/problems/pagination/.tmp-workspace-90c2693e-2518-45d5-9c6b-fc71ae2812be-acM3fP/workspace\u001b[39m\n\n \u001b[32m✓\u001b[39m tests/public/smoke.spec.ts \u001b[2m (\u001b[22m\u001b[2m1 test\u001b[22m\u001b[2m)\u001b[22m\u001b[90m 52\u001b[2mms\u001b[22m\u001b[39m\n\n\u001b[2m Test Files \u001b[22m \u001b[1m\u001b[32m1 passed\u001b[39m\u001b[22m\u001b[90m (1)\u001b[39m\n\u001b[2m      Tests \u001b[22m \u001b[1m\u001b[32m1 passed\u001b[39m\u001b[22m\u001b[90m (1)\u001b[39m\n\u001b[2m   Start at \u001b[22m 03:51:33\n\u001b[2m   Duration \u001b[22m 494ms\u001b[2m (transform 51ms, setup 0ms, collect 165ms, tests 52ms, environment 0ms, prepare 76ms)\u001b[22m\n\n",
            "stderr": "",
            "duration": 1034,
            "label": "test:public"
          }
        ],
        "gradeResults": [
          {
            "command": "npm run lint",
            "cwd": "/home/runner/work/vybestack-site/vybestack-site/evals/grading/pagination",
            "exitCode": 1,
            "stdout": "\n> pagination-grading@0.0.1 lint\n> eslint workspace/src workspace/tests --ext .ts,.tsx\n\n\n/home/runner/work/vybestack-site/vybestack-site/evals/grading/pagination/workspace/src/client/useInventory.tsx\n  16:30  error  'page' is defined but never used   @typescript-eslint/no-unused-vars\n  16:44  error  'limit' is defined but never used  @typescript-eslint/no-unused-vars\n\n✖ 2 problems (2 errors, 0 warnings)\n\n",
            "stderr": "",
            "duration": 2604,
            "label": "lint"
          },
          {
            "command": "npm run typecheck",
            "cwd": "/home/runner/work/vybestack-site/vybestack-site/evals/grading/pagination",
            "exitCode": 0,
            "stdout": "\n> pagination-grading@0.0.1 typecheck\n> tsc -p tsconfig.json\n\n",
            "stderr": "",
            "duration": 1707,
            "label": "typecheck"
          },
          {
            "command": "npm run test:hidden",
            "cwd": "/home/runner/work/vybestack-site/vybestack-site/evals/grading/pagination",
            "exitCode": 1,
            "stdout": "\n> pagination-grading@0.0.1 test:hidden\n> vitest run --config vitest.config.hidden.ts\n\n\n\u001b[7m\u001b[1m\u001b[36m RUN \u001b[39m\u001b[22m\u001b[27m \u001b[36mv1.6.1\u001b[39m \u001b[90m/home/runner/work/vybestack-site/vybestack-site/evals/grading/pagination\u001b[39m\n\n \u001b[33m❯\u001b[39m tests/hidden/api.spec.ts \u001b[2m (\u001b[22m\u001b[2m3 tests\u001b[22m \u001b[2m|\u001b[22m \u001b[31m3 failed\u001b[39m\u001b[2m)\u001b[22m\u001b[90m 99\u001b[2mms\u001b[22m\u001b[39m\n\u001b[31m   \u001b[33m❯\u001b[31m tests/hidden/api.spec.ts\u001b[2m > \u001b[22mGET /inventory pagination\u001b[2m > \u001b[22mreturns the correct slice of data for a mid-page request\u001b[39m\n\u001b[31m     → expected [ 9, 10, 11, 12 ] to deeply equal [ 5, 6, 7, 8 ]\u001b[39m\n\u001b[31m   \u001b[33m❯\u001b[31m tests/hidden/api.spec.ts\u001b[2m > \u001b[22mGET /inventory pagination\u001b[2m > \u001b[22mindicates when the final page has been reached\u001b[39m\n\u001b[31m     → expected [] to have a length of 3 but got +0\u001b[39m\n\u001b[31m   \u001b[33m❯\u001b[31m tests/hidden/api.spec.ts\u001b[2m > \u001b[22mGET /inventory pagination\u001b[2m > \u001b[22mrejects invalid pagination parameters\u001b[39m\n\u001b[31m     → expected 200 to be 400 // Object.is equality\u001b[39m\n\n\n::error file=/home/runner/work/vybestack-site/vybestack-site/evals/grading/pagination/tests/hidden/api.spec.ts,title=tests/hidden/api.spec.ts > GET /inventory pagination > returns the correct slice of data for a mid-page request,line=43,column=17::AssertionError: expected [ 9, 10, 11, 12 ] to deeply equal [ 5, 6, 7, 8 ]%0A%0A- Expected%0A+ Received%0A%0A  Array [%0A-   5,%0A-   6,%0A-   7,%0A-   8,%0A+   9,%0A+   10,%0A+   11,%0A+   12,%0A  ]%0A%0A ❯ tests/hidden/api.spec.ts:43:17%0A%0A\n\n::error file=/home/runner/work/vybestack-site/vybestack-site/evals/grading/pagination/tests/hidden/api.spec.ts,title=tests/hidden/api.spec.ts > GET /inventory pagination > indicates when the final page has been reached,line=51,column=33::AssertionError: expected [] to have a length of 3 but got +0%0A%0A- Expected%0A+ Received%0A%0A- 3%0A+ 0%0A%0A ❯ tests/hidden/api.spec.ts:51:33%0A%0A\n\n::error file=/home/runner/work/vybestack-site/vybestack-site/evals/grading/pagination/tests/hidden/api.spec.ts,title=tests/hidden/api.spec.ts > GET /inventory pagination > rejects invalid pagination parameters,line=59,column=29::AssertionError: expected 200 to be 400 // Object.is equality%0A%0A- Expected%0A+ Received%0A%0A- 400%0A+ 200%0A%0A ❯ tests/hidden/api.spec.ts:59:29%0A%0A\n\u001b[2m Test Files \u001b[22m \u001b[1m\u001b[31m1 failed\u001b[39m\u001b[22m\u001b[90m (1)\u001b[39m\n\u001b[2m      Tests \u001b[22m \u001b[1m\u001b[31m3 failed\u001b[39m\u001b[22m\u001b[90m (3)\u001b[39m\n\u001b[2m   Start at \u001b[22m 03:51:39\n\u001b[2m   Duration \u001b[22m 992ms\u001b[2m (transform 61ms, setup 76ms, collect 128ms, tests 99ms, environment 392ms, prepare 96ms)\u001b[22m\n\n",
            "stderr": "\u001b[31m⎯⎯⎯⎯⎯⎯⎯\u001b[1m\u001b[7m Failed Tests 3 \u001b[27m\u001b[22m⎯⎯⎯⎯⎯⎯⎯\u001b[39m\n\n\u001b[31m\u001b[1m\u001b[7m FAIL \u001b[27m\u001b[22m\u001b[39m tests/hidden/api.spec.ts\u001b[2m > \u001b[22mGET /inventory pagination\u001b[2m > \u001b[22mreturns the correct slice of data for a mid-page request\n\u001b[31m\u001b[1mAssertionError\u001b[22m: expected [ 9, 10, 11, 12 ] to deeply equal [ 5, 6, 7, 8 ]\u001b[39m\n\n- Expected\n+ Received\n\n  Array [\n-   5,\n-   6,\n-   7,\n-   8,\n+   9,\n+   10,\n+   11,\n+   12,\n  ]\n\n\u001b[36m \u001b[2m❯\u001b[22m tests/hidden/api.spec.ts:\u001b[2m43:17\u001b[22m\u001b[39m\n    \u001b[90m 41| \u001b[39m\n    \u001b[90m 42| \u001b[39m    \u001b[35mconst\u001b[39m ids \u001b[33m=\u001b[39m response\u001b[33m.\u001b[39mbody\u001b[33m.\u001b[39mitems\u001b[33m.\u001b[39m\u001b[34mmap\u001b[39m((item\u001b[33m:\u001b[39m { id\u001b[33m:\u001b[39m number }) \u001b[33m=>\u001b[39m item…\n    \u001b[90m 43| \u001b[39m    \u001b[34mexpect\u001b[39m(ids)\u001b[33m.\u001b[39m\u001b[34mtoEqual\u001b[39m([\u001b[34m5\u001b[39m\u001b[33m,\u001b[39m \u001b[34m6\u001b[39m\u001b[33m,\u001b[39m \u001b[34m7\u001b[39m\u001b[33m,\u001b[39m \u001b[34m8\u001b[39m])\u001b[33m;\u001b[39m\n    \u001b[90m   | \u001b[39m                \u001b[31m^\u001b[39m\n    \u001b[90m 44| \u001b[39m    taskStatus\u001b[33m.\u001b[39m\u001b[35mset\u001b[39m(\u001b[32m'api-mid-page-request'\u001b[39m\u001b[33m,\u001b[39m \u001b[35mtrue\u001b[39m)\u001b[33m;\u001b[39m\n    \u001b[90m 45| \u001b[39m  })\u001b[33m;\u001b[39m\n\n\u001b[31m\u001b[2m⎯⎯⎯⎯⎯⎯⎯⎯⎯⎯⎯⎯⎯⎯⎯⎯⎯⎯⎯⎯⎯⎯⎯⎯[1/3]⎯\u001b[22m\u001b[39m\n\n\u001b[31m\u001b[1m\u001b[7m FAIL \u001b[27m\u001b[22m\u001b[39m tests/hidden/api.spec.ts\u001b[2m > \u001b[22mGET /inventory pagination\u001b[2m > \u001b[22mindicates when the final page has been reached\n\u001b[31m\u001b[1mAssertionError\u001b[22m: expected [] to have a length of 3 but got +0\u001b[39m\n\n- Expected\n+ Received\n\n- 3\n+ 0\n\n\u001b[36m \u001b[2m❯\u001b[22m tests/hidden/api.spec.ts:\u001b[2m51:33\u001b[22m\u001b[39m\n    \u001b[90m 49| \u001b[39m\n    \u001b[90m 50| \u001b[39m    \u001b[34mexpect\u001b[39m(response\u001b[33m.\u001b[39mstatus)\u001b[33m.\u001b[39m\u001b[34mtoBe\u001b[39m(\u001b[34m200\u001b[39m)\u001b[33m;\u001b[39m\n    \u001b[90m 51| \u001b[39m    \u001b[34mexpect\u001b[39m(response\u001b[33m.\u001b[39mbody\u001b[33m.\u001b[39mitems)\u001b[33m.\u001b[39m\u001b[34mtoHaveLength\u001b[39m(\u001b[34m3\u001b[39m)\u001b[33m;\u001b[39m\n    \u001b[90m   | \u001b[39m                                \u001b[31m^\u001b[39m\n    \u001b[90m 52| \u001b[39m    \u001b[34mexpect\u001b[39m(response\u001b[33m.\u001b[39mbody\u001b[33m.\u001b[39mhasNext)\u001b[33m.\u001b[39m\u001b[34mtoBe\u001b[39m(\u001b[35mfalse\u001b[39m)\u001b[33m;\u001b[39m\n    \u001b[90m 53| \u001b[39m    taskStatus\u001b[33m.\u001b[39m\u001b[35mset\u001b[39m(\u001b[32m'api-final-page-handling'\u001b[39m\u001b[33m,\u001b[39m \u001b[35mtrue\u001b[39m)\u001b[33m;\u001b[39m\n\n\u001b[31m\u001b[2m⎯⎯⎯⎯⎯⎯⎯⎯⎯⎯⎯⎯⎯⎯⎯⎯⎯⎯⎯⎯⎯⎯⎯⎯[2/3]⎯\u001b[22m\u001b[39m\n\n\u001b[31m\u001b[1m\u001b[7m FAIL \u001b[27m\u001b[22m\u001b[39m tests/hidden/api.spec.ts\u001b[2m > \u001b[22mGET /inventory pagination\u001b[2m > \u001b[22mrejects invalid pagination parameters\n\u001b[31m\u001b[1mAssertionError\u001b[22m: expected 200 to be 400 // Object.is equality\u001b[39m\n\n- Expected\n+ Received\n\n- 400\n+ 200\n\n\u001b[36m \u001b[2m❯\u001b[22m tests/hidden/api.spec.ts:\u001b[2m59:29\u001b[22m\u001b[39m\n    \u001b[90m 57| \u001b[39m    \u001b[35mconst\u001b[39m response \u001b[33m=\u001b[39m \u001b[35mawait\u001b[39m \u001b[34mrequest\u001b[39m(app)\u001b[33m.\u001b[39m\u001b[35mget\u001b[39m(\u001b[32m'/inventory'\u001b[39m)\u001b[33m.\u001b[39m\u001b[34mquery\u001b[39m({ page…\n    \u001b[90m 58| \u001b[39m\n    \u001b[90m 59| \u001b[39m    \u001b[34mexpect\u001b[39m(response\u001b[33m.\u001b[39mstatus)\u001b[33m.\u001b[39m\u001b[34mtoBe\u001b[39m(\u001b[34m400\u001b[39m)\u001b[33m;\u001b[39m\n    \u001b[90m   | \u001b[39m                            \u001b[31m^\u001b[39m\n    \u001b[90m 60| \u001b[39m    \u001b[34mexpect\u001b[39m((response\u001b[33m.\u001b[39mbody\u001b[33m.\u001b[39merror \u001b[33m??\u001b[39m \u001b[32m''\u001b[39m)\u001b[33m.\u001b[39m\u001b[34mtoLowerCase\u001b[39m())\u001b[33m.\u001b[39m\u001b[34mtoContain\u001b[39m(\u001b[32m'page'\u001b[39m…\n    \u001b[90m 61| \u001b[39m    taskStatus\u001b[33m.\u001b[39m\u001b[35mset\u001b[39m(\u001b[32m'api-invalid-parameter-handling'\u001b[39m\u001b[33m,\u001b[39m \u001b[35mtrue\u001b[39m)\u001b[33m;\u001b[39m\n\n\u001b[31m\u001b[2m⎯⎯⎯⎯⎯⎯⎯⎯⎯⎯⎯⎯⎯⎯⎯⎯⎯⎯⎯⎯⎯⎯⎯⎯[3/3]⎯\u001b[22m\u001b[39m\n\n",
            "duration": 1507,
            "label": "test:hidden"
          }
        ],
        "feedbackForNextPass": {
          "bullets": [
            "It isn't working correctly.",
            "Lint failed. Fix the reported lint errors.",
            "::error title=tests/api.spec.ts > GET /inventory pagination > returns the correct slice of data for a mid-page request,line=43,column=17::AssertionError: expect…",
            "Please resolve the issues and re-run lint, tests, and build before finishing."
          ],
          "failingSteps": [
            {
              "step": "lint",
              "exitCode": 1,
              "message": "Lint failed. Fix the reported lint errors."
            },
            {
              "step": "lint",
              "exitCode": 1,
              "message": "Lint failed. Fix the reported lint errors."
            },
            {
              "step": "test:hidden",
              "exitCode": 1,
              "message": "::error title=tests/api.spec.ts > GET /inventory pagination > returns the correct slice of data for a mid-page request,line=43,column=17::AssertionError: expect…",
              "snippet": "::error title=tests/api.spec.ts > GET /inventory pagination > returns the correct slice of data for a mid-page request,line=43,column=17::AssertionError: expect…"
            }
          ],
          "hiddenAssertions": [
            "::error title=tests/api.spec.ts > GET /inventory pagination > returns the correct slice of data for a mid-page request,line=43,column=17::AssertionError: expect…"
          ],
          "publicTestFailures": [],
          "hiddenTestFailures": []
        },
        "publicTestFailures": [],
        "hiddenTestFailures": [],
        "vybes": {
          "taskName": "pagination",
          "configId": "llxprt-synthetic-minimax",
          "complexityMultiplier": 5,
          "timeLimitMinutes": 10,
          "baseScore": 500,
          "successPercentage": 0,
          "baselineSuccessPercentage": 0,
          "adjustedSuccessPercentage": 0,
          "timePenaltyMultiplier": 1,
          "rawScore": 0,
          "finalScore": 0,
          "actualTimeMinutes": 0.821,
          "description": "Server and client pagination repair",
          "category": "full-stack",
          "breakdown": {
            "subtasksPassed": 0,
            "subtasksTotal": 5,
            "modulesCompleted": [],
            "modulesIncomplete": [
              "pagination"
            ],
            "modules": {
              "pagination": {
                "passed": 0,
                "total": 5,
                "passedTasks": [],
                "failedTasks": [
                  "api-mid-page-request",
                  "api-final-page-handling",
                  "api-invalid-parameter-handling",
                  "client-navigation",
                  "client-alert"
                ]
              }
            }
          },
          "error": "lint/typecheck failed",
          "status": "error",
          "passesAttempted": 1,
          "selectedPass": 0,
          "totalCliDurationMs": 49259
        }
      },
      {
        "passNumber": 2,
        "startedAt": "2025-11-02T03:51:40.154Z",
        "finishedAt": "2025-11-02T03:52:55.431Z",
        "totalDuration": 75277,
        "promptHash": "5fc2a003401f5893ca6a9e746545f8d0142621a56de50a3d581f9dfdf855c5cf",
        "appliedFeedback": [
          "It isn't working correctly.",
          "Lint failed. Fix the reported lint errors.",
          "::error title=tests/api.spec.ts > GET /inventory pagination > returns the correct slice of data for a mid-page request,line=43,column=17::AssertionError: expect…",
          "Please resolve the issues and re-run lint, tests, and build before finishing."
        ],
        "success": false,
        "partialSuccess": false,
        "workspaceArchive": "/home/runner/work/vybestack-site/vybestack-site/evals/outputs/pagination-2025-11-02T03-50-37-053Z/llxprt-synthetic-minimax/passes/pass-2/workspace",
        "resultsArchive": "/home/runner/work/vybestack-site/vybestack-site/evals/outputs/pagination-2025-11-02T03-50-37-053Z/llxprt-synthetic-minimax/passes/pass-2/results",
        "cliResult": {
          "command": "llxprt --provider openai --baseurl https://api.synthetic.new/openai/v1 --key *** --model hf:MiniMaxAI/MiniMax-M2 --set context-limit=190000 --set shell-replacement=true --set modelparam.temperature=1 --yolo",
          "cwd": "/home/runner/work/vybestack-site/vybestack-site/evals/problems/pagination/.tmp-workspace-90c2693e-2518-45d5-9c6b-fc71ae2812be-acM3fP/workspace",
          "exitCode": 0,
          "stdout": "<think>Let me understand this task:\n\n1. I need to fix a Pagination Service Repair project in TypeScript\n2. The project has an Express API backed by SQLite and a React client\n3. Current implementation is missing critical pagination behavior\n4. Requirements include:\n   - GET /inventory must accept page and limit query parameters\n   - Validate inputs with HTTP 400 for invalid values\n   - Return correct slice of items with pagination metadata\n   - React components need pagination controls and error handling\n   - Need to run specific commands at the end and report failures honestly\n\nLet me start by exploring the project structure to understand the current implementation.\n</think>\n\nI'll help you fix the pagination service in this TypeScript project. Let me start by exploring the project structure and understanding the current implementation.\n<think>It seems the glob pattern didn't match any files. Let me first list the workspace directory to understand the structure better, and then read the key files to understand the current state of the project.\n</think>\n\n\n<think>Let me try to read files from the project root directory. I need to use the correct paths.\n</think>\n\n\n<think>Now let me understand the project structure and examine the code. I'll start by reading the key files mentioned in the requirements.\n</think>\n\n\n<think>Let me try to read individual files instead.\n</think>\n\n\n<think>Let me now read the source files to understand the current implementation.\n</think>\n\n\n<think>The paths I used seem to not match. Let me try using the full paths with absolute paths by combining the workspace root with the relative paths.\n</think>\n\n\n<think>Let me try reading the files without the absolute path. Let me check the working directory first.\n</think>\n\n\n<think>Good, I'm in the workspace directory. Let me read the source files individually to understand the current implementation.\n</think>\n\n\n<think>Now let me read the other files to understand the full context of the application.\n</think>\n\n\n<think>The file paths don't seem to be working with read_many_files. Let me try to read them individually.\n</think>\n\n\n<think>I can see the bug! In the `listInventory` function, the offset calculation is incorrect:\n\n```typescript\nconst offset = page * limit;\n```\n\nThis should be:\n\n```typescript\nconst offset = (page - 1) * limit;\n```\n\nThis causes the API to skip the first page entirely when page=1, as it would offset by 1*limit instead of 0*limit.\n\nLet me read the other files to understand the complete picture.\n</think>\n\n\n<think>I need to see all the relevant files. Let me try to find the files one by one:\n</think>\n\n\n<think>I can see the code now. Let me analyze what needs to be fixed:\n\n1. **Server-side issues** (src/server/inventoryRepository.ts):\n   - The comment says there's a bug: `offset = page * limit` should be `offset = (page - 1) * limit`\n   - There's no validation for the page and limit parameters (should return 400 for invalid inputs)\n   - No validation for non-numeric, negative, zero, or excessive values\n\n2. **Client-side issues** (src/client/):\n   - I need to see the InventoryView.tsx and useInventory.tsx files\n   - Need to check if they handle errors and pagination controls properly\n\nLet me read the client files and then understand the test structure to see what's expected.\n</think>\n\n\n<think>Now let me read the useInventory hook to see its current implementation.\n</think>\n\n\n<think>Now I understand the issues in this project:\n\n1. **Server issues (inventoryRepository.ts)**:\n   - Bug in offset calculation: `const offset = page * limit;` should be `const offset = (page - 1) * limit;`\n   - No input validation for page/limit parameters\n   - Missing error handling for invalid parameters\n\n2. **Client issues (useInventory.tsx)**:\n   - The effect dependencies are missing `page` and `limit`, so it never reloads when they change\n   - The fetch URL doesn't include query parameters\n   - No pagination UI in InventoryView.tsx\n\n3. **Server validation issues (app.ts)**:\n   - No validation of page/limit parameters\n   - Should return 400 for invalid inputs\n\nLet me create a todo list and fix these issues systematically.\n</think>\n\nNow I understand the issues! Let me create a todo list to track the fixes needed:\n<think>I can see the issues clearly now:\n\n1. **Server-side bugs:**\n   - In `inventoryRepository.ts`, the offset calculation is wrong: `offset = page * limit` should be `offset = (page - 1) * limit`\n   - No input validation for page/limit parameters in `app.ts`\n   - No HTTP 400 error responses for invalid input\n\n2. **Client-side bugs:**\n   - In `useInventory.tsx`, the effect dependencies are missing `page` and `limit`, so it never reloads when they change\n   - No query parameters are included in the fetch URL\n\n3. **UI missing:**\n   - In `InventoryView.tsx`, there are no pagination controls (Previous/Next buttons)\n\nLet me start fixing these issues systematically, starting with the server-side bugs.\n</think>\n\nI've identified the key issues in this pagination service repair. Let me start by fixing the server-side bugs:\n<think>I need to start fixing the pagination issues. Let me begin with the server-side bugs:\n\n1. In `inventoryRepository.ts`, the offset calculation is wrong - it should be `(page - 1) * limit` instead of `page * limit`\n2. I need to add input validation in `app.ts` for page/limit parameters\n3. I need to add proper error handling with HTTP 400 responses\n\nLet me start by fixing the offset calculation in inventoryRepository.ts, then move on to input validation in app.ts.\n</think>\n\nI'll now begin fixing the pagination issues. Let me start with the server-side bugs.\n<think>Good! I've fixed the offset calculation bug. Now I need to add input validation to app.ts. Let me also add the validation logic to the inventoryRepository.ts first, then update app.ts to handle validation errors.\n</think>\n\n\n<think>I need to check the tests to understand what validation is expected. Let me look at the test files first to understand the expected behavior.\n</think>\n\nThis task seems to involve multiple steps. A todo list might help track your progress.\n",
          "stderr": "Error executing tool replace: Error: No changes to apply. The old_string and new_string are identical.\n",
          "duration": 62932,
          "label": "llxprt-synthetic-minimax"
        },
        "buildResults": [
          {
            "command": "npm install",
            "cwd": "/home/runner/work/vybestack-site/vybestack-site/evals/problems/pagination/.tmp-workspace-90c2693e-2518-45d5-9c6b-fc71ae2812be-acM3fP/workspace",
            "exitCode": 0,
            "stdout": "\nup to date, audited 371 packages in 937ms\n\n79 packages are looking for funding\n  run `npm fund` for details\n\n2 moderate severity vulnerabilities\n\nTo address all issues, run:\n  npm audit fix\n\nRun `npm audit` for details.\n",
            "stderr": "",
            "duration": 1025,
            "label": "workspace-install"
          },
          {
            "command": "npm run typecheck",
            "cwd": "/home/runner/work/vybestack-site/vybestack-site/evals/problems/pagination/.tmp-workspace-90c2693e-2518-45d5-9c6b-fc71ae2812be-acM3fP/workspace",
            "exitCode": 0,
            "stdout": "\n> pagination-eval@0.0.1 typecheck\n> tsc --noEmit\n\n",
            "stderr": "",
            "duration": 1723,
            "label": "typecheck"
          },
          {
            "command": "npm run lint",
            "cwd": "/home/runner/work/vybestack-site/vybestack-site/evals/problems/pagination/.tmp-workspace-90c2693e-2518-45d5-9c6b-fc71ae2812be-acM3fP/workspace",
            "exitCode": 1,
            "stdout": "\n> pagination-eval@0.0.1 lint\n> eslint . --ext .ts,.tsx\n\n\n/home/runner/work/vybestack-site/vybestack-site/evals/problems/pagination/.tmp-workspace-90c2693e-2518-45d5-9c6b-fc71ae2812be-acM3fP/workspace/src/client/useInventory.tsx\n  16:30  error  'page' is defined but never used   @typescript-eslint/no-unused-vars\n  16:44  error  'limit' is defined but never used  @typescript-eslint/no-unused-vars\n\n✖ 2 problems (2 errors, 0 warnings)\n\n",
            "stderr": "",
            "duration": 2694,
            "label": "lint"
          },
          {
            "command": "npm run test:public",
            "cwd": "/home/runner/work/vybestack-site/vybestack-site/evals/problems/pagination/.tmp-workspace-90c2693e-2518-45d5-9c6b-fc71ae2812be-acM3fP/workspace",
            "exitCode": 0,
            "stdout": "\n> pagination-eval@0.0.1 test:public\n> vitest run --config vitest.config.public.ts\n\n\n\u001b[7m\u001b[1m\u001b[36m RUN \u001b[39m\u001b[22m\u001b[27m \u001b[36mv1.6.1\u001b[39m \u001b[90m/home/runner/work/vybestack-site/vybestack-site/evals/problems/pagination/.tmp-workspace-90c2693e-2518-45d5-9c6b-fc71ae2812be-acM3fP/workspace\u001b[39m\n\n \u001b[32m✓\u001b[39m tests/public/smoke.spec.ts \u001b[2m (\u001b[22m\u001b[2m1 test\u001b[22m\u001b[2m)\u001b[22m\u001b[90m 55\u001b[2mms\u001b[22m\u001b[39m\n\n\u001b[2m Test Files \u001b[22m \u001b[1m\u001b[32m1 passed\u001b[39m\u001b[22m\u001b[90m (1)\u001b[39m\n\u001b[2m      Tests \u001b[22m \u001b[1m\u001b[32m1 passed\u001b[39m\u001b[22m\u001b[90m (1)\u001b[39m\n\u001b[2m   Start at \u001b[22m 03:52:48\n\u001b[2m   Duration \u001b[22m 494ms\u001b[2m (transform 49ms, setup 0ms, collect 170ms, tests 55ms, environment 0ms, prepare 82ms)\u001b[22m\n\n",
            "stderr": "",
            "duration": 1021,
            "label": "test:public"
          }
        ],
        "gradeResults": [
          {
            "command": "npm run lint",
            "cwd": "/home/runner/work/vybestack-site/vybestack-site/evals/grading/pagination",
            "exitCode": 1,
            "stdout": "\n> pagination-grading@0.0.1 lint\n> eslint workspace/src workspace/tests --ext .ts,.tsx\n\n\n/home/runner/work/vybestack-site/vybestack-site/evals/grading/pagination/workspace/src/client/useInventory.tsx\n  16:30  error  'page' is defined but never used   @typescript-eslint/no-unused-vars\n  16:44  error  'limit' is defined but never used  @typescript-eslint/no-unused-vars\n\n✖ 2 problems (2 errors, 0 warnings)\n\n",
            "stderr": "",
            "duration": 2642,
            "label": "lint"
          },
          {
            "command": "npm run typecheck",
            "cwd": "/home/runner/work/vybestack-site/vybestack-site/evals/grading/pagination",
            "exitCode": 0,
            "stdout": "\n> pagination-grading@0.0.1 typecheck\n> tsc -p tsconfig.json\n\n",
            "stderr": "",
            "duration": 1702,
            "label": "typecheck"
          },
          {
            "command": "npm run test:hidden",
            "cwd": "/home/runner/work/vybestack-site/vybestack-site/evals/grading/pagination",
            "exitCode": 1,
            "stdout": "\n> pagination-grading@0.0.1 test:hidden\n> vitest run --config vitest.config.hidden.ts\n\n\n\u001b[7m\u001b[1m\u001b[36m RUN \u001b[39m\u001b[22m\u001b[27m \u001b[36mv1.6.1\u001b[39m \u001b[90m/home/runner/work/vybestack-site/vybestack-site/evals/grading/pagination\u001b[39m\n\n \u001b[33m❯\u001b[39m tests/hidden/api.spec.ts \u001b[2m (\u001b[22m\u001b[2m3 tests\u001b[22m \u001b[2m|\u001b[22m \u001b[31m1 failed\u001b[39m\u001b[2m)\u001b[22m\u001b[90m 107\u001b[2mms\u001b[22m\u001b[39m\n\u001b[31m   \u001b[33m❯\u001b[31m tests/hidden/api.spec.ts\u001b[2m > \u001b[22mGET /inventory pagination\u001b[2m > \u001b[22mrejects invalid pagination parameters\u001b[39m\n\u001b[31m     → expected 200 to be 400 // Object.is equality\u001b[39m\n\n\n::error file=/home/runner/work/vybestack-site/vybestack-site/evals/grading/pagination/tests/hidden/api.spec.ts,title=tests/hidden/api.spec.ts > GET /inventory pagination > rejects invalid pagination parameters,line=59,column=29::AssertionError: expected 200 to be 400 // Object.is equality%0A%0A- Expected%0A+ Received%0A%0A- 400%0A+ 200%0A%0A ❯ tests/hidden/api.spec.ts:59:29%0A%0A\n\u001b[2m Test Files \u001b[22m \u001b[1m\u001b[31m1 failed\u001b[39m\u001b[22m\u001b[90m (1)\u001b[39m\n\u001b[2m      Tests \u001b[22m \u001b[1m\u001b[31m1 failed\u001b[39m\u001b[22m\u001b[2m | \u001b[22m\u001b[1m\u001b[32m2 passed\u001b[39m\u001b[22m\u001b[90m (3)\u001b[39m\n\u001b[2m   Start at \u001b[22m 03:52:54\n\u001b[2m   Duration \u001b[22m 1.02s\u001b[2m (transform 65ms, setup 79ms, collect 128ms, tests 107ms, environment 394ms, prepare 88ms)\u001b[22m\n\n",
            "stderr": "\u001b[31m⎯⎯⎯⎯⎯⎯⎯\u001b[1m\u001b[7m Failed Tests 1 \u001b[27m\u001b[22m⎯⎯⎯⎯⎯⎯⎯\u001b[39m\n\n\u001b[31m\u001b[1m\u001b[7m FAIL \u001b[27m\u001b[22m\u001b[39m tests/hidden/api.spec.ts\u001b[2m > \u001b[22mGET /inventory pagination\u001b[2m > \u001b[22mrejects invalid pagination parameters\n\u001b[31m\u001b[1mAssertionError\u001b[22m: expected 200 to be 400 // Object.is equality\u001b[39m\n\n- Expected\n+ Received\n\n- 400\n+ 200\n\n\u001b[36m \u001b[2m❯\u001b[22m tests/hidden/api.spec.ts:\u001b[2m59:29\u001b[22m\u001b[39m\n    \u001b[90m 57| \u001b[39m    \u001b[35mconst\u001b[39m response \u001b[33m=\u001b[39m \u001b[35mawait\u001b[39m \u001b[34mrequest\u001b[39m(app)\u001b[33m.\u001b[39m\u001b[35mget\u001b[39m(\u001b[32m'/inventory'\u001b[39m)\u001b[33m.\u001b[39m\u001b[34mquery\u001b[39m({ page…\n    \u001b[90m 58| \u001b[39m\n    \u001b[90m 59| \u001b[39m    \u001b[34mexpect\u001b[39m(response\u001b[33m.\u001b[39mstatus)\u001b[33m.\u001b[39m\u001b[34mtoBe\u001b[39m(\u001b[34m400\u001b[39m)\u001b[33m;\u001b[39m\n    \u001b[90m   | \u001b[39m                            \u001b[31m^\u001b[39m\n    \u001b[90m 60| \u001b[39m    \u001b[34mexpect\u001b[39m((response\u001b[33m.\u001b[39mbody\u001b[33m.\u001b[39merror \u001b[33m??\u001b[39m \u001b[32m''\u001b[39m)\u001b[33m.\u001b[39m\u001b[34mtoLowerCase\u001b[39m())\u001b[33m.\u001b[39m\u001b[34mtoContain\u001b[39m(\u001b[32m'page'\u001b[39m…\n    \u001b[90m 61| \u001b[39m    taskStatus\u001b[33m.\u001b[39m\u001b[35mset\u001b[39m(\u001b[32m'api-invalid-parameter-handling'\u001b[39m\u001b[33m,\u001b[39m \u001b[35mtrue\u001b[39m)\u001b[33m;\u001b[39m\n\n\u001b[31m\u001b[2m⎯⎯⎯⎯⎯⎯⎯⎯⎯⎯⎯⎯⎯⎯⎯⎯⎯⎯⎯⎯⎯⎯⎯⎯[1/1]⎯\u001b[22m\u001b[39m\n\n",
            "duration": 1525,
            "label": "test:hidden"
          }
        ],
        "feedbackForNextPass": {
          "bullets": [
            "It isn't working correctly.",
            "Lint failed. Fix the reported lint errors.",
            "::error title=tests/api.spec.ts > GET /inventory pagination > rejects invalid pagination parameters,line=59,column=29::AssertionError: expected 200 to be 400 //…",
            "Please resolve the issues and re-run lint, tests, and build before finishing."
          ],
          "failingSteps": [
            {
              "step": "lint",
              "exitCode": 1,
              "message": "Lint failed. Fix the reported lint errors."
            },
            {
              "step": "lint",
              "exitCode": 1,
              "message": "Lint failed. Fix the reported lint errors."
            },
            {
              "step": "test:hidden",
              "exitCode": 1,
              "message": "::error title=tests/api.spec.ts > GET /inventory pagination > rejects invalid pagination parameters,line=59,column=29::AssertionError: expected 200 to be 400 //…",
              "snippet": "::error title=tests/api.spec.ts > GET /inventory pagination > rejects invalid pagination parameters,line=59,column=29::AssertionError: expected 200 to be 400 //…"
            }
          ],
          "hiddenAssertions": [
            "::error title=tests/api.spec.ts > GET /inventory pagination > rejects invalid pagination parameters,line=59,column=29::AssertionError: expected 200 to be 400 //…"
          ],
          "publicTestFailures": [],
          "hiddenTestFailures": []
        },
        "publicTestFailures": [],
        "hiddenTestFailures": [],
        "vybes": {
          "taskName": "pagination",
          "configId": "llxprt-synthetic-minimax",
          "complexityMultiplier": 5,
          "timeLimitMinutes": 10,
          "baseScore": 500,
          "successPercentage": 0,
          "baselineSuccessPercentage": 0,
          "adjustedSuccessPercentage": 0,
          "timePenaltyMultiplier": 1,
          "rawScore": 0,
          "finalScore": 0,
          "actualTimeMinutes": 1.049,
          "description": "Server and client pagination repair",
          "category": "full-stack",
          "breakdown": {
            "subtasksPassed": 2,
            "subtasksTotal": 5,
            "modulesCompleted": [],
            "modulesIncomplete": [
              "pagination"
            ],
            "modules": {
              "pagination": {
                "passed": 2,
                "total": 5,
                "passedTasks": [
                  "api-mid-page-request",
                  "api-final-page-handling"
                ],
                "failedTasks": [
                  "api-invalid-parameter-handling",
                  "client-navigation",
                  "client-alert"
                ]
              }
            }
          },
          "error": "lint/typecheck failed",
          "status": "error",
          "passesAttempted": 2,
          "selectedPass": 1,
          "totalCliDurationMs": 62932
        }
      },
      {
        "passNumber": 3,
        "startedAt": "2025-11-02T03:52:55.445Z",
        "finishedAt": "2025-11-02T03:53:40.856Z",
        "totalDuration": 45411,
        "promptHash": "fd3fc934e85d83ccd07e5cb3b4b3da98ff8b3c2e9100a590aed813566c546376",
        "appliedFeedback": [
          "It isn't working correctly.",
          "Lint failed. Fix the reported lint errors.",
          "::error title=tests/api.spec.ts > GET /inventory pagination > rejects invalid pagination parameters,line=59,column=29::AssertionError: expected 200 to be 400 //…",
          "Please resolve the issues and re-run lint, tests, and build before finishing."
        ],
        "success": false,
        "partialSuccess": false,
        "workspaceArchive": "/home/runner/work/vybestack-site/vybestack-site/evals/outputs/pagination-2025-11-02T03-50-37-053Z/llxprt-synthetic-minimax/passes/pass-3/workspace",
        "resultsArchive": "/home/runner/work/vybestack-site/vybestack-site/evals/outputs/pagination-2025-11-02T03-50-37-053Z/llxprt-synthetic-minimax/passes/pass-3/results",
        "cliResult": {
          "command": "llxprt --provider openai --baseurl https://api.synthetic.new/openai/v1 --key *** --model hf:MiniMaxAI/MiniMax-M2 --set context-limit=190000 --set shell-replacement=true --set modelparam.temperature=1 --yolo",
          "cwd": "/home/runner/work/vybestack-site/vybestack-site/evals/problems/pagination/.tmp-workspace-90c2693e-2518-45d5-9c6b-fc71ae2812be-acM3fP/workspace",
          "exitCode": 0,
          "stdout": "<think>Let me understand this task:\n\n1. I need to fix pagination functionality in a TypeScript Express API with SQLite backend and React client\n2. The requirements are:\n   - `GET /inventory` should accept `page` and `limit` query parameters\n   - Default values: page=1, limit=5\n   - Input validation for non-numeric, negative, zero, or excessive values (HTTP 400)\n   - Return correct slice of items\n   - Include pagination metadata in response\n   - React components should handle navigation and errors\n   - Previous/Next controls should disable appropriately\n   - Handle empty states and server validation errors\n\n3. Commands to run:\n   - npm install\n   - npm run typecheck\n   - npm run lint\n   - npm run test:public\n   - npm run build (final step)\n\n4. I need to organize this work with a todo list and be systematic about it.\n\nLet me start by exploring the project structure and understanding the current implementation.\n</think>\n\nI'll help you fix the pagination functionality in this TypeScript project. Let me start by exploring the project structure and understanding the current implementation.\n<think>Good, I've created a todo list. Now let me explore the project structure to understand the current implementation. I'll start by looking at the problem.md file and then examine the key files mentioned in the context.\n\nFrom the context, I need to:\n1. Fix Express API pagination at `/inventory` endpoint \n2. Fix React client pagination UI\n3. Ensure proper validation and error handling\n4. Run tests and fix any issues\n\nLet me first read the problem.md and then examine the key files.\n</think>\n\nI'll help you fix the pagination service. Let me start by exploring the project structure to understand the current implementation.\n<think>Let me try a different approach to find the files.\n</think>\n\n\n<think>Let me try a broader search to find TypeScript files. It seems the git ignore might be filtering things out. Let me list the directory contents first.\n</think>\n\n\n<think>Let me use the list_directory tool to see what's actually in the directory.\n</think>\n\n\n<think>The files don't seem to be showing up. Let me try a different approach and use find with a different tool or check the git status.\n</think>\n\n\n<think>Good, now I can see the files exist. Let me read the key files to understand the current implementation:\n\n1. src/server/app.ts - Express API\n2. src/server/inventoryRepository.ts - Database queries\n3. src/shared/types.ts - Type definitions\n4. src/client/InventoryView.tsx - React component\n5. src/client/useInventory.tsx - React hook\n6. tests/public/smoke.spec.ts - Tests\n\nLet me start by reading these files.\n</think>\n\nNow I can see the files. Let me read the key source files to understand the current implementation:\n<think>The read_many_files tool seems to have issues. Let me try to read the files individually.\n</think>\n\n\n<think>Now I can see the current implementation. The app.ts has a basic GET /inventory endpoint that:\n1. Takes page and limit query parameters (strings)\n2. Converts them to numbers (but doesn't validate!)\n3. Passes them to listInventory function\n\nLet me check the other files to understand the complete picture.\n</think>\n\n\n<think>Good! Now I can see the current implementation. Let me analyze what needs to be fixed:\n\n1. In `app.ts`, there's no validation of the `page` and `limit` parameters. The repository function in `inventoryRepository.ts` does some validation but it's not complete and doesn't return HTTP 400 errors.\n\n2. The validation should:\n   - Reject non-numeric values\n   - Reject negative values\n   - Reject zero\n   - Reject excessive values (need to define what \"excessive\" means - perhaps a max limit)\n\n3. The `inventoryRepository.ts` has some validation logic but:\n   - It doesn't reject non-numeric values (NaN from Number() conversion)\n   - It doesn't reject excessive values\n   - The validation needs to happen in the Express route to return proper HTTP 400 errors\n\nLet me read the shared types and the React components to understand the complete picture.\n</think>\n\n\n<think>Now let me read the client-side files to understand the React implementation.\n</think>\n\nThis task seems to involve multiple steps. A todo list might help track your progress.\n",
          "stderr": "",
          "duration": 33054,
          "label": "llxprt-synthetic-minimax"
        },
        "buildResults": [
          {
            "command": "npm install",
            "cwd": "/home/runner/work/vybestack-site/vybestack-site/evals/problems/pagination/.tmp-workspace-90c2693e-2518-45d5-9c6b-fc71ae2812be-acM3fP/workspace",
            "exitCode": 0,
            "stdout": "\nup to date, audited 371 packages in 922ms\n\n79 packages are looking for funding\n  run `npm fund` for details\n\n2 moderate severity vulnerabilities\n\nTo address all issues, run:\n  npm audit fix\n\nRun `npm audit` for details.\n",
            "stderr": "",
            "duration": 1013,
            "label": "workspace-install"
          },
          {
            "command": "npm run typecheck",
            "cwd": "/home/runner/work/vybestack-site/vybestack-site/evals/problems/pagination/.tmp-workspace-90c2693e-2518-45d5-9c6b-fc71ae2812be-acM3fP/workspace",
            "exitCode": 0,
            "stdout": "\n> pagination-eval@0.0.1 typecheck\n> tsc --noEmit\n\n",
            "stderr": "",
            "duration": 1739,
            "label": "typecheck"
          },
          {
            "command": "npm run lint",
            "cwd": "/home/runner/work/vybestack-site/vybestack-site/evals/problems/pagination/.tmp-workspace-90c2693e-2518-45d5-9c6b-fc71ae2812be-acM3fP/workspace",
            "exitCode": 1,
            "stdout": "\n> pagination-eval@0.0.1 lint\n> eslint . --ext .ts,.tsx\n\n\n/home/runner/work/vybestack-site/vybestack-site/evals/problems/pagination/.tmp-workspace-90c2693e-2518-45d5-9c6b-fc71ae2812be-acM3fP/workspace/src/client/useInventory.tsx\n  16:30  error  'page' is defined but never used   @typescript-eslint/no-unused-vars\n  16:44  error  'limit' is defined but never used  @typescript-eslint/no-unused-vars\n\n✖ 2 problems (2 errors, 0 warnings)\n\n",
            "stderr": "",
            "duration": 2693,
            "label": "lint"
          },
          {
            "command": "npm run test:public",
            "cwd": "/home/runner/work/vybestack-site/vybestack-site/evals/problems/pagination/.tmp-workspace-90c2693e-2518-45d5-9c6b-fc71ae2812be-acM3fP/workspace",
            "exitCode": 0,
            "stdout": "\n> pagination-eval@0.0.1 test:public\n> vitest run --config vitest.config.public.ts\n\n\n\u001b[7m\u001b[1m\u001b[36m RUN \u001b[39m\u001b[22m\u001b[27m \u001b[36mv1.6.1\u001b[39m \u001b[90m/home/runner/work/vybestack-site/vybestack-site/evals/problems/pagination/.tmp-workspace-90c2693e-2518-45d5-9c6b-fc71ae2812be-acM3fP/workspace\u001b[39m\n\n \u001b[32m✓\u001b[39m tests/public/smoke.spec.ts \u001b[2m (\u001b[22m\u001b[2m1 test\u001b[22m\u001b[2m)\u001b[22m\u001b[90m 59\u001b[2mms\u001b[22m\u001b[39m\n\n\u001b[2m Test Files \u001b[22m \u001b[1m\u001b[32m1 passed\u001b[39m\u001b[22m\u001b[90m (1)\u001b[39m\n\u001b[2m      Tests \u001b[22m \u001b[1m\u001b[32m1 passed\u001b[39m\u001b[22m\u001b[90m (1)\u001b[39m\n\u001b[2m   Start at \u001b[22m 03:53:34\n\u001b[2m   Duration \u001b[22m 509ms\u001b[2m (transform 56ms, setup 0ms, collect 164ms, tests 59ms, environment 0ms, prepare 98ms)\u001b[22m\n\n",
            "stderr": "",
            "duration": 1037,
            "label": "test:public"
          }
        ],
        "gradeResults": [
          {
            "command": "npm run lint",
            "cwd": "/home/runner/work/vybestack-site/vybestack-site/evals/grading/pagination",
            "exitCode": 1,
            "stdout": "\n> pagination-grading@0.0.1 lint\n> eslint workspace/src workspace/tests --ext .ts,.tsx\n\n\n/home/runner/work/vybestack-site/vybestack-site/evals/grading/pagination/workspace/src/client/useInventory.tsx\n  16:30  error  'page' is defined but never used   @typescript-eslint/no-unused-vars\n  16:44  error  'limit' is defined but never used  @typescript-eslint/no-unused-vars\n\n✖ 2 problems (2 errors, 0 warnings)\n\n",
            "stderr": "",
            "duration": 2635,
            "label": "lint"
          },
          {
            "command": "npm run typecheck",
            "cwd": "/home/runner/work/vybestack-site/vybestack-site/evals/grading/pagination",
            "exitCode": 0,
            "stdout": "\n> pagination-grading@0.0.1 typecheck\n> tsc -p tsconfig.json\n\n",
            "stderr": "",
            "duration": 1697,
            "label": "typecheck"
          },
          {
            "command": "npm run test:hidden",
            "cwd": "/home/runner/work/vybestack-site/vybestack-site/evals/grading/pagination",
            "exitCode": 1,
            "stdout": "\n> pagination-grading@0.0.1 test:hidden\n> vitest run --config vitest.config.hidden.ts\n\n\n\u001b[7m\u001b[1m\u001b[36m RUN \u001b[39m\u001b[22m\u001b[27m \u001b[36mv1.6.1\u001b[39m \u001b[90m/home/runner/work/vybestack-site/vybestack-site/evals/grading/pagination\u001b[39m\n\n \u001b[33m❯\u001b[39m tests/hidden/api.spec.ts \u001b[2m (\u001b[22m\u001b[2m3 tests\u001b[22m \u001b[2m|\u001b[22m \u001b[31m1 failed\u001b[39m\u001b[2m)\u001b[22m\u001b[90m 98\u001b[2mms\u001b[22m\u001b[39m\n\u001b[31m   \u001b[33m❯\u001b[31m tests/hidden/api.spec.ts\u001b[2m > \u001b[22mGET /inventory pagination\u001b[2m > \u001b[22mrejects invalid pagination parameters\u001b[39m\n\u001b[31m     → expected 200 to be 400 // Object.is equality\u001b[39m\n\n\n::error file=/home/runner/work/vybestack-site/vybestack-site/evals/grading/pagination/tests/hidden/api.spec.ts,title=tests/hidden/api.spec.ts > GET /inventory pagination > rejects invalid pagination parameters,line=59,column=29::AssertionError: expected 200 to be 400 // Object.is equality%0A%0A- Expected%0A+ Received%0A%0A- 400%0A+ 200%0A%0A ❯ tests/hidden/api.spec.ts:59:29%0A%0A\n\u001b[2m Test Files \u001b[22m \u001b[1m\u001b[31m1 failed\u001b[39m\u001b[22m\u001b[90m (1)\u001b[39m\n\u001b[2m      Tests \u001b[22m \u001b[1m\u001b[31m1 failed\u001b[39m\u001b[22m\u001b[2m | \u001b[22m\u001b[1m\u001b[32m2 passed\u001b[39m\u001b[22m\u001b[90m (3)\u001b[39m\n\u001b[2m   Start at \u001b[22m 03:53:39\n\u001b[2m   Duration \u001b[22m 1.00s\u001b[2m (transform 64ms, setup 76ms, collect 131ms, tests 98ms, environment 404ms, prepare 80ms)\u001b[22m\n\n",
            "stderr": "\u001b[31m⎯⎯⎯⎯⎯⎯⎯\u001b[1m\u001b[7m Failed Tests 1 \u001b[27m\u001b[22m⎯⎯⎯⎯⎯⎯⎯\u001b[39m\n\n\u001b[31m\u001b[1m\u001b[7m FAIL \u001b[27m\u001b[22m\u001b[39m tests/hidden/api.spec.ts\u001b[2m > \u001b[22mGET /inventory pagination\u001b[2m > \u001b[22mrejects invalid pagination parameters\n\u001b[31m\u001b[1mAssertionError\u001b[22m: expected 200 to be 400 // Object.is equality\u001b[39m\n\n- Expected\n+ Received\n\n- 400\n+ 200\n\n\u001b[36m \u001b[2m❯\u001b[22m tests/hidden/api.spec.ts:\u001b[2m59:29\u001b[22m\u001b[39m\n    \u001b[90m 57| \u001b[39m    \u001b[35mconst\u001b[39m response \u001b[33m=\u001b[39m \u001b[35mawait\u001b[39m \u001b[34mrequest\u001b[39m(app)\u001b[33m.\u001b[39m\u001b[35mget\u001b[39m(\u001b[32m'/inventory'\u001b[39m)\u001b[33m.\u001b[39m\u001b[34mquery\u001b[39m({ page…\n    \u001b[90m 58| \u001b[39m\n    \u001b[90m 59| \u001b[39m    \u001b[34mexpect\u001b[39m(response\u001b[33m.\u001b[39mstatus)\u001b[33m.\u001b[39m\u001b[34mtoBe\u001b[39m(\u001b[34m400\u001b[39m)\u001b[33m;\u001b[39m\n    \u001b[90m   | \u001b[39m                            \u001b[31m^\u001b[39m\n    \u001b[90m 60| \u001b[39m    \u001b[34mexpect\u001b[39m((response\u001b[33m.\u001b[39mbody\u001b[33m.\u001b[39merror \u001b[33m??\u001b[39m \u001b[32m''\u001b[39m)\u001b[33m.\u001b[39m\u001b[34mtoLowerCase\u001b[39m())\u001b[33m.\u001b[39m\u001b[34mtoContain\u001b[39m(\u001b[32m'page'\u001b[39m…\n    \u001b[90m 61| \u001b[39m    taskStatus\u001b[33m.\u001b[39m\u001b[35mset\u001b[39m(\u001b[32m'api-invalid-parameter-handling'\u001b[39m\u001b[33m,\u001b[39m \u001b[35mtrue\u001b[39m)\u001b[33m;\u001b[39m\n\n\u001b[31m\u001b[2m⎯⎯⎯⎯⎯⎯⎯⎯⎯⎯⎯⎯⎯⎯⎯⎯⎯⎯⎯⎯⎯⎯⎯⎯[1/1]⎯\u001b[22m\u001b[39m\n\n",
            "duration": 1530,
            "label": "test:hidden"
          }
        ],
        "publicTestFailures": [],
        "hiddenTestFailures": [],
        "vybes": {
          "taskName": "pagination",
          "configId": "llxprt-synthetic-minimax",
          "complexityMultiplier": 5,
          "timeLimitMinutes": 10,
          "baseScore": 500,
          "successPercentage": 0,
          "baselineSuccessPercentage": 0,
          "adjustedSuccessPercentage": 0,
          "timePenaltyMultiplier": 1,
          "rawScore": 0,
          "finalScore": 0,
          "actualTimeMinutes": 0.551,
          "description": "Server and client pagination repair",
          "category": "full-stack",
          "breakdown": {
            "subtasksPassed": 2,
            "subtasksTotal": 5,
            "modulesCompleted": [],
            "modulesIncomplete": [
              "pagination"
            ],
            "modules": {
              "pagination": {
                "passed": 2,
                "total": 5,
                "passedTasks": [
                  "api-mid-page-request",
                  "api-final-page-handling"
                ],
                "failedTasks": [
                  "api-invalid-parameter-handling",
                  "client-navigation",
                  "client-alert"
                ]
              }
            }
          },
          "error": "lint/typecheck failed",
          "status": "error",
          "passesAttempted": 3,
          "selectedPass": 2,
          "totalCliDurationMs": 33054
        }
      }
    ]
  },
  "vybes": {
    "taskName": "pagination",
    "configId": "llxprt-synthetic-minimax",
    "complexityMultiplier": 5,
    "timeLimitMinutes": 10,
    "baseScore": 500,
    "successPercentage": 0,
    "baselineSuccessPercentage": 0,
    "adjustedSuccessPercentage": 0,
    "timePenaltyMultiplier": 1,
    "rawScore": 0,
    "finalScore": 0,
    "actualTimeMinutes": 3.063,
    "description": "Server and client pagination repair",
    "category": "full-stack",
    "breakdown": {
      "subtasksPassed": 0,
      "subtasksTotal": 5,
      "modulesCompleted": [],
      "modulesIncomplete": [
        "pagination"
      ],
      "modules": {
        "pagination": {
          "passed": 0,
          "total": 5,
          "passedTasks": [],
          "failedTasks": [
            "api-mid-page-request",
            "api-final-page-handling",
            "api-invalid-parameter-handling",
            "client-navigation",
            "client-alert"
          ]
        }
      }
    },
    "error": "lint/typecheck failed",
    "status": "error",
    "passesAttempted": 3,
    "selectedPass": 0,
    "totalCliDurationMs": 183766,
    "repoVersion": "main@ddc1921"
  }
}