{
  "evalName": "form-capture",
  "configId": "codepuppy-synthetic-minimax",
  "startedAt": "2025-11-03T02:35:15.346Z",
  "finishedAt": "2025-11-03T02:35:15.346Z",
  "status": "fail",
  "totalDuration": 75596,
  "totalCliDuration": 75525,
  "commands": [
    {
      "name": "codepuppy-synthetic-minimax",
      "command": "/home/acoliver/projects/sitandevals/codepuppy-wrapper.sh --prompt \"/set model synthetic-MiniMax-M2\n\nYou are building a friendly (and slightly cheeky) contact form web app.\nImplement an Express + TypeScript server that renders the form, validates international inputs, stores submissions in SQLite, and shows the thank-you page described below. Keep everything in TypeScript, no config edits, and rely only on the provided dependencies.\n\nProblem context:\n\n# Friendly Form Capture (Definitely Not A Scam)\n\nBuild a TypeScript + Express web application that serves a friendly international contact form, validates input, stores submissions, and then thanks the user with tongue-in-cheek copy about spamming them forever.\n\n## Requirements\n\n### Tech Stack\n- TypeScript throughout (strict mode). Do **not** convert files to JavaScript.\n- Express 4 with EJS templates for rendering pages.\n- SQLite persistence powered by `sql.js` (the WASM build). Store data under `data/submissions.sqlite` by loading the file into memory and exporting after inserts.\n- External stylesheet served from `/public/styles.css`; no inline styles.\n\n### Form Behaviour\n- GET `/` renders a responsive, modern-looking form collecting:\n  - First name\n  - Last name\n  - Street address\n  - City\n  - State / Province / Region\n  - Postal / Zip code (support letters and digits)\n  - Country (allow free text or select; no hard-coded US only)\n  - Email\n  - Phone number (accept international formats, e.g. `+44 20 7946 0958`, `+54 9 11 1234-5678`)\n- All labels must be associated with inputs (`for`/`id`) and inputs must use descriptive `name` attributes.\n- Failed validation re-renders the form with inline error messages and previously entered values.\n- Successful submission (POST `/submit`) inserts into SQLite, then issues a `302` redirect to `/thank-you`.\n\n### Validation Rules\n- Required fields must not be empty.\n- Email must be plausibly valid (simple regex OK). When validation fails, redisplay the form with status 400 (or 200) rather than redirecting.\n- Phone numbers can contain digits, spaces, parentheses, dashes, and a leading `+`.\n- Postal codes must accept alphanumeric strings (handle UK “SW1A 1AA” and Argentine formats like “C1000” or “B1675”).\n- Use server-side validation; do not rely solely on HTML5 attributes.\n\n### Thank-You Page\n- GET `/thank-you` renders a page that:\n    - Contains humorous text implying the data may be used for incessant spam and possible identity theft (“Why did you give your info to a stranger on the internet?”). Exact phrasing is flexible but the idea must be obvious.\n  - Links back to the form or offers a friendly note.\n\n### Persistence\n- Use the provided `db/schema.sql` to seed a `submissions` table (adjust columns as needed but keep the essentials). On startup, create the database file if it does not exist; after each insert, write the database back to disk so later runs can observe the data.\n- Database should initialize automatically on server start; avoid manual setup steps.\n- Closing the server should close the database to avoid locks.\n\n### Styling\n- Deliver a modern, accessible layout (flexbox or grid, reasonable color contrast, comfortable spacing).\n- Keep CSS in `public/styles.css`. Ensure the file is non-empty and contains more than a reset.\n\n### Server Lifecycle\n- The compiled server (`dist/server.js`) must read `process.env.PORT` (default to 3000) and listen on that port.\n- Provide a way to stop the server gracefully (close Express + DB). Hook into `SIGTERM` so the harness can tear it down.\n\n### Commands To Run Before Finishing\n```bash\nnpm run lint\nnpm run test:public\nnpm run typecheck\nnpm run build\n```\n\n## Testing Expectations\n- Public tests will:\n  - Ensure the form renders with all required fields.\n  - Submit a sample payload and verify a redirect to `/thank-you`.\n  - Query SQLite to check data persistence.\n- Hidden tests will:\n  - Submit international postal codes/phone numbers (including Argentine examples) to ensure validation passes.\n  - Confirm invalid emails trigger form errors.\n  - Check that `/thank-you` includes the expected humor and the first name.\n  - Launch the compiled server, perform live requests, and confirm server shutdown works.\n\nStick to the provided dependencies and configuration files. Creativity in the copy and styling is encouraged—just meet the functional requirements and keep things tasteful (apart from the playful scam warning).\n\n### Constraints\n- **Do not** modify `tsconfig.json`, `package.json`, or the ESLint/Prettier configs.\n- Keep everything fully typed—avoid `any` unless absolutely necessary.\n\nBefore finishing, run these commands and report any failures honestly:\nnpm run typecheck, npm run lint, npm run test:public, npm run build\n\nIMPORTANT: You must run lint and the build as a final step and resolve ANY lint or build errors before finishing.\nFix all ESLint errors (unused variables, any types, etc.) and ensure the build completes successfully.\"",
      "cwd": "/home/runner/work/vybestack-site/vybestack-site/evals/problems/form-capture/.tmp-workspace-2786440d-2b34-4ad7-bcc4-c16dc4a57204-Huf6Sa/workspace",
      "exitCode": 1,
      "stdout": "",
      "stderr": "",
      "duration": 1,
      "success": false
    },
    {
      "name": "workspace-install",
      "command": "npm install",
      "cwd": "/home/runner/work/vybestack-site/vybestack-site/evals/problems/form-capture/.tmp-workspace-2786440d-2b34-4ad7-bcc4-c16dc4a57204-Huf6Sa/workspace",
      "exitCode": 0,
      "stdout": "\nadded 343 packages, and audited 344 packages in 2s\n\n96 packages are looking for funding\n  run `npm fund` for details\n\n4 moderate severity vulnerabilities\n\nTo address all issues (including breaking changes), run:\n  npm audit fix --force\n\nRun `npm audit` for details.\n",
      "stderr": "npm warn deprecated inflight@1.0.6: This module is not supported, and leaks memory. Do not use it. Check out lru-cache if you want a good and tested way to coalesce async requests by a key value, which is much more comprehensive and powerful.\nnpm warn deprecated @humanwhocodes/config-array@0.13.0: Use @eslint/config-array instead\nnpm warn deprecated rimraf@3.0.2: Rimraf versions prior to v4 are no longer supported\nnpm warn deprecated glob@7.2.3: Glob versions prior to v9 are no longer supported\nnpm warn deprecated @humanwhocodes/object-schema@2.0.3: Use @eslint/object-schema instead\nnpm warn deprecated eslint@8.57.1: This version is no longer supported. Please see https://eslint.org/version-support for other options.\n",
      "duration": 2540,
      "success": true
    },
    {
      "name": "lint",
      "command": "npm run lint",
      "cwd": "/home/runner/work/vybestack-site/vybestack-site/evals/problems/form-capture/.tmp-workspace-2786440d-2b34-4ad7-bcc4-c16dc4a57204-Huf6Sa/workspace",
      "exitCode": 1,
      "stdout": "\n> form-capture-eval@0.0.1 lint\n> eslint . --ext .ts\n\n\n/home/runner/work/vybestack-site/vybestack-site/evals/problems/form-capture/.tmp-workspace-2786440d-2b34-4ad7-bcc4-c16dc4a57204-Huf6Sa/workspace/tests/public/form.spec.ts\n  2:8   error  'request' is defined but never used       @typescript-eslint/no-unused-vars\n  3:8   error  'cheerio' is defined but never used       @typescript-eslint/no-unused-vars\n  7:13  error  Unexpected any. Specify a different type  @typescript-eslint/no-explicit-any\n  8:5   error  'app' is defined but never used           @typescript-eslint/no-unused-vars\n  8:10  error  Unexpected any. Specify a different type  @typescript-eslint/no-explicit-any\n\n✖ 5 problems (5 errors, 0 warnings)\n\n",
      "stderr": "",
      "duration": 3224,
      "success": false
    },
    {
      "name": "test:public",
      "command": "npm run test:public",
      "cwd": "/home/runner/work/vybestack-site/vybestack-site/evals/problems/form-capture/.tmp-workspace-2786440d-2b34-4ad7-bcc4-c16dc4a57204-Huf6Sa/workspace",
      "exitCode": 0,
      "stdout": "\n> form-capture-eval@0.0.1 test:public\n> vitest run --config vitest.config.public.ts\n\n\n\u001b[7m\u001b[1m\u001b[36m RUN \u001b[39m\u001b[22m\u001b[27m \u001b[36mv1.6.1\u001b[39m \u001b[90m/home/runner/work/vybestack-site/vybestack-site/evals/problems/form-capture/.tmp-workspace-2786440d-2b34-4ad7-bcc4-c16dc4a57204-Huf6Sa/workspace\u001b[39m\n\n \u001b[32m✓\u001b[39m tests/public/form.spec.ts \u001b[2m (\u001b[22m\u001b[2m2 tests\u001b[22m\u001b[2m)\u001b[22m\u001b[90m 2\u001b[2mms\u001b[22m\u001b[39m\n\n\u001b[2m Test Files \u001b[22m \u001b[1m\u001b[32m1 passed\u001b[39m\u001b[22m\u001b[90m (1)\u001b[39m\n\u001b[2m      Tests \u001b[22m \u001b[1m\u001b[32m2 passed\u001b[39m\u001b[22m\u001b[90m (2)\u001b[39m\n\u001b[2m   Start at \u001b[22m 02:34:05\n\u001b[2m   Duration \u001b[22m 287ms\u001b[2m (transform 31ms, setup 0ms, collect 20ms, tests 2ms, environment 0ms, prepare 84ms)\u001b[22m\n\n",
      "stderr": "",
      "duration": 741,
      "success": true
    },
    {
      "name": "typecheck",
      "command": "npm run typecheck",
      "cwd": "/home/runner/work/vybestack-site/vybestack-site/evals/problems/form-capture/.tmp-workspace-2786440d-2b34-4ad7-bcc4-c16dc4a57204-Huf6Sa/workspace",
      "exitCode": 0,
      "stdout": "\n> form-capture-eval@0.0.1 typecheck\n> tsc --noEmit\n\n",
      "stderr": "",
      "duration": 1074,
      "success": true
    },
    {
      "name": "build",
      "command": "npm run build",
      "cwd": "/home/runner/work/vybestack-site/vybestack-site/evals/problems/form-capture/.tmp-workspace-2786440d-2b34-4ad7-bcc4-c16dc4a57204-Huf6Sa/workspace",
      "exitCode": 0,
      "stdout": "\n> form-capture-eval@0.0.1 build\n> tsc -p tsconfig.json\n\n",
      "stderr": "",
      "duration": 1107,
      "success": true
    },
    {
      "name": "workspace-install",
      "command": "npm install",
      "cwd": "/home/runner/work/vybestack-site/vybestack-site/evals/grading/form-capture",
      "exitCode": 0,
      "stdout": "\nup to date, audited 330 packages in 813ms\n\n96 packages are looking for funding\n  run `npm fund` for details\n\n2 moderate severity vulnerabilities\n\nTo address all issues, run:\n  npm audit fix\n\nRun `npm audit` for details.\n",
      "stderr": "",
      "duration": 902,
      "success": true
    },
    {
      "name": "workspace-install-subdir",
      "command": "npm --prefix workspace install",
      "cwd": "/home/runner/work/vybestack-site/vybestack-site/evals/grading/form-capture",
      "exitCode": 0,
      "stdout": "\nadded 343 packages, and audited 344 packages in 2s\n\n96 packages are looking for funding\n  run `npm fund` for details\n\n4 moderate severity vulnerabilities\n\nTo address all issues (including breaking changes), run:\n  npm audit fix --force\n\nRun `npm audit` for details.\n",
      "stderr": "npm warn deprecated inflight@1.0.6: This module is not supported, and leaks memory. Do not use it. Check out lru-cache if you want a good and tested way to coalesce async requests by a key value, which is much more comprehensive and powerful.\nnpm warn deprecated @humanwhocodes/config-array@0.13.0: Use @eslint/config-array instead\nnpm warn deprecated rimraf@3.0.2: Rimraf versions prior to v4 are no longer supported\nnpm warn deprecated glob@7.2.3: Glob versions prior to v9 are no longer supported\nnpm warn deprecated @humanwhocodes/object-schema@2.0.3: Use @eslint/object-schema instead\nnpm warn deprecated eslint@8.57.1: This version is no longer supported. Please see https://eslint.org/version-support for other options.\n",
      "duration": 2474,
      "success": true
    },
    {
      "name": "workspace-build-subdir",
      "command": "npm --prefix workspace run build",
      "cwd": "/home/runner/work/vybestack-site/vybestack-site/evals/grading/form-capture",
      "exitCode": 0,
      "stdout": "\n> form-capture-eval@0.0.1 build\n> tsc -p tsconfig.json\n\n",
      "stderr": "",
      "duration": 1105,
      "success": true
    },
    {
      "name": "typecheck",
      "command": "npm run typecheck",
      "cwd": "/home/runner/work/vybestack-site/vybestack-site/evals/grading/form-capture",
      "exitCode": 0,
      "stdout": "\n> form-capture-grading@0.0.1 typecheck\n> tsc -p tsconfig.json\n\n",
      "stderr": "",
      "duration": 1422,
      "success": true
    },
    {
      "name": "test:hidden",
      "command": "npm run test:hidden",
      "cwd": "/home/runner/work/vybestack-site/vybestack-site/evals/grading/form-capture",
      "exitCode": 1,
      "stdout": "\n> form-capture-grading@0.0.1 test:hidden\n> vitest run --config vitest.config.hidden.ts\n\n\n\u001b[7m\u001b[1m\u001b[36m RUN \u001b[39m\u001b[22m\u001b[27m \u001b[36mv1.6.1\u001b[39m \u001b[90m/home/runner/work/vybestack-site/vybestack-site/evals/grading/form-capture\u001b[39m\n\n \u001b[32m✓\u001b[39m tests/hidden/package.spec.ts \u001b[2m (\u001b[22m\u001b[2m1 test\u001b[22m\u001b[2m)\u001b[22m\u001b[90m 5\u001b[2mms\u001b[22m\u001b[39m\n \u001b[33m❯\u001b[39m tests/hidden/form.spec.ts \u001b[2m (\u001b[22m\u001b[2m4 tests\u001b[22m\u001b[2m)\u001b[22m\n \u001b[33m❯\u001b[39m tests/hidden/form.spec.ts \u001b[2m (\u001b[22m\u001b[2m4 tests\u001b[22m\u001b[2m)\u001b[22m\u001b[33m 10518\u001b[2mms\u001b[22m\u001b[39m\n\n\u001b[2m Test Files \u001b[22m \u001b[1m\u001b[31m1 failed\u001b[39m\u001b[22m\u001b[2m | \u001b[22m\u001b[1m\u001b[32m1 passed\u001b[39m\u001b[22m\u001b[90m (2)\u001b[39m\n\u001b[2m      Tests \u001b[22m \u001b[1m\u001b[32m1 passed\u001b[39m\u001b[22m\u001b[90m (5)\u001b[39m\n\u001b[2m   Start at \u001b[22m 02:34:15\n\u001b[2m   Duration \u001b[22m 11.00s\u001b[2m (transform 55ms, setup 0ms, collect 239ms, tests 10.52s, environment 0ms, prepare 203ms)\u001b[22m\n\n",
      "stderr": "Server not implemented yet.\n\u001b[31m⎯⎯⎯⎯⎯⎯\u001b[1m\u001b[7m Failed Suites 1 \u001b[27m\u001b[22m⎯⎯⎯⎯⎯⎯⎯\u001b[39m\n\n\u001b[31m\u001b[1m\u001b[7m FAIL \u001b[27m\u001b[22m\u001b[39m tests/hidden/form.spec.ts \u001b[2m[ tests/hidden/form.spec.ts ]\u001b[22m\n\u001b[31m\u001b[1mError\u001b[22m: Hook timed out in 10000ms.\nIf this is a long-running hook, pass a timeout value as the last argument or configure it globally with \"hookTimeout\".\u001b[39m\n\u001b[31m\u001b[2m⎯⎯⎯⎯⎯⎯⎯⎯⎯⎯⎯⎯⎯⎯⎯⎯⎯⎯⎯⎯⎯⎯⎯⎯[1/1]⎯\u001b[22m\u001b[39m\n\n",
      "duration": 11464,
      "success": false
    }
  ],
  "workspaceArchive": "/home/runner/work/vybestack-site/vybestack-site/evals/outputs/form-capture-2025-11-03T02-33-59-746Z/codepuppy-synthetic-minimax/workspace",
  "runSessionId": "b76e8c8e-1726-4ed5-bcee-dce54075d6f8",
  "runSessionStartedAt": "2025-11-03T01:44:41.909Z",
  "repoVersion": "main@bb10b6b",
  "multipass": {
    "enabled": true,
    "selectedPass": 0,
    "maxPasses": 3,
    "totalCliDuration": 75525,
    "passCount": 3,
    "feedback": [],
    "passes": [
      {
        "passNumber": 1,
        "startedAt": "2025-11-03T02:33:59.755Z",
        "finishedAt": "2025-11-03T02:34:26.084Z",
        "totalDuration": 26329,
        "promptHash": "6300c326839fd1818695a02737dd4a6181aaa06c59197bafd0d7416044b1fc7e",
        "appliedFeedback": [],
        "success": false,
        "partialSuccess": false,
        "workspaceArchive": "/home/runner/work/vybestack-site/vybestack-site/evals/outputs/form-capture-2025-11-03T02-33-59-746Z/codepuppy-synthetic-minimax/passes/pass-1/workspace",
        "resultsArchive": "/home/runner/work/vybestack-site/vybestack-site/evals/outputs/form-capture-2025-11-03T02-33-59-746Z/codepuppy-synthetic-minimax/passes/pass-1/results",
        "cliResult": {
          "command": "/home/acoliver/projects/sitandevals/codepuppy-wrapper.sh --prompt \"/set model synthetic-MiniMax-M2\n\nYou are building a friendly (and slightly cheeky) contact form web app.\nImplement an Express + TypeScript server that renders the form, validates international inputs, stores submissions in SQLite, and shows the thank-you page described below. Keep everything in TypeScript, no config edits, and rely only on the provided dependencies.\n\nProblem context:\n\n# Friendly Form Capture (Definitely Not A Scam)\n\nBuild a TypeScript + Express web application that serves a friendly international contact form, validates input, stores submissions, and then thanks the user with tongue-in-cheek copy about spamming them forever.\n\n## Requirements\n\n### Tech Stack\n- TypeScript throughout (strict mode). Do **not** convert files to JavaScript.\n- Express 4 with EJS templates for rendering pages.\n- SQLite persistence powered by `sql.js` (the WASM build). Store data under `data/submissions.sqlite` by loading the file into memory and exporting after inserts.\n- External stylesheet served from `/public/styles.css`; no inline styles.\n\n### Form Behaviour\n- GET `/` renders a responsive, modern-looking form collecting:\n  - First name\n  - Last name\n  - Street address\n  - City\n  - State / Province / Region\n  - Postal / Zip code (support letters and digits)\n  - Country (allow free text or select; no hard-coded US only)\n  - Email\n  - Phone number (accept international formats, e.g. `+44 20 7946 0958`, `+54 9 11 1234-5678`)\n- All labels must be associated with inputs (`for`/`id`) and inputs must use descriptive `name` attributes.\n- Failed validation re-renders the form with inline error messages and previously entered values.\n- Successful submission (POST `/submit`) inserts into SQLite, then issues a `302` redirect to `/thank-you`.\n\n### Validation Rules\n- Required fields must not be empty.\n- Email must be plausibly valid (simple regex OK). When validation fails, redisplay the form with status 400 (or 200) rather than redirecting.\n- Phone numbers can contain digits, spaces, parentheses, dashes, and a leading `+`.\n- Postal codes must accept alphanumeric strings (handle UK “SW1A 1AA” and Argentine formats like “C1000” or “B1675”).\n- Use server-side validation; do not rely solely on HTML5 attributes.\n\n### Thank-You Page\n- GET `/thank-you` renders a page that:\n    - Contains humorous text implying the data may be used for incessant spam and possible identity theft (“Why did you give your info to a stranger on the internet?”). Exact phrasing is flexible but the idea must be obvious.\n  - Links back to the form or offers a friendly note.\n\n### Persistence\n- Use the provided `db/schema.sql` to seed a `submissions` table (adjust columns as needed but keep the essentials). On startup, create the database file if it does not exist; after each insert, write the database back to disk so later runs can observe the data.\n- Database should initialize automatically on server start; avoid manual setup steps.\n- Closing the server should close the database to avoid locks.\n\n### Styling\n- Deliver a modern, accessible layout (flexbox or grid, reasonable color contrast, comfortable spacing).\n- Keep CSS in `public/styles.css`. Ensure the file is non-empty and contains more than a reset.\n\n### Server Lifecycle\n- The compiled server (`dist/server.js`) must read `process.env.PORT` (default to 3000) and listen on that port.\n- Provide a way to stop the server gracefully (close Express + DB). Hook into `SIGTERM` so the harness can tear it down.\n\n### Commands To Run Before Finishing\n```bash\nnpm run lint\nnpm run test:public\nnpm run typecheck\nnpm run build\n```\n\n## Testing Expectations\n- Public tests will:\n  - Ensure the form renders with all required fields.\n  - Submit a sample payload and verify a redirect to `/thank-you`.\n  - Query SQLite to check data persistence.\n- Hidden tests will:\n  - Submit international postal codes/phone numbers (including Argentine examples) to ensure validation passes.\n  - Confirm invalid emails trigger form errors.\n  - Check that `/thank-you` includes the expected humor and the first name.\n  - Launch the compiled server, perform live requests, and confirm server shutdown works.\n\nStick to the provided dependencies and configuration files. Creativity in the copy and styling is encouraged—just meet the functional requirements and keep things tasteful (apart from the playful scam warning).\n\n### Constraints\n- **Do not** modify `tsconfig.json`, `package.json`, or the ESLint/Prettier configs.\n- Keep everything fully typed—avoid `any` unless absolutely necessary.\n\nBefore finishing, run these commands and report any failures honestly:\nnpm run typecheck, npm run lint, npm run test:public, npm run build\n\nIMPORTANT: You must run lint and the build as a final step and resolve ANY lint or build errors before finishing.\nFix all ESLint errors (unused variables, any types, etc.) and ensure the build completes successfully.\"",
          "cwd": "/home/runner/work/vybestack-site/vybestack-site/evals/problems/form-capture/.tmp-workspace-2786440d-2b34-4ad7-bcc4-c16dc4a57204-Huf6Sa/workspace",
          "exitCode": 1,
          "stdout": "",
          "stderr": "",
          "duration": 1,
          "label": "codepuppy-synthetic-minimax"
        },
        "buildResults": [
          {
            "command": "npm install",
            "cwd": "/home/runner/work/vybestack-site/vybestack-site/evals/problems/form-capture/.tmp-workspace-2786440d-2b34-4ad7-bcc4-c16dc4a57204-Huf6Sa/workspace",
            "exitCode": 0,
            "stdout": "\nadded 343 packages, and audited 344 packages in 2s\n\n96 packages are looking for funding\n  run `npm fund` for details\n\n4 moderate severity vulnerabilities\n\nTo address all issues (including breaking changes), run:\n  npm audit fix --force\n\nRun `npm audit` for details.\n",
            "stderr": "npm warn deprecated inflight@1.0.6: This module is not supported, and leaks memory. Do not use it. Check out lru-cache if you want a good and tested way to coalesce async requests by a key value, which is much more comprehensive and powerful.\nnpm warn deprecated @humanwhocodes/config-array@0.13.0: Use @eslint/config-array instead\nnpm warn deprecated rimraf@3.0.2: Rimraf versions prior to v4 are no longer supported\nnpm warn deprecated glob@7.2.3: Glob versions prior to v9 are no longer supported\nnpm warn deprecated @humanwhocodes/object-schema@2.0.3: Use @eslint/object-schema instead\nnpm warn deprecated eslint@8.57.1: This version is no longer supported. Please see https://eslint.org/version-support for other options.\n",
            "duration": 2540,
            "label": "workspace-install"
          },
          {
            "command": "npm run lint",
            "cwd": "/home/runner/work/vybestack-site/vybestack-site/evals/problems/form-capture/.tmp-workspace-2786440d-2b34-4ad7-bcc4-c16dc4a57204-Huf6Sa/workspace",
            "exitCode": 1,
            "stdout": "\n> form-capture-eval@0.0.1 lint\n> eslint . --ext .ts\n\n\n/home/runner/work/vybestack-site/vybestack-site/evals/problems/form-capture/.tmp-workspace-2786440d-2b34-4ad7-bcc4-c16dc4a57204-Huf6Sa/workspace/tests/public/form.spec.ts\n  2:8   error  'request' is defined but never used       @typescript-eslint/no-unused-vars\n  3:8   error  'cheerio' is defined but never used       @typescript-eslint/no-unused-vars\n  7:13  error  Unexpected any. Specify a different type  @typescript-eslint/no-explicit-any\n  8:5   error  'app' is defined but never used           @typescript-eslint/no-unused-vars\n  8:10  error  Unexpected any. Specify a different type  @typescript-eslint/no-explicit-any\n\n✖ 5 problems (5 errors, 0 warnings)\n\n",
            "stderr": "",
            "duration": 3224,
            "label": "lint"
          },
          {
            "command": "npm run test:public",
            "cwd": "/home/runner/work/vybestack-site/vybestack-site/evals/problems/form-capture/.tmp-workspace-2786440d-2b34-4ad7-bcc4-c16dc4a57204-Huf6Sa/workspace",
            "exitCode": 0,
            "stdout": "\n> form-capture-eval@0.0.1 test:public\n> vitest run --config vitest.config.public.ts\n\n\n\u001b[7m\u001b[1m\u001b[36m RUN \u001b[39m\u001b[22m\u001b[27m \u001b[36mv1.6.1\u001b[39m \u001b[90m/home/runner/work/vybestack-site/vybestack-site/evals/problems/form-capture/.tmp-workspace-2786440d-2b34-4ad7-bcc4-c16dc4a57204-Huf6Sa/workspace\u001b[39m\n\n \u001b[32m✓\u001b[39m tests/public/form.spec.ts \u001b[2m (\u001b[22m\u001b[2m2 tests\u001b[22m\u001b[2m)\u001b[22m\u001b[90m 2\u001b[2mms\u001b[22m\u001b[39m\n\n\u001b[2m Test Files \u001b[22m \u001b[1m\u001b[32m1 passed\u001b[39m\u001b[22m\u001b[90m (1)\u001b[39m\n\u001b[2m      Tests \u001b[22m \u001b[1m\u001b[32m2 passed\u001b[39m\u001b[22m\u001b[90m (2)\u001b[39m\n\u001b[2m   Start at \u001b[22m 02:34:05\n\u001b[2m   Duration \u001b[22m 287ms\u001b[2m (transform 31ms, setup 0ms, collect 20ms, tests 2ms, environment 0ms, prepare 84ms)\u001b[22m\n\n",
            "stderr": "",
            "duration": 741,
            "label": "test:public"
          },
          {
            "command": "npm run typecheck",
            "cwd": "/home/runner/work/vybestack-site/vybestack-site/evals/problems/form-capture/.tmp-workspace-2786440d-2b34-4ad7-bcc4-c16dc4a57204-Huf6Sa/workspace",
            "exitCode": 0,
            "stdout": "\n> form-capture-eval@0.0.1 typecheck\n> tsc --noEmit\n\n",
            "stderr": "",
            "duration": 1074,
            "label": "typecheck"
          },
          {
            "command": "npm run build",
            "cwd": "/home/runner/work/vybestack-site/vybestack-site/evals/problems/form-capture/.tmp-workspace-2786440d-2b34-4ad7-bcc4-c16dc4a57204-Huf6Sa/workspace",
            "exitCode": 0,
            "stdout": "\n> form-capture-eval@0.0.1 build\n> tsc -p tsconfig.json\n\n",
            "stderr": "",
            "duration": 1107,
            "label": "build"
          }
        ],
        "gradeResults": [
          {
            "command": "npm install",
            "cwd": "/home/runner/work/vybestack-site/vybestack-site/evals/grading/form-capture",
            "exitCode": 0,
            "stdout": "\nup to date, audited 330 packages in 813ms\n\n96 packages are looking for funding\n  run `npm fund` for details\n\n2 moderate severity vulnerabilities\n\nTo address all issues, run:\n  npm audit fix\n\nRun `npm audit` for details.\n",
            "stderr": "",
            "duration": 902,
            "label": "workspace-install"
          },
          {
            "command": "npm --prefix workspace install",
            "cwd": "/home/runner/work/vybestack-site/vybestack-site/evals/grading/form-capture",
            "exitCode": 0,
            "stdout": "\nadded 343 packages, and audited 344 packages in 2s\n\n96 packages are looking for funding\n  run `npm fund` for details\n\n4 moderate severity vulnerabilities\n\nTo address all issues (including breaking changes), run:\n  npm audit fix --force\n\nRun `npm audit` for details.\n",
            "stderr": "npm warn deprecated inflight@1.0.6: This module is not supported, and leaks memory. Do not use it. Check out lru-cache if you want a good and tested way to coalesce async requests by a key value, which is much more comprehensive and powerful.\nnpm warn deprecated @humanwhocodes/config-array@0.13.0: Use @eslint/config-array instead\nnpm warn deprecated rimraf@3.0.2: Rimraf versions prior to v4 are no longer supported\nnpm warn deprecated glob@7.2.3: Glob versions prior to v9 are no longer supported\nnpm warn deprecated @humanwhocodes/object-schema@2.0.3: Use @eslint/object-schema instead\nnpm warn deprecated eslint@8.57.1: This version is no longer supported. Please see https://eslint.org/version-support for other options.\n",
            "duration": 2474,
            "label": "workspace-install-subdir"
          },
          {
            "command": "npm --prefix workspace run build",
            "cwd": "/home/runner/work/vybestack-site/vybestack-site/evals/grading/form-capture",
            "exitCode": 0,
            "stdout": "\n> form-capture-eval@0.0.1 build\n> tsc -p tsconfig.json\n\n",
            "stderr": "",
            "duration": 1105,
            "label": "workspace-build-subdir"
          },
          {
            "command": "npm run typecheck",
            "cwd": "/home/runner/work/vybestack-site/vybestack-site/evals/grading/form-capture",
            "exitCode": 0,
            "stdout": "\n> form-capture-grading@0.0.1 typecheck\n> tsc -p tsconfig.json\n\n",
            "stderr": "",
            "duration": 1422,
            "label": "typecheck"
          },
          {
            "command": "npm run test:hidden",
            "cwd": "/home/runner/work/vybestack-site/vybestack-site/evals/grading/form-capture",
            "exitCode": 1,
            "stdout": "\n> form-capture-grading@0.0.1 test:hidden\n> vitest run --config vitest.config.hidden.ts\n\n\n\u001b[7m\u001b[1m\u001b[36m RUN \u001b[39m\u001b[22m\u001b[27m \u001b[36mv1.6.1\u001b[39m \u001b[90m/home/runner/work/vybestack-site/vybestack-site/evals/grading/form-capture\u001b[39m\n\n \u001b[32m✓\u001b[39m tests/hidden/package.spec.ts \u001b[2m (\u001b[22m\u001b[2m1 test\u001b[22m\u001b[2m)\u001b[22m\u001b[90m 5\u001b[2mms\u001b[22m\u001b[39m\n \u001b[33m❯\u001b[39m tests/hidden/form.spec.ts \u001b[2m (\u001b[22m\u001b[2m4 tests\u001b[22m\u001b[2m)\u001b[22m\n \u001b[33m❯\u001b[39m tests/hidden/form.spec.ts \u001b[2m (\u001b[22m\u001b[2m4 tests\u001b[22m\u001b[2m)\u001b[22m\u001b[33m 10518\u001b[2mms\u001b[22m\u001b[39m\n\n\u001b[2m Test Files \u001b[22m \u001b[1m\u001b[31m1 failed\u001b[39m\u001b[22m\u001b[2m | \u001b[22m\u001b[1m\u001b[32m1 passed\u001b[39m\u001b[22m\u001b[90m (2)\u001b[39m\n\u001b[2m      Tests \u001b[22m \u001b[1m\u001b[32m1 passed\u001b[39m\u001b[22m\u001b[90m (5)\u001b[39m\n\u001b[2m   Start at \u001b[22m 02:34:15\n\u001b[2m   Duration \u001b[22m 11.00s\u001b[2m (transform 55ms, setup 0ms, collect 239ms, tests 10.52s, environment 0ms, prepare 203ms)\u001b[22m\n\n",
            "stderr": "Server not implemented yet.\n\u001b[31m⎯⎯⎯⎯⎯⎯\u001b[1m\u001b[7m Failed Suites 1 \u001b[27m\u001b[22m⎯⎯⎯⎯⎯⎯⎯\u001b[39m\n\n\u001b[31m\u001b[1m\u001b[7m FAIL \u001b[27m\u001b[22m\u001b[39m tests/hidden/form.spec.ts \u001b[2m[ tests/hidden/form.spec.ts ]\u001b[22m\n\u001b[31m\u001b[1mError\u001b[22m: Hook timed out in 10000ms.\nIf this is a long-running hook, pass a timeout value as the last argument or configure it globally with \"hookTimeout\".\u001b[39m\n\u001b[31m\u001b[2m⎯⎯⎯⎯⎯⎯⎯⎯⎯⎯⎯⎯⎯⎯⎯⎯⎯⎯⎯⎯⎯⎯⎯⎯[1/1]⎯\u001b[22m\u001b[39m\n\n",
            "duration": 11464,
            "label": "test:hidden"
          }
        ],
        "feedbackForNextPass": {
          "bullets": [
            "It isn't working correctly.",
            "Your previous attempt exited with code 1. Review the CLI logs to diagnose the issue.",
            "Lint failed. Fix the reported lint errors.",
            "A verification check failed.",
            "Please resolve the issues and re-run lint, tests, and build before finishing."
          ],
          "failingSteps": [
            {
              "step": "codepuppy-synthetic-minimax",
              "exitCode": 1,
              "message": "Your previous attempt exited with code 1. Review the CLI logs to diagnose the issue."
            },
            {
              "step": "lint",
              "exitCode": 1,
              "message": "Lint failed. Fix the reported lint errors."
            },
            {
              "step": "test:hidden",
              "exitCode": 1,
              "message": "A verification check failed."
            }
          ],
          "hiddenAssertions": [],
          "publicTestFailures": [],
          "hiddenTestFailures": []
        },
        "publicTestFailures": [],
        "hiddenTestFailures": [],
        "vybes": {
          "taskName": "form-capture",
          "configId": "codepuppy-synthetic-minimax",
          "complexityMultiplier": 5,
          "timeLimitMinutes": 10,
          "baseScore": 500,
          "successPercentage": 0,
          "baselineSuccessPercentage": 0,
          "adjustedSuccessPercentage": 0,
          "timePenaltyMultiplier": 1,
          "rawScore": 0,
          "finalScore": 0,
          "actualTimeMinutes": 0,
          "description": "Full-stack contact form application",
          "category": "full-stack",
          "breakdown": {
            "subtasksPassed": 1,
            "subtasksTotal": 6,
            "modulesCompleted": [],
            "modulesIncomplete": [
              "form-capture"
            ],
            "modules": {
              "form-capture": {
                "passed": 1,
                "total": 6,
                "passedTasks": [
                  "package-integrity"
                ],
                "failedTasks": [
                  "form-fields-render",
                  "invalid-email-validation",
                  "submission-persists",
                  "thank-you-page",
                  "css-styling"
                ]
              }
            }
          },
          "error": "lint/typecheck failed",
          "status": "error",
          "passesAttempted": 1,
          "selectedPass": 0,
          "totalCliDurationMs": 1
        }
      },
      {
        "passNumber": 2,
        "startedAt": "2025-11-03T02:34:26.101Z",
        "finishedAt": "2025-11-03T02:34:50.762Z",
        "totalDuration": 24661,
        "promptHash": "46a8c4284989f5f84fefb1403f9b8a72ecbb9a33c1311dceefa8eaa5d4f44536",
        "appliedFeedback": [
          "It isn't working correctly.",
          "Your previous attempt exited with code 1. Review the CLI logs to diagnose the issue.",
          "Lint failed. Fix the reported lint errors.",
          "A verification check failed.",
          "Please resolve the issues and re-run lint, tests, and build before finishing."
        ],
        "success": false,
        "partialSuccess": false,
        "workspaceArchive": "/home/runner/work/vybestack-site/vybestack-site/evals/outputs/form-capture-2025-11-03T02-33-59-746Z/codepuppy-synthetic-minimax/passes/pass-2/workspace",
        "resultsArchive": "/home/runner/work/vybestack-site/vybestack-site/evals/outputs/form-capture-2025-11-03T02-33-59-746Z/codepuppy-synthetic-minimax/passes/pass-2/results",
        "cliResult": {
          "command": "/home/acoliver/projects/sitandevals/codepuppy-wrapper.sh --prompt \"/set model synthetic-MiniMax-M2\n\nYou are building a friendly (and slightly cheeky) contact form web app.\nImplement an Express + TypeScript server that renders the form, validates international inputs, stores submissions in SQLite, and shows the thank-you page described below. Keep everything in TypeScript, no config edits, and rely only on the provided dependencies.\n\nProblem context:\n\n# Friendly Form Capture (Definitely Not A Scam)\n\nBuild a TypeScript + Express web application that serves a friendly international contact form, validates input, stores submissions, and then thanks the user with tongue-in-cheek copy about spamming them forever.\n\n## Requirements\n\n### Tech Stack\n- TypeScript throughout (strict mode). Do **not** convert files to JavaScript.\n- Express 4 with EJS templates for rendering pages.\n- SQLite persistence powered by `sql.js` (the WASM build). Store data under `data/submissions.sqlite` by loading the file into memory and exporting after inserts.\n- External stylesheet served from `/public/styles.css`; no inline styles.\n\n### Form Behaviour\n- GET `/` renders a responsive, modern-looking form collecting:\n  - First name\n  - Last name\n  - Street address\n  - City\n  - State / Province / Region\n  - Postal / Zip code (support letters and digits)\n  - Country (allow free text or select; no hard-coded US only)\n  - Email\n  - Phone number (accept international formats, e.g. `+44 20 7946 0958`, `+54 9 11 1234-5678`)\n- All labels must be associated with inputs (`for`/`id`) and inputs must use descriptive `name` attributes.\n- Failed validation re-renders the form with inline error messages and previously entered values.\n- Successful submission (POST `/submit`) inserts into SQLite, then issues a `302` redirect to `/thank-you`.\n\n### Validation Rules\n- Required fields must not be empty.\n- Email must be plausibly valid (simple regex OK). When validation fails, redisplay the form with status 400 (or 200) rather than redirecting.\n- Phone numbers can contain digits, spaces, parentheses, dashes, and a leading `+`.\n- Postal codes must accept alphanumeric strings (handle UK “SW1A 1AA” and Argentine formats like “C1000” or “B1675”).\n- Use server-side validation; do not rely solely on HTML5 attributes.\n\n### Thank-You Page\n- GET `/thank-you` renders a page that:\n    - Contains humorous text implying the data may be used for incessant spam and possible identity theft (“Why did you give your info to a stranger on the internet?”). Exact phrasing is flexible but the idea must be obvious.\n  - Links back to the form or offers a friendly note.\n\n### Persistence\n- Use the provided `db/schema.sql` to seed a `submissions` table (adjust columns as needed but keep the essentials). On startup, create the database file if it does not exist; after each insert, write the database back to disk so later runs can observe the data.\n- Database should initialize automatically on server start; avoid manual setup steps.\n- Closing the server should close the database to avoid locks.\n\n### Styling\n- Deliver a modern, accessible layout (flexbox or grid, reasonable color contrast, comfortable spacing).\n- Keep CSS in `public/styles.css`. Ensure the file is non-empty and contains more than a reset.\n\n### Server Lifecycle\n- The compiled server (`dist/server.js`) must read `process.env.PORT` (default to 3000) and listen on that port.\n- Provide a way to stop the server gracefully (close Express + DB). Hook into `SIGTERM` so the harness can tear it down.\n\n### Commands To Run Before Finishing\n```bash\nnpm run lint\nnpm run test:public\nnpm run typecheck\nnpm run build\n```\n\n## Testing Expectations\n- Public tests will:\n  - Ensure the form renders with all required fields.\n  - Submit a sample payload and verify a redirect to `/thank-you`.\n  - Query SQLite to check data persistence.\n- Hidden tests will:\n  - Submit international postal codes/phone numbers (including Argentine examples) to ensure validation passes.\n  - Confirm invalid emails trigger form errors.\n  - Check that `/thank-you` includes the expected humor and the first name.\n  - Launch the compiled server, perform live requests, and confirm server shutdown works.\n\nStick to the provided dependencies and configuration files. Creativity in the copy and styling is encouraged—just meet the functional requirements and keep things tasteful (apart from the playful scam warning).\n\n### Constraints\n- **Do not** modify `tsconfig.json`, `package.json`, or the ESLint/Prettier configs.\n- Keep everything fully typed—avoid `any` unless absolutely necessary.\n\nBefore finishing, run these commands and report any failures honestly:\nnpm run typecheck, npm run lint, npm run test:public, npm run build\n\nIMPORTANT: You must run lint and the build as a final step and resolve ANY lint or build errors before finishing.\nFix all ESLint errors (unused variables, any types, etc.) and ensure the build completes successfully.\n\n### Remediation Guidance\n- It isn't working correctly.\n- Your previous attempt exited with code 1. Review the CLI logs to diagnose the issue.\n- Lint failed. Fix the reported lint errors.\n- A verification check failed.\n- Please resolve the issues and re-run lint, tests, and build before finishing.\n\"",
          "cwd": "/home/runner/work/vybestack-site/vybestack-site/evals/problems/form-capture/.tmp-workspace-2786440d-2b34-4ad7-bcc4-c16dc4a57204-Huf6Sa/workspace",
          "exitCode": 1,
          "stdout": "",
          "stderr": "",
          "duration": 1,
          "label": "codepuppy-synthetic-minimax"
        },
        "buildResults": [
          {
            "command": "npm install",
            "cwd": "/home/runner/work/vybestack-site/vybestack-site/evals/problems/form-capture/.tmp-workspace-2786440d-2b34-4ad7-bcc4-c16dc4a57204-Huf6Sa/workspace",
            "exitCode": 0,
            "stdout": "\nup to date, audited 344 packages in 902ms\n\n96 packages are looking for funding\n  run `npm fund` for details\n\n4 moderate severity vulnerabilities\n\nTo address all issues (including breaking changes), run:\n  npm audit fix --force\n\nRun `npm audit` for details.\n",
            "stderr": "",
            "duration": 999,
            "label": "workspace-install"
          },
          {
            "command": "npm run lint",
            "cwd": "/home/runner/work/vybestack-site/vybestack-site/evals/problems/form-capture/.tmp-workspace-2786440d-2b34-4ad7-bcc4-c16dc4a57204-Huf6Sa/workspace",
            "exitCode": 1,
            "stdout": "\n> form-capture-eval@0.0.1 lint\n> eslint . --ext .ts\n\n\n/home/runner/work/vybestack-site/vybestack-site/evals/problems/form-capture/.tmp-workspace-2786440d-2b34-4ad7-bcc4-c16dc4a57204-Huf6Sa/workspace/tests/public/form.spec.ts\n  2:8   error  'request' is defined but never used       @typescript-eslint/no-unused-vars\n  3:8   error  'cheerio' is defined but never used       @typescript-eslint/no-unused-vars\n  7:13  error  Unexpected any. Specify a different type  @typescript-eslint/no-explicit-any\n  8:5   error  'app' is defined but never used           @typescript-eslint/no-unused-vars\n  8:10  error  Unexpected any. Specify a different type  @typescript-eslint/no-explicit-any\n\n✖ 5 problems (5 errors, 0 warnings)\n\n",
            "stderr": "",
            "duration": 3090,
            "label": "lint"
          },
          {
            "command": "npm run test:public",
            "cwd": "/home/runner/work/vybestack-site/vybestack-site/evals/problems/form-capture/.tmp-workspace-2786440d-2b34-4ad7-bcc4-c16dc4a57204-Huf6Sa/workspace",
            "exitCode": 0,
            "stdout": "\n> form-capture-eval@0.0.1 test:public\n> vitest run --config vitest.config.public.ts\n\n\n\u001b[7m\u001b[1m\u001b[36m RUN \u001b[39m\u001b[22m\u001b[27m \u001b[36mv1.6.1\u001b[39m \u001b[90m/home/runner/work/vybestack-site/vybestack-site/evals/problems/form-capture/.tmp-workspace-2786440d-2b34-4ad7-bcc4-c16dc4a57204-Huf6Sa/workspace\u001b[39m\n\n \u001b[32m✓\u001b[39m tests/public/form.spec.ts \u001b[2m (\u001b[22m\u001b[2m2 tests\u001b[22m\u001b[2m)\u001b[22m\u001b[90m 3\u001b[2mms\u001b[22m\u001b[39m\n\n\u001b[2m Test Files \u001b[22m \u001b[1m\u001b[32m1 passed\u001b[39m\u001b[22m\u001b[90m (1)\u001b[39m\n\u001b[2m      Tests \u001b[22m \u001b[1m\u001b[32m2 passed\u001b[39m\u001b[22m\u001b[90m (2)\u001b[39m\n\u001b[2m   Start at \u001b[22m 02:34:30\n\u001b[2m   Duration \u001b[22m 286ms\u001b[2m (transform 25ms, setup 0ms, collect 20ms, tests 3ms, environment 0ms, prepare 84ms)\u001b[22m\n\n",
            "stderr": "",
            "duration": 745,
            "label": "test:public"
          },
          {
            "command": "npm run typecheck",
            "cwd": "/home/runner/work/vybestack-site/vybestack-site/evals/problems/form-capture/.tmp-workspace-2786440d-2b34-4ad7-bcc4-c16dc4a57204-Huf6Sa/workspace",
            "exitCode": 0,
            "stdout": "\n> form-capture-eval@0.0.1 typecheck\n> tsc --noEmit\n\n",
            "stderr": "",
            "duration": 1075,
            "label": "typecheck"
          },
          {
            "command": "npm run build",
            "cwd": "/home/runner/work/vybestack-site/vybestack-site/evals/problems/form-capture/.tmp-workspace-2786440d-2b34-4ad7-bcc4-c16dc4a57204-Huf6Sa/workspace",
            "exitCode": 0,
            "stdout": "\n> form-capture-eval@0.0.1 build\n> tsc -p tsconfig.json\n\n",
            "stderr": "",
            "duration": 1141,
            "label": "build"
          }
        ],
        "gradeResults": [
          {
            "command": "npm install",
            "cwd": "/home/runner/work/vybestack-site/vybestack-site/evals/grading/form-capture",
            "exitCode": 0,
            "stdout": "\nup to date, audited 330 packages in 815ms\n\n96 packages are looking for funding\n  run `npm fund` for details\n\n2 moderate severity vulnerabilities\n\nTo address all issues, run:\n  npm audit fix\n\nRun `npm audit` for details.\n",
            "stderr": "",
            "duration": 902,
            "label": "workspace-install"
          },
          {
            "command": "npm --prefix workspace install",
            "cwd": "/home/runner/work/vybestack-site/vybestack-site/evals/grading/form-capture",
            "exitCode": 0,
            "stdout": "\nadded 343 packages, and audited 344 packages in 2s\n\n96 packages are looking for funding\n  run `npm fund` for details\n\n4 moderate severity vulnerabilities\n\nTo address all issues (including breaking changes), run:\n  npm audit fix --force\n\nRun `npm audit` for details.\n",
            "stderr": "npm warn deprecated inflight@1.0.6: This module is not supported, and leaks memory. Do not use it. Check out lru-cache if you want a good and tested way to coalesce async requests by a key value, which is much more comprehensive and powerful.\nnpm warn deprecated @humanwhocodes/config-array@0.13.0: Use @eslint/config-array instead\nnpm warn deprecated rimraf@3.0.2: Rimraf versions prior to v4 are no longer supported\nnpm warn deprecated glob@7.2.3: Glob versions prior to v9 are no longer supported\nnpm warn deprecated @humanwhocodes/object-schema@2.0.3: Use @eslint/object-schema instead\nnpm warn deprecated eslint@8.57.1: This version is no longer supported. Please see https://eslint.org/version-support for other options.\n",
            "duration": 2453,
            "label": "workspace-install-subdir"
          },
          {
            "command": "npm --prefix workspace run build",
            "cwd": "/home/runner/work/vybestack-site/vybestack-site/evals/grading/form-capture",
            "exitCode": 0,
            "stdout": "\n> form-capture-eval@0.0.1 build\n> tsc -p tsconfig.json\n\n",
            "stderr": "",
            "duration": 1106,
            "label": "workspace-build-subdir"
          },
          {
            "command": "npm run typecheck",
            "cwd": "/home/runner/work/vybestack-site/vybestack-site/evals/grading/form-capture",
            "exitCode": 0,
            "stdout": "\n> form-capture-grading@0.0.1 typecheck\n> tsc -p tsconfig.json\n\n",
            "stderr": "",
            "duration": 1423,
            "label": "typecheck"
          },
          {
            "command": "npm run test:hidden",
            "cwd": "/home/runner/work/vybestack-site/vybestack-site/evals/grading/form-capture",
            "exitCode": 1,
            "stdout": "\n> form-capture-grading@0.0.1 test:hidden\n> vitest run --config vitest.config.hidden.ts\n\n\n\u001b[7m\u001b[1m\u001b[36m RUN \u001b[39m\u001b[22m\u001b[27m \u001b[36mv1.6.1\u001b[39m \u001b[90m/home/runner/work/vybestack-site/vybestack-site/evals/grading/form-capture\u001b[39m\n\n \u001b[32m✓\u001b[39m tests/hidden/package.spec.ts \u001b[2m (\u001b[22m\u001b[2m1 test\u001b[22m\u001b[2m)\u001b[22m\u001b[90m 4\u001b[2mms\u001b[22m\u001b[39m\n \u001b[33m❯\u001b[39m tests/hidden/form.spec.ts \u001b[2m (\u001b[22m\u001b[2m4 tests\u001b[22m\u001b[2m)\u001b[22m\n \u001b[33m❯\u001b[39m tests/hidden/form.spec.ts \u001b[2m (\u001b[22m\u001b[2m4 tests\u001b[22m\u001b[2m)\u001b[22m\u001b[33m 10516\u001b[2mms\u001b[22m\u001b[39m\n\n\u001b[2m Test Files \u001b[22m \u001b[1m\u001b[31m1 failed\u001b[39m\u001b[22m\u001b[2m | \u001b[22m\u001b[1m\u001b[32m1 passed\u001b[39m\u001b[22m\u001b[90m (2)\u001b[39m\n\u001b[2m      Tests \u001b[22m \u001b[1m\u001b[32m1 passed\u001b[39m\u001b[22m\u001b[90m (5)\u001b[39m\n\u001b[2m   Start at \u001b[22m 02:34:39\n\u001b[2m   Duration \u001b[22m 10.99s\u001b[2m (transform 72ms, setup 0ms, collect 251ms, tests 10.52s, environment 0ms, prepare 220ms)\u001b[22m\n\n",
            "stderr": "Server not implemented yet.\n\u001b[31m⎯⎯⎯⎯⎯⎯\u001b[1m\u001b[7m Failed Suites 1 \u001b[27m\u001b[22m⎯⎯⎯⎯⎯⎯⎯\u001b[39m\n\n\u001b[31m\u001b[1m\u001b[7m FAIL \u001b[27m\u001b[22m\u001b[39m tests/hidden/form.spec.ts \u001b[2m[ tests/hidden/form.spec.ts ]\u001b[22m\n\u001b[31m\u001b[1mError\u001b[22m: Hook timed out in 10000ms.\nIf this is a long-running hook, pass a timeout value as the last argument or configure it globally with \"hookTimeout\".\u001b[39m\n\u001b[31m\u001b[2m⎯⎯⎯⎯⎯⎯⎯⎯⎯⎯⎯⎯⎯⎯⎯⎯⎯⎯⎯⎯⎯⎯⎯⎯[1/1]⎯\u001b[22m\u001b[39m\n\n",
            "duration": 11453,
            "label": "test:hidden"
          }
        ],
        "feedbackForNextPass": {
          "bullets": [
            "It isn't working correctly.",
            "Your previous attempt exited with code 1. Review the CLI logs to diagnose the issue.",
            "Lint failed. Fix the reported lint errors.",
            "A verification check failed.",
            "Please resolve the issues and re-run lint, tests, and build before finishing."
          ],
          "failingSteps": [
            {
              "step": "codepuppy-synthetic-minimax",
              "exitCode": 1,
              "message": "Your previous attempt exited with code 1. Review the CLI logs to diagnose the issue."
            },
            {
              "step": "lint",
              "exitCode": 1,
              "message": "Lint failed. Fix the reported lint errors."
            },
            {
              "step": "test:hidden",
              "exitCode": 1,
              "message": "A verification check failed."
            }
          ],
          "hiddenAssertions": [],
          "publicTestFailures": [],
          "hiddenTestFailures": []
        },
        "publicTestFailures": [],
        "hiddenTestFailures": [],
        "vybes": {
          "taskName": "form-capture",
          "configId": "codepuppy-synthetic-minimax",
          "complexityMultiplier": 5,
          "timeLimitMinutes": 10,
          "baseScore": 500,
          "successPercentage": 0,
          "baselineSuccessPercentage": 0,
          "adjustedSuccessPercentage": 0,
          "timePenaltyMultiplier": 1,
          "rawScore": 0,
          "finalScore": 0,
          "actualTimeMinutes": 0,
          "description": "Full-stack contact form application",
          "category": "full-stack",
          "breakdown": {
            "subtasksPassed": 1,
            "subtasksTotal": 6,
            "modulesCompleted": [],
            "modulesIncomplete": [
              "form-capture"
            ],
            "modules": {
              "form-capture": {
                "passed": 1,
                "total": 6,
                "passedTasks": [
                  "package-integrity"
                ],
                "failedTasks": [
                  "form-fields-render",
                  "invalid-email-validation",
                  "submission-persists",
                  "thank-you-page",
                  "css-styling"
                ]
              }
            }
          },
          "error": "lint/typecheck failed",
          "status": "error",
          "passesAttempted": 2,
          "selectedPass": 1,
          "totalCliDurationMs": 1
        }
      },
      {
        "passNumber": 3,
        "startedAt": "2025-11-03T02:34:50.780Z",
        "finishedAt": "2025-11-03T02:35:15.315Z",
        "totalDuration": 24535,
        "promptHash": "46a8c4284989f5f84fefb1403f9b8a72ecbb9a33c1311dceefa8eaa5d4f44536",
        "appliedFeedback": [
          "It isn't working correctly.",
          "Your previous attempt exited with code 1. Review the CLI logs to diagnose the issue.",
          "Lint failed. Fix the reported lint errors.",
          "A verification check failed.",
          "Please resolve the issues and re-run lint, tests, and build before finishing."
        ],
        "success": false,
        "partialSuccess": false,
        "workspaceArchive": "/home/runner/work/vybestack-site/vybestack-site/evals/outputs/form-capture-2025-11-03T02-33-59-746Z/codepuppy-synthetic-minimax/passes/pass-3/workspace",
        "resultsArchive": "/home/runner/work/vybestack-site/vybestack-site/evals/outputs/form-capture-2025-11-03T02-33-59-746Z/codepuppy-synthetic-minimax/passes/pass-3/results",
        "cliResult": {
          "command": "/home/acoliver/projects/sitandevals/codepuppy-wrapper.sh --prompt \"/set model synthetic-MiniMax-M2\n\nYou are building a friendly (and slightly cheeky) contact form web app.\nImplement an Express + TypeScript server that renders the form, validates international inputs, stores submissions in SQLite, and shows the thank-you page described below. Keep everything in TypeScript, no config edits, and rely only on the provided dependencies.\n\nProblem context:\n\n# Friendly Form Capture (Definitely Not A Scam)\n\nBuild a TypeScript + Express web application that serves a friendly international contact form, validates input, stores submissions, and then thanks the user with tongue-in-cheek copy about spamming them forever.\n\n## Requirements\n\n### Tech Stack\n- TypeScript throughout (strict mode). Do **not** convert files to JavaScript.\n- Express 4 with EJS templates for rendering pages.\n- SQLite persistence powered by `sql.js` (the WASM build). Store data under `data/submissions.sqlite` by loading the file into memory and exporting after inserts.\n- External stylesheet served from `/public/styles.css`; no inline styles.\n\n### Form Behaviour\n- GET `/` renders a responsive, modern-looking form collecting:\n  - First name\n  - Last name\n  - Street address\n  - City\n  - State / Province / Region\n  - Postal / Zip code (support letters and digits)\n  - Country (allow free text or select; no hard-coded US only)\n  - Email\n  - Phone number (accept international formats, e.g. `+44 20 7946 0958`, `+54 9 11 1234-5678`)\n- All labels must be associated with inputs (`for`/`id`) and inputs must use descriptive `name` attributes.\n- Failed validation re-renders the form with inline error messages and previously entered values.\n- Successful submission (POST `/submit`) inserts into SQLite, then issues a `302` redirect to `/thank-you`.\n\n### Validation Rules\n- Required fields must not be empty.\n- Email must be plausibly valid (simple regex OK). When validation fails, redisplay the form with status 400 (or 200) rather than redirecting.\n- Phone numbers can contain digits, spaces, parentheses, dashes, and a leading `+`.\n- Postal codes must accept alphanumeric strings (handle UK “SW1A 1AA” and Argentine formats like “C1000” or “B1675”).\n- Use server-side validation; do not rely solely on HTML5 attributes.\n\n### Thank-You Page\n- GET `/thank-you` renders a page that:\n    - Contains humorous text implying the data may be used for incessant spam and possible identity theft (“Why did you give your info to a stranger on the internet?”). Exact phrasing is flexible but the idea must be obvious.\n  - Links back to the form or offers a friendly note.\n\n### Persistence\n- Use the provided `db/schema.sql` to seed a `submissions` table (adjust columns as needed but keep the essentials). On startup, create the database file if it does not exist; after each insert, write the database back to disk so later runs can observe the data.\n- Database should initialize automatically on server start; avoid manual setup steps.\n- Closing the server should close the database to avoid locks.\n\n### Styling\n- Deliver a modern, accessible layout (flexbox or grid, reasonable color contrast, comfortable spacing).\n- Keep CSS in `public/styles.css`. Ensure the file is non-empty and contains more than a reset.\n\n### Server Lifecycle\n- The compiled server (`dist/server.js`) must read `process.env.PORT` (default to 3000) and listen on that port.\n- Provide a way to stop the server gracefully (close Express + DB). Hook into `SIGTERM` so the harness can tear it down.\n\n### Commands To Run Before Finishing\n```bash\nnpm run lint\nnpm run test:public\nnpm run typecheck\nnpm run build\n```\n\n## Testing Expectations\n- Public tests will:\n  - Ensure the form renders with all required fields.\n  - Submit a sample payload and verify a redirect to `/thank-you`.\n  - Query SQLite to check data persistence.\n- Hidden tests will:\n  - Submit international postal codes/phone numbers (including Argentine examples) to ensure validation passes.\n  - Confirm invalid emails trigger form errors.\n  - Check that `/thank-you` includes the expected humor and the first name.\n  - Launch the compiled server, perform live requests, and confirm server shutdown works.\n\nStick to the provided dependencies and configuration files. Creativity in the copy and styling is encouraged—just meet the functional requirements and keep things tasteful (apart from the playful scam warning).\n\n### Constraints\n- **Do not** modify `tsconfig.json`, `package.json`, or the ESLint/Prettier configs.\n- Keep everything fully typed—avoid `any` unless absolutely necessary.\n\nBefore finishing, run these commands and report any failures honestly:\nnpm run typecheck, npm run lint, npm run test:public, npm run build\n\nIMPORTANT: You must run lint and the build as a final step and resolve ANY lint or build errors before finishing.\nFix all ESLint errors (unused variables, any types, etc.) and ensure the build completes successfully.\n\n### Remediation Guidance\n- It isn't working correctly.\n- Your previous attempt exited with code 1. Review the CLI logs to diagnose the issue.\n- Lint failed. Fix the reported lint errors.\n- A verification check failed.\n- Please resolve the issues and re-run lint, tests, and build before finishing.\n\"",
          "cwd": "/home/runner/work/vybestack-site/vybestack-site/evals/problems/form-capture/.tmp-workspace-2786440d-2b34-4ad7-bcc4-c16dc4a57204-Huf6Sa/workspace",
          "exitCode": 1,
          "stdout": "",
          "stderr": "",
          "duration": 2,
          "label": "codepuppy-synthetic-minimax"
        },
        "buildResults": [
          {
            "command": "npm install",
            "cwd": "/home/runner/work/vybestack-site/vybestack-site/evals/problems/form-capture/.tmp-workspace-2786440d-2b34-4ad7-bcc4-c16dc4a57204-Huf6Sa/workspace",
            "exitCode": 0,
            "stdout": "\nup to date, audited 344 packages in 836ms\n\n96 packages are looking for funding\n  run `npm fund` for details\n\n4 moderate severity vulnerabilities\n\nTo address all issues (including breaking changes), run:\n  npm audit fix --force\n\nRun `npm audit` for details.\n",
            "stderr": "",
            "duration": 929,
            "label": "workspace-install"
          },
          {
            "command": "npm run lint",
            "cwd": "/home/runner/work/vybestack-site/vybestack-site/evals/problems/form-capture/.tmp-workspace-2786440d-2b34-4ad7-bcc4-c16dc4a57204-Huf6Sa/workspace",
            "exitCode": 1,
            "stdout": "\n> form-capture-eval@0.0.1 lint\n> eslint . --ext .ts\n\n\n/home/runner/work/vybestack-site/vybestack-site/evals/problems/form-capture/.tmp-workspace-2786440d-2b34-4ad7-bcc4-c16dc4a57204-Huf6Sa/workspace/tests/public/form.spec.ts\n  2:8   error  'request' is defined but never used       @typescript-eslint/no-unused-vars\n  3:8   error  'cheerio' is defined but never used       @typescript-eslint/no-unused-vars\n  7:13  error  Unexpected any. Specify a different type  @typescript-eslint/no-explicit-any\n  8:5   error  'app' is defined but never used           @typescript-eslint/no-unused-vars\n  8:10  error  Unexpected any. Specify a different type  @typescript-eslint/no-explicit-any\n\n✖ 5 problems (5 errors, 0 warnings)\n\n",
            "stderr": "",
            "duration": 3084,
            "label": "lint"
          },
          {
            "command": "npm run test:public",
            "cwd": "/home/runner/work/vybestack-site/vybestack-site/evals/problems/form-capture/.tmp-workspace-2786440d-2b34-4ad7-bcc4-c16dc4a57204-Huf6Sa/workspace",
            "exitCode": 0,
            "stdout": "\n> form-capture-eval@0.0.1 test:public\n> vitest run --config vitest.config.public.ts\n\n\n\u001b[7m\u001b[1m\u001b[36m RUN \u001b[39m\u001b[22m\u001b[27m \u001b[36mv1.6.1\u001b[39m \u001b[90m/home/runner/work/vybestack-site/vybestack-site/evals/problems/form-capture/.tmp-workspace-2786440d-2b34-4ad7-bcc4-c16dc4a57204-Huf6Sa/workspace\u001b[39m\n\n \u001b[32m✓\u001b[39m tests/public/form.spec.ts \u001b[2m (\u001b[22m\u001b[2m2 tests\u001b[22m\u001b[2m)\u001b[22m\u001b[90m 2\u001b[2mms\u001b[22m\u001b[39m\n\n\u001b[2m Test Files \u001b[22m \u001b[1m\u001b[32m1 passed\u001b[39m\u001b[22m\u001b[90m (1)\u001b[39m\n\u001b[2m      Tests \u001b[22m \u001b[1m\u001b[32m2 passed\u001b[39m\u001b[22m\u001b[90m (2)\u001b[39m\n\u001b[2m   Start at \u001b[22m 02:34:55\n\u001b[2m   Duration \u001b[22m 282ms\u001b[2m (transform 26ms, setup 0ms, collect 20ms, tests 2ms, environment 0ms, prepare 78ms)\u001b[22m\n\n",
            "stderr": "",
            "duration": 748,
            "label": "test:public"
          },
          {
            "command": "npm run typecheck",
            "cwd": "/home/runner/work/vybestack-site/vybestack-site/evals/problems/form-capture/.tmp-workspace-2786440d-2b34-4ad7-bcc4-c16dc4a57204-Huf6Sa/workspace",
            "exitCode": 0,
            "stdout": "\n> form-capture-eval@0.0.1 typecheck\n> tsc --noEmit\n\n",
            "stderr": "",
            "duration": 1081,
            "label": "typecheck"
          },
          {
            "command": "npm run build",
            "cwd": "/home/runner/work/vybestack-site/vybestack-site/evals/problems/form-capture/.tmp-workspace-2786440d-2b34-4ad7-bcc4-c16dc4a57204-Huf6Sa/workspace",
            "exitCode": 0,
            "stdout": "\n> form-capture-eval@0.0.1 build\n> tsc -p tsconfig.json\n\n",
            "stderr": "",
            "duration": 1109,
            "label": "build"
          }
        ],
        "gradeResults": [
          {
            "command": "npm install",
            "cwd": "/home/runner/work/vybestack-site/vybestack-site/evals/grading/form-capture",
            "exitCode": 0,
            "stdout": "\nup to date, audited 330 packages in 804ms\n\n96 packages are looking for funding\n  run `npm fund` for details\n\n2 moderate severity vulnerabilities\n\nTo address all issues, run:\n  npm audit fix\n\nRun `npm audit` for details.\n",
            "stderr": "",
            "duration": 895,
            "label": "workspace-install"
          },
          {
            "command": "npm --prefix workspace install",
            "cwd": "/home/runner/work/vybestack-site/vybestack-site/evals/grading/form-capture",
            "exitCode": 0,
            "stdout": "\nadded 343 packages, and audited 344 packages in 2s\n\n96 packages are looking for funding\n  run `npm fund` for details\n\n4 moderate severity vulnerabilities\n\nTo address all issues (including breaking changes), run:\n  npm audit fix --force\n\nRun `npm audit` for details.\n",
            "stderr": "npm warn deprecated inflight@1.0.6: This module is not supported, and leaks memory. Do not use it. Check out lru-cache if you want a good and tested way to coalesce async requests by a key value, which is much more comprehensive and powerful.\nnpm warn deprecated @humanwhocodes/config-array@0.13.0: Use @eslint/config-array instead\nnpm warn deprecated rimraf@3.0.2: Rimraf versions prior to v4 are no longer supported\nnpm warn deprecated glob@7.2.3: Glob versions prior to v9 are no longer supported\nnpm warn deprecated @humanwhocodes/object-schema@2.0.3: Use @eslint/object-schema instead\nnpm warn deprecated eslint@8.57.1: This version is no longer supported. Please see https://eslint.org/version-support for other options.\n",
            "duration": 2462,
            "label": "workspace-install-subdir"
          },
          {
            "command": "npm --prefix workspace run build",
            "cwd": "/home/runner/work/vybestack-site/vybestack-site/evals/grading/form-capture",
            "exitCode": 0,
            "stdout": "\n> form-capture-eval@0.0.1 build\n> tsc -p tsconfig.json\n\n",
            "stderr": "",
            "duration": 1086,
            "label": "workspace-build-subdir"
          },
          {
            "command": "npm run typecheck",
            "cwd": "/home/runner/work/vybestack-site/vybestack-site/evals/grading/form-capture",
            "exitCode": 0,
            "stdout": "\n> form-capture-grading@0.0.1 typecheck\n> tsc -p tsconfig.json\n\n",
            "stderr": "",
            "duration": 1413,
            "label": "typecheck"
          },
          {
            "command": "npm run test:hidden",
            "cwd": "/home/runner/work/vybestack-site/vybestack-site/evals/grading/form-capture",
            "exitCode": 1,
            "stdout": "\n> form-capture-grading@0.0.1 test:hidden\n> vitest run --config vitest.config.hidden.ts\n\n\n\u001b[7m\u001b[1m\u001b[36m RUN \u001b[39m\u001b[22m\u001b[27m \u001b[36mv1.6.1\u001b[39m \u001b[90m/home/runner/work/vybestack-site/vybestack-site/evals/grading/form-capture\u001b[39m\n\n \u001b[32m✓\u001b[39m tests/hidden/package.spec.ts \u001b[2m (\u001b[22m\u001b[2m1 test\u001b[22m\u001b[2m)\u001b[22m\u001b[90m 3\u001b[2mms\u001b[22m\u001b[39m\n \u001b[33m❯\u001b[39m tests/hidden/form.spec.ts \u001b[2m (\u001b[22m\u001b[2m4 tests\u001b[22m\u001b[2m)\u001b[22m\n \u001b[33m❯\u001b[39m tests/hidden/form.spec.ts \u001b[2m (\u001b[22m\u001b[2m4 tests\u001b[22m\u001b[2m)\u001b[22m\u001b[33m 10517\u001b[2mms\u001b[22m\u001b[39m\n\n\u001b[2m Test Files \u001b[22m \u001b[1m\u001b[31m1 failed\u001b[39m\u001b[22m\u001b[2m | \u001b[22m\u001b[1m\u001b[32m1 passed\u001b[39m\u001b[22m\u001b[90m (2)\u001b[39m\n\u001b[2m      Tests \u001b[22m \u001b[1m\u001b[32m1 passed\u001b[39m\u001b[22m\u001b[90m (5)\u001b[39m\n\u001b[2m   Start at \u001b[22m 02:35:04\n\u001b[2m   Duration \u001b[22m 10.99s\u001b[2m (transform 67ms, setup 0ms, collect 259ms, tests 10.52s, environment 0ms, prepare 195ms)\u001b[22m\n\n",
            "stderr": "Server not implemented yet.\n\u001b[31m⎯⎯⎯⎯⎯⎯\u001b[1m\u001b[7m Failed Suites 1 \u001b[27m\u001b[22m⎯⎯⎯⎯⎯⎯⎯\u001b[39m\n\n\u001b[31m\u001b[1m\u001b[7m FAIL \u001b[27m\u001b[22m\u001b[39m tests/hidden/form.spec.ts \u001b[2m[ tests/hidden/form.spec.ts ]\u001b[22m\n\u001b[31m\u001b[1mError\u001b[22m: Hook timed out in 10000ms.\nIf this is a long-running hook, pass a timeout value as the last argument or configure it globally with \"hookTimeout\".\u001b[39m\n\u001b[31m\u001b[2m⎯⎯⎯⎯⎯⎯⎯⎯⎯⎯⎯⎯⎯⎯⎯⎯⎯⎯⎯⎯⎯⎯⎯⎯[1/1]⎯\u001b[22m\u001b[39m\n\n",
            "duration": 11450,
            "label": "test:hidden"
          }
        ],
        "publicTestFailures": [],
        "hiddenTestFailures": [],
        "vybes": {
          "taskName": "form-capture",
          "configId": "codepuppy-synthetic-minimax",
          "complexityMultiplier": 5,
          "timeLimitMinutes": 10,
          "baseScore": 500,
          "successPercentage": 0,
          "baselineSuccessPercentage": 0,
          "adjustedSuccessPercentage": 0,
          "timePenaltyMultiplier": 1,
          "rawScore": 0,
          "finalScore": 0,
          "actualTimeMinutes": 0,
          "description": "Full-stack contact form application",
          "category": "full-stack",
          "breakdown": {
            "subtasksPassed": 1,
            "subtasksTotal": 6,
            "modulesCompleted": [],
            "modulesIncomplete": [
              "form-capture"
            ],
            "modules": {
              "form-capture": {
                "passed": 1,
                "total": 6,
                "passedTasks": [
                  "package-integrity"
                ],
                "failedTasks": [
                  "form-fields-render",
                  "invalid-email-validation",
                  "submission-persists",
                  "thank-you-page",
                  "css-styling"
                ]
              }
            }
          },
          "error": "lint/typecheck failed",
          "status": "error",
          "passesAttempted": 3,
          "selectedPass": 2,
          "totalCliDurationMs": 2
        }
      }
    ]
  },
  "vybes": {
    "taskName": "form-capture",
    "configId": "codepuppy-synthetic-minimax",
    "complexityMultiplier": 5,
    "timeLimitMinutes": 10,
    "baseScore": 500,
    "successPercentage": 0,
    "baselineSuccessPercentage": 0,
    "adjustedSuccessPercentage": 0,
    "timePenaltyMultiplier": 1,
    "rawScore": 0,
    "finalScore": 0,
    "actualTimeMinutes": 1.259,
    "description": "Full-stack contact form application",
    "category": "full-stack",
    "breakdown": {
      "subtasksPassed": 1,
      "subtasksTotal": 6,
      "modulesCompleted": [],
      "modulesIncomplete": [
        "form-capture"
      ],
      "modules": {
        "form-capture": {
          "passed": 1,
          "total": 6,
          "passedTasks": [
            "package-integrity"
          ],
          "failedTasks": [
            "form-fields-render",
            "invalid-email-validation",
            "submission-persists",
            "thank-you-page",
            "css-styling"
          ]
        }
      }
    },
    "error": "lint/typecheck failed",
    "status": "error",
    "passesAttempted": 3,
    "selectedPass": 0,
    "totalCliDurationMs": 75525,
    "repoVersion": "main@bb10b6b"
  }
}