{
  "evalName": "pagination",
  "configId": "llxprt-synthetic-minimax",
  "startedAt": "2025-10-29T13:07:42.364Z",
  "finishedAt": "2025-10-29T13:07:42.364Z",
  "status": "fail",
  "totalDuration": 37526,
  "commands": [
    {
      "name": "llxprt",
      "command": "llxprt --provider openai --baseurl https://api.synthetic.new/openai/v1 --key *** --model hf:MiniMaxAI/MiniMax-M2 --set context-limit=190000 --set shell-replacement=true --set modelparam.temperature=1 --yolo",
      "cwd": "/home/runner/work/vybestack-site/vybestack-site/evals/problems/pagination/.tmp-workspace-2687d2e0-5e0c-4e8f-826a-6a54c2f7e2e5-ftWT5v/workspace",
      "exitCode": 0,
      "stdout": "<think>This is a Pagination Service Repair task for a TypeScript project with Express API (SQLite-backed) and React client. Let me break down what I need to understand and do:\n\n## Understanding the Current State\n\nFrom the requirements, I need to:\n\n1. **Express API (`GET /inventory`)**:\n   - Accept `page` and `limit` query parameters (default: page=1, limit=5)\n   - Validate inputs (reject non-numeric, negative, zero, or excessive values with HTTP 400)\n   - Query must return correct slice without skipping/duplicating rows\n   - Response should include pagination metadata: `page`, `limit`, `total`, `hasNext`\n\n2. **React hook/component**:\n   - Request selected page\n   - Update when user navigates\n   - Surface errors\n   - Provide \"Previous\" and \"Next\" controls that disable appropriately\n   - Handle empty states and propagate server validation errors\n\n3. **Database**: Keep bootstrap (`createDatabase`) intact, but can add helpers\n\n4. **Commands to run**: npm install, npm run typecheck, npm run lint, npm run test:public, npm run build\n\nLet me start by exploring the project structure and understanding the current implementation.\n</think>\n\nI'll help you restore the correct pagination behavior across the Express API and React client. Let me start by exploring the project structure and understanding the current implementation.\n<think>Now I need to start by exploring the project structure to understand the current implementation. Let me first read the problem.md and prompt.md files to understand the requirements, then examine the code files.\n</think>\n\n\n<think>It seems the files don't exist. Let me first list the workspace to see what files are available, then read the key source files to understand the current implementation.\n</think>\n\n\n<think>Let me try a different approach to understand the project structure. Let me read the actual files using their full paths from the workspace listing I can see.\n\nFrom the workspace listing I can see:\n- problem.md (in root)\n- prompt.md (in root)\n- src/server/app.ts\n- src/server/db.ts\n- src/server/inventoryRepository.ts\n- src/server/server.ts\n- src/client/InventoryView.tsx\n- src/client/useInventory.tsx\n- src/shared/types.ts\n- data/seed.sql\n- tests/public/smoke.spec.ts\n\nLet me start by examining these key files to understand the current implementation.\n</think>\n\n\n<think>I need to use the correct absolute path format. The project root is `/home/runner/work/vybestack-site/vybestack-site/evals/problems/pagination/.tmp-workspace-2687d2e0-5e0c-4e8f-826a-6a54c2f7e2e5-ftWT5v/workspace` based on the context provided.\n</think>\n\nI have already made several tool calls without a todo list. Immediately call todo_write after this next tool call to organize the work.\n",
      "stderr": "",
      "duration": 24108,
      "success": true
    },
    {
      "name": "npm",
      "command": "npm install",
      "cwd": "/home/runner/work/vybestack-site/vybestack-site/evals/problems/pagination/.tmp-workspace-2687d2e0-5e0c-4e8f-826a-6a54c2f7e2e5-ftWT5v/workspace",
      "exitCode": 0,
      "stdout": "\nadded 370 packages, and audited 371 packages in 2s\n\n79 packages are looking for funding\n  run `npm fund` for details\n\n2 moderate severity vulnerabilities\n\nTo address all issues, run:\n  npm audit fix\n\nRun `npm audit` for details.\n",
      "stderr": "npm warn deprecated inflight@1.0.6: This module is not supported, and leaks memory. Do not use it. Check out lru-cache if you want a good and tested way to coalesce async requests by a key value, which is much more comprehensive and powerful.\nnpm warn deprecated supertest@6.3.4: Please upgrade to supertest v7.1.3+, see release notes at https://github.com/forwardemail/supertest/releases/tag/v7.1.3 - maintenance is supported by Forward Email @ https://forwardemail.net\nnpm warn deprecated @humanwhocodes/config-array@0.13.0: Use @eslint/config-array instead\nnpm warn deprecated rimraf@3.0.2: Rimraf versions prior to v4 are no longer supported\nnpm warn deprecated glob@7.2.3: Glob versions prior to v9 are no longer supported\nnpm warn deprecated @humanwhocodes/object-schema@2.0.3: Use @eslint/object-schema instead\nnpm warn deprecated superagent@8.1.2: Please upgrade to superagent v10.2.2+, see release notes at https://github.com/forwardemail/superagent/releases/tag/v10.2.2 - maintenance is supported by Forward Email @ https://forwardemail.net\nnpm warn deprecated eslint@8.57.1: This version is no longer supported. Please see https://eslint.org/version-support for other options.\n",
      "duration": 2463,
      "success": true
    },
    {
      "name": "npm",
      "command": "npm run typecheck",
      "cwd": "/home/runner/work/vybestack-site/vybestack-site/evals/problems/pagination/.tmp-workspace-2687d2e0-5e0c-4e8f-826a-6a54c2f7e2e5-ftWT5v/workspace",
      "exitCode": 0,
      "stdout": "\n> pagination-eval@0.0.1 typecheck\n> tsc --noEmit\n\n",
      "stderr": "",
      "duration": 1663,
      "success": true
    },
    {
      "name": "npm",
      "command": "npm run lint",
      "cwd": "/home/runner/work/vybestack-site/vybestack-site/evals/problems/pagination/.tmp-workspace-2687d2e0-5e0c-4e8f-826a-6a54c2f7e2e5-ftWT5v/workspace",
      "exitCode": 1,
      "stdout": "\n> pagination-eval@0.0.1 lint\n> eslint . --ext .ts,.tsx\n\n\n/home/runner/work/vybestack-site/vybestack-site/evals/problems/pagination/.tmp-workspace-2687d2e0-5e0c-4e8f-826a-6a54c2f7e2e5-ftWT5v/workspace/src/client/useInventory.tsx\n  16:30  error  'page' is defined but never used   @typescript-eslint/no-unused-vars\n  16:44  error  'limit' is defined but never used  @typescript-eslint/no-unused-vars\n\n✖ 2 problems (2 errors, 0 warnings)\n\n",
      "stderr": "",
      "duration": 2623,
      "success": false
    },
    {
      "name": "npm",
      "command": "npm run test:public",
      "cwd": "/home/runner/work/vybestack-site/vybestack-site/evals/problems/pagination/.tmp-workspace-2687d2e0-5e0c-4e8f-826a-6a54c2f7e2e5-ftWT5v/workspace",
      "exitCode": 0,
      "stdout": "\n> pagination-eval@0.0.1 test:public\n> vitest run --config vitest.config.public.ts\n\n\n\u001b[7m\u001b[1m\u001b[36m RUN \u001b[39m\u001b[22m\u001b[27m \u001b[36mv1.6.1\u001b[39m \u001b[90m/home/runner/work/vybestack-site/vybestack-site/evals/problems/pagination/.tmp-workspace-2687d2e0-5e0c-4e8f-826a-6a54c2f7e2e5-ftWT5v/workspace\u001b[39m\n\n \u001b[32m✓\u001b[39m tests/public/smoke.spec.ts \u001b[2m (\u001b[22m\u001b[2m1 test\u001b[22m\u001b[2m)\u001b[22m\u001b[90m 53\u001b[2mms\u001b[22m\u001b[39m\n\n\u001b[2m Test Files \u001b[22m \u001b[1m\u001b[32m1 passed\u001b[39m\u001b[22m\u001b[90m (1)\u001b[39m\n\u001b[2m      Tests \u001b[22m \u001b[1m\u001b[32m1 passed\u001b[39m\u001b[22m\u001b[90m (1)\u001b[39m\n\u001b[2m   Start at \u001b[22m 13:07:36\n\u001b[2m   Duration \u001b[22m 473ms\u001b[2m (transform 46ms, setup 0ms, collect 160ms, tests 53ms, environment 0ms, prepare 78ms)\u001b[22m\n\n",
      "stderr": "",
      "duration": 976,
      "success": true
    },
    {
      "name": "npm",
      "command": "npm run lint",
      "cwd": "/home/runner/work/vybestack-site/vybestack-site/evals/grading/pagination",
      "exitCode": 1,
      "stdout": "\n> pagination-grading@0.0.1 lint\n> eslint workspace/src workspace/tests --ext .ts,.tsx\n\n\n/home/runner/work/vybestack-site/vybestack-site/evals/grading/pagination/workspace/src/client/useInventory.tsx\n  16:30  error  'page' is defined but never used   @typescript-eslint/no-unused-vars\n  16:44  error  'limit' is defined but never used  @typescript-eslint/no-unused-vars\n\n✖ 2 problems (2 errors, 0 warnings)\n\n",
      "stderr": "",
      "duration": 2575,
      "success": false
    },
    {
      "name": "npm",
      "command": "npm run typecheck",
      "cwd": "/home/runner/work/vybestack-site/vybestack-site/evals/grading/pagination",
      "exitCode": 0,
      "stdout": "\n> pagination-grading@0.0.1 typecheck\n> tsc -p tsconfig.json\n\n",
      "stderr": "",
      "duration": 1624,
      "success": true
    },
    {
      "name": "npm",
      "command": "npm run test:hidden",
      "cwd": "/home/runner/work/vybestack-site/vybestack-site/evals/grading/pagination",
      "exitCode": 1,
      "stdout": "\n> pagination-grading@0.0.1 test:hidden\n> vitest run --config vitest.config.hidden.ts\n\n\n\u001b[7m\u001b[1m\u001b[36m RUN \u001b[39m\u001b[22m\u001b[27m \u001b[36mv1.6.1\u001b[39m \u001b[90m/home/runner/work/vybestack-site/vybestack-site/evals/grading/pagination\u001b[39m\n\n \u001b[33m❯\u001b[39m tests/hidden/api.spec.ts \u001b[2m (\u001b[22m\u001b[2m3 tests\u001b[22m \u001b[2m|\u001b[22m \u001b[31m3 failed\u001b[39m\u001b[2m)\u001b[22m\u001b[90m 96\u001b[2mms\u001b[22m\u001b[39m\n\u001b[31m   \u001b[33m❯\u001b[31m tests/hidden/api.spec.ts\u001b[2m > \u001b[22mGET /inventory pagination\u001b[2m > \u001b[22mreturns the correct slice of data for a mid-page request\u001b[39m\n\u001b[31m     → expected [ 9, 10, 11, 12 ] to deeply equal [ 5, 6, 7, 8 ]\u001b[39m\n\u001b[31m   \u001b[33m❯\u001b[31m tests/hidden/api.spec.ts\u001b[2m > \u001b[22mGET /inventory pagination\u001b[2m > \u001b[22mindicates when the final page has been reached\u001b[39m\n\u001b[31m     → expected [] to have a length of 3 but got +0\u001b[39m\n\u001b[31m   \u001b[33m❯\u001b[31m tests/hidden/api.spec.ts\u001b[2m > \u001b[22mGET /inventory pagination\u001b[2m > \u001b[22mrejects invalid pagination parameters\u001b[39m\n\u001b[31m     → expected 200 to be 400 // Object.is equality\u001b[39m\n\n\n::error file=/home/runner/work/vybestack-site/vybestack-site/evals/grading/pagination/tests/hidden/api.spec.ts,title=tests/hidden/api.spec.ts > GET /inventory pagination > returns the correct slice of data for a mid-page request,line=43,column=17::AssertionError: expected [ 9, 10, 11, 12 ] to deeply equal [ 5, 6, 7, 8 ]%0A%0A- Expected%0A+ Received%0A%0A  Array [%0A-   5,%0A-   6,%0A-   7,%0A-   8,%0A+   9,%0A+   10,%0A+   11,%0A+   12,%0A  ]%0A%0A ❯ tests/hidden/api.spec.ts:43:17%0A%0A\n\n::error file=/home/runner/work/vybestack-site/vybestack-site/evals/grading/pagination/tests/hidden/api.spec.ts,title=tests/hidden/api.spec.ts > GET /inventory pagination > indicates when the final page has been reached,line=51,column=33::AssertionError: expected [] to have a length of 3 but got +0%0A%0A- Expected%0A+ Received%0A%0A- 3%0A+ 0%0A%0A ❯ tests/hidden/api.spec.ts:51:33%0A%0A\n\n::error file=/home/runner/work/vybestack-site/vybestack-site/evals/grading/pagination/tests/hidden/api.spec.ts,title=tests/hidden/api.spec.ts > GET /inventory pagination > rejects invalid pagination parameters,line=59,column=29::AssertionError: expected 200 to be 400 // Object.is equality%0A%0A- Expected%0A+ Received%0A%0A- 400%0A+ 200%0A%0A ❯ tests/hidden/api.spec.ts:59:29%0A%0A\n\u001b[2m Test Files \u001b[22m \u001b[1m\u001b[31m1 failed\u001b[39m\u001b[22m\u001b[90m (1)\u001b[39m\n\u001b[2m      Tests \u001b[22m \u001b[1m\u001b[31m3 failed\u001b[39m\u001b[22m\u001b[90m (3)\u001b[39m\n\u001b[2m   Start at \u001b[22m 13:07:41\n\u001b[2m   Duration \u001b[22m 954ms\u001b[2m (transform 60ms, setup 71ms, collect 123ms, tests 96ms, environment 383ms, prepare 83ms)\u001b[22m\n\n",
      "stderr": "\u001b[31m⎯⎯⎯⎯⎯⎯⎯\u001b[1m\u001b[7m Failed Tests 3 \u001b[27m\u001b[22m⎯⎯⎯⎯⎯⎯⎯\u001b[39m\n\n\u001b[31m\u001b[1m\u001b[7m FAIL \u001b[27m\u001b[22m\u001b[39m tests/hidden/api.spec.ts\u001b[2m > \u001b[22mGET /inventory pagination\u001b[2m > \u001b[22mreturns the correct slice of data for a mid-page request\n\u001b[31m\u001b[1mAssertionError\u001b[22m: expected [ 9, 10, 11, 12 ] to deeply equal [ 5, 6, 7, 8 ]\u001b[39m\n\n- Expected\n+ Received\n\n  Array [\n-   5,\n-   6,\n-   7,\n-   8,\n+   9,\n+   10,\n+   11,\n+   12,\n  ]\n\n\u001b[36m \u001b[2m❯\u001b[22m tests/hidden/api.spec.ts:\u001b[2m43:17\u001b[22m\u001b[39m\n    \u001b[90m 41| \u001b[39m\n    \u001b[90m 42| \u001b[39m    \u001b[35mconst\u001b[39m ids \u001b[33m=\u001b[39m response\u001b[33m.\u001b[39mbody\u001b[33m.\u001b[39mitems\u001b[33m.\u001b[39m\u001b[34mmap\u001b[39m((item\u001b[33m:\u001b[39m { id\u001b[33m:\u001b[39m number }) \u001b[33m=>\u001b[39m item…\n    \u001b[90m 43| \u001b[39m    \u001b[34mexpect\u001b[39m(ids)\u001b[33m.\u001b[39m\u001b[34mtoEqual\u001b[39m([\u001b[34m5\u001b[39m\u001b[33m,\u001b[39m \u001b[34m6\u001b[39m\u001b[33m,\u001b[39m \u001b[34m7\u001b[39m\u001b[33m,\u001b[39m \u001b[34m8\u001b[39m])\u001b[33m;\u001b[39m\n    \u001b[90m   | \u001b[39m                \u001b[31m^\u001b[39m\n    \u001b[90m 44| \u001b[39m    taskStatus\u001b[33m.\u001b[39m\u001b[35mset\u001b[39m(\u001b[32m'api-mid-page-request'\u001b[39m\u001b[33m,\u001b[39m \u001b[35mtrue\u001b[39m)\u001b[33m;\u001b[39m\n    \u001b[90m 45| \u001b[39m  })\u001b[33m;\u001b[39m\n\n\u001b[31m\u001b[2m⎯⎯⎯⎯⎯⎯⎯⎯⎯⎯⎯⎯⎯⎯⎯⎯⎯⎯⎯⎯⎯⎯⎯⎯[1/3]⎯\u001b[22m\u001b[39m\n\n\u001b[31m\u001b[1m\u001b[7m FAIL \u001b[27m\u001b[22m\u001b[39m tests/hidden/api.spec.ts\u001b[2m > \u001b[22mGET /inventory pagination\u001b[2m > \u001b[22mindicates when the final page has been reached\n\u001b[31m\u001b[1mAssertionError\u001b[22m: expected [] to have a length of 3 but got +0\u001b[39m\n\n- Expected\n+ Received\n\n- 3\n+ 0\n\n\u001b[36m \u001b[2m❯\u001b[22m tests/hidden/api.spec.ts:\u001b[2m51:33\u001b[22m\u001b[39m\n    \u001b[90m 49| \u001b[39m\n    \u001b[90m 50| \u001b[39m    \u001b[34mexpect\u001b[39m(response\u001b[33m.\u001b[39mstatus)\u001b[33m.\u001b[39m\u001b[34mtoBe\u001b[39m(\u001b[34m200\u001b[39m)\u001b[33m;\u001b[39m\n    \u001b[90m 51| \u001b[39m    \u001b[34mexpect\u001b[39m(response\u001b[33m.\u001b[39mbody\u001b[33m.\u001b[39mitems)\u001b[33m.\u001b[39m\u001b[34mtoHaveLength\u001b[39m(\u001b[34m3\u001b[39m)\u001b[33m;\u001b[39m\n    \u001b[90m   | \u001b[39m                                \u001b[31m^\u001b[39m\n    \u001b[90m 52| \u001b[39m    \u001b[34mexpect\u001b[39m(response\u001b[33m.\u001b[39mbody\u001b[33m.\u001b[39mhasNext)\u001b[33m.\u001b[39m\u001b[34mtoBe\u001b[39m(\u001b[35mfalse\u001b[39m)\u001b[33m;\u001b[39m\n    \u001b[90m 53| \u001b[39m    taskStatus\u001b[33m.\u001b[39m\u001b[35mset\u001b[39m(\u001b[32m'api-final-page-handling'\u001b[39m\u001b[33m,\u001b[39m \u001b[35mtrue\u001b[39m)\u001b[33m;\u001b[39m\n\n\u001b[31m\u001b[2m⎯⎯⎯⎯⎯⎯⎯⎯⎯⎯⎯⎯⎯⎯⎯⎯⎯⎯⎯⎯⎯⎯⎯⎯[2/3]⎯\u001b[22m\u001b[39m\n\n\u001b[31m\u001b[1m\u001b[7m FAIL \u001b[27m\u001b[22m\u001b[39m tests/hidden/api.spec.ts\u001b[2m > \u001b[22mGET /inventory pagination\u001b[2m > \u001b[22mrejects invalid pagination parameters\n\u001b[31m\u001b[1mAssertionError\u001b[22m: expected 200 to be 400 // Object.is equality\u001b[39m\n\n- Expected\n+ Received\n\n- 400\n+ 200\n\n\u001b[36m \u001b[2m❯\u001b[22m tests/hidden/api.spec.ts:\u001b[2m59:29\u001b[22m\u001b[39m\n    \u001b[90m 57| \u001b[39m    \u001b[35mconst\u001b[39m response \u001b[33m=\u001b[39m \u001b[35mawait\u001b[39m \u001b[34mrequest\u001b[39m(app)\u001b[33m.\u001b[39m\u001b[35mget\u001b[39m(\u001b[32m'/inventory'\u001b[39m)\u001b[33m.\u001b[39m\u001b[34mquery\u001b[39m({ page…\n    \u001b[90m 58| \u001b[39m\n    \u001b[90m 59| \u001b[39m    \u001b[34mexpect\u001b[39m(response\u001b[33m.\u001b[39mstatus)\u001b[33m.\u001b[39m\u001b[34mtoBe\u001b[39m(\u001b[34m400\u001b[39m)\u001b[33m;\u001b[39m\n    \u001b[90m   | \u001b[39m                            \u001b[31m^\u001b[39m\n    \u001b[90m 60| \u001b[39m    \u001b[34mexpect\u001b[39m((response\u001b[33m.\u001b[39mbody\u001b[33m.\u001b[39merror \u001b[33m??\u001b[39m \u001b[32m''\u001b[39m)\u001b[33m.\u001b[39m\u001b[34mtoLowerCase\u001b[39m())\u001b[33m.\u001b[39m\u001b[34mtoContain\u001b[39m(\u001b[32m'page'\u001b[39m…\n    \u001b[90m 61| \u001b[39m    taskStatus\u001b[33m.\u001b[39m\u001b[35mset\u001b[39m(\u001b[32m'api-invalid-parameter-handling'\u001b[39m\u001b[33m,\u001b[39m \u001b[35mtrue\u001b[39m)\u001b[33m;\u001b[39m\n\n\u001b[31m\u001b[2m⎯⎯⎯⎯⎯⎯⎯⎯⎯⎯⎯⎯⎯⎯⎯⎯⎯⎯⎯⎯⎯⎯⎯⎯[3/3]⎯\u001b[22m\u001b[39m\n\n",
      "duration": 1460,
      "success": false
    }
  ],
  "workspaceArchive": "/home/runner/work/vybestack-site/vybestack-site/evals/outputs/pagination-2025-10-29T13-07-04-836Z/llxprt-synthetic-minimax/workspace",
  "runSessionId": "a5d5f6b8-7998-4243-a6bf-8d92124ef3f8",
  "runSessionStartedAt": "2025-10-29T12:50:29.452Z",
  "repoVersion": "main@69ccffa",
  "vybes": {
    "taskName": "pagination",
    "configId": "llxprt-synthetic-minimax",
    "complexityMultiplier": 5,
    "timeLimitMinutes": 10,
    "baseScore": 500,
    "successPercentage": 0,
    "baselineSuccessPercentage": 0,
    "adjustedSuccessPercentage": 0,
    "timePenaltyMultiplier": 1,
    "rawScore": 0,
    "finalScore": 0,
    "actualTimeMinutes": 0.402,
    "description": "Server and client pagination repair",
    "category": "full-stack",
    "breakdown": {
      "subtasksPassed": 0,
      "subtasksTotal": 5,
      "modulesCompleted": [],
      "modulesIncomplete": [
        "pagination"
      ],
      "modules": {
        "pagination": {
          "passed": 0,
          "total": 5,
          "passedTasks": [],
          "failedTasks": [
            "api-mid-page-request",
            "api-final-page-handling",
            "api-invalid-parameter-handling",
            "client-navigation",
            "client-alert"
          ]
        }
      }
    },
    "error": "lint/typecheck failed",
    "status": "error",
    "repoVersion": "main@69ccffa"
  }
}