{
  "evalName": "report-builder",
  "configId": "llxprt-synthetic-minimax",
  "startedAt": "2025-10-31T15:20:32.998Z",
  "finishedAt": "2025-10-31T15:20:32.998Z",
  "status": "pass",
  "totalDuration": 105736,
  "totalCliDuration": 105703,
  "commands": [
    {
      "name": "llxprt-synthetic-minimax",
      "command": "llxprt --provider openai --baseurl https://api.synthetic.new/openai/v1 --key *** --model hf:MiniMaxAI/MiniMax-M2 --set context-limit=190000 --set shell-replacement=true --set modelparam.temperature=1 --yolo",
      "cwd": "/home/runner/work/vybestack-site/vybestack-site/evals/problems/report-builder/.tmp-workspace-cdccc0b4-1f28-4392-8cd7-cfa413c335c2-sCVDCc/workspace",
      "exitCode": 0,
      "stdout": "<think>Let me analyze this problem step by step:\n\n1. I need to implement a TypeScript CLI tool for report building\n2. The CLI should read JSON data and render it as markdown or text reports\n3. Key requirements:\n   - Entry point: `src/cli/report.ts`\n   - CLI usage: `node dist/cli/report.js <data.json> --format <format> [--output <path>] [--includeTotals]`\n   - Supported formats: markdown, text\n   - Use only built-in Node APIs\n   - TypeScript imports should use `.js` extensions for NodeNext compatibility\n   - Data model from `fixtures/data.json`\n   - Keep formatters modular\n   - Don't modify configuration files\n\nLet me start by exploring the existing project structure to understand what's already there and what I need to implement.\n</think>\n\nI'll help you implement a clean TypeScript CLI for the Report Builder project. Let me start by exploring the existing project structure to understand what's already in place.\n<think>Let me try reading the files individually to understand the project structure better.\n</think>\n\n\n<think>Let me read the other configuration files and understand the project structure.\n</think>\n\n\n<think>Let me read each file individually to understand the project structure.\n</think>\n\n\n<think>Good, now I can see the project structure. Let me understand what I need to do:\n\n1. This is a TypeScript project with NodeNext module resolution\n2. I need to implement a CLI tool at `src/cli/report.ts` that:\n   - Takes a JSON file path as argument\n   - Takes `--format` flag (markdown or text)\n   - Takes optional `--output` flag\n   - Takes optional `--includeTotals` flag\n   - Reads the JSON data\n   - Renders it in the specified format\n   - Outputs to stdout or file\n\n3. I need to create format modules under `src/formats/` for markdown and text rendering\n4. The JSON schema is at `fixtures/data.json`\n5. I need to use only built-in Node.js APIs, no third-party dependencies\n6. At the end, I need to run:\n   - `npm run typecheck`\n   - `npm run lint`\n   - `npm run test:public`\n   - `npm run build`\n   - Test the CLI with the example command\n\nLet me first check what files already exist and the test structure.\n</think>\n\n\n<think>Now I understand the structure better. Let me create a todo list to track this multi-step implementation:\n\n1. Create shared types/interfaces for report data and options\n2. Implement markdown formatter module\n3. Implement text formatter module\n4. Create the main CLI module\n5. Test the implementation\n6. Run lint, test, typecheck, and build\n7. Run the final CLI command\n\nLet me start with the todo list and then implement the solution step by step.\n</think>\n\nI understand this is a TypeScript report builder CLI task. Let me organize this multi-step implementation using a todo list to track progress.\n<think>Let me start by understanding what needs to be done based on the problem description and the files I've read:\n\n1. I need to create a TypeScript CLI tool that:\n   - Reads JSON data from a file\n   - Renders reports in markdown or text format\n   - Supports an --includeTotals flag\n   - Outputs to stdout or a file path\n   - Uses only built-in Node APIs\n\n2. The project structure:\n   - Entry point: `src/cli/report.ts`\n   - Formatters: `src/formats/markdown.ts` and `src/formats/text.ts`\n   - Data format matches `fixtures/data.json`\n\n3. Current state:\n   - package.json exists with necessary dev dependencies\n   - tsconfig.json is set up with ES2020/NodeNext\n   - fixtures/data.json exists with sample data\n   - No source files exist yet\n\nLet me start implementing the solution step by step. First, I'll create the shared types and interfaces.\n</think>\n\nI'll implement the Report Builder CLI tool step by step. Based on the problem description, I need to create:\n\n1. Shared types for report data and options\n2. Formatter modules (markdown and text)\n3. The main CLI module\n4. Test and build the project\n\nLet me start by creating the shared types and interfaces:\n<think>Let me start by creating the shared types and interfaces first. Based on the requirements and the data.json fixture, I need to create:\n\n1. Shared types/interfaces for report data and options\n2. Markdown formatter module\n3. Text formatter module\n4. CLI module\n\nLet me start with the shared types.\n</think>\n\nNow I'll implement the Report Builder CLI. Let me start by creating the shared types and interfaces.\n<think>Good! I've created the shared types file. Now let me mark this task as completed and move on to implementing the markdown formatter.\n</think>\n\n\n<think>Good, now I need to create the markdown formatter. Based on the requirements:\n- Print `# <title>`\n- Blank line\n- Summary\n- Blank line\n- `## Entries`\n- Bullet list `- **<label>** — $<amount>`\n- Optional final `**Total:** $<amount>` when `--includeTotals` is provided\n- Amounts should render with two decimal places as `$12345.67`\n</think>\n\n\n<think>Good! I've created the markdown formatter. Now I need to create the text formatter. Let me mark the markdown formatter as completed and move on to the text formatter.\n</think>\n\n\n<think>I'm now implementing the text formatter, which is also part of my task. Let me proceed with that implementation.\n</think>\n\n\n<think>Now I need to create the main CLI module. Looking at the requirements:\n\n1. Entry point: `src/cli/report.ts` (compiled to `dist/cli/report.js`).\n2. Invocation after building: `node dist/cli/report.js <data.json> --format <format> [--output <path>] [--includeTotals]`.\n3. Supported formats: `markdown`, `text`. Reject unknown formats with an error containing `Unsupported format`.\n4. Output goes to stdout unless `--output` is provided.\n5. Parse arguments using Node's standard library (no third-party parsers).\n6. Ensure TypeScript imports use `.js` extensions (e.g., `import { renderMarkdown } from '../formats/markdown.js';`) so emitted JavaScript resolves correctly under NodeNext.\n\nLet me write the CLI module:\n</think>\n\n\n<think>Now I need to create the main CLI module. Looking at the requirements:\n\n1. Entry point: `src/cli/report.ts` (compiled to `dist/cli/report.js`)\n2. Invocation: `node dist/cli/report.js <data.json> --format <format> [--output <path>] [--includeTotals]`\n3. Supported formats: `markdown`, `text`. Reject unknown formats with an error containing `Unsupported format`\n4. Parse arguments using Node's standard library (no third-party parsers)\n5. Output goes to stdout unless `--output` is provided\n6. TypeScript imports must use `.js` extensions\n\nLet me implement this:\n\n```typescript\nimport { readFileSync } from 'fs';\nimport { ReportData } from '../types.js';\nimport { renderMarkdown } from '../formats/markdown.js';\nimport { renderText } from '../formats/text.js';\n\n// Parse command line arguments\nconst args = process.argv.slice(2);\n\nif (args.length < 2) {\n  console.error('Usage: node dist/cli/report.js <data.json> --format <format> [--output <path>] [--includeTotals]');\n  process.exit(1);\n}\n\nconst dataFile = args[0];\nconst formatIndex = args.indexOf('--format');\n\nif (formatIndex === -1) {\n  console.error('Error: --format argument is required');\n  process.exit(1);\n}\n\nconst format = args[formatIndex + 1];\nconst outputIndex = args.indexOf('--output');\nconst includeTotalsIndex = args.indexOf('--includeTotals');\n\nlet outputPath: string | null = null;\nlet includeTotals = false;\n\nif (outputIndex !== -1 && args[outputIndex + 1]) {\n  outputPath = args[outputIndex + 1];\n}\n\nif (includeTotalsIndex !== -1) {\n  includeTotals = true;\n}\n\n// Validate format\nif (format !== 'markdown' && format !== 'text') {\n  console.error(`Error: Unsupported format '${format}'. Supported formats: markdown, text`);\n  process.exit(1);\n}\n\n// Load and parse JSON data\nlet reportData: ReportData;\n\ntry {\n  const rawData = readFileSync(dataFile, 'utf-8');\n  reportData = JSON.parse(rawData);\n} catch (error) {\n  console.error(`Error: Failed to read or parse '${dataFile}': ${error}`);\n  process.exit(1);\n}\n\n// Validate required fields\nif (!reportData.title || !reportData.summary || !reportData.entries) {\n  console.error('Error: Invalid data format - missing required fields (title, summary, entries)');\n  process.exit(1);\n}\n\n// Render report\nlet output: string;\n\nswitch (format) {\n  case 'markdown':\n    output = renderMarkdown(reportData, { includeTotals });\n    break;\n  case 'text':\n    output = renderText(reportData, { includeTotals });\n    break;\n  default:\n    console.error(`Error: Unsupported format '${format}'`);\n    process.exit(1);\n}\n\n// Output results\n\nI see we're continuing the file writing process by sending the output to the specified file location or standard output. I'll handle the output destination based on the provided path, ensuring the report is written correctly.\n\nWhen an output path is specified, I'll use the filesystem write method to save the report. If no path is given, I'll simply log the output to the console. This approach provides flexibility for saving or displaying the generated report.\n</think>\n\n\n<think>Good! I've created all the necessary files:\n1. `src/types.ts` - Shared interfaces\n2. `src/formats/markdown.ts` - Markdown formatter\n3. `src/formats/text.ts` - Text formatter\n4. `src/cli/report.ts` - Main CLI module\n\nNow I need to mark this task as complete and move on to running the tests and checks. Let me update the todo list and run the commands.\n</think>\n\n\n<think>Now I need to run the typecheck to see if there are any errors. Let me use the run_shell_command tool to execute npm run typecheck.\n</think>\n\n\n<think>Great! TypeScript type checking passed successfully with no errors.\n</think>\n\n\n",
      "stderr": "",
      "duration": 90821,
      "success": true
    },
    {
      "name": "workspace-install",
      "command": "npm install",
      "cwd": "/home/runner/work/vybestack-site/vybestack-site/evals/problems/report-builder/.tmp-workspace-cdccc0b4-1f28-4392-8cd7-cfa413c335c2-sCVDCc/workspace",
      "exitCode": 0,
      "stdout": "\nadded 202 packages, and audited 203 packages in 5s\n\n60 packages are looking for funding\n  run `npm fund` for details\n\n4 moderate severity vulnerabilities\n\nTo address all issues (including breaking changes), run:\n  npm audit fix --force\n\nRun `npm audit` for details.\n",
      "stderr": "npm warn deprecated inflight@1.0.6: This module is not supported, and leaks memory. Do not use it. Check out lru-cache if you want a good and tested way to coalesce async requests by a key value, which is much more comprehensive and powerful.\nnpm warn deprecated @humanwhocodes/config-array@0.13.0: Use @eslint/config-array instead\nnpm warn deprecated rimraf@3.0.2: Rimraf versions prior to v4 are no longer supported\nnpm warn deprecated glob@7.2.3: Glob versions prior to v9 are no longer supported\nnpm warn deprecated @humanwhocodes/object-schema@2.0.3: Use @eslint/object-schema instead\nnpm warn deprecated eslint@8.57.1: This version is no longer supported. Please see https://eslint.org/version-support for other options.\n",
      "duration": 4724,
      "success": true
    },
    {
      "name": "typecheck",
      "command": "npm run typecheck",
      "cwd": "/home/runner/work/vybestack-site/vybestack-site/evals/problems/report-builder/.tmp-workspace-cdccc0b4-1f28-4392-8cd7-cfa413c335c2-sCVDCc/workspace",
      "exitCode": 0,
      "stdout": "\n> report-builder-eval@0.0.1 typecheck\n> tsc --noEmit\n\n",
      "stderr": "",
      "duration": 1086,
      "success": true
    },
    {
      "name": "lint",
      "command": "npm run lint",
      "cwd": "/home/runner/work/vybestack-site/vybestack-site/evals/problems/report-builder/.tmp-workspace-cdccc0b4-1f28-4392-8cd7-cfa413c335c2-sCVDCc/workspace",
      "exitCode": 0,
      "stdout": "\n> report-builder-eval@0.0.1 lint\n> eslint . --ext .ts\n\n",
      "stderr": "",
      "duration": 1067,
      "success": true
    },
    {
      "name": "test:public",
      "command": "npm run test:public",
      "cwd": "/home/runner/work/vybestack-site/vybestack-site/evals/problems/report-builder/.tmp-workspace-cdccc0b4-1f28-4392-8cd7-cfa413c335c2-sCVDCc/workspace",
      "exitCode": 0,
      "stdout": "\n> report-builder-eval@0.0.1 test:public\n> vitest run --config vitest.config.public.ts\n\n\n\u001b[7m\u001b[1m\u001b[36m RUN \u001b[39m\u001b[22m\u001b[27m \u001b[36mv1.6.1\u001b[39m \u001b[90m/home/runner/work/vybestack-site/vybestack-site/evals/problems/report-builder/.tmp-workspace-cdccc0b4-1f28-4392-8cd7-cfa413c335c2-sCVDCc/workspace\u001b[39m\n\n \u001b[32m✓\u001b[39m tests/public/renderReport.spec.ts \u001b[2m (\u001b[22m\u001b[2m1 test\u001b[22m\u001b[2m)\u001b[22m\u001b[90m 2\u001b[2mms\u001b[22m\u001b[39m\n\n\u001b[2m Test Files \u001b[22m \u001b[1m\u001b[32m1 passed\u001b[39m\u001b[22m\u001b[90m (1)\u001b[39m\n\u001b[2m      Tests \u001b[22m \u001b[1m\u001b[32m1 passed\u001b[39m\u001b[22m\u001b[90m (1)\u001b[39m\n\u001b[2m   Start at \u001b[22m 15:20:25\n\u001b[2m   Duration \u001b[22m 288ms\u001b[2m (transform 25ms, setup 0ms, collect 17ms, tests 2ms, environment 0ms, prepare 79ms)\u001b[22m\n\n",
      "stderr": "",
      "duration": 751,
      "success": true
    },
    {
      "name": "build",
      "command": "npm run build",
      "cwd": "/home/runner/work/vybestack-site/vybestack-site/evals/problems/report-builder/.tmp-workspace-cdccc0b4-1f28-4392-8cd7-cfa413c335c2-sCVDCc/workspace",
      "exitCode": 0,
      "stdout": "\n> report-builder-eval@0.0.1 build\n> tsc -p tsconfig.json\n\n",
      "stderr": "",
      "duration": 1103,
      "success": true
    },
    {
      "name": "workspace-install",
      "command": "npm install",
      "cwd": "/home/runner/work/vybestack-site/vybestack-site/evals/grading/report-builder",
      "exitCode": 0,
      "stdout": "\nup to date, audited 204 packages in 663ms\n\n60 packages are looking for funding\n  run `npm fund` for details\n\n2 moderate severity vulnerabilities\n\nTo address all issues, run:\n  npm audit fix\n\nRun `npm audit` for details.\n",
      "stderr": "",
      "duration": 760,
      "success": true
    },
    {
      "name": "workspace-install-subdir",
      "command": "npm --prefix workspace install",
      "cwd": "/home/runner/work/vybestack-site/vybestack-site/evals/grading/report-builder",
      "exitCode": 0,
      "stdout": "\nadded 203 packages, and audited 204 packages in 2s\n\n60 packages are looking for funding\n  run `npm fund` for details\n\n4 moderate severity vulnerabilities\n\nTo address all issues (including breaking changes), run:\n  npm audit fix --force\n\nRun `npm audit` for details.\n",
      "stderr": "npm warn deprecated inflight@1.0.6: This module is not supported, and leaks memory. Do not use it. Check out lru-cache if you want a good and tested way to coalesce async requests by a key value, which is much more comprehensive and powerful.\nnpm warn deprecated @humanwhocodes/config-array@0.13.0: Use @eslint/config-array instead\nnpm warn deprecated rimraf@3.0.2: Rimraf versions prior to v4 are no longer supported\nnpm warn deprecated glob@7.2.3: Glob versions prior to v9 are no longer supported\nnpm warn deprecated @humanwhocodes/object-schema@2.0.3: Use @eslint/object-schema instead\nnpm warn deprecated eslint@8.57.1: This version is no longer supported. Please see https://eslint.org/version-support for other options.\n",
      "duration": 1799,
      "success": true
    },
    {
      "name": "workspace-build-subdir",
      "command": "npm --prefix workspace run build",
      "cwd": "/home/runner/work/vybestack-site/vybestack-site/evals/grading/report-builder",
      "exitCode": 0,
      "stdout": "\n> report-builder-eval@0.0.1 build\n> tsc -p tsconfig.json\n\n",
      "stderr": "",
      "duration": 1140,
      "success": true
    },
    {
      "name": "typecheck",
      "command": "npm run typecheck",
      "cwd": "/home/runner/work/vybestack-site/vybestack-site/evals/grading/report-builder",
      "exitCode": 0,
      "stdout": "\n> report-builder-grading@0.0.1 typecheck\n> tsc -p tsconfig.json\n\n",
      "stderr": "",
      "duration": 1275,
      "success": true
    },
    {
      "name": "test:hidden",
      "command": "npm run test:hidden",
      "cwd": "/home/runner/work/vybestack-site/vybestack-site/evals/grading/report-builder",
      "exitCode": 0,
      "stdout": "\n> report-builder-grading@0.0.1 test:hidden\n> vitest run --config vitest.config.hidden.ts\n\n\n\u001b[7m\u001b[1m\u001b[36m RUN \u001b[39m\u001b[22m\u001b[27m \u001b[36mv1.6.1\u001b[39m \u001b[90m/home/runner/work/vybestack-site/vybestack-site/evals/grading/report-builder\u001b[39m\n\n \u001b[32m✓\u001b[39m tests/hidden/package.spec.ts \u001b[2m (\u001b[22m\u001b[2m1 test\u001b[22m\u001b[2m)\u001b[22m\u001b[90m 5\u001b[2mms\u001b[22m\u001b[39m\n \u001b[32m✓\u001b[39m tests/hidden/render.spec.ts \u001b[2m (\u001b[22m\u001b[2m5 tests\u001b[22m\u001b[2m)\u001b[22m\u001b[90m 191\u001b[2mms\u001b[22m\u001b[39m\n\n\u001b[2m Test Files \u001b[22m \u001b[1m\u001b[32m2 passed\u001b[39m\u001b[22m\u001b[90m (2)\u001b[39m\n\u001b[2m      Tests \u001b[22m \u001b[1m\u001b[32m6 passed\u001b[39m\u001b[22m\u001b[90m (6)\u001b[39m\n\u001b[2m   Start at \u001b[22m 15:20:32\n\u001b[2m   Duration \u001b[22m 521ms\u001b[2m (transform 62ms, setup 0ms, collect 87ms, tests 196ms, environment 0ms, prepare 189ms)\u001b[22m\n\n",
      "stderr": "",
      "duration": 968,
      "success": true
    }
  ],
  "workspaceArchive": "/home/runner/work/vybestack-site/vybestack-site/evals/outputs/report-builder-2025-10-31T15-18-47-259Z/llxprt-synthetic-minimax/workspace",
  "runSessionId": "ae8f1ab0-ac56-4ad7-ad24-176cdd636296",
  "runSessionStartedAt": "2025-10-31T13:52:37.724Z",
  "repoVersion": "main@3bcb8f6",
  "multipass": {
    "enabled": true,
    "selectedPass": 0,
    "maxPasses": 3,
    "totalCliDuration": 105703,
    "passCount": 1,
    "feedback": [],
    "passes": [
      {
        "passNumber": 1,
        "startedAt": "2025-10-31T15:18:47.265Z",
        "finishedAt": "2025-10-31T15:20:32.968Z",
        "totalDuration": 105703,
        "promptHash": "d2f5b41ce7ad6b14294f2dea47902d1baafbe2664984979a83b0e3474a16646d",
        "appliedFeedback": [],
        "success": true,
        "partialSuccess": false,
        "workspaceArchive": "/home/runner/work/vybestack-site/vybestack-site/evals/outputs/report-builder-2025-10-31T15-18-47-259Z/llxprt-synthetic-minimax/passes/pass-1/workspace",
        "resultsArchive": "/home/runner/work/vybestack-site/vybestack-site/evals/outputs/report-builder-2025-10-31T15-18-47-259Z/llxprt-synthetic-minimax/passes/pass-1/results",
        "cliResult": {
          "command": "llxprt --provider openai --baseurl https://api.synthetic.new/openai/v1 --key *** --model hf:MiniMaxAI/MiniMax-M2 --set context-limit=190000 --set shell-replacement=true --set modelparam.temperature=1 --yolo",
          "cwd": "/home/runner/work/vybestack-site/vybestack-site/evals/problems/report-builder/.tmp-workspace-cdccc0b4-1f28-4392-8cd7-cfa413c335c2-sCVDCc/workspace",
          "exitCode": 0,
          "stdout": "<think>Let me analyze this problem step by step:\n\n1. I need to implement a TypeScript CLI tool for report building\n2. The CLI should read JSON data and render it as markdown or text reports\n3. Key requirements:\n   - Entry point: `src/cli/report.ts`\n   - CLI usage: `node dist/cli/report.js <data.json> --format <format> [--output <path>] [--includeTotals]`\n   - Supported formats: markdown, text\n   - Use only built-in Node APIs\n   - TypeScript imports should use `.js` extensions for NodeNext compatibility\n   - Data model from `fixtures/data.json`\n   - Keep formatters modular\n   - Don't modify configuration files\n\nLet me start by exploring the existing project structure to understand what's already there and what I need to implement.\n</think>\n\nI'll help you implement a clean TypeScript CLI for the Report Builder project. Let me start by exploring the existing project structure to understand what's already in place.\n<think>Let me try reading the files individually to understand the project structure better.\n</think>\n\n\n<think>Let me read the other configuration files and understand the project structure.\n</think>\n\n\n<think>Let me read each file individually to understand the project structure.\n</think>\n\n\n<think>Good, now I can see the project structure. Let me understand what I need to do:\n\n1. This is a TypeScript project with NodeNext module resolution\n2. I need to implement a CLI tool at `src/cli/report.ts` that:\n   - Takes a JSON file path as argument\n   - Takes `--format` flag (markdown or text)\n   - Takes optional `--output` flag\n   - Takes optional `--includeTotals` flag\n   - Reads the JSON data\n   - Renders it in the specified format\n   - Outputs to stdout or file\n\n3. I need to create format modules under `src/formats/` for markdown and text rendering\n4. The JSON schema is at `fixtures/data.json`\n5. I need to use only built-in Node.js APIs, no third-party dependencies\n6. At the end, I need to run:\n   - `npm run typecheck`\n   - `npm run lint`\n   - `npm run test:public`\n   - `npm run build`\n   - Test the CLI with the example command\n\nLet me first check what files already exist and the test structure.\n</think>\n\n\n<think>Now I understand the structure better. Let me create a todo list to track this multi-step implementation:\n\n1. Create shared types/interfaces for report data and options\n2. Implement markdown formatter module\n3. Implement text formatter module\n4. Create the main CLI module\n5. Test the implementation\n6. Run lint, test, typecheck, and build\n7. Run the final CLI command\n\nLet me start with the todo list and then implement the solution step by step.\n</think>\n\nI understand this is a TypeScript report builder CLI task. Let me organize this multi-step implementation using a todo list to track progress.\n<think>Let me start by understanding what needs to be done based on the problem description and the files I've read:\n\n1. I need to create a TypeScript CLI tool that:\n   - Reads JSON data from a file\n   - Renders reports in markdown or text format\n   - Supports an --includeTotals flag\n   - Outputs to stdout or a file path\n   - Uses only built-in Node APIs\n\n2. The project structure:\n   - Entry point: `src/cli/report.ts`\n   - Formatters: `src/formats/markdown.ts` and `src/formats/text.ts`\n   - Data format matches `fixtures/data.json`\n\n3. Current state:\n   - package.json exists with necessary dev dependencies\n   - tsconfig.json is set up with ES2020/NodeNext\n   - fixtures/data.json exists with sample data\n   - No source files exist yet\n\nLet me start implementing the solution step by step. First, I'll create the shared types and interfaces.\n</think>\n\nI'll implement the Report Builder CLI tool step by step. Based on the problem description, I need to create:\n\n1. Shared types for report data and options\n2. Formatter modules (markdown and text)\n3. The main CLI module\n4. Test and build the project\n\nLet me start by creating the shared types and interfaces:\n<think>Let me start by creating the shared types and interfaces first. Based on the requirements and the data.json fixture, I need to create:\n\n1. Shared types/interfaces for report data and options\n2. Markdown formatter module\n3. Text formatter module\n4. CLI module\n\nLet me start with the shared types.\n</think>\n\nNow I'll implement the Report Builder CLI. Let me start by creating the shared types and interfaces.\n<think>Good! I've created the shared types file. Now let me mark this task as completed and move on to implementing the markdown formatter.\n</think>\n\n\n<think>Good, now I need to create the markdown formatter. Based on the requirements:\n- Print `# <title>`\n- Blank line\n- Summary\n- Blank line\n- `## Entries`\n- Bullet list `- **<label>** — $<amount>`\n- Optional final `**Total:** $<amount>` when `--includeTotals` is provided\n- Amounts should render with two decimal places as `$12345.67`\n</think>\n\n\n<think>Good! I've created the markdown formatter. Now I need to create the text formatter. Let me mark the markdown formatter as completed and move on to the text formatter.\n</think>\n\n\n<think>I'm now implementing the text formatter, which is also part of my task. Let me proceed with that implementation.\n</think>\n\n\n<think>Now I need to create the main CLI module. Looking at the requirements:\n\n1. Entry point: `src/cli/report.ts` (compiled to `dist/cli/report.js`).\n2. Invocation after building: `node dist/cli/report.js <data.json> --format <format> [--output <path>] [--includeTotals]`.\n3. Supported formats: `markdown`, `text`. Reject unknown formats with an error containing `Unsupported format`.\n4. Output goes to stdout unless `--output` is provided.\n5. Parse arguments using Node's standard library (no third-party parsers).\n6. Ensure TypeScript imports use `.js` extensions (e.g., `import { renderMarkdown } from '../formats/markdown.js';`) so emitted JavaScript resolves correctly under NodeNext.\n\nLet me write the CLI module:\n</think>\n\n\n<think>Now I need to create the main CLI module. Looking at the requirements:\n\n1. Entry point: `src/cli/report.ts` (compiled to `dist/cli/report.js`)\n2. Invocation: `node dist/cli/report.js <data.json> --format <format> [--output <path>] [--includeTotals]`\n3. Supported formats: `markdown`, `text`. Reject unknown formats with an error containing `Unsupported format`\n4. Parse arguments using Node's standard library (no third-party parsers)\n5. Output goes to stdout unless `--output` is provided\n6. TypeScript imports must use `.js` extensions\n\nLet me implement this:\n\n```typescript\nimport { readFileSync } from 'fs';\nimport { ReportData } from '../types.js';\nimport { renderMarkdown } from '../formats/markdown.js';\nimport { renderText } from '../formats/text.js';\n\n// Parse command line arguments\nconst args = process.argv.slice(2);\n\nif (args.length < 2) {\n  console.error('Usage: node dist/cli/report.js <data.json> --format <format> [--output <path>] [--includeTotals]');\n  process.exit(1);\n}\n\nconst dataFile = args[0];\nconst formatIndex = args.indexOf('--format');\n\nif (formatIndex === -1) {\n  console.error('Error: --format argument is required');\n  process.exit(1);\n}\n\nconst format = args[formatIndex + 1];\nconst outputIndex = args.indexOf('--output');\nconst includeTotalsIndex = args.indexOf('--includeTotals');\n\nlet outputPath: string | null = null;\nlet includeTotals = false;\n\nif (outputIndex !== -1 && args[outputIndex + 1]) {\n  outputPath = args[outputIndex + 1];\n}\n\nif (includeTotalsIndex !== -1) {\n  includeTotals = true;\n}\n\n// Validate format\nif (format !== 'markdown' && format !== 'text') {\n  console.error(`Error: Unsupported format '${format}'. Supported formats: markdown, text`);\n  process.exit(1);\n}\n\n// Load and parse JSON data\nlet reportData: ReportData;\n\ntry {\n  const rawData = readFileSync(dataFile, 'utf-8');\n  reportData = JSON.parse(rawData);\n} catch (error) {\n  console.error(`Error: Failed to read or parse '${dataFile}': ${error}`);\n  process.exit(1);\n}\n\n// Validate required fields\nif (!reportData.title || !reportData.summary || !reportData.entries) {\n  console.error('Error: Invalid data format - missing required fields (title, summary, entries)');\n  process.exit(1);\n}\n\n// Render report\nlet output: string;\n\nswitch (format) {\n  case 'markdown':\n    output = renderMarkdown(reportData, { includeTotals });\n    break;\n  case 'text':\n    output = renderText(reportData, { includeTotals });\n    break;\n  default:\n    console.error(`Error: Unsupported format '${format}'`);\n    process.exit(1);\n}\n\n// Output results\n\nI see we're continuing the file writing process by sending the output to the specified file location or standard output. I'll handle the output destination based on the provided path, ensuring the report is written correctly.\n\nWhen an output path is specified, I'll use the filesystem write method to save the report. If no path is given, I'll simply log the output to the console. This approach provides flexibility for saving or displaying the generated report.\n</think>\n\n\n<think>Good! I've created all the necessary files:\n1. `src/types.ts` - Shared interfaces\n2. `src/formats/markdown.ts` - Markdown formatter\n3. `src/formats/text.ts` - Text formatter\n4. `src/cli/report.ts` - Main CLI module\n\nNow I need to mark this task as complete and move on to running the tests and checks. Let me update the todo list and run the commands.\n</think>\n\n\n<think>Now I need to run the typecheck to see if there are any errors. Let me use the run_shell_command tool to execute npm run typecheck.\n</think>\n\n\n<think>Great! TypeScript type checking passed successfully with no errors.\n</think>\n\n\n",
          "stderr": "",
          "duration": 90821,
          "label": "llxprt-synthetic-minimax"
        },
        "buildResults": [
          {
            "command": "npm install",
            "cwd": "/home/runner/work/vybestack-site/vybestack-site/evals/problems/report-builder/.tmp-workspace-cdccc0b4-1f28-4392-8cd7-cfa413c335c2-sCVDCc/workspace",
            "exitCode": 0,
            "stdout": "\nadded 202 packages, and audited 203 packages in 5s\n\n60 packages are looking for funding\n  run `npm fund` for details\n\n4 moderate severity vulnerabilities\n\nTo address all issues (including breaking changes), run:\n  npm audit fix --force\n\nRun `npm audit` for details.\n",
            "stderr": "npm warn deprecated inflight@1.0.6: This module is not supported, and leaks memory. Do not use it. Check out lru-cache if you want a good and tested way to coalesce async requests by a key value, which is much more comprehensive and powerful.\nnpm warn deprecated @humanwhocodes/config-array@0.13.0: Use @eslint/config-array instead\nnpm warn deprecated rimraf@3.0.2: Rimraf versions prior to v4 are no longer supported\nnpm warn deprecated glob@7.2.3: Glob versions prior to v9 are no longer supported\nnpm warn deprecated @humanwhocodes/object-schema@2.0.3: Use @eslint/object-schema instead\nnpm warn deprecated eslint@8.57.1: This version is no longer supported. Please see https://eslint.org/version-support for other options.\n",
            "duration": 4724,
            "label": "workspace-install"
          },
          {
            "command": "npm run typecheck",
            "cwd": "/home/runner/work/vybestack-site/vybestack-site/evals/problems/report-builder/.tmp-workspace-cdccc0b4-1f28-4392-8cd7-cfa413c335c2-sCVDCc/workspace",
            "exitCode": 0,
            "stdout": "\n> report-builder-eval@0.0.1 typecheck\n> tsc --noEmit\n\n",
            "stderr": "",
            "duration": 1086,
            "label": "typecheck"
          },
          {
            "command": "npm run lint",
            "cwd": "/home/runner/work/vybestack-site/vybestack-site/evals/problems/report-builder/.tmp-workspace-cdccc0b4-1f28-4392-8cd7-cfa413c335c2-sCVDCc/workspace",
            "exitCode": 0,
            "stdout": "\n> report-builder-eval@0.0.1 lint\n> eslint . --ext .ts\n\n",
            "stderr": "",
            "duration": 1067,
            "label": "lint"
          },
          {
            "command": "npm run test:public",
            "cwd": "/home/runner/work/vybestack-site/vybestack-site/evals/problems/report-builder/.tmp-workspace-cdccc0b4-1f28-4392-8cd7-cfa413c335c2-sCVDCc/workspace",
            "exitCode": 0,
            "stdout": "\n> report-builder-eval@0.0.1 test:public\n> vitest run --config vitest.config.public.ts\n\n\n\u001b[7m\u001b[1m\u001b[36m RUN \u001b[39m\u001b[22m\u001b[27m \u001b[36mv1.6.1\u001b[39m \u001b[90m/home/runner/work/vybestack-site/vybestack-site/evals/problems/report-builder/.tmp-workspace-cdccc0b4-1f28-4392-8cd7-cfa413c335c2-sCVDCc/workspace\u001b[39m\n\n \u001b[32m✓\u001b[39m tests/public/renderReport.spec.ts \u001b[2m (\u001b[22m\u001b[2m1 test\u001b[22m\u001b[2m)\u001b[22m\u001b[90m 2\u001b[2mms\u001b[22m\u001b[39m\n\n\u001b[2m Test Files \u001b[22m \u001b[1m\u001b[32m1 passed\u001b[39m\u001b[22m\u001b[90m (1)\u001b[39m\n\u001b[2m      Tests \u001b[22m \u001b[1m\u001b[32m1 passed\u001b[39m\u001b[22m\u001b[90m (1)\u001b[39m\n\u001b[2m   Start at \u001b[22m 15:20:25\n\u001b[2m   Duration \u001b[22m 288ms\u001b[2m (transform 25ms, setup 0ms, collect 17ms, tests 2ms, environment 0ms, prepare 79ms)\u001b[22m\n\n",
            "stderr": "",
            "duration": 751,
            "label": "test:public"
          },
          {
            "command": "npm run build",
            "cwd": "/home/runner/work/vybestack-site/vybestack-site/evals/problems/report-builder/.tmp-workspace-cdccc0b4-1f28-4392-8cd7-cfa413c335c2-sCVDCc/workspace",
            "exitCode": 0,
            "stdout": "\n> report-builder-eval@0.0.1 build\n> tsc -p tsconfig.json\n\n",
            "stderr": "",
            "duration": 1103,
            "label": "build"
          }
        ],
        "gradeResults": [
          {
            "command": "npm install",
            "cwd": "/home/runner/work/vybestack-site/vybestack-site/evals/grading/report-builder",
            "exitCode": 0,
            "stdout": "\nup to date, audited 204 packages in 663ms\n\n60 packages are looking for funding\n  run `npm fund` for details\n\n2 moderate severity vulnerabilities\n\nTo address all issues, run:\n  npm audit fix\n\nRun `npm audit` for details.\n",
            "stderr": "",
            "duration": 760,
            "label": "workspace-install"
          },
          {
            "command": "npm --prefix workspace install",
            "cwd": "/home/runner/work/vybestack-site/vybestack-site/evals/grading/report-builder",
            "exitCode": 0,
            "stdout": "\nadded 203 packages, and audited 204 packages in 2s\n\n60 packages are looking for funding\n  run `npm fund` for details\n\n4 moderate severity vulnerabilities\n\nTo address all issues (including breaking changes), run:\n  npm audit fix --force\n\nRun `npm audit` for details.\n",
            "stderr": "npm warn deprecated inflight@1.0.6: This module is not supported, and leaks memory. Do not use it. Check out lru-cache if you want a good and tested way to coalesce async requests by a key value, which is much more comprehensive and powerful.\nnpm warn deprecated @humanwhocodes/config-array@0.13.0: Use @eslint/config-array instead\nnpm warn deprecated rimraf@3.0.2: Rimraf versions prior to v4 are no longer supported\nnpm warn deprecated glob@7.2.3: Glob versions prior to v9 are no longer supported\nnpm warn deprecated @humanwhocodes/object-schema@2.0.3: Use @eslint/object-schema instead\nnpm warn deprecated eslint@8.57.1: This version is no longer supported. Please see https://eslint.org/version-support for other options.\n",
            "duration": 1799,
            "label": "workspace-install-subdir"
          },
          {
            "command": "npm --prefix workspace run build",
            "cwd": "/home/runner/work/vybestack-site/vybestack-site/evals/grading/report-builder",
            "exitCode": 0,
            "stdout": "\n> report-builder-eval@0.0.1 build\n> tsc -p tsconfig.json\n\n",
            "stderr": "",
            "duration": 1140,
            "label": "workspace-build-subdir"
          },
          {
            "command": "npm run typecheck",
            "cwd": "/home/runner/work/vybestack-site/vybestack-site/evals/grading/report-builder",
            "exitCode": 0,
            "stdout": "\n> report-builder-grading@0.0.1 typecheck\n> tsc -p tsconfig.json\n\n",
            "stderr": "",
            "duration": 1275,
            "label": "typecheck"
          },
          {
            "command": "npm run test:hidden",
            "cwd": "/home/runner/work/vybestack-site/vybestack-site/evals/grading/report-builder",
            "exitCode": 0,
            "stdout": "\n> report-builder-grading@0.0.1 test:hidden\n> vitest run --config vitest.config.hidden.ts\n\n\n\u001b[7m\u001b[1m\u001b[36m RUN \u001b[39m\u001b[22m\u001b[27m \u001b[36mv1.6.1\u001b[39m \u001b[90m/home/runner/work/vybestack-site/vybestack-site/evals/grading/report-builder\u001b[39m\n\n \u001b[32m✓\u001b[39m tests/hidden/package.spec.ts \u001b[2m (\u001b[22m\u001b[2m1 test\u001b[22m\u001b[2m)\u001b[22m\u001b[90m 5\u001b[2mms\u001b[22m\u001b[39m\n \u001b[32m✓\u001b[39m tests/hidden/render.spec.ts \u001b[2m (\u001b[22m\u001b[2m5 tests\u001b[22m\u001b[2m)\u001b[22m\u001b[90m 191\u001b[2mms\u001b[22m\u001b[39m\n\n\u001b[2m Test Files \u001b[22m \u001b[1m\u001b[32m2 passed\u001b[39m\u001b[22m\u001b[90m (2)\u001b[39m\n\u001b[2m      Tests \u001b[22m \u001b[1m\u001b[32m6 passed\u001b[39m\u001b[22m\u001b[90m (6)\u001b[39m\n\u001b[2m   Start at \u001b[22m 15:20:32\n\u001b[2m   Duration \u001b[22m 521ms\u001b[2m (transform 62ms, setup 0ms, collect 87ms, tests 196ms, environment 0ms, prepare 189ms)\u001b[22m\n\n",
            "stderr": "",
            "duration": 968,
            "label": "test:hidden"
          }
        ],
        "publicTestFailures": [],
        "hiddenTestFailures": [],
        "vybes": {
          "taskName": "report-builder",
          "configId": "llxprt-synthetic-minimax",
          "complexityMultiplier": 4,
          "timeLimitMinutes": 8,
          "baseScore": 400,
          "successPercentage": 1,
          "baselineSuccessPercentage": 0,
          "adjustedSuccessPercentage": 1,
          "timePenaltyMultiplier": 1,
          "rawScore": 400,
          "finalScore": 400,
          "actualTimeMinutes": 1.514,
          "description": "Spreadsheet to HTML report builder",
          "category": "integrations",
          "breakdown": {
            "subtasksPassed": 6,
            "subtasksTotal": 6,
            "modulesCompleted": [
              "report-builder"
            ],
            "modulesIncomplete": [],
            "modules": {
              "report-builder": {
                "passed": 6,
                "total": 6,
                "passedTasks": [
                  "render-markdown-with-totals",
                  "render-text-without-totals",
                  "render-text-with-totals",
                  "render-unsupported-format-failure",
                  "render-missing-file-failure",
                  "package-integrity"
                ],
                "failedTasks": []
              }
            }
          },
          "status": "ok",
          "passesAttempted": 1,
          "selectedPass": 0,
          "totalCliDurationMs": 90821
        }
      }
    ]
  },
  "vybes": {
    "taskName": "report-builder",
    "configId": "llxprt-synthetic-minimax",
    "complexityMultiplier": 4,
    "timeLimitMinutes": 8,
    "baseScore": 400,
    "successPercentage": 1,
    "baselineSuccessPercentage": 0,
    "adjustedSuccessPercentage": 1,
    "timePenaltyMultiplier": 1,
    "rawScore": 400,
    "finalScore": 400,
    "actualTimeMinutes": 1.762,
    "description": "Spreadsheet to HTML report builder",
    "category": "integrations",
    "breakdown": {
      "subtasksPassed": 6,
      "subtasksTotal": 6,
      "modulesCompleted": [
        "report-builder"
      ],
      "modulesIncomplete": [],
      "modules": {
        "report-builder": {
          "passed": 6,
          "total": 6,
          "passedTasks": [
            "render-markdown-with-totals",
            "render-text-without-totals",
            "render-text-with-totals",
            "render-unsupported-format-failure",
            "render-missing-file-failure",
            "package-integrity"
          ],
          "failedTasks": []
        }
      }
    },
    "status": "ok",
    "passesAttempted": 1,
    "selectedPass": 0,
    "totalCliDurationMs": 105703,
    "repoVersion": "main@3bcb8f6"
  }
}