{
  "evalName": "form-capture",
  "configId": "llxprt-synthetic-minimax",
  "startedAt": "2025-11-08T01:48:46.272Z",
  "finishedAt": "2025-11-08T01:48:46.272Z",
  "status": "fail",
  "totalDuration": 76841,
  "totalCliDuration": 76772,
  "commands": [
    {
      "name": "llxprt-synthetic-minimax",
      "command": "/home/runner/work/vybestack-site/vybestack-site/evals/llxprt --provider openai --baseurl https://api.synthetic.new/openai/v1 --key *** --model hf:MiniMaxAI/MiniMax-M2 --set context-limit=190000 --set shell-replacement=true --set modelparam.temperature=1 --yolo",
      "cwd": "/home/runner/work/vybestack-site/vybestack-site/evals/problems/form-capture/.tmp-workspace-c8f1f84b-a634-4ab2-9fa7-6a8f2a0da0fd-dc7NOl/workspace",
      "exitCode": 1,
      "stdout": "",
      "stderr": "",
      "duration": 2,
      "success": false
    },
    {
      "name": "workspace-install",
      "command": "npm install",
      "cwd": "/home/runner/work/vybestack-site/vybestack-site/evals/problems/form-capture/.tmp-workspace-c8f1f84b-a634-4ab2-9fa7-6a8f2a0da0fd-dc7NOl/workspace",
      "exitCode": 0,
      "stdout": "\nadded 343 packages, and audited 344 packages in 2s\n\n96 packages are looking for funding\n  run `npm fund` for details\n\n4 moderate severity vulnerabilities\n\nTo address all issues (including breaking changes), run:\n  npm audit fix --force\n\nRun `npm audit` for details.\n",
      "stderr": "npm warn deprecated inflight@1.0.6: This module is not supported, and leaks memory. Do not use it. Check out lru-cache if you want a good and tested way to coalesce async requests by a key value, which is much more comprehensive and powerful.\nnpm warn deprecated @humanwhocodes/config-array@0.13.0: Use @eslint/config-array instead\nnpm warn deprecated rimraf@3.0.2: Rimraf versions prior to v4 are no longer supported\nnpm warn deprecated glob@7.2.3: Glob versions prior to v9 are no longer supported\nnpm warn deprecated @humanwhocodes/object-schema@2.0.3: Use @eslint/object-schema instead\nnpm warn deprecated eslint@8.57.1: This version is no longer supported. Please see https://eslint.org/version-support for other options.\n",
      "duration": 2554,
      "success": true
    },
    {
      "name": "lint",
      "command": "npm run lint",
      "cwd": "/home/runner/work/vybestack-site/vybestack-site/evals/problems/form-capture/.tmp-workspace-c8f1f84b-a634-4ab2-9fa7-6a8f2a0da0fd-dc7NOl/workspace",
      "exitCode": 1,
      "stdout": "\n> form-capture-eval@0.0.1 lint\n> eslint . --ext .ts\n\n\n/home/runner/work/vybestack-site/vybestack-site/evals/problems/form-capture/.tmp-workspace-c8f1f84b-a634-4ab2-9fa7-6a8f2a0da0fd-dc7NOl/workspace/tests/public/form.spec.ts\n  2:8   error  'request' is defined but never used       @typescript-eslint/no-unused-vars\n  3:8   error  'cheerio' is defined but never used       @typescript-eslint/no-unused-vars\n  7:13  error  Unexpected any. Specify a different type  @typescript-eslint/no-explicit-any\n  8:5   error  'app' is defined but never used           @typescript-eslint/no-unused-vars\n  8:10  error  Unexpected any. Specify a different type  @typescript-eslint/no-explicit-any\n\n✖ 5 problems (5 errors, 0 warnings)\n\n",
      "stderr": "",
      "duration": 3279,
      "success": false
    },
    {
      "name": "test:public",
      "command": "npm run test:public",
      "cwd": "/home/runner/work/vybestack-site/vybestack-site/evals/problems/form-capture/.tmp-workspace-c8f1f84b-a634-4ab2-9fa7-6a8f2a0da0fd-dc7NOl/workspace",
      "exitCode": 0,
      "stdout": "\n> form-capture-eval@0.0.1 test:public\n> vitest run --config vitest.config.public.ts\n\n\n\u001b[7m\u001b[1m\u001b[36m RUN \u001b[39m\u001b[22m\u001b[27m \u001b[36mv1.6.1\u001b[39m \u001b[90m/home/runner/work/vybestack-site/vybestack-site/evals/problems/form-capture/.tmp-workspace-c8f1f84b-a634-4ab2-9fa7-6a8f2a0da0fd-dc7NOl/workspace\u001b[39m\n\n \u001b[32m✓\u001b[39m tests/public/form.spec.ts \u001b[2m (\u001b[22m\u001b[2m2 tests\u001b[22m\u001b[2m)\u001b[22m\u001b[90m 3\u001b[2mms\u001b[22m\u001b[39m\n\n\u001b[2m Test Files \u001b[22m \u001b[1m\u001b[32m1 passed\u001b[39m\u001b[22m\u001b[90m (1)\u001b[39m\n\u001b[2m      Tests \u001b[22m \u001b[1m\u001b[32m2 passed\u001b[39m\u001b[22m\u001b[90m (2)\u001b[39m\n\u001b[2m   Start at \u001b[22m 01:47:35\n\u001b[2m   Duration \u001b[22m 285ms\u001b[2m (transform 26ms, setup 0ms, collect 20ms, tests 3ms, environment 0ms, prepare 87ms)\u001b[22m\n\n",
      "stderr": "",
      "duration": 748,
      "success": true
    },
    {
      "name": "typecheck",
      "command": "npm run typecheck",
      "cwd": "/home/runner/work/vybestack-site/vybestack-site/evals/problems/form-capture/.tmp-workspace-c8f1f84b-a634-4ab2-9fa7-6a8f2a0da0fd-dc7NOl/workspace",
      "exitCode": 0,
      "stdout": "\n> form-capture-eval@0.0.1 typecheck\n> tsc --noEmit\n\n",
      "stderr": "",
      "duration": 1103,
      "success": true
    },
    {
      "name": "build",
      "command": "npm run build",
      "cwd": "/home/runner/work/vybestack-site/vybestack-site/evals/problems/form-capture/.tmp-workspace-c8f1f84b-a634-4ab2-9fa7-6a8f2a0da0fd-dc7NOl/workspace",
      "exitCode": 0,
      "stdout": "\n> form-capture-eval@0.0.1 build\n> tsc -p tsconfig.json\n\n",
      "stderr": "",
      "duration": 1118,
      "success": true
    },
    {
      "name": "workspace-install",
      "command": "npm install",
      "cwd": "/home/runner/work/vybestack-site/vybestack-site/evals/grading/form-capture",
      "exitCode": 0,
      "stdout": "\nup to date, audited 330 packages in 829ms\n\n96 packages are looking for funding\n  run `npm fund` for details\n\n2 moderate severity vulnerabilities\n\nTo address all issues, run:\n  npm audit fix\n\nRun `npm audit` for details.\n",
      "stderr": "",
      "duration": 919,
      "success": true
    },
    {
      "name": "workspace-install-subdir",
      "command": "npm --prefix workspace install",
      "cwd": "/home/runner/work/vybestack-site/vybestack-site/evals/grading/form-capture",
      "exitCode": 0,
      "stdout": "\nadded 343 packages, and audited 344 packages in 2s\n\n96 packages are looking for funding\n  run `npm fund` for details\n\n4 moderate severity vulnerabilities\n\nTo address all issues (including breaking changes), run:\n  npm audit fix --force\n\nRun `npm audit` for details.\n",
      "stderr": "npm warn deprecated inflight@1.0.6: This module is not supported, and leaks memory. Do not use it. Check out lru-cache if you want a good and tested way to coalesce async requests by a key value, which is much more comprehensive and powerful.\nnpm warn deprecated @humanwhocodes/config-array@0.13.0: Use @eslint/config-array instead\nnpm warn deprecated rimraf@3.0.2: Rimraf versions prior to v4 are no longer supported\nnpm warn deprecated glob@7.2.3: Glob versions prior to v9 are no longer supported\nnpm warn deprecated @humanwhocodes/object-schema@2.0.3: Use @eslint/object-schema instead\nnpm warn deprecated eslint@8.57.1: This version is no longer supported. Please see https://eslint.org/version-support for other options.\n",
      "duration": 2521,
      "success": true
    },
    {
      "name": "workspace-build-subdir",
      "command": "npm --prefix workspace run build",
      "cwd": "/home/runner/work/vybestack-site/vybestack-site/evals/grading/form-capture",
      "exitCode": 0,
      "stdout": "\n> form-capture-eval@0.0.1 build\n> tsc -p tsconfig.json\n\n",
      "stderr": "",
      "duration": 1160,
      "success": true
    },
    {
      "name": "typecheck",
      "command": "npm run typecheck",
      "cwd": "/home/runner/work/vybestack-site/vybestack-site/evals/grading/form-capture",
      "exitCode": 0,
      "stdout": "\n> form-capture-grading@0.0.1 typecheck\n> tsc -p tsconfig.json\n\n",
      "stderr": "",
      "duration": 1449,
      "success": true
    },
    {
      "name": "test:hidden",
      "command": "npm run test:hidden",
      "cwd": "/home/runner/work/vybestack-site/vybestack-site/evals/grading/form-capture",
      "exitCode": 1,
      "stdout": "\n> form-capture-grading@0.0.1 test:hidden\n> vitest run --config vitest.config.hidden.ts\n\n\n\u001b[7m\u001b[1m\u001b[36m RUN \u001b[39m\u001b[22m\u001b[27m \u001b[36mv1.6.1\u001b[39m \u001b[90m/home/runner/work/vybestack-site/vybestack-site/evals/grading/form-capture\u001b[39m\n\n \u001b[32m✓\u001b[39m tests/hidden/package.spec.ts \u001b[2m (\u001b[22m\u001b[2m1 test\u001b[22m\u001b[2m)\u001b[22m\u001b[90m 5\u001b[2mms\u001b[22m\u001b[39m\n \u001b[33m❯\u001b[39m tests/hidden/form.spec.ts \u001b[2m (\u001b[22m\u001b[2m4 tests\u001b[22m\u001b[2m)\u001b[22m\n \u001b[33m❯\u001b[39m tests/hidden/form.spec.ts \u001b[2m (\u001b[22m\u001b[2m4 tests\u001b[22m\u001b[2m)\u001b[22m\u001b[33m 10516\u001b[2mms\u001b[22m\u001b[39m\n\n\u001b[2m Test Files \u001b[22m \u001b[1m\u001b[31m1 failed\u001b[39m\u001b[22m\u001b[2m | \u001b[22m\u001b[1m\u001b[32m1 passed\u001b[39m\u001b[22m\u001b[90m (2)\u001b[39m\n\u001b[2m      Tests \u001b[22m \u001b[1m\u001b[32m1 passed\u001b[39m\u001b[22m\u001b[90m (5)\u001b[39m\n\u001b[2m   Start at \u001b[22m 01:47:45\n\u001b[2m   Duration \u001b[22m 11.01s\u001b[2m (transform 67ms, setup 0ms, collect 260ms, tests 10.52s, environment 0ms, prepare 217ms)\u001b[22m\n\n",
      "stderr": "Server not implemented yet.\n\u001b[31m⎯⎯⎯⎯⎯⎯\u001b[1m\u001b[7m Failed Suites 1 \u001b[27m\u001b[22m⎯⎯⎯⎯⎯⎯⎯\u001b[39m\n\n\u001b[31m\u001b[1m\u001b[7m FAIL \u001b[27m\u001b[22m\u001b[39m tests/hidden/form.spec.ts \u001b[2m[ tests/hidden/form.spec.ts ]\u001b[22m\n\u001b[31m\u001b[1mError\u001b[22m: Hook timed out in 10000ms.\nIf this is a long-running hook, pass a timeout value as the last argument or configure it globally with \"hookTimeout\".\u001b[39m\n\u001b[31m\u001b[2m⎯⎯⎯⎯⎯⎯⎯⎯⎯⎯⎯⎯⎯⎯⎯⎯⎯⎯⎯⎯⎯⎯⎯⎯[1/1]⎯\u001b[22m\u001b[39m\n\n",
      "duration": 11487,
      "success": false
    }
  ],
  "workspaceArchive": "/home/runner/work/vybestack-site/vybestack-site/evals/outputs/form-capture-2025-11-08T01-47-29-425Z/llxprt-synthetic-minimax/workspace",
  "runSessionId": "12f3475b-35d1-44d9-be3b-0c30a078ce5e",
  "runSessionStartedAt": "2025-11-08T01:28:03.621Z",
  "repoVersion": "main@9c578b2",
  "multipass": {
    "enabled": true,
    "selectedPass": 0,
    "maxPasses": 3,
    "totalCliDuration": 76772,
    "passCount": 3,
    "feedback": [],
    "passes": [
      {
        "passNumber": 1,
        "startedAt": "2025-11-08T01:47:29.434Z",
        "finishedAt": "2025-11-08T01:47:56.059Z",
        "totalDuration": 26625,
        "promptHash": "6300c326839fd1818695a02737dd4a6181aaa06c59197bafd0d7416044b1fc7e",
        "appliedFeedback": [],
        "success": false,
        "partialSuccess": false,
        "workspaceArchive": "/home/runner/work/vybestack-site/vybestack-site/evals/outputs/form-capture-2025-11-08T01-47-29-425Z/llxprt-synthetic-minimax/passes/pass-1/workspace",
        "resultsArchive": "/home/runner/work/vybestack-site/vybestack-site/evals/outputs/form-capture-2025-11-08T01-47-29-425Z/llxprt-synthetic-minimax/passes/pass-1/results",
        "cliResult": {
          "command": "/home/runner/work/vybestack-site/vybestack-site/evals/llxprt --provider openai --baseurl https://api.synthetic.new/openai/v1 --key *** --model hf:MiniMaxAI/MiniMax-M2 --set context-limit=190000 --set shell-replacement=true --set modelparam.temperature=1 --yolo",
          "cwd": "/home/runner/work/vybestack-site/vybestack-site/evals/problems/form-capture/.tmp-workspace-c8f1f84b-a634-4ab2-9fa7-6a8f2a0da0fd-dc7NOl/workspace",
          "exitCode": 1,
          "stdout": "",
          "stderr": "",
          "duration": 2,
          "label": "llxprt-synthetic-minimax"
        },
        "buildResults": [
          {
            "command": "npm install",
            "cwd": "/home/runner/work/vybestack-site/vybestack-site/evals/problems/form-capture/.tmp-workspace-c8f1f84b-a634-4ab2-9fa7-6a8f2a0da0fd-dc7NOl/workspace",
            "exitCode": 0,
            "stdout": "\nadded 343 packages, and audited 344 packages in 2s\n\n96 packages are looking for funding\n  run `npm fund` for details\n\n4 moderate severity vulnerabilities\n\nTo address all issues (including breaking changes), run:\n  npm audit fix --force\n\nRun `npm audit` for details.\n",
            "stderr": "npm warn deprecated inflight@1.0.6: This module is not supported, and leaks memory. Do not use it. Check out lru-cache if you want a good and tested way to coalesce async requests by a key value, which is much more comprehensive and powerful.\nnpm warn deprecated @humanwhocodes/config-array@0.13.0: Use @eslint/config-array instead\nnpm warn deprecated rimraf@3.0.2: Rimraf versions prior to v4 are no longer supported\nnpm warn deprecated glob@7.2.3: Glob versions prior to v9 are no longer supported\nnpm warn deprecated @humanwhocodes/object-schema@2.0.3: Use @eslint/object-schema instead\nnpm warn deprecated eslint@8.57.1: This version is no longer supported. Please see https://eslint.org/version-support for other options.\n",
            "duration": 2554,
            "label": "workspace-install"
          },
          {
            "command": "npm run lint",
            "cwd": "/home/runner/work/vybestack-site/vybestack-site/evals/problems/form-capture/.tmp-workspace-c8f1f84b-a634-4ab2-9fa7-6a8f2a0da0fd-dc7NOl/workspace",
            "exitCode": 1,
            "stdout": "\n> form-capture-eval@0.0.1 lint\n> eslint . --ext .ts\n\n\n/home/runner/work/vybestack-site/vybestack-site/evals/problems/form-capture/.tmp-workspace-c8f1f84b-a634-4ab2-9fa7-6a8f2a0da0fd-dc7NOl/workspace/tests/public/form.spec.ts\n  2:8   error  'request' is defined but never used       @typescript-eslint/no-unused-vars\n  3:8   error  'cheerio' is defined but never used       @typescript-eslint/no-unused-vars\n  7:13  error  Unexpected any. Specify a different type  @typescript-eslint/no-explicit-any\n  8:5   error  'app' is defined but never used           @typescript-eslint/no-unused-vars\n  8:10  error  Unexpected any. Specify a different type  @typescript-eslint/no-explicit-any\n\n✖ 5 problems (5 errors, 0 warnings)\n\n",
            "stderr": "",
            "duration": 3279,
            "label": "lint"
          },
          {
            "command": "npm run test:public",
            "cwd": "/home/runner/work/vybestack-site/vybestack-site/evals/problems/form-capture/.tmp-workspace-c8f1f84b-a634-4ab2-9fa7-6a8f2a0da0fd-dc7NOl/workspace",
            "exitCode": 0,
            "stdout": "\n> form-capture-eval@0.0.1 test:public\n> vitest run --config vitest.config.public.ts\n\n\n\u001b[7m\u001b[1m\u001b[36m RUN \u001b[39m\u001b[22m\u001b[27m \u001b[36mv1.6.1\u001b[39m \u001b[90m/home/runner/work/vybestack-site/vybestack-site/evals/problems/form-capture/.tmp-workspace-c8f1f84b-a634-4ab2-9fa7-6a8f2a0da0fd-dc7NOl/workspace\u001b[39m\n\n \u001b[32m✓\u001b[39m tests/public/form.spec.ts \u001b[2m (\u001b[22m\u001b[2m2 tests\u001b[22m\u001b[2m)\u001b[22m\u001b[90m 3\u001b[2mms\u001b[22m\u001b[39m\n\n\u001b[2m Test Files \u001b[22m \u001b[1m\u001b[32m1 passed\u001b[39m\u001b[22m\u001b[90m (1)\u001b[39m\n\u001b[2m      Tests \u001b[22m \u001b[1m\u001b[32m2 passed\u001b[39m\u001b[22m\u001b[90m (2)\u001b[39m\n\u001b[2m   Start at \u001b[22m 01:47:35\n\u001b[2m   Duration \u001b[22m 285ms\u001b[2m (transform 26ms, setup 0ms, collect 20ms, tests 3ms, environment 0ms, prepare 87ms)\u001b[22m\n\n",
            "stderr": "",
            "duration": 748,
            "label": "test:public"
          },
          {
            "command": "npm run typecheck",
            "cwd": "/home/runner/work/vybestack-site/vybestack-site/evals/problems/form-capture/.tmp-workspace-c8f1f84b-a634-4ab2-9fa7-6a8f2a0da0fd-dc7NOl/workspace",
            "exitCode": 0,
            "stdout": "\n> form-capture-eval@0.0.1 typecheck\n> tsc --noEmit\n\n",
            "stderr": "",
            "duration": 1103,
            "label": "typecheck"
          },
          {
            "command": "npm run build",
            "cwd": "/home/runner/work/vybestack-site/vybestack-site/evals/problems/form-capture/.tmp-workspace-c8f1f84b-a634-4ab2-9fa7-6a8f2a0da0fd-dc7NOl/workspace",
            "exitCode": 0,
            "stdout": "\n> form-capture-eval@0.0.1 build\n> tsc -p tsconfig.json\n\n",
            "stderr": "",
            "duration": 1118,
            "label": "build"
          }
        ],
        "gradeResults": [
          {
            "command": "npm install",
            "cwd": "/home/runner/work/vybestack-site/vybestack-site/evals/grading/form-capture",
            "exitCode": 0,
            "stdout": "\nup to date, audited 330 packages in 829ms\n\n96 packages are looking for funding\n  run `npm fund` for details\n\n2 moderate severity vulnerabilities\n\nTo address all issues, run:\n  npm audit fix\n\nRun `npm audit` for details.\n",
            "stderr": "",
            "duration": 919,
            "label": "workspace-install"
          },
          {
            "command": "npm --prefix workspace install",
            "cwd": "/home/runner/work/vybestack-site/vybestack-site/evals/grading/form-capture",
            "exitCode": 0,
            "stdout": "\nadded 343 packages, and audited 344 packages in 2s\n\n96 packages are looking for funding\n  run `npm fund` for details\n\n4 moderate severity vulnerabilities\n\nTo address all issues (including breaking changes), run:\n  npm audit fix --force\n\nRun `npm audit` for details.\n",
            "stderr": "npm warn deprecated inflight@1.0.6: This module is not supported, and leaks memory. Do not use it. Check out lru-cache if you want a good and tested way to coalesce async requests by a key value, which is much more comprehensive and powerful.\nnpm warn deprecated @humanwhocodes/config-array@0.13.0: Use @eslint/config-array instead\nnpm warn deprecated rimraf@3.0.2: Rimraf versions prior to v4 are no longer supported\nnpm warn deprecated glob@7.2.3: Glob versions prior to v9 are no longer supported\nnpm warn deprecated @humanwhocodes/object-schema@2.0.3: Use @eslint/object-schema instead\nnpm warn deprecated eslint@8.57.1: This version is no longer supported. Please see https://eslint.org/version-support for other options.\n",
            "duration": 2521,
            "label": "workspace-install-subdir"
          },
          {
            "command": "npm --prefix workspace run build",
            "cwd": "/home/runner/work/vybestack-site/vybestack-site/evals/grading/form-capture",
            "exitCode": 0,
            "stdout": "\n> form-capture-eval@0.0.1 build\n> tsc -p tsconfig.json\n\n",
            "stderr": "",
            "duration": 1160,
            "label": "workspace-build-subdir"
          },
          {
            "command": "npm run typecheck",
            "cwd": "/home/runner/work/vybestack-site/vybestack-site/evals/grading/form-capture",
            "exitCode": 0,
            "stdout": "\n> form-capture-grading@0.0.1 typecheck\n> tsc -p tsconfig.json\n\n",
            "stderr": "",
            "duration": 1449,
            "label": "typecheck"
          },
          {
            "command": "npm run test:hidden",
            "cwd": "/home/runner/work/vybestack-site/vybestack-site/evals/grading/form-capture",
            "exitCode": 1,
            "stdout": "\n> form-capture-grading@0.0.1 test:hidden\n> vitest run --config vitest.config.hidden.ts\n\n\n\u001b[7m\u001b[1m\u001b[36m RUN \u001b[39m\u001b[22m\u001b[27m \u001b[36mv1.6.1\u001b[39m \u001b[90m/home/runner/work/vybestack-site/vybestack-site/evals/grading/form-capture\u001b[39m\n\n \u001b[32m✓\u001b[39m tests/hidden/package.spec.ts \u001b[2m (\u001b[22m\u001b[2m1 test\u001b[22m\u001b[2m)\u001b[22m\u001b[90m 5\u001b[2mms\u001b[22m\u001b[39m\n \u001b[33m❯\u001b[39m tests/hidden/form.spec.ts \u001b[2m (\u001b[22m\u001b[2m4 tests\u001b[22m\u001b[2m)\u001b[22m\n \u001b[33m❯\u001b[39m tests/hidden/form.spec.ts \u001b[2m (\u001b[22m\u001b[2m4 tests\u001b[22m\u001b[2m)\u001b[22m\u001b[33m 10516\u001b[2mms\u001b[22m\u001b[39m\n\n\u001b[2m Test Files \u001b[22m \u001b[1m\u001b[31m1 failed\u001b[39m\u001b[22m\u001b[2m | \u001b[22m\u001b[1m\u001b[32m1 passed\u001b[39m\u001b[22m\u001b[90m (2)\u001b[39m\n\u001b[2m      Tests \u001b[22m \u001b[1m\u001b[32m1 passed\u001b[39m\u001b[22m\u001b[90m (5)\u001b[39m\n\u001b[2m   Start at \u001b[22m 01:47:45\n\u001b[2m   Duration \u001b[22m 11.01s\u001b[2m (transform 67ms, setup 0ms, collect 260ms, tests 10.52s, environment 0ms, prepare 217ms)\u001b[22m\n\n",
            "stderr": "Server not implemented yet.\n\u001b[31m⎯⎯⎯⎯⎯⎯\u001b[1m\u001b[7m Failed Suites 1 \u001b[27m\u001b[22m⎯⎯⎯⎯⎯⎯⎯\u001b[39m\n\n\u001b[31m\u001b[1m\u001b[7m FAIL \u001b[27m\u001b[22m\u001b[39m tests/hidden/form.spec.ts \u001b[2m[ tests/hidden/form.spec.ts ]\u001b[22m\n\u001b[31m\u001b[1mError\u001b[22m: Hook timed out in 10000ms.\nIf this is a long-running hook, pass a timeout value as the last argument or configure it globally with \"hookTimeout\".\u001b[39m\n\u001b[31m\u001b[2m⎯⎯⎯⎯⎯⎯⎯⎯⎯⎯⎯⎯⎯⎯⎯⎯⎯⎯⎯⎯⎯⎯⎯⎯[1/1]⎯\u001b[22m\u001b[39m\n\n",
            "duration": 11487,
            "label": "test:hidden"
          }
        ],
        "feedbackForNextPass": {
          "bullets": [
            "It isn't working correctly.",
            "Your previous attempt exited with code 1. Review the CLI logs to diagnose the issue.",
            "Lint failed. Fix the reported lint errors.",
            "A verification check failed.",
            "Please resolve the issues and re-run lint, tests, and build before finishing."
          ],
          "failingSteps": [
            {
              "step": "llxprt-synthetic-minimax",
              "exitCode": 1,
              "message": "Your previous attempt exited with code 1. Review the CLI logs to diagnose the issue."
            },
            {
              "step": "lint",
              "exitCode": 1,
              "message": "Lint failed. Fix the reported lint errors."
            },
            {
              "step": "test:hidden",
              "exitCode": 1,
              "message": "A verification check failed."
            }
          ],
          "hiddenAssertions": [],
          "publicTestFailures": [],
          "hiddenTestFailures": []
        },
        "publicTestFailures": [],
        "hiddenTestFailures": [],
        "vybes": {
          "taskName": "form-capture",
          "configId": "llxprt-synthetic-minimax",
          "complexityMultiplier": 5,
          "timeLimitMinutes": 10,
          "baseScore": 500,
          "successPercentage": 0,
          "baselineSuccessPercentage": 0,
          "adjustedSuccessPercentage": 0,
          "timePenaltyMultiplier": 1,
          "rawScore": 0,
          "finalScore": 0,
          "actualTimeMinutes": 0,
          "description": "Full-stack contact form application",
          "category": "full-stack",
          "breakdown": {
            "subtasksPassed": 1,
            "subtasksTotal": 6,
            "modulesCompleted": [],
            "modulesIncomplete": [
              "form-capture"
            ],
            "modules": {
              "form-capture": {
                "passed": 1,
                "total": 6,
                "passedTasks": [
                  "package-integrity"
                ],
                "failedTasks": [
                  "form-fields-render",
                  "invalid-email-validation",
                  "submission-persists",
                  "thank-you-page",
                  "css-styling"
                ]
              }
            }
          },
          "error": "lint/typecheck failed",
          "status": "error",
          "passesAttempted": 1,
          "selectedPass": 0,
          "totalCliDurationMs": 2
        }
      },
      {
        "passNumber": 2,
        "startedAt": "2025-11-08T01:47:56.075Z",
        "finishedAt": "2025-11-08T01:48:21.189Z",
        "totalDuration": 25114,
        "promptHash": "46a8c4284989f5f84fefb1403f9b8a72ecbb9a33c1311dceefa8eaa5d4f44536",
        "appliedFeedback": [
          "It isn't working correctly.",
          "Your previous attempt exited with code 1. Review the CLI logs to diagnose the issue.",
          "Lint failed. Fix the reported lint errors.",
          "A verification check failed.",
          "Please resolve the issues and re-run lint, tests, and build before finishing."
        ],
        "success": false,
        "partialSuccess": false,
        "workspaceArchive": "/home/runner/work/vybestack-site/vybestack-site/evals/outputs/form-capture-2025-11-08T01-47-29-425Z/llxprt-synthetic-minimax/passes/pass-2/workspace",
        "resultsArchive": "/home/runner/work/vybestack-site/vybestack-site/evals/outputs/form-capture-2025-11-08T01-47-29-425Z/llxprt-synthetic-minimax/passes/pass-2/results",
        "cliResult": {
          "command": "/home/runner/work/vybestack-site/vybestack-site/evals/llxprt --provider openai --baseurl https://api.synthetic.new/openai/v1 --key *** --model hf:MiniMaxAI/MiniMax-M2 --set context-limit=190000 --set shell-replacement=true --set modelparam.temperature=1 --yolo",
          "cwd": "/home/runner/work/vybestack-site/vybestack-site/evals/problems/form-capture/.tmp-workspace-c8f1f84b-a634-4ab2-9fa7-6a8f2a0da0fd-dc7NOl/workspace",
          "exitCode": 1,
          "stdout": "",
          "stderr": "",
          "duration": 2,
          "label": "llxprt-synthetic-minimax"
        },
        "buildResults": [
          {
            "command": "npm install",
            "cwd": "/home/runner/work/vybestack-site/vybestack-site/evals/problems/form-capture/.tmp-workspace-c8f1f84b-a634-4ab2-9fa7-6a8f2a0da0fd-dc7NOl/workspace",
            "exitCode": 0,
            "stdout": "\nup to date, audited 344 packages in 907ms\n\n96 packages are looking for funding\n  run `npm fund` for details\n\n4 moderate severity vulnerabilities\n\nTo address all issues (including breaking changes), run:\n  npm audit fix --force\n\nRun `npm audit` for details.\n",
            "stderr": "",
            "duration": 1002,
            "label": "workspace-install"
          },
          {
            "command": "npm run lint",
            "cwd": "/home/runner/work/vybestack-site/vybestack-site/evals/problems/form-capture/.tmp-workspace-c8f1f84b-a634-4ab2-9fa7-6a8f2a0da0fd-dc7NOl/workspace",
            "exitCode": 1,
            "stdout": "\n> form-capture-eval@0.0.1 lint\n> eslint . --ext .ts\n\n\n/home/runner/work/vybestack-site/vybestack-site/evals/problems/form-capture/.tmp-workspace-c8f1f84b-a634-4ab2-9fa7-6a8f2a0da0fd-dc7NOl/workspace/tests/public/form.spec.ts\n  2:8   error  'request' is defined but never used       @typescript-eslint/no-unused-vars\n  3:8   error  'cheerio' is defined but never used       @typescript-eslint/no-unused-vars\n  7:13  error  Unexpected any. Specify a different type  @typescript-eslint/no-explicit-any\n  8:5   error  'app' is defined but never used           @typescript-eslint/no-unused-vars\n  8:10  error  Unexpected any. Specify a different type  @typescript-eslint/no-explicit-any\n\n✖ 5 problems (5 errors, 0 warnings)\n\n",
            "stderr": "",
            "duration": 3124,
            "label": "lint"
          },
          {
            "command": "npm run test:public",
            "cwd": "/home/runner/work/vybestack-site/vybestack-site/evals/problems/form-capture/.tmp-workspace-c8f1f84b-a634-4ab2-9fa7-6a8f2a0da0fd-dc7NOl/workspace",
            "exitCode": 0,
            "stdout": "\n> form-capture-eval@0.0.1 test:public\n> vitest run --config vitest.config.public.ts\n\n\n\u001b[7m\u001b[1m\u001b[36m RUN \u001b[39m\u001b[22m\u001b[27m \u001b[36mv1.6.1\u001b[39m \u001b[90m/home/runner/work/vybestack-site/vybestack-site/evals/problems/form-capture/.tmp-workspace-c8f1f84b-a634-4ab2-9fa7-6a8f2a0da0fd-dc7NOl/workspace\u001b[39m\n\n \u001b[32m✓\u001b[39m tests/public/form.spec.ts \u001b[2m (\u001b[22m\u001b[2m2 tests\u001b[22m\u001b[2m)\u001b[22m\u001b[90m 2\u001b[2mms\u001b[22m\u001b[39m\n\n\u001b[2m Test Files \u001b[22m \u001b[1m\u001b[32m1 passed\u001b[39m\u001b[22m\u001b[90m (1)\u001b[39m\n\u001b[2m      Tests \u001b[22m \u001b[1m\u001b[32m2 passed\u001b[39m\u001b[22m\u001b[90m (2)\u001b[39m\n\u001b[2m   Start at \u001b[22m 01:48:00\n\u001b[2m   Duration \u001b[22m 286ms\u001b[2m (transform 28ms, setup 0ms, collect 20ms, tests 2ms, environment 0ms, prepare 87ms)\u001b[22m\n\n",
            "stderr": "",
            "duration": 755,
            "label": "test:public"
          },
          {
            "command": "npm run typecheck",
            "cwd": "/home/runner/work/vybestack-site/vybestack-site/evals/problems/form-capture/.tmp-workspace-c8f1f84b-a634-4ab2-9fa7-6a8f2a0da0fd-dc7NOl/workspace",
            "exitCode": 0,
            "stdout": "\n> form-capture-eval@0.0.1 typecheck\n> tsc --noEmit\n\n",
            "stderr": "",
            "duration": 1160,
            "label": "typecheck"
          },
          {
            "command": "npm run build",
            "cwd": "/home/runner/work/vybestack-site/vybestack-site/evals/problems/form-capture/.tmp-workspace-c8f1f84b-a634-4ab2-9fa7-6a8f2a0da0fd-dc7NOl/workspace",
            "exitCode": 0,
            "stdout": "\n> form-capture-eval@0.0.1 build\n> tsc -p tsconfig.json\n\n",
            "stderr": "",
            "duration": 1168,
            "label": "build"
          }
        ],
        "gradeResults": [
          {
            "command": "npm install",
            "cwd": "/home/runner/work/vybestack-site/vybestack-site/evals/grading/form-capture",
            "exitCode": 0,
            "stdout": "\nup to date, audited 330 packages in 849ms\n\n96 packages are looking for funding\n  run `npm fund` for details\n\n2 moderate severity vulnerabilities\n\nTo address all issues, run:\n  npm audit fix\n\nRun `npm audit` for details.\n",
            "stderr": "",
            "duration": 939,
            "label": "workspace-install"
          },
          {
            "command": "npm --prefix workspace install",
            "cwd": "/home/runner/work/vybestack-site/vybestack-site/evals/grading/form-capture",
            "exitCode": 0,
            "stdout": "\nadded 343 packages, and audited 344 packages in 2s\n\n96 packages are looking for funding\n  run `npm fund` for details\n\n4 moderate severity vulnerabilities\n\nTo address all issues (including breaking changes), run:\n  npm audit fix --force\n\nRun `npm audit` for details.\n",
            "stderr": "npm warn deprecated inflight@1.0.6: This module is not supported, and leaks memory. Do not use it. Check out lru-cache if you want a good and tested way to coalesce async requests by a key value, which is much more comprehensive and powerful.\nnpm warn deprecated @humanwhocodes/config-array@0.13.0: Use @eslint/config-array instead\nnpm warn deprecated rimraf@3.0.2: Rimraf versions prior to v4 are no longer supported\nnpm warn deprecated glob@7.2.3: Glob versions prior to v9 are no longer supported\nnpm warn deprecated @humanwhocodes/object-schema@2.0.3: Use @eslint/object-schema instead\nnpm warn deprecated eslint@8.57.1: This version is no longer supported. Please see https://eslint.org/version-support for other options.\n",
            "duration": 2562,
            "label": "workspace-install-subdir"
          },
          {
            "command": "npm --prefix workspace run build",
            "cwd": "/home/runner/work/vybestack-site/vybestack-site/evals/grading/form-capture",
            "exitCode": 0,
            "stdout": "\n> form-capture-eval@0.0.1 build\n> tsc -p tsconfig.json\n\n",
            "stderr": "",
            "duration": 1124,
            "label": "workspace-build-subdir"
          },
          {
            "command": "npm run typecheck",
            "cwd": "/home/runner/work/vybestack-site/vybestack-site/evals/grading/form-capture",
            "exitCode": 0,
            "stdout": "\n> form-capture-grading@0.0.1 typecheck\n> tsc -p tsconfig.json\n\n",
            "stderr": "",
            "duration": 1459,
            "label": "typecheck"
          },
          {
            "command": "npm run test:hidden",
            "cwd": "/home/runner/work/vybestack-site/vybestack-site/evals/grading/form-capture",
            "exitCode": 1,
            "stdout": "\n> form-capture-grading@0.0.1 test:hidden\n> vitest run --config vitest.config.hidden.ts\n\n\n\u001b[7m\u001b[1m\u001b[36m RUN \u001b[39m\u001b[22m\u001b[27m \u001b[36mv1.6.1\u001b[39m \u001b[90m/home/runner/work/vybestack-site/vybestack-site/evals/grading/form-capture\u001b[39m\n\n \u001b[32m✓\u001b[39m tests/hidden/package.spec.ts \u001b[2m (\u001b[22m\u001b[2m1 test\u001b[22m\u001b[2m)\u001b[22m\u001b[90m 3\u001b[2mms\u001b[22m\u001b[39m\n \u001b[33m❯\u001b[39m tests/hidden/form.spec.ts \u001b[2m (\u001b[22m\u001b[2m4 tests\u001b[22m\u001b[2m)\u001b[22m\n \u001b[33m❯\u001b[39m tests/hidden/form.spec.ts \u001b[2m (\u001b[22m\u001b[2m4 tests\u001b[22m\u001b[2m)\u001b[22m\u001b[33m 10519\u001b[2mms\u001b[22m\u001b[39m\n\n\u001b[2m Test Files \u001b[22m \u001b[1m\u001b[31m1 failed\u001b[39m\u001b[22m\u001b[2m | \u001b[22m\u001b[1m\u001b[32m1 passed\u001b[39m\u001b[22m\u001b[90m (2)\u001b[39m\n\u001b[2m      Tests \u001b[22m \u001b[1m\u001b[32m1 passed\u001b[39m\u001b[22m\u001b[90m (5)\u001b[39m\n\u001b[2m   Start at \u001b[22m 01:48:10\n\u001b[2m   Duration \u001b[22m 11.05s\u001b[2m (transform 68ms, setup 0ms, collect 273ms, tests 10.52s, environment 1ms, prepare 208ms)\u001b[22m\n\n",
            "stderr": "Server not implemented yet.\n\u001b[31m⎯⎯⎯⎯⎯⎯\u001b[1m\u001b[7m Failed Suites 1 \u001b[27m\u001b[22m⎯⎯⎯⎯⎯⎯⎯\u001b[39m\n\n\u001b[31m\u001b[1m\u001b[7m FAIL \u001b[27m\u001b[22m\u001b[39m tests/hidden/form.spec.ts \u001b[2m[ tests/hidden/form.spec.ts ]\u001b[22m\n\u001b[31m\u001b[1mError\u001b[22m: Hook timed out in 10000ms.\nIf this is a long-running hook, pass a timeout value as the last argument or configure it globally with \"hookTimeout\".\u001b[39m\n\u001b[31m\u001b[2m⎯⎯⎯⎯⎯⎯⎯⎯⎯⎯⎯⎯⎯⎯⎯⎯⎯⎯⎯⎯⎯⎯⎯⎯[1/1]⎯\u001b[22m\u001b[39m\n\n",
            "duration": 11531,
            "label": "test:hidden"
          }
        ],
        "feedbackForNextPass": {
          "bullets": [
            "It isn't working correctly.",
            "Your previous attempt exited with code 1. Review the CLI logs to diagnose the issue.",
            "Lint failed. Fix the reported lint errors.",
            "A verification check failed.",
            "Please resolve the issues and re-run lint, tests, and build before finishing."
          ],
          "failingSteps": [
            {
              "step": "llxprt-synthetic-minimax",
              "exitCode": 1,
              "message": "Your previous attempt exited with code 1. Review the CLI logs to diagnose the issue."
            },
            {
              "step": "lint",
              "exitCode": 1,
              "message": "Lint failed. Fix the reported lint errors."
            },
            {
              "step": "test:hidden",
              "exitCode": 1,
              "message": "A verification check failed."
            }
          ],
          "hiddenAssertions": [],
          "publicTestFailures": [],
          "hiddenTestFailures": []
        },
        "publicTestFailures": [],
        "hiddenTestFailures": [],
        "vybes": {
          "taskName": "form-capture",
          "configId": "llxprt-synthetic-minimax",
          "complexityMultiplier": 5,
          "timeLimitMinutes": 10,
          "baseScore": 500,
          "successPercentage": 0,
          "baselineSuccessPercentage": 0,
          "adjustedSuccessPercentage": 0,
          "timePenaltyMultiplier": 1,
          "rawScore": 0,
          "finalScore": 0,
          "actualTimeMinutes": 0,
          "description": "Full-stack contact form application",
          "category": "full-stack",
          "breakdown": {
            "subtasksPassed": 1,
            "subtasksTotal": 6,
            "modulesCompleted": [],
            "modulesIncomplete": [
              "form-capture"
            ],
            "modules": {
              "form-capture": {
                "passed": 1,
                "total": 6,
                "passedTasks": [
                  "package-integrity"
                ],
                "failedTasks": [
                  "form-fields-render",
                  "invalid-email-validation",
                  "submission-persists",
                  "thank-you-page",
                  "css-styling"
                ]
              }
            }
          },
          "error": "lint/typecheck failed",
          "status": "error",
          "passesAttempted": 2,
          "selectedPass": 1,
          "totalCliDurationMs": 2
        }
      },
      {
        "passNumber": 3,
        "startedAt": "2025-11-08T01:48:21.206Z",
        "finishedAt": "2025-11-08T01:48:46.239Z",
        "totalDuration": 25033,
        "promptHash": "46a8c4284989f5f84fefb1403f9b8a72ecbb9a33c1311dceefa8eaa5d4f44536",
        "appliedFeedback": [
          "It isn't working correctly.",
          "Your previous attempt exited with code 1. Review the CLI logs to diagnose the issue.",
          "Lint failed. Fix the reported lint errors.",
          "A verification check failed.",
          "Please resolve the issues and re-run lint, tests, and build before finishing."
        ],
        "success": false,
        "partialSuccess": false,
        "workspaceArchive": "/home/runner/work/vybestack-site/vybestack-site/evals/outputs/form-capture-2025-11-08T01-47-29-425Z/llxprt-synthetic-minimax/passes/pass-3/workspace",
        "resultsArchive": "/home/runner/work/vybestack-site/vybestack-site/evals/outputs/form-capture-2025-11-08T01-47-29-425Z/llxprt-synthetic-minimax/passes/pass-3/results",
        "cliResult": {
          "command": "/home/runner/work/vybestack-site/vybestack-site/evals/llxprt --provider openai --baseurl https://api.synthetic.new/openai/v1 --key *** --model hf:MiniMaxAI/MiniMax-M2 --set context-limit=190000 --set shell-replacement=true --set modelparam.temperature=1 --yolo",
          "cwd": "/home/runner/work/vybestack-site/vybestack-site/evals/problems/form-capture/.tmp-workspace-c8f1f84b-a634-4ab2-9fa7-6a8f2a0da0fd-dc7NOl/workspace",
          "exitCode": 1,
          "stdout": "",
          "stderr": "",
          "duration": 2,
          "label": "llxprt-synthetic-minimax"
        },
        "buildResults": [
          {
            "command": "npm install",
            "cwd": "/home/runner/work/vybestack-site/vybestack-site/evals/problems/form-capture/.tmp-workspace-c8f1f84b-a634-4ab2-9fa7-6a8f2a0da0fd-dc7NOl/workspace",
            "exitCode": 0,
            "stdout": "\nup to date, audited 344 packages in 868ms\n\n96 packages are looking for funding\n  run `npm fund` for details\n\n4 moderate severity vulnerabilities\n\nTo address all issues (including breaking changes), run:\n  npm audit fix --force\n\nRun `npm audit` for details.\n",
            "stderr": "",
            "duration": 960,
            "label": "workspace-install"
          },
          {
            "command": "npm run lint",
            "cwd": "/home/runner/work/vybestack-site/vybestack-site/evals/problems/form-capture/.tmp-workspace-c8f1f84b-a634-4ab2-9fa7-6a8f2a0da0fd-dc7NOl/workspace",
            "exitCode": 1,
            "stdout": "\n> form-capture-eval@0.0.1 lint\n> eslint . --ext .ts\n\n\n/home/runner/work/vybestack-site/vybestack-site/evals/problems/form-capture/.tmp-workspace-c8f1f84b-a634-4ab2-9fa7-6a8f2a0da0fd-dc7NOl/workspace/tests/public/form.spec.ts\n  2:8   error  'request' is defined but never used       @typescript-eslint/no-unused-vars\n  3:8   error  'cheerio' is defined but never used       @typescript-eslint/no-unused-vars\n  7:13  error  Unexpected any. Specify a different type  @typescript-eslint/no-explicit-any\n  8:5   error  'app' is defined but never used           @typescript-eslint/no-unused-vars\n  8:10  error  Unexpected any. Specify a different type  @typescript-eslint/no-explicit-any\n\n✖ 5 problems (5 errors, 0 warnings)\n\n",
            "stderr": "",
            "duration": 3124,
            "label": "lint"
          },
          {
            "command": "npm run test:public",
            "cwd": "/home/runner/work/vybestack-site/vybestack-site/evals/problems/form-capture/.tmp-workspace-c8f1f84b-a634-4ab2-9fa7-6a8f2a0da0fd-dc7NOl/workspace",
            "exitCode": 0,
            "stdout": "\n> form-capture-eval@0.0.1 test:public\n> vitest run --config vitest.config.public.ts\n\n\n\u001b[7m\u001b[1m\u001b[36m RUN \u001b[39m\u001b[22m\u001b[27m \u001b[36mv1.6.1\u001b[39m \u001b[90m/home/runner/work/vybestack-site/vybestack-site/evals/problems/form-capture/.tmp-workspace-c8f1f84b-a634-4ab2-9fa7-6a8f2a0da0fd-dc7NOl/workspace\u001b[39m\n\n \u001b[32m✓\u001b[39m tests/public/form.spec.ts \u001b[2m (\u001b[22m\u001b[2m2 tests\u001b[22m\u001b[2m)\u001b[22m\u001b[90m 2\u001b[2mms\u001b[22m\u001b[39m\n\n\u001b[2m Test Files \u001b[22m \u001b[1m\u001b[32m1 passed\u001b[39m\u001b[22m\u001b[90m (1)\u001b[39m\n\u001b[2m      Tests \u001b[22m \u001b[1m\u001b[32m2 passed\u001b[39m\u001b[22m\u001b[90m (2)\u001b[39m\n\u001b[2m   Start at \u001b[22m 01:48:25\n\u001b[2m   Duration \u001b[22m 304ms\u001b[2m (transform 27ms, setup 0ms, collect 20ms, tests 2ms, environment 0ms, prepare 85ms)\u001b[22m\n\n",
            "stderr": "",
            "duration": 783,
            "label": "test:public"
          },
          {
            "command": "npm run typecheck",
            "cwd": "/home/runner/work/vybestack-site/vybestack-site/evals/problems/form-capture/.tmp-workspace-c8f1f84b-a634-4ab2-9fa7-6a8f2a0da0fd-dc7NOl/workspace",
            "exitCode": 0,
            "stdout": "\n> form-capture-eval@0.0.1 typecheck\n> tsc --noEmit\n\n",
            "stderr": "",
            "duration": 1118,
            "label": "typecheck"
          },
          {
            "command": "npm run build",
            "cwd": "/home/runner/work/vybestack-site/vybestack-site/evals/problems/form-capture/.tmp-workspace-c8f1f84b-a634-4ab2-9fa7-6a8f2a0da0fd-dc7NOl/workspace",
            "exitCode": 0,
            "stdout": "\n> form-capture-eval@0.0.1 build\n> tsc -p tsconfig.json\n\n",
            "stderr": "",
            "duration": 1133,
            "label": "build"
          }
        ],
        "gradeResults": [
          {
            "command": "npm install",
            "cwd": "/home/runner/work/vybestack-site/vybestack-site/evals/grading/form-capture",
            "exitCode": 0,
            "stdout": "\nup to date, audited 330 packages in 821ms\n\n96 packages are looking for funding\n  run `npm fund` for details\n\n2 moderate severity vulnerabilities\n\nTo address all issues, run:\n  npm audit fix\n\nRun `npm audit` for details.\n",
            "stderr": "",
            "duration": 915,
            "label": "workspace-install"
          },
          {
            "command": "npm --prefix workspace install",
            "cwd": "/home/runner/work/vybestack-site/vybestack-site/evals/grading/form-capture",
            "exitCode": 0,
            "stdout": "\nadded 343 packages, and audited 344 packages in 2s\n\n96 packages are looking for funding\n  run `npm fund` for details\n\n4 moderate severity vulnerabilities\n\nTo address all issues (including breaking changes), run:\n  npm audit fix --force\n\nRun `npm audit` for details.\n",
            "stderr": "npm warn deprecated inflight@1.0.6: This module is not supported, and leaks memory. Do not use it. Check out lru-cache if you want a good and tested way to coalesce async requests by a key value, which is much more comprehensive and powerful.\nnpm warn deprecated @humanwhocodes/config-array@0.13.0: Use @eslint/config-array instead\nnpm warn deprecated rimraf@3.0.2: Rimraf versions prior to v4 are no longer supported\nnpm warn deprecated glob@7.2.3: Glob versions prior to v9 are no longer supported\nnpm warn deprecated @humanwhocodes/object-schema@2.0.3: Use @eslint/object-schema instead\nnpm warn deprecated eslint@8.57.1: This version is no longer supported. Please see https://eslint.org/version-support for other options.\n",
            "duration": 2539,
            "label": "workspace-install-subdir"
          },
          {
            "command": "npm --prefix workspace run build",
            "cwd": "/home/runner/work/vybestack-site/vybestack-site/evals/grading/form-capture",
            "exitCode": 0,
            "stdout": "\n> form-capture-eval@0.0.1 build\n> tsc -p tsconfig.json\n\n",
            "stderr": "",
            "duration": 1200,
            "label": "workspace-build-subdir"
          },
          {
            "command": "npm run typecheck",
            "cwd": "/home/runner/work/vybestack-site/vybestack-site/evals/grading/form-capture",
            "exitCode": 0,
            "stdout": "\n> form-capture-grading@0.0.1 typecheck\n> tsc -p tsconfig.json\n\n",
            "stderr": "",
            "duration": 1456,
            "label": "typecheck"
          },
          {
            "command": "npm run test:hidden",
            "cwd": "/home/runner/work/vybestack-site/vybestack-site/evals/grading/form-capture",
            "exitCode": 1,
            "stdout": "\n> form-capture-grading@0.0.1 test:hidden\n> vitest run --config vitest.config.hidden.ts\n\n\n\u001b[7m\u001b[1m\u001b[36m RUN \u001b[39m\u001b[22m\u001b[27m \u001b[36mv1.6.1\u001b[39m \u001b[90m/home/runner/work/vybestack-site/vybestack-site/evals/grading/form-capture\u001b[39m\n\n \u001b[32m✓\u001b[39m tests/hidden/package.spec.ts \u001b[2m (\u001b[22m\u001b[2m1 test\u001b[22m\u001b[2m)\u001b[22m\u001b[90m 5\u001b[2mms\u001b[22m\u001b[39m\n \u001b[33m❯\u001b[39m tests/hidden/form.spec.ts \u001b[2m (\u001b[22m\u001b[2m4 tests\u001b[22m\u001b[2m)\u001b[22m\n \u001b[33m❯\u001b[39m tests/hidden/form.spec.ts \u001b[2m (\u001b[22m\u001b[2m4 tests\u001b[22m\u001b[2m)\u001b[22m\u001b[33m 10519\u001b[2mms\u001b[22m\u001b[39m\n\n\u001b[2m Test Files \u001b[22m \u001b[1m\u001b[31m1 failed\u001b[39m\u001b[22m\u001b[2m | \u001b[22m\u001b[1m\u001b[32m1 passed\u001b[39m\u001b[22m\u001b[90m (2)\u001b[39m\n\u001b[2m      Tests \u001b[22m \u001b[1m\u001b[32m1 passed\u001b[39m\u001b[22m\u001b[90m (5)\u001b[39m\n\u001b[2m   Start at \u001b[22m 01:48:35\n\u001b[2m   Duration \u001b[22m 11.02s\u001b[2m (transform 68ms, setup 0ms, collect 262ms, tests 10.52s, environment 0ms, prepare 203ms)\u001b[22m\n\n",
            "stderr": "Server not implemented yet.\n\u001b[31m⎯⎯⎯⎯⎯⎯\u001b[1m\u001b[7m Failed Suites 1 \u001b[27m\u001b[22m⎯⎯⎯⎯⎯⎯⎯\u001b[39m\n\n\u001b[31m\u001b[1m\u001b[7m FAIL \u001b[27m\u001b[22m\u001b[39m tests/hidden/form.spec.ts \u001b[2m[ tests/hidden/form.spec.ts ]\u001b[22m\n\u001b[31m\u001b[1mError\u001b[22m: Hook timed out in 10000ms.\nIf this is a long-running hook, pass a timeout value as the last argument or configure it globally with \"hookTimeout\".\u001b[39m\n\u001b[31m\u001b[2m⎯⎯⎯⎯⎯⎯⎯⎯⎯⎯⎯⎯⎯⎯⎯⎯⎯⎯⎯⎯⎯⎯⎯⎯[1/1]⎯\u001b[22m\u001b[39m\n\n",
            "duration": 11513,
            "label": "test:hidden"
          }
        ],
        "publicTestFailures": [],
        "hiddenTestFailures": [],
        "vybes": {
          "taskName": "form-capture",
          "configId": "llxprt-synthetic-minimax",
          "complexityMultiplier": 5,
          "timeLimitMinutes": 10,
          "baseScore": 500,
          "successPercentage": 0,
          "baselineSuccessPercentage": 0,
          "adjustedSuccessPercentage": 0,
          "timePenaltyMultiplier": 1,
          "rawScore": 0,
          "finalScore": 0,
          "actualTimeMinutes": 0,
          "description": "Full-stack contact form application",
          "category": "full-stack",
          "breakdown": {
            "subtasksPassed": 1,
            "subtasksTotal": 6,
            "modulesCompleted": [],
            "modulesIncomplete": [
              "form-capture"
            ],
            "modules": {
              "form-capture": {
                "passed": 1,
                "total": 6,
                "passedTasks": [
                  "package-integrity"
                ],
                "failedTasks": [
                  "form-fields-render",
                  "invalid-email-validation",
                  "submission-persists",
                  "thank-you-page",
                  "css-styling"
                ]
              }
            }
          },
          "error": "lint/typecheck failed",
          "status": "error",
          "passesAttempted": 3,
          "selectedPass": 2,
          "totalCliDurationMs": 2
        }
      }
    ]
  },
  "vybes": {
    "taskName": "form-capture",
    "configId": "llxprt-synthetic-minimax",
    "complexityMultiplier": 5,
    "timeLimitMinutes": 10,
    "baseScore": 500,
    "successPercentage": 0,
    "baselineSuccessPercentage": 0,
    "adjustedSuccessPercentage": 0,
    "timePenaltyMultiplier": 1,
    "rawScore": 0,
    "finalScore": 0,
    "actualTimeMinutes": 1.28,
    "description": "Full-stack contact form application",
    "category": "full-stack",
    "breakdown": {
      "subtasksPassed": 1,
      "subtasksTotal": 6,
      "modulesCompleted": [],
      "modulesIncomplete": [
        "form-capture"
      ],
      "modules": {
        "form-capture": {
          "passed": 1,
          "total": 6,
          "passedTasks": [
            "package-integrity"
          ],
          "failedTasks": [
            "form-fields-render",
            "invalid-email-validation",
            "submission-persists",
            "thank-you-page",
            "css-styling"
          ]
        }
      }
    },
    "error": "lint/typecheck failed",
    "status": "error",
    "passesAttempted": 3,
    "selectedPass": 0,
    "totalCliDurationMs": 76772,
    "repoVersion": "main@9c578b2"
  }
}