{
  "evalName": "report-builder",
  "configId": "llxprt-synthetic-minimax",
  "startedAt": "2025-11-06T17:13:09.079Z",
  "finishedAt": "2025-11-06T17:13:09.079Z",
  "status": "fail",
  "totalDuration": 36316,
  "totalCliDuration": 36250,
  "commands": [
    {
      "name": "llxprt-synthetic-minimax",
      "command": "/home/runner/work/vybestack-site/vybestack-site/evals/llxprt --provider openai --baseurl https://api.synthetic.new/openai/v1 --key *** --model hf:MiniMaxAI/MiniMax-M2 --set context-limit=190000 --set shell-replacement=true --set modelparam.temperature=1 --yolo",
      "cwd": "/home/runner/work/vybestack-site/vybestack-site/evals/problems/report-builder/.tmp-workspace-7cd0dc82-7d57-4f9b-808c-e63170af651d-6p3CrG/workspace",
      "exitCode": 1,
      "stdout": "",
      "stderr": "",
      "duration": 2,
      "success": false
    },
    {
      "name": "workspace-install",
      "command": "npm install",
      "cwd": "/home/runner/work/vybestack-site/vybestack-site/evals/problems/report-builder/.tmp-workspace-7cd0dc82-7d57-4f9b-808c-e63170af651d-6p3CrG/workspace",
      "exitCode": 0,
      "stdout": "\nadded 202 packages, and audited 203 packages in 5s\n\n60 packages are looking for funding\n  run `npm fund` for details\n\n4 moderate severity vulnerabilities\n\nTo address all issues (including breaking changes), run:\n  npm audit fix --force\n\nRun `npm audit` for details.\n",
      "stderr": "npm warn deprecated inflight@1.0.6: This module is not supported, and leaks memory. Do not use it. Check out lru-cache if you want a good and tested way to coalesce async requests by a key value, which is much more comprehensive and powerful.\nnpm warn deprecated @humanwhocodes/config-array@0.13.0: Use @eslint/config-array instead\nnpm warn deprecated rimraf@3.0.2: Rimraf versions prior to v4 are no longer supported\nnpm warn deprecated glob@7.2.3: Glob versions prior to v9 are no longer supported\nnpm warn deprecated @humanwhocodes/object-schema@2.0.3: Use @eslint/object-schema instead\nnpm warn deprecated eslint@8.57.1: This version is no longer supported. Please see https://eslint.org/version-support for other options.\n",
      "duration": 4602,
      "success": true
    },
    {
      "name": "typecheck",
      "command": "npm run typecheck",
      "cwd": "/home/runner/work/vybestack-site/vybestack-site/evals/problems/report-builder/.tmp-workspace-7cd0dc82-7d57-4f9b-808c-e63170af651d-6p3CrG/workspace",
      "exitCode": 0,
      "stdout": "\n> report-builder-eval@0.0.1 typecheck\n> tsc --noEmit\n\n",
      "stderr": "",
      "duration": 1118,
      "success": true
    },
    {
      "name": "lint",
      "command": "npm run lint",
      "cwd": "/home/runner/work/vybestack-site/vybestack-site/evals/problems/report-builder/.tmp-workspace-7cd0dc82-7d57-4f9b-808c-e63170af651d-6p3CrG/workspace",
      "exitCode": 0,
      "stdout": "\n> report-builder-eval@0.0.1 lint\n> eslint . --ext .ts\n\n",
      "stderr": "",
      "duration": 997,
      "success": true
    },
    {
      "name": "test:public",
      "command": "npm run test:public",
      "cwd": "/home/runner/work/vybestack-site/vybestack-site/evals/problems/report-builder/.tmp-workspace-7cd0dc82-7d57-4f9b-808c-e63170af651d-6p3CrG/workspace",
      "exitCode": 0,
      "stdout": "\n> report-builder-eval@0.0.1 test:public\n> vitest run --config vitest.config.public.ts\n\n\n\u001b[7m\u001b[1m\u001b[36m RUN \u001b[39m\u001b[22m\u001b[27m \u001b[36mv1.6.1\u001b[39m \u001b[90m/home/runner/work/vybestack-site/vybestack-site/evals/problems/report-builder/.tmp-workspace-7cd0dc82-7d57-4f9b-808c-e63170af651d-6p3CrG/workspace\u001b[39m\n\n \u001b[32m✓\u001b[39m tests/public/renderReport.spec.ts \u001b[2m (\u001b[22m\u001b[2m1 test\u001b[22m\u001b[2m)\u001b[22m\u001b[90m 2\u001b[2mms\u001b[22m\u001b[39m\n\n\u001b[2m Test Files \u001b[22m \u001b[1m\u001b[32m1 passed\u001b[39m\u001b[22m\u001b[90m (1)\u001b[39m\n\u001b[2m      Tests \u001b[22m \u001b[1m\u001b[32m1 passed\u001b[39m\u001b[22m\u001b[90m (1)\u001b[39m\n\u001b[2m   Start at \u001b[22m 17:12:39\n\u001b[2m   Duration \u001b[22m 292ms\u001b[2m (transform 30ms, setup 0ms, collect 18ms, tests 2ms, environment 0ms, prepare 90ms)\u001b[22m\n\n",
      "stderr": "",
      "duration": 761,
      "success": true
    },
    {
      "name": "build",
      "command": "npm run build",
      "cwd": "/home/runner/work/vybestack-site/vybestack-site/evals/problems/report-builder/.tmp-workspace-7cd0dc82-7d57-4f9b-808c-e63170af651d-6p3CrG/workspace",
      "exitCode": 0,
      "stdout": "\n> report-builder-eval@0.0.1 build\n> tsc -p tsconfig.json\n\n",
      "stderr": "",
      "duration": 1047,
      "success": true
    },
    {
      "name": "workspace-install",
      "command": "npm install",
      "cwd": "/home/runner/work/vybestack-site/vybestack-site/evals/grading/report-builder",
      "exitCode": 0,
      "stdout": "\nup to date, audited 204 packages in 660ms\n\n60 packages are looking for funding\n  run `npm fund` for details\n\n2 moderate severity vulnerabilities\n\nTo address all issues, run:\n  npm audit fix\n\nRun `npm audit` for details.\n",
      "stderr": "",
      "duration": 759,
      "success": true
    },
    {
      "name": "workspace-install-subdir",
      "command": "npm --prefix workspace install",
      "cwd": "/home/runner/work/vybestack-site/vybestack-site/evals/grading/report-builder",
      "exitCode": 0,
      "stdout": "\nadded 203 packages, and audited 204 packages in 2s\n\n60 packages are looking for funding\n  run `npm fund` for details\n\n4 moderate severity vulnerabilities\n\nTo address all issues (including breaking changes), run:\n  npm audit fix --force\n\nRun `npm audit` for details.\n",
      "stderr": "npm warn deprecated inflight@1.0.6: This module is not supported, and leaks memory. Do not use it. Check out lru-cache if you want a good and tested way to coalesce async requests by a key value, which is much more comprehensive and powerful.\nnpm warn deprecated @humanwhocodes/config-array@0.13.0: Use @eslint/config-array instead\nnpm warn deprecated rimraf@3.0.2: Rimraf versions prior to v4 are no longer supported\nnpm warn deprecated glob@7.2.3: Glob versions prior to v9 are no longer supported\nnpm warn deprecated @humanwhocodes/object-schema@2.0.3: Use @eslint/object-schema instead\nnpm warn deprecated eslint@8.57.1: This version is no longer supported. Please see https://eslint.org/version-support for other options.\n",
      "duration": 1807,
      "success": true
    },
    {
      "name": "workspace-build-subdir",
      "command": "npm --prefix workspace run build",
      "cwd": "/home/runner/work/vybestack-site/vybestack-site/evals/grading/report-builder",
      "exitCode": 0,
      "stdout": "\n> report-builder-eval@0.0.1 build\n> tsc -p tsconfig.json\n\n",
      "stderr": "",
      "duration": 1052,
      "success": true
    },
    {
      "name": "typecheck",
      "command": "npm run typecheck",
      "cwd": "/home/runner/work/vybestack-site/vybestack-site/evals/grading/report-builder",
      "exitCode": 0,
      "stdout": "\n> report-builder-grading@0.0.1 typecheck\n> tsc -p tsconfig.json\n\n",
      "stderr": "",
      "duration": 1264,
      "success": true
    },
    {
      "name": "test:hidden",
      "command": "npm run test:hidden",
      "cwd": "/home/runner/work/vybestack-site/vybestack-site/evals/grading/report-builder",
      "exitCode": 1,
      "stdout": "\n> report-builder-grading@0.0.1 test:hidden\n> vitest run --config vitest.config.hidden.ts\n\n\n\u001b[7m\u001b[1m\u001b[36m RUN \u001b[39m\u001b[22m\u001b[27m \u001b[36mv1.6.1\u001b[39m \u001b[90m/home/runner/work/vybestack-site/vybestack-site/evals/grading/report-builder\u001b[39m\n\n \u001b[32m✓\u001b[39m tests/hidden/package.spec.ts \u001b[2m (\u001b[22m\u001b[2m1 test\u001b[22m\u001b[2m)\u001b[22m\u001b[90m 5\u001b[2mms\u001b[22m\u001b[39m\n \u001b[33m❯\u001b[39m tests/hidden/render.spec.ts \u001b[2m (\u001b[22m\u001b[2m5 tests\u001b[22m \u001b[2m|\u001b[22m \u001b[31m5 failed\u001b[39m\u001b[2m)\u001b[22m\u001b[90m 204\u001b[2mms\u001b[22m\u001b[39m\n\u001b[31m   \u001b[33m❯\u001b[31m tests/hidden/render.spec.ts\u001b[2m > \u001b[22mreport CLI hidden validations\u001b[2m > \u001b[22mrenders markdown with totals\u001b[39m\n\u001b[31m     → expected 1 to be +0 // Object.is equality\u001b[39m\n\u001b[31m   \u001b[33m❯\u001b[31m tests/hidden/render.spec.ts\u001b[2m > \u001b[22mreport CLI hidden validations\u001b[2m > \u001b[22mrenders plain text without totals\u001b[39m\n\u001b[31m     → expected 1 to be +0 // Object.is equality\u001b[39m\n\u001b[31m   \u001b[33m❯\u001b[31m tests/hidden/render.spec.ts\u001b[2m > \u001b[22mreport CLI hidden validations\u001b[2m > \u001b[22mincludes totals in text format when requested\u001b[39m\n\u001b[31m     → expected 1 to be +0 // Object.is equality\u001b[39m\n\u001b[31m   \u001b[33m❯\u001b[31m tests/hidden/render.spec.ts\u001b[2m > \u001b[22mreport CLI hidden validations\u001b[2m > \u001b[22mfails for unsupported format\u001b[39m\n\u001b[31m     → expected 'report CLI not implemented\\n' to match /Unsupported format/\u001b[39m\n\u001b[31m   \u001b[33m❯\u001b[31m tests/hidden/render.spec.ts\u001b[2m > \u001b[22mreport CLI hidden validations\u001b[2m > \u001b[22merrors on missing files\u001b[39m\n\u001b[31m     → expected 'report cli not implemented\\n' to match /missing|unable|enoent|not found/\u001b[39m\n\n\n::error file=/home/runner/work/vybestack-site/vybestack-site/evals/grading/report-builder/tests/hidden/render.spec.ts,title=tests/hidden/render.spec.ts > report CLI hidden validations > renders markdown with totals,line=76,column=27::AssertionError: expected 1 to be +0 // Object.is equality%0A%0A- Expected%0A+ Received%0A%0A- 0%0A+ 1%0A%0A ❯ tests/hidden/render.spec.ts:76:27%0A%0A\n\n::error file=/home/runner/work/vybestack-site/vybestack-site/evals/grading/report-builder/tests/hidden/render.spec.ts,title=tests/hidden/render.spec.ts > report CLI hidden validations > renders plain text without totals,line=88,column=27::AssertionError: expected 1 to be +0 // Object.is equality%0A%0A- Expected%0A+ Received%0A%0A- 0%0A+ 1%0A%0A ❯ tests/hidden/render.spec.ts:88:27%0A%0A\n\n::error file=/home/runner/work/vybestack-site/vybestack-site/evals/grading/report-builder/tests/hidden/render.spec.ts,title=tests/hidden/render.spec.ts > report CLI hidden validations > includes totals in text format when requested,line=102,column=27::AssertionError: expected 1 to be +0 // Object.is equality%0A%0A- Expected%0A+ Received%0A%0A- 0%0A+ 1%0A%0A ❯ tests/hidden/render.spec.ts:102:27%0A%0A\n\n::error file=/home/runner/work/vybestack-site/vybestack-site/evals/grading/report-builder/tests/hidden/render.spec.ts,title=tests/hidden/render.spec.ts > report CLI hidden validations > fails for unsupported format,line=115,column=27::AssertionError: expected 'report CLI not implemented\\n' to match /Unsupported format/%0A%0A- Expected: %0A/Unsupported format/%0A%0A+ Received: %0A\"report CLI not implemented%0A\"%0A%0A ❯ tests/hidden/render.spec.ts:115:27%0A%0A\n\n::error file=/home/runner/work/vybestack-site/vybestack-site/evals/grading/report-builder/tests/hidden/render.spec.ts,title=tests/hidden/render.spec.ts > report CLI hidden validations > errors on missing files,line=124,column=20::AssertionError: expected 'report cli not implemented\\n' to match /missing|unable|enoent|not found/%0A%0A- Expected: %0A/missing|unable|enoent|not found/%0A%0A+ Received: %0A\"report cli not implemented%0A\"%0A%0A ❯ tests/hidden/render.spec.ts:124:20%0A%0A\n\u001b[2m Test Files \u001b[22m \u001b[1m\u001b[31m1 failed\u001b[39m\u001b[22m\u001b[2m | \u001b[22m\u001b[1m\u001b[32m1 passed\u001b[39m\u001b[22m\u001b[90m (2)\u001b[39m\n\u001b[2m      Tests \u001b[22m \u001b[1m\u001b[31m5 failed\u001b[39m\u001b[22m\u001b[2m | \u001b[22m\u001b[1m\u001b[32m1 passed\u001b[39m\u001b[22m\u001b[90m (6)\u001b[39m\n\u001b[2m   Start at \u001b[22m 17:12:46\n\u001b[2m   Duration \u001b[22m 536ms\u001b[2m (transform 67ms, setup 0ms, collect 82ms, tests 209ms, environment 0ms, prepare 192ms)\u001b[22m\n\n",
      "stderr": "\u001b[31m⎯⎯⎯⎯⎯⎯⎯\u001b[1m\u001b[7m Failed Tests 5 \u001b[27m\u001b[22m⎯⎯⎯⎯⎯⎯⎯\u001b[39m\n\n\u001b[31m\u001b[1m\u001b[7m FAIL \u001b[27m\u001b[22m\u001b[39m tests/hidden/render.spec.ts\u001b[2m > \u001b[22mreport CLI hidden validations\u001b[2m > \u001b[22mrenders markdown with totals\n\u001b[31m\u001b[1mAssertionError\u001b[22m: expected 1 to be +0 // Object.is equality\u001b[39m\n\n- Expected\n+ Received\n\n- 0\n+ 1\n\n\u001b[36m \u001b[2m❯\u001b[22m tests/hidden/render.spec.ts:\u001b[2m76:27\u001b[22m\u001b[39m\n    \u001b[90m 74| \u001b[39m    ])\u001b[33m;\u001b[39m\n    \u001b[90m 75| \u001b[39m\n    \u001b[90m 76| \u001b[39m    \u001b[34mexpect\u001b[39m(result\u001b[33m.\u001b[39mstatus)\u001b[33m.\u001b[39m\u001b[34mtoBe\u001b[39m(\u001b[34m0\u001b[39m)\u001b[33m;\u001b[39m\n    \u001b[90m   | \u001b[39m                          \u001b[31m^\u001b[39m\n    \u001b[90m 77| \u001b[39m    \u001b[34mexpect\u001b[39m(\u001b[34mnormalize\u001b[39m(result\u001b[33m.\u001b[39mstdout))\u001b[33m.\u001b[39m\u001b[34mtoBe\u001b[39m(\u001b[34mnormalize\u001b[39m(expectedMarkdown))\u001b[33m;\u001b[39m\n    \u001b[90m 78| \u001b[39m    taskStatus\u001b[33m.\u001b[39m\u001b[35mset\u001b[39m(\u001b[32m'render-markdown-with-totals'\u001b[39m\u001b[33m,\u001b[39m \u001b[35mtrue\u001b[39m)\u001b[33m;\u001b[39m\n\n\u001b[31m\u001b[2m⎯⎯⎯⎯⎯⎯⎯⎯⎯⎯⎯⎯⎯⎯⎯⎯⎯⎯⎯⎯⎯⎯⎯⎯[1/5]⎯\u001b[22m\u001b[39m\n\n\u001b[31m\u001b[1m\u001b[7m FAIL \u001b[27m\u001b[22m\u001b[39m tests/hidden/render.spec.ts\u001b[2m > \u001b[22mreport CLI hidden validations\u001b[2m > \u001b[22mrenders plain text without totals\n\u001b[31m\u001b[1mAssertionError\u001b[22m: expected 1 to be +0 // Object.is equality\u001b[39m\n\n- Expected\n+ Received\n\n- 0\n+ 1\n\n\u001b[36m \u001b[2m❯\u001b[22m tests/hidden/render.spec.ts:\u001b[2m88:27\u001b[22m\u001b[39m\n    \u001b[90m 86| \u001b[39m    ])\u001b[33m;\u001b[39m\n    \u001b[90m 87| \u001b[39m\n    \u001b[90m 88| \u001b[39m    \u001b[34mexpect\u001b[39m(result\u001b[33m.\u001b[39mstatus)\u001b[33m.\u001b[39m\u001b[34mtoBe\u001b[39m(\u001b[34m0\u001b[39m)\u001b[33m;\u001b[39m\n    \u001b[90m   | \u001b[39m                          \u001b[31m^\u001b[39m\n    \u001b[90m 89| \u001b[39m    \u001b[35mconst\u001b[39m expectedWithoutTotals \u001b[33m=\u001b[39m expectedText\u001b[33m.\u001b[39m\u001b[34mreplace\u001b[39m(\u001b[36m/\\nTotal:.*\\n?$\u001b[39m…\n    \u001b[90m 90| \u001b[39m    \u001b[34mexpect\u001b[39m(\u001b[34mnormalize\u001b[39m(result\u001b[33m.\u001b[39mstdout))\u001b[33m.\u001b[39m\u001b[34mtoBe\u001b[39m(\u001b[34mnormalize\u001b[39m(expectedWithoutTot…\n\n\u001b[31m\u001b[2m⎯⎯⎯⎯⎯⎯⎯⎯⎯⎯⎯⎯⎯⎯⎯⎯⎯⎯⎯⎯⎯⎯⎯⎯[2/5]⎯\u001b[22m\u001b[39m\n\n\u001b[31m\u001b[1m\u001b[7m FAIL \u001b[27m\u001b[22m\u001b[39m tests/hidden/render.spec.ts\u001b[2m > \u001b[22mreport CLI hidden validations\u001b[2m > \u001b[22mincludes totals in text format when requested\n\u001b[31m\u001b[1mAssertionError\u001b[22m: expected 1 to be +0 // Object.is equality\u001b[39m\n\n- Expected\n+ Received\n\n- 0\n+ 1\n\n\u001b[36m \u001b[2m❯\u001b[22m tests/hidden/render.spec.ts:\u001b[2m102:27\u001b[22m\u001b[39m\n    \u001b[90m100| \u001b[39m    ])\u001b[33m;\u001b[39m\n    \u001b[90m101| \u001b[39m\n    \u001b[90m102| \u001b[39m    \u001b[34mexpect\u001b[39m(result\u001b[33m.\u001b[39mstatus)\u001b[33m.\u001b[39m\u001b[34mtoBe\u001b[39m(\u001b[34m0\u001b[39m)\u001b[33m;\u001b[39m\n    \u001b[90m   | \u001b[39m                          \u001b[31m^\u001b[39m\n    \u001b[90m103| \u001b[39m    \u001b[34mexpect\u001b[39m(\u001b[34mnormalize\u001b[39m(result\u001b[33m.\u001b[39mstdout))\u001b[33m.\u001b[39m\u001b[34mtoBe\u001b[39m(\u001b[34mnormalize\u001b[39m(expectedText))\u001b[33m;\u001b[39m\n    \u001b[90m104| \u001b[39m    taskStatus\u001b[33m.\u001b[39m\u001b[35mset\u001b[39m(\u001b[32m'render-text-with-totals'\u001b[39m\u001b[33m,\u001b[39m \u001b[35mtrue\u001b[39m)\u001b[33m;\u001b[39m\n\n\u001b[31m\u001b[2m⎯⎯⎯⎯⎯⎯⎯⎯⎯⎯⎯⎯⎯⎯⎯⎯⎯⎯⎯⎯⎯⎯⎯⎯[3/5]⎯\u001b[22m\u001b[39m\n\n\u001b[31m\u001b[1m\u001b[7m FAIL \u001b[27m\u001b[22m\u001b[39m tests/hidden/render.spec.ts\u001b[2m > \u001b[22mreport CLI hidden validations\u001b[2m > \u001b[22mfails for unsupported format\n\u001b[31m\u001b[1mAssertionError\u001b[22m: expected 'report CLI not implemented\\n' to match /Unsupported format/\u001b[39m\n\n- Expected: \n/Unsupported format/\n\n+ Received: \n\"report CLI not implemented\n\"\n\n\u001b[36m \u001b[2m❯\u001b[22m tests/hidden/render.spec.ts:\u001b[2m115:27\u001b[22m\u001b[39m\n    \u001b[90m113| \u001b[39m\n    \u001b[90m114| \u001b[39m    \u001b[34mexpect\u001b[39m(result\u001b[33m.\u001b[39mstatus)\u001b[33m.\u001b[39mnot\u001b[33m.\u001b[39m\u001b[34mtoBe\u001b[39m(\u001b[34m0\u001b[39m)\u001b[33m;\u001b[39m\n    \u001b[90m115| \u001b[39m    \u001b[34mexpect\u001b[39m(result\u001b[33m.\u001b[39mstderr)\u001b[33m.\u001b[39m\u001b[34mtoMatch\u001b[39m(\u001b[36m/Unsupported format/\u001b[39m)\u001b[33m;\u001b[39m\n    \u001b[90m   | \u001b[39m                          \u001b[31m^\u001b[39m\n    \u001b[90m116| \u001b[39m    taskStatus\u001b[33m.\u001b[39m\u001b[35mset\u001b[39m(\u001b[32m'render-unsupported-format-failure'\u001b[39m\u001b[33m,\u001b[39m \u001b[35mtrue\u001b[39m)\u001b[33m;\u001b[39m\n    \u001b[90m117| \u001b[39m  })\u001b[33m;\u001b[39m\n\n\u001b[31m\u001b[2m⎯⎯⎯⎯⎯⎯⎯⎯⎯⎯⎯⎯⎯⎯⎯⎯⎯⎯⎯⎯⎯⎯⎯⎯[4/5]⎯\u001b[22m\u001b[39m\n\n\u001b[31m\u001b[1m\u001b[7m FAIL \u001b[27m\u001b[22m\u001b[39m tests/hidden/render.spec.ts\u001b[2m > \u001b[22mreport CLI hidden validations\u001b[2m > \u001b[22merrors on missing files\n\u001b[31m\u001b[1mAssertionError\u001b[22m: expected 'report cli not implemented\\n' to match /missing|unable|enoent|not found/\u001b[39m\n\n- Expected: \n/missing|unable|enoent|not found/\n\n+ Received: \n\"report cli not implemented\n\"\n\n\u001b[36m \u001b[2m❯\u001b[22m tests/hidden/render.spec.ts:\u001b[2m124:20\u001b[22m\u001b[39m\n    \u001b[90m122| \u001b[39m    \u001b[34mexpect\u001b[39m(result\u001b[33m.\u001b[39mstatus)\u001b[33m.\u001b[39mnot\u001b[33m.\u001b[39m\u001b[34mtoBe\u001b[39m(\u001b[34m0\u001b[39m)\u001b[33m;\u001b[39m\n    \u001b[90m123| \u001b[39m    \u001b[35mconst\u001b[39m stderr \u001b[33m=\u001b[39m result\u001b[33m.\u001b[39mstderr\u001b[33m.\u001b[39m\u001b[34mtoLowerCase\u001b[39m()\u001b[33m;\u001b[39m\n    \u001b[90m124| \u001b[39m    \u001b[34mexpect\u001b[39m(stderr)\u001b[33m.\u001b[39m\u001b[34mtoMatch\u001b[39m(\u001b[36m/missing|unable|enoent|not found/\u001b[39m)\u001b[33m;\u001b[39m\n    \u001b[90m   | \u001b[39m                   \u001b[31m^\u001b[39m\n    \u001b[90m125| \u001b[39m    taskStatus\u001b[33m.\u001b[39m\u001b[35mset\u001b[39m(\u001b[32m'render-missing-file-failure'\u001b[39m\u001b[33m,\u001b[39m \u001b[35mtrue\u001b[39m)\u001b[33m;\u001b[39m\n    \u001b[90m126| \u001b[39m  })\u001b[33m;\u001b[39m\n\n\u001b[31m\u001b[2m⎯⎯⎯⎯⎯⎯⎯⎯⎯⎯⎯⎯⎯⎯⎯⎯⎯⎯⎯⎯⎯⎯⎯⎯[5/5]⎯\u001b[22m\u001b[39m\n\n",
      "duration": 1022,
      "success": false
    }
  ],
  "workspaceArchive": "/home/runner/work/vybestack-site/vybestack-site/evals/outputs/report-builder-2025-11-06T17-12-32-761Z/llxprt-synthetic-minimax/workspace",
  "runSessionId": "1fe5a703-d051-40a6-ab34-185276c4c5b3",
  "runSessionStartedAt": "2025-11-06T12:43:39.000Z",
  "repoVersion": "main@913de44",
  "multipass": {
    "enabled": true,
    "selectedPass": 0,
    "maxPasses": 3,
    "totalCliDuration": 36250,
    "passCount": 3,
    "feedback": [],
    "passes": [
      {
        "passNumber": 1,
        "startedAt": "2025-11-06T17:12:32.768Z",
        "finishedAt": "2025-11-06T17:12:47.376Z",
        "totalDuration": 14608,
        "promptHash": "d2f5b41ce7ad6b14294f2dea47902d1baafbe2664984979a83b0e3474a16646d",
        "appliedFeedback": [],
        "success": false,
        "partialSuccess": false,
        "workspaceArchive": "/home/runner/work/vybestack-site/vybestack-site/evals/outputs/report-builder-2025-11-06T17-12-32-761Z/llxprt-synthetic-minimax/passes/pass-1/workspace",
        "resultsArchive": "/home/runner/work/vybestack-site/vybestack-site/evals/outputs/report-builder-2025-11-06T17-12-32-761Z/llxprt-synthetic-minimax/passes/pass-1/results",
        "cliResult": {
          "command": "/home/runner/work/vybestack-site/vybestack-site/evals/llxprt --provider openai --baseurl https://api.synthetic.new/openai/v1 --key *** --model hf:MiniMaxAI/MiniMax-M2 --set context-limit=190000 --set shell-replacement=true --set modelparam.temperature=1 --yolo",
          "cwd": "/home/runner/work/vybestack-site/vybestack-site/evals/problems/report-builder/.tmp-workspace-7cd0dc82-7d57-4f9b-808c-e63170af651d-6p3CrG/workspace",
          "exitCode": 1,
          "stdout": "",
          "stderr": "",
          "duration": 2,
          "label": "llxprt-synthetic-minimax"
        },
        "buildResults": [
          {
            "command": "npm install",
            "cwd": "/home/runner/work/vybestack-site/vybestack-site/evals/problems/report-builder/.tmp-workspace-7cd0dc82-7d57-4f9b-808c-e63170af651d-6p3CrG/workspace",
            "exitCode": 0,
            "stdout": "\nadded 202 packages, and audited 203 packages in 5s\n\n60 packages are looking for funding\n  run `npm fund` for details\n\n4 moderate severity vulnerabilities\n\nTo address all issues (including breaking changes), run:\n  npm audit fix --force\n\nRun `npm audit` for details.\n",
            "stderr": "npm warn deprecated inflight@1.0.6: This module is not supported, and leaks memory. Do not use it. Check out lru-cache if you want a good and tested way to coalesce async requests by a key value, which is much more comprehensive and powerful.\nnpm warn deprecated @humanwhocodes/config-array@0.13.0: Use @eslint/config-array instead\nnpm warn deprecated rimraf@3.0.2: Rimraf versions prior to v4 are no longer supported\nnpm warn deprecated glob@7.2.3: Glob versions prior to v9 are no longer supported\nnpm warn deprecated @humanwhocodes/object-schema@2.0.3: Use @eslint/object-schema instead\nnpm warn deprecated eslint@8.57.1: This version is no longer supported. Please see https://eslint.org/version-support for other options.\n",
            "duration": 4602,
            "label": "workspace-install"
          },
          {
            "command": "npm run typecheck",
            "cwd": "/home/runner/work/vybestack-site/vybestack-site/evals/problems/report-builder/.tmp-workspace-7cd0dc82-7d57-4f9b-808c-e63170af651d-6p3CrG/workspace",
            "exitCode": 0,
            "stdout": "\n> report-builder-eval@0.0.1 typecheck\n> tsc --noEmit\n\n",
            "stderr": "",
            "duration": 1118,
            "label": "typecheck"
          },
          {
            "command": "npm run lint",
            "cwd": "/home/runner/work/vybestack-site/vybestack-site/evals/problems/report-builder/.tmp-workspace-7cd0dc82-7d57-4f9b-808c-e63170af651d-6p3CrG/workspace",
            "exitCode": 0,
            "stdout": "\n> report-builder-eval@0.0.1 lint\n> eslint . --ext .ts\n\n",
            "stderr": "",
            "duration": 997,
            "label": "lint"
          },
          {
            "command": "npm run test:public",
            "cwd": "/home/runner/work/vybestack-site/vybestack-site/evals/problems/report-builder/.tmp-workspace-7cd0dc82-7d57-4f9b-808c-e63170af651d-6p3CrG/workspace",
            "exitCode": 0,
            "stdout": "\n> report-builder-eval@0.0.1 test:public\n> vitest run --config vitest.config.public.ts\n\n\n\u001b[7m\u001b[1m\u001b[36m RUN \u001b[39m\u001b[22m\u001b[27m \u001b[36mv1.6.1\u001b[39m \u001b[90m/home/runner/work/vybestack-site/vybestack-site/evals/problems/report-builder/.tmp-workspace-7cd0dc82-7d57-4f9b-808c-e63170af651d-6p3CrG/workspace\u001b[39m\n\n \u001b[32m✓\u001b[39m tests/public/renderReport.spec.ts \u001b[2m (\u001b[22m\u001b[2m1 test\u001b[22m\u001b[2m)\u001b[22m\u001b[90m 2\u001b[2mms\u001b[22m\u001b[39m\n\n\u001b[2m Test Files \u001b[22m \u001b[1m\u001b[32m1 passed\u001b[39m\u001b[22m\u001b[90m (1)\u001b[39m\n\u001b[2m      Tests \u001b[22m \u001b[1m\u001b[32m1 passed\u001b[39m\u001b[22m\u001b[90m (1)\u001b[39m\n\u001b[2m   Start at \u001b[22m 17:12:39\n\u001b[2m   Duration \u001b[22m 292ms\u001b[2m (transform 30ms, setup 0ms, collect 18ms, tests 2ms, environment 0ms, prepare 90ms)\u001b[22m\n\n",
            "stderr": "",
            "duration": 761,
            "label": "test:public"
          },
          {
            "command": "npm run build",
            "cwd": "/home/runner/work/vybestack-site/vybestack-site/evals/problems/report-builder/.tmp-workspace-7cd0dc82-7d57-4f9b-808c-e63170af651d-6p3CrG/workspace",
            "exitCode": 0,
            "stdout": "\n> report-builder-eval@0.0.1 build\n> tsc -p tsconfig.json\n\n",
            "stderr": "",
            "duration": 1047,
            "label": "build"
          }
        ],
        "gradeResults": [
          {
            "command": "npm install",
            "cwd": "/home/runner/work/vybestack-site/vybestack-site/evals/grading/report-builder",
            "exitCode": 0,
            "stdout": "\nup to date, audited 204 packages in 660ms\n\n60 packages are looking for funding\n  run `npm fund` for details\n\n2 moderate severity vulnerabilities\n\nTo address all issues, run:\n  npm audit fix\n\nRun `npm audit` for details.\n",
            "stderr": "",
            "duration": 759,
            "label": "workspace-install"
          },
          {
            "command": "npm --prefix workspace install",
            "cwd": "/home/runner/work/vybestack-site/vybestack-site/evals/grading/report-builder",
            "exitCode": 0,
            "stdout": "\nadded 203 packages, and audited 204 packages in 2s\n\n60 packages are looking for funding\n  run `npm fund` for details\n\n4 moderate severity vulnerabilities\n\nTo address all issues (including breaking changes), run:\n  npm audit fix --force\n\nRun `npm audit` for details.\n",
            "stderr": "npm warn deprecated inflight@1.0.6: This module is not supported, and leaks memory. Do not use it. Check out lru-cache if you want a good and tested way to coalesce async requests by a key value, which is much more comprehensive and powerful.\nnpm warn deprecated @humanwhocodes/config-array@0.13.0: Use @eslint/config-array instead\nnpm warn deprecated rimraf@3.0.2: Rimraf versions prior to v4 are no longer supported\nnpm warn deprecated glob@7.2.3: Glob versions prior to v9 are no longer supported\nnpm warn deprecated @humanwhocodes/object-schema@2.0.3: Use @eslint/object-schema instead\nnpm warn deprecated eslint@8.57.1: This version is no longer supported. Please see https://eslint.org/version-support for other options.\n",
            "duration": 1807,
            "label": "workspace-install-subdir"
          },
          {
            "command": "npm --prefix workspace run build",
            "cwd": "/home/runner/work/vybestack-site/vybestack-site/evals/grading/report-builder",
            "exitCode": 0,
            "stdout": "\n> report-builder-eval@0.0.1 build\n> tsc -p tsconfig.json\n\n",
            "stderr": "",
            "duration": 1052,
            "label": "workspace-build-subdir"
          },
          {
            "command": "npm run typecheck",
            "cwd": "/home/runner/work/vybestack-site/vybestack-site/evals/grading/report-builder",
            "exitCode": 0,
            "stdout": "\n> report-builder-grading@0.0.1 typecheck\n> tsc -p tsconfig.json\n\n",
            "stderr": "",
            "duration": 1264,
            "label": "typecheck"
          },
          {
            "command": "npm run test:hidden",
            "cwd": "/home/runner/work/vybestack-site/vybestack-site/evals/grading/report-builder",
            "exitCode": 1,
            "stdout": "\n> report-builder-grading@0.0.1 test:hidden\n> vitest run --config vitest.config.hidden.ts\n\n\n\u001b[7m\u001b[1m\u001b[36m RUN \u001b[39m\u001b[22m\u001b[27m \u001b[36mv1.6.1\u001b[39m \u001b[90m/home/runner/work/vybestack-site/vybestack-site/evals/grading/report-builder\u001b[39m\n\n \u001b[32m✓\u001b[39m tests/hidden/package.spec.ts \u001b[2m (\u001b[22m\u001b[2m1 test\u001b[22m\u001b[2m)\u001b[22m\u001b[90m 5\u001b[2mms\u001b[22m\u001b[39m\n \u001b[33m❯\u001b[39m tests/hidden/render.spec.ts \u001b[2m (\u001b[22m\u001b[2m5 tests\u001b[22m \u001b[2m|\u001b[22m \u001b[31m5 failed\u001b[39m\u001b[2m)\u001b[22m\u001b[90m 204\u001b[2mms\u001b[22m\u001b[39m\n\u001b[31m   \u001b[33m❯\u001b[31m tests/hidden/render.spec.ts\u001b[2m > \u001b[22mreport CLI hidden validations\u001b[2m > \u001b[22mrenders markdown with totals\u001b[39m\n\u001b[31m     → expected 1 to be +0 // Object.is equality\u001b[39m\n\u001b[31m   \u001b[33m❯\u001b[31m tests/hidden/render.spec.ts\u001b[2m > \u001b[22mreport CLI hidden validations\u001b[2m > \u001b[22mrenders plain text without totals\u001b[39m\n\u001b[31m     → expected 1 to be +0 // Object.is equality\u001b[39m\n\u001b[31m   \u001b[33m❯\u001b[31m tests/hidden/render.spec.ts\u001b[2m > \u001b[22mreport CLI hidden validations\u001b[2m > \u001b[22mincludes totals in text format when requested\u001b[39m\n\u001b[31m     → expected 1 to be +0 // Object.is equality\u001b[39m\n\u001b[31m   \u001b[33m❯\u001b[31m tests/hidden/render.spec.ts\u001b[2m > \u001b[22mreport CLI hidden validations\u001b[2m > \u001b[22mfails for unsupported format\u001b[39m\n\u001b[31m     → expected 'report CLI not implemented\\n' to match /Unsupported format/\u001b[39m\n\u001b[31m   \u001b[33m❯\u001b[31m tests/hidden/render.spec.ts\u001b[2m > \u001b[22mreport CLI hidden validations\u001b[2m > \u001b[22merrors on missing files\u001b[39m\n\u001b[31m     → expected 'report cli not implemented\\n' to match /missing|unable|enoent|not found/\u001b[39m\n\n\n::error file=/home/runner/work/vybestack-site/vybestack-site/evals/grading/report-builder/tests/hidden/render.spec.ts,title=tests/hidden/render.spec.ts > report CLI hidden validations > renders markdown with totals,line=76,column=27::AssertionError: expected 1 to be +0 // Object.is equality%0A%0A- Expected%0A+ Received%0A%0A- 0%0A+ 1%0A%0A ❯ tests/hidden/render.spec.ts:76:27%0A%0A\n\n::error file=/home/runner/work/vybestack-site/vybestack-site/evals/grading/report-builder/tests/hidden/render.spec.ts,title=tests/hidden/render.spec.ts > report CLI hidden validations > renders plain text without totals,line=88,column=27::AssertionError: expected 1 to be +0 // Object.is equality%0A%0A- Expected%0A+ Received%0A%0A- 0%0A+ 1%0A%0A ❯ tests/hidden/render.spec.ts:88:27%0A%0A\n\n::error file=/home/runner/work/vybestack-site/vybestack-site/evals/grading/report-builder/tests/hidden/render.spec.ts,title=tests/hidden/render.spec.ts > report CLI hidden validations > includes totals in text format when requested,line=102,column=27::AssertionError: expected 1 to be +0 // Object.is equality%0A%0A- Expected%0A+ Received%0A%0A- 0%0A+ 1%0A%0A ❯ tests/hidden/render.spec.ts:102:27%0A%0A\n\n::error file=/home/runner/work/vybestack-site/vybestack-site/evals/grading/report-builder/tests/hidden/render.spec.ts,title=tests/hidden/render.spec.ts > report CLI hidden validations > fails for unsupported format,line=115,column=27::AssertionError: expected 'report CLI not implemented\\n' to match /Unsupported format/%0A%0A- Expected: %0A/Unsupported format/%0A%0A+ Received: %0A\"report CLI not implemented%0A\"%0A%0A ❯ tests/hidden/render.spec.ts:115:27%0A%0A\n\n::error file=/home/runner/work/vybestack-site/vybestack-site/evals/grading/report-builder/tests/hidden/render.spec.ts,title=tests/hidden/render.spec.ts > report CLI hidden validations > errors on missing files,line=124,column=20::AssertionError: expected 'report cli not implemented\\n' to match /missing|unable|enoent|not found/%0A%0A- Expected: %0A/missing|unable|enoent|not found/%0A%0A+ Received: %0A\"report cli not implemented%0A\"%0A%0A ❯ tests/hidden/render.spec.ts:124:20%0A%0A\n\u001b[2m Test Files \u001b[22m \u001b[1m\u001b[31m1 failed\u001b[39m\u001b[22m\u001b[2m | \u001b[22m\u001b[1m\u001b[32m1 passed\u001b[39m\u001b[22m\u001b[90m (2)\u001b[39m\n\u001b[2m      Tests \u001b[22m \u001b[1m\u001b[31m5 failed\u001b[39m\u001b[22m\u001b[2m | \u001b[22m\u001b[1m\u001b[32m1 passed\u001b[39m\u001b[22m\u001b[90m (6)\u001b[39m\n\u001b[2m   Start at \u001b[22m 17:12:46\n\u001b[2m   Duration \u001b[22m 536ms\u001b[2m (transform 67ms, setup 0ms, collect 82ms, tests 209ms, environment 0ms, prepare 192ms)\u001b[22m\n\n",
            "stderr": "\u001b[31m⎯⎯⎯⎯⎯⎯⎯\u001b[1m\u001b[7m Failed Tests 5 \u001b[27m\u001b[22m⎯⎯⎯⎯⎯⎯⎯\u001b[39m\n\n\u001b[31m\u001b[1m\u001b[7m FAIL \u001b[27m\u001b[22m\u001b[39m tests/hidden/render.spec.ts\u001b[2m > \u001b[22mreport CLI hidden validations\u001b[2m > \u001b[22mrenders markdown with totals\n\u001b[31m\u001b[1mAssertionError\u001b[22m: expected 1 to be +0 // Object.is equality\u001b[39m\n\n- Expected\n+ Received\n\n- 0\n+ 1\n\n\u001b[36m \u001b[2m❯\u001b[22m tests/hidden/render.spec.ts:\u001b[2m76:27\u001b[22m\u001b[39m\n    \u001b[90m 74| \u001b[39m    ])\u001b[33m;\u001b[39m\n    \u001b[90m 75| \u001b[39m\n    \u001b[90m 76| \u001b[39m    \u001b[34mexpect\u001b[39m(result\u001b[33m.\u001b[39mstatus)\u001b[33m.\u001b[39m\u001b[34mtoBe\u001b[39m(\u001b[34m0\u001b[39m)\u001b[33m;\u001b[39m\n    \u001b[90m   | \u001b[39m                          \u001b[31m^\u001b[39m\n    \u001b[90m 77| \u001b[39m    \u001b[34mexpect\u001b[39m(\u001b[34mnormalize\u001b[39m(result\u001b[33m.\u001b[39mstdout))\u001b[33m.\u001b[39m\u001b[34mtoBe\u001b[39m(\u001b[34mnormalize\u001b[39m(expectedMarkdown))\u001b[33m;\u001b[39m\n    \u001b[90m 78| \u001b[39m    taskStatus\u001b[33m.\u001b[39m\u001b[35mset\u001b[39m(\u001b[32m'render-markdown-with-totals'\u001b[39m\u001b[33m,\u001b[39m \u001b[35mtrue\u001b[39m)\u001b[33m;\u001b[39m\n\n\u001b[31m\u001b[2m⎯⎯⎯⎯⎯⎯⎯⎯⎯⎯⎯⎯⎯⎯⎯⎯⎯⎯⎯⎯⎯⎯⎯⎯[1/5]⎯\u001b[22m\u001b[39m\n\n\u001b[31m\u001b[1m\u001b[7m FAIL \u001b[27m\u001b[22m\u001b[39m tests/hidden/render.spec.ts\u001b[2m > \u001b[22mreport CLI hidden validations\u001b[2m > \u001b[22mrenders plain text without totals\n\u001b[31m\u001b[1mAssertionError\u001b[22m: expected 1 to be +0 // Object.is equality\u001b[39m\n\n- Expected\n+ Received\n\n- 0\n+ 1\n\n\u001b[36m \u001b[2m❯\u001b[22m tests/hidden/render.spec.ts:\u001b[2m88:27\u001b[22m\u001b[39m\n    \u001b[90m 86| \u001b[39m    ])\u001b[33m;\u001b[39m\n    \u001b[90m 87| \u001b[39m\n    \u001b[90m 88| \u001b[39m    \u001b[34mexpect\u001b[39m(result\u001b[33m.\u001b[39mstatus)\u001b[33m.\u001b[39m\u001b[34mtoBe\u001b[39m(\u001b[34m0\u001b[39m)\u001b[33m;\u001b[39m\n    \u001b[90m   | \u001b[39m                          \u001b[31m^\u001b[39m\n    \u001b[90m 89| \u001b[39m    \u001b[35mconst\u001b[39m expectedWithoutTotals \u001b[33m=\u001b[39m expectedText\u001b[33m.\u001b[39m\u001b[34mreplace\u001b[39m(\u001b[36m/\\nTotal:.*\\n?$\u001b[39m…\n    \u001b[90m 90| \u001b[39m    \u001b[34mexpect\u001b[39m(\u001b[34mnormalize\u001b[39m(result\u001b[33m.\u001b[39mstdout))\u001b[33m.\u001b[39m\u001b[34mtoBe\u001b[39m(\u001b[34mnormalize\u001b[39m(expectedWithoutTot…\n\n\u001b[31m\u001b[2m⎯⎯⎯⎯⎯⎯⎯⎯⎯⎯⎯⎯⎯⎯⎯⎯⎯⎯⎯⎯⎯⎯⎯⎯[2/5]⎯\u001b[22m\u001b[39m\n\n\u001b[31m\u001b[1m\u001b[7m FAIL \u001b[27m\u001b[22m\u001b[39m tests/hidden/render.spec.ts\u001b[2m > \u001b[22mreport CLI hidden validations\u001b[2m > \u001b[22mincludes totals in text format when requested\n\u001b[31m\u001b[1mAssertionError\u001b[22m: expected 1 to be +0 // Object.is equality\u001b[39m\n\n- Expected\n+ Received\n\n- 0\n+ 1\n\n\u001b[36m \u001b[2m❯\u001b[22m tests/hidden/render.spec.ts:\u001b[2m102:27\u001b[22m\u001b[39m\n    \u001b[90m100| \u001b[39m    ])\u001b[33m;\u001b[39m\n    \u001b[90m101| \u001b[39m\n    \u001b[90m102| \u001b[39m    \u001b[34mexpect\u001b[39m(result\u001b[33m.\u001b[39mstatus)\u001b[33m.\u001b[39m\u001b[34mtoBe\u001b[39m(\u001b[34m0\u001b[39m)\u001b[33m;\u001b[39m\n    \u001b[90m   | \u001b[39m                          \u001b[31m^\u001b[39m\n    \u001b[90m103| \u001b[39m    \u001b[34mexpect\u001b[39m(\u001b[34mnormalize\u001b[39m(result\u001b[33m.\u001b[39mstdout))\u001b[33m.\u001b[39m\u001b[34mtoBe\u001b[39m(\u001b[34mnormalize\u001b[39m(expectedText))\u001b[33m;\u001b[39m\n    \u001b[90m104| \u001b[39m    taskStatus\u001b[33m.\u001b[39m\u001b[35mset\u001b[39m(\u001b[32m'render-text-with-totals'\u001b[39m\u001b[33m,\u001b[39m \u001b[35mtrue\u001b[39m)\u001b[33m;\u001b[39m\n\n\u001b[31m\u001b[2m⎯⎯⎯⎯⎯⎯⎯⎯⎯⎯⎯⎯⎯⎯⎯⎯⎯⎯⎯⎯⎯⎯⎯⎯[3/5]⎯\u001b[22m\u001b[39m\n\n\u001b[31m\u001b[1m\u001b[7m FAIL \u001b[27m\u001b[22m\u001b[39m tests/hidden/render.spec.ts\u001b[2m > \u001b[22mreport CLI hidden validations\u001b[2m > \u001b[22mfails for unsupported format\n\u001b[31m\u001b[1mAssertionError\u001b[22m: expected 'report CLI not implemented\\n' to match /Unsupported format/\u001b[39m\n\n- Expected: \n/Unsupported format/\n\n+ Received: \n\"report CLI not implemented\n\"\n\n\u001b[36m \u001b[2m❯\u001b[22m tests/hidden/render.spec.ts:\u001b[2m115:27\u001b[22m\u001b[39m\n    \u001b[90m113| \u001b[39m\n    \u001b[90m114| \u001b[39m    \u001b[34mexpect\u001b[39m(result\u001b[33m.\u001b[39mstatus)\u001b[33m.\u001b[39mnot\u001b[33m.\u001b[39m\u001b[34mtoBe\u001b[39m(\u001b[34m0\u001b[39m)\u001b[33m;\u001b[39m\n    \u001b[90m115| \u001b[39m    \u001b[34mexpect\u001b[39m(result\u001b[33m.\u001b[39mstderr)\u001b[33m.\u001b[39m\u001b[34mtoMatch\u001b[39m(\u001b[36m/Unsupported format/\u001b[39m)\u001b[33m;\u001b[39m\n    \u001b[90m   | \u001b[39m                          \u001b[31m^\u001b[39m\n    \u001b[90m116| \u001b[39m    taskStatus\u001b[33m.\u001b[39m\u001b[35mset\u001b[39m(\u001b[32m'render-unsupported-format-failure'\u001b[39m\u001b[33m,\u001b[39m \u001b[35mtrue\u001b[39m)\u001b[33m;\u001b[39m\n    \u001b[90m117| \u001b[39m  })\u001b[33m;\u001b[39m\n\n\u001b[31m\u001b[2m⎯⎯⎯⎯⎯⎯⎯⎯⎯⎯⎯⎯⎯⎯⎯⎯⎯⎯⎯⎯⎯⎯⎯⎯[4/5]⎯\u001b[22m\u001b[39m\n\n\u001b[31m\u001b[1m\u001b[7m FAIL \u001b[27m\u001b[22m\u001b[39m tests/hidden/render.spec.ts\u001b[2m > \u001b[22mreport CLI hidden validations\u001b[2m > \u001b[22merrors on missing files\n\u001b[31m\u001b[1mAssertionError\u001b[22m: expected 'report cli not implemented\\n' to match /missing|unable|enoent|not found/\u001b[39m\n\n- Expected: \n/missing|unable|enoent|not found/\n\n+ Received: \n\"report cli not implemented\n\"\n\n\u001b[36m \u001b[2m❯\u001b[22m tests/hidden/render.spec.ts:\u001b[2m124:20\u001b[22m\u001b[39m\n    \u001b[90m122| \u001b[39m    \u001b[34mexpect\u001b[39m(result\u001b[33m.\u001b[39mstatus)\u001b[33m.\u001b[39mnot\u001b[33m.\u001b[39m\u001b[34mtoBe\u001b[39m(\u001b[34m0\u001b[39m)\u001b[33m;\u001b[39m\n    \u001b[90m123| \u001b[39m    \u001b[35mconst\u001b[39m stderr \u001b[33m=\u001b[39m result\u001b[33m.\u001b[39mstderr\u001b[33m.\u001b[39m\u001b[34mtoLowerCase\u001b[39m()\u001b[33m;\u001b[39m\n    \u001b[90m124| \u001b[39m    \u001b[34mexpect\u001b[39m(stderr)\u001b[33m.\u001b[39m\u001b[34mtoMatch\u001b[39m(\u001b[36m/missing|unable|enoent|not found/\u001b[39m)\u001b[33m;\u001b[39m\n    \u001b[90m   | \u001b[39m                   \u001b[31m^\u001b[39m\n    \u001b[90m125| \u001b[39m    taskStatus\u001b[33m.\u001b[39m\u001b[35mset\u001b[39m(\u001b[32m'render-missing-file-failure'\u001b[39m\u001b[33m,\u001b[39m \u001b[35mtrue\u001b[39m)\u001b[33m;\u001b[39m\n    \u001b[90m126| \u001b[39m  })\u001b[33m;\u001b[39m\n\n\u001b[31m\u001b[2m⎯⎯⎯⎯⎯⎯⎯⎯⎯⎯⎯⎯⎯⎯⎯⎯⎯⎯⎯⎯⎯⎯⎯⎯[5/5]⎯\u001b[22m\u001b[39m\n\n",
            "duration": 1022,
            "label": "test:hidden"
          }
        ],
        "feedbackForNextPass": {
          "bullets": [
            "It isn't working correctly.",
            "Your previous attempt exited with code 1. Review the CLI logs to diagnose the issue.",
            "::error title=tests/render.spec.ts > report CLI hidden validations > renders markdown with totals,line=76,column=27::AssertionError: expected 1 to be +0 // Obje…",
            "Please resolve the issues and re-run lint, tests, and build before finishing."
          ],
          "failingSteps": [
            {
              "step": "llxprt-synthetic-minimax",
              "exitCode": 1,
              "message": "Your previous attempt exited with code 1. Review the CLI logs to diagnose the issue."
            },
            {
              "step": "test:hidden",
              "exitCode": 1,
              "message": "::error title=tests/render.spec.ts > report CLI hidden validations > renders markdown with totals,line=76,column=27::AssertionError: expected 1 to be +0 // Obje…",
              "snippet": "::error title=tests/render.spec.ts > report CLI hidden validations > renders markdown with totals,line=76,column=27::AssertionError: expected 1 to be +0 // Obje…"
            }
          ],
          "hiddenAssertions": [
            "::error title=tests/render.spec.ts > report CLI hidden validations > renders markdown with totals,line=76,column=27::AssertionError: expected 1 to be +0 // Obje…"
          ],
          "publicTestFailures": [],
          "hiddenTestFailures": []
        },
        "publicTestFailures": [],
        "hiddenTestFailures": [],
        "vybes": {
          "taskName": "report-builder",
          "configId": "llxprt-synthetic-minimax",
          "complexityMultiplier": 4,
          "timeLimitMinutes": 8,
          "baseScore": 400,
          "successPercentage": 0.1667,
          "baselineSuccessPercentage": 0,
          "adjustedSuccessPercentage": 0,
          "timePenaltyMultiplier": 1,
          "rawScore": 0,
          "finalScore": 0,
          "actualTimeMinutes": 0,
          "description": "Spreadsheet to HTML report builder",
          "category": "integrations",
          "breakdown": {
            "subtasksPassed": 1,
            "subtasksTotal": 6,
            "modulesCompleted": [],
            "modulesIncomplete": [
              "report-builder"
            ],
            "modules": {
              "report-builder": {
                "passed": 1,
                "total": 6,
                "passedTasks": [
                  "package-integrity"
                ],
                "failedTasks": [
                  "render-markdown-with-totals",
                  "render-text-without-totals",
                  "render-text-with-totals",
                  "render-unsupported-format-failure",
                  "render-missing-file-failure"
                ]
              }
            }
          },
          "error": "npm run test:hidden failed (exit 1)",
          "status": "error",
          "passesAttempted": 1,
          "selectedPass": 0,
          "totalCliDurationMs": 2
        }
      },
      {
        "passNumber": 2,
        "startedAt": "2025-11-06T17:12:47.392Z",
        "finishedAt": "2025-11-06T17:12:58.234Z",
        "totalDuration": 10842,
        "promptHash": "b3796b8738138b5626d9bc71accbacd897188dc832e693cddb27f4fce375e0e7",
        "appliedFeedback": [
          "It isn't working correctly.",
          "Your previous attempt exited with code 1. Review the CLI logs to diagnose the issue.",
          "::error title=tests/render.spec.ts > report CLI hidden validations > renders markdown with totals,line=76,column=27::AssertionError: expected 1 to be +0 // Obje…",
          "Please resolve the issues and re-run lint, tests, and build before finishing."
        ],
        "success": false,
        "partialSuccess": false,
        "workspaceArchive": "/home/runner/work/vybestack-site/vybestack-site/evals/outputs/report-builder-2025-11-06T17-12-32-761Z/llxprt-synthetic-minimax/passes/pass-2/workspace",
        "resultsArchive": "/home/runner/work/vybestack-site/vybestack-site/evals/outputs/report-builder-2025-11-06T17-12-32-761Z/llxprt-synthetic-minimax/passes/pass-2/results",
        "cliResult": {
          "command": "/home/runner/work/vybestack-site/vybestack-site/evals/llxprt --provider openai --baseurl https://api.synthetic.new/openai/v1 --key *** --model hf:MiniMaxAI/MiniMax-M2 --set context-limit=190000 --set shell-replacement=true --set modelparam.temperature=1 --yolo",
          "cwd": "/home/runner/work/vybestack-site/vybestack-site/evals/problems/report-builder/.tmp-workspace-7cd0dc82-7d57-4f9b-808c-e63170af651d-6p3CrG/workspace",
          "exitCode": 1,
          "stdout": "",
          "stderr": "",
          "duration": 2,
          "label": "llxprt-synthetic-minimax"
        },
        "buildResults": [
          {
            "command": "npm install",
            "cwd": "/home/runner/work/vybestack-site/vybestack-site/evals/problems/report-builder/.tmp-workspace-7cd0dc82-7d57-4f9b-808c-e63170af651d-6p3CrG/workspace",
            "exitCode": 0,
            "stdout": "\nadded 1 package, and audited 204 packages in 702ms\n\n60 packages are looking for funding\n  run `npm fund` for details\n\n4 moderate severity vulnerabilities\n\nTo address all issues (including breaking changes), run:\n  npm audit fix --force\n\nRun `npm audit` for details.\n",
            "stderr": "",
            "duration": 798,
            "label": "workspace-install"
          },
          {
            "command": "npm run typecheck",
            "cwd": "/home/runner/work/vybestack-site/vybestack-site/evals/problems/report-builder/.tmp-workspace-7cd0dc82-7d57-4f9b-808c-e63170af651d-6p3CrG/workspace",
            "exitCode": 0,
            "stdout": "\n> report-builder-eval@0.0.1 typecheck\n> tsc --noEmit\n\n",
            "stderr": "",
            "duration": 1041,
            "label": "typecheck"
          },
          {
            "command": "npm run lint",
            "cwd": "/home/runner/work/vybestack-site/vybestack-site/evals/problems/report-builder/.tmp-workspace-7cd0dc82-7d57-4f9b-808c-e63170af651d-6p3CrG/workspace",
            "exitCode": 0,
            "stdout": "\n> report-builder-eval@0.0.1 lint\n> eslint . --ext .ts\n\n",
            "stderr": "",
            "duration": 991,
            "label": "lint"
          },
          {
            "command": "npm run test:public",
            "cwd": "/home/runner/work/vybestack-site/vybestack-site/evals/problems/report-builder/.tmp-workspace-7cd0dc82-7d57-4f9b-808c-e63170af651d-6p3CrG/workspace",
            "exitCode": 0,
            "stdout": "\n> report-builder-eval@0.0.1 test:public\n> vitest run --config vitest.config.public.ts\n\n\n\u001b[7m\u001b[1m\u001b[36m RUN \u001b[39m\u001b[22m\u001b[27m \u001b[36mv1.6.1\u001b[39m \u001b[90m/home/runner/work/vybestack-site/vybestack-site/evals/problems/report-builder/.tmp-workspace-7cd0dc82-7d57-4f9b-808c-e63170af651d-6p3CrG/workspace\u001b[39m\n\n \u001b[32m✓\u001b[39m tests/public/renderReport.spec.ts \u001b[2m (\u001b[22m\u001b[2m1 test\u001b[22m\u001b[2m)\u001b[22m\u001b[90m 2\u001b[2mms\u001b[22m\u001b[39m\n\n\u001b[2m Test Files \u001b[22m \u001b[1m\u001b[32m1 passed\u001b[39m\u001b[22m\u001b[90m (1)\u001b[39m\n\u001b[2m      Tests \u001b[22m \u001b[1m\u001b[32m1 passed\u001b[39m\u001b[22m\u001b[90m (1)\u001b[39m\n\u001b[2m   Start at \u001b[22m 17:12:50\n\u001b[2m   Duration \u001b[22m 283ms\u001b[2m (transform 26ms, setup 0ms, collect 18ms, tests 2ms, environment 0ms, prepare 75ms)\u001b[22m\n\n",
            "stderr": "",
            "duration": 752,
            "label": "test:public"
          },
          {
            "command": "npm run build",
            "cwd": "/home/runner/work/vybestack-site/vybestack-site/evals/problems/report-builder/.tmp-workspace-7cd0dc82-7d57-4f9b-808c-e63170af651d-6p3CrG/workspace",
            "exitCode": 0,
            "stdout": "\n> report-builder-eval@0.0.1 build\n> tsc -p tsconfig.json\n\n",
            "stderr": "",
            "duration": 1126,
            "label": "build"
          }
        ],
        "gradeResults": [
          {
            "command": "npm install",
            "cwd": "/home/runner/work/vybestack-site/vybestack-site/evals/grading/report-builder",
            "exitCode": 0,
            "stdout": "\nup to date, audited 204 packages in 673ms\n\n60 packages are looking for funding\n  run `npm fund` for details\n\n2 moderate severity vulnerabilities\n\nTo address all issues, run:\n  npm audit fix\n\nRun `npm audit` for details.\n",
            "stderr": "",
            "duration": 772,
            "label": "workspace-install"
          },
          {
            "command": "npm --prefix workspace install",
            "cwd": "/home/runner/work/vybestack-site/vybestack-site/evals/grading/report-builder",
            "exitCode": 0,
            "stdout": "\nadded 203 packages, and audited 204 packages in 2s\n\n60 packages are looking for funding\n  run `npm fund` for details\n\n4 moderate severity vulnerabilities\n\nTo address all issues (including breaking changes), run:\n  npm audit fix --force\n\nRun `npm audit` for details.\n",
            "stderr": "npm warn deprecated inflight@1.0.6: This module is not supported, and leaks memory. Do not use it. Check out lru-cache if you want a good and tested way to coalesce async requests by a key value, which is much more comprehensive and powerful.\nnpm warn deprecated @humanwhocodes/config-array@0.13.0: Use @eslint/config-array instead\nnpm warn deprecated rimraf@3.0.2: Rimraf versions prior to v4 are no longer supported\nnpm warn deprecated glob@7.2.3: Glob versions prior to v9 are no longer supported\nnpm warn deprecated @humanwhocodes/object-schema@2.0.3: Use @eslint/object-schema instead\nnpm warn deprecated eslint@8.57.1: This version is no longer supported. Please see https://eslint.org/version-support for other options.\n",
            "duration": 1823,
            "label": "workspace-install-subdir"
          },
          {
            "command": "npm --prefix workspace run build",
            "cwd": "/home/runner/work/vybestack-site/vybestack-site/evals/grading/report-builder",
            "exitCode": 0,
            "stdout": "\n> report-builder-eval@0.0.1 build\n> tsc -p tsconfig.json\n\n",
            "stderr": "",
            "duration": 1055,
            "label": "workspace-build-subdir"
          },
          {
            "command": "npm run typecheck",
            "cwd": "/home/runner/work/vybestack-site/vybestack-site/evals/grading/report-builder",
            "exitCode": 0,
            "stdout": "\n> report-builder-grading@0.0.1 typecheck\n> tsc -p tsconfig.json\n\n",
            "stderr": "",
            "duration": 1297,
            "label": "typecheck"
          },
          {
            "command": "npm run test:hidden",
            "cwd": "/home/runner/work/vybestack-site/vybestack-site/evals/grading/report-builder",
            "exitCode": 1,
            "stdout": "\n> report-builder-grading@0.0.1 test:hidden\n> vitest run --config vitest.config.hidden.ts\n\n\n\u001b[7m\u001b[1m\u001b[36m RUN \u001b[39m\u001b[22m\u001b[27m \u001b[36mv1.6.1\u001b[39m \u001b[90m/home/runner/work/vybestack-site/vybestack-site/evals/grading/report-builder\u001b[39m\n\n \u001b[32m✓\u001b[39m tests/hidden/package.spec.ts \u001b[2m (\u001b[22m\u001b[2m1 test\u001b[22m\u001b[2m)\u001b[22m\u001b[90m 5\u001b[2mms\u001b[22m\u001b[39m\n \u001b[33m❯\u001b[39m tests/hidden/render.spec.ts \u001b[2m (\u001b[22m\u001b[2m5 tests\u001b[22m \u001b[2m|\u001b[22m \u001b[31m5 failed\u001b[39m\u001b[2m)\u001b[22m\u001b[90m 194\u001b[2mms\u001b[22m\u001b[39m\n\u001b[31m   \u001b[33m❯\u001b[31m tests/hidden/render.spec.ts\u001b[2m > \u001b[22mreport CLI hidden validations\u001b[2m > \u001b[22mrenders markdown with totals\u001b[39m\n\u001b[31m     → expected 1 to be +0 // Object.is equality\u001b[39m\n\u001b[31m   \u001b[33m❯\u001b[31m tests/hidden/render.spec.ts\u001b[2m > \u001b[22mreport CLI hidden validations\u001b[2m > \u001b[22mrenders plain text without totals\u001b[39m\n\u001b[31m     → expected 1 to be +0 // Object.is equality\u001b[39m\n\u001b[31m   \u001b[33m❯\u001b[31m tests/hidden/render.spec.ts\u001b[2m > \u001b[22mreport CLI hidden validations\u001b[2m > \u001b[22mincludes totals in text format when requested\u001b[39m\n\u001b[31m     → expected 1 to be +0 // Object.is equality\u001b[39m\n\u001b[31m   \u001b[33m❯\u001b[31m tests/hidden/render.spec.ts\u001b[2m > \u001b[22mreport CLI hidden validations\u001b[2m > \u001b[22mfails for unsupported format\u001b[39m\n\u001b[31m     → expected 'report CLI not implemented\\n' to match /Unsupported format/\u001b[39m\n\u001b[31m   \u001b[33m❯\u001b[31m tests/hidden/render.spec.ts\u001b[2m > \u001b[22mreport CLI hidden validations\u001b[2m > \u001b[22merrors on missing files\u001b[39m\n\u001b[31m     → expected 'report cli not implemented\\n' to match /missing|unable|enoent|not found/\u001b[39m\n\n\n::error file=/home/runner/work/vybestack-site/vybestack-site/evals/grading/report-builder/tests/hidden/render.spec.ts,title=tests/hidden/render.spec.ts > report CLI hidden validations > renders markdown with totals,line=76,column=27::AssertionError: expected 1 to be +0 // Object.is equality%0A%0A- Expected%0A+ Received%0A%0A- 0%0A+ 1%0A%0A ❯ tests/hidden/render.spec.ts:76:27%0A%0A\n\n::error file=/home/runner/work/vybestack-site/vybestack-site/evals/grading/report-builder/tests/hidden/render.spec.ts,title=tests/hidden/render.spec.ts > report CLI hidden validations > renders plain text without totals,line=88,column=27::AssertionError: expected 1 to be +0 // Object.is equality%0A%0A- Expected%0A+ Received%0A%0A- 0%0A+ 1%0A%0A ❯ tests/hidden/render.spec.ts:88:27%0A%0A\n\n::error file=/home/runner/work/vybestack-site/vybestack-site/evals/grading/report-builder/tests/hidden/render.spec.ts,title=tests/hidden/render.spec.ts > report CLI hidden validations > includes totals in text format when requested,line=102,column=27::AssertionError: expected 1 to be +0 // Object.is equality%0A%0A- Expected%0A+ Received%0A%0A- 0%0A+ 1%0A%0A ❯ tests/hidden/render.spec.ts:102:27%0A%0A\n\n::error file=/home/runner/work/vybestack-site/vybestack-site/evals/grading/report-builder/tests/hidden/render.spec.ts,title=tests/hidden/render.spec.ts > report CLI hidden validations > fails for unsupported format,line=115,column=27::AssertionError: expected 'report CLI not implemented\\n' to match /Unsupported format/%0A%0A- Expected: %0A/Unsupported format/%0A%0A+ Received: %0A\"report CLI not implemented%0A\"%0A%0A ❯ tests/hidden/render.spec.ts:115:27%0A%0A\n\n::error file=/home/runner/work/vybestack-site/vybestack-site/evals/grading/report-builder/tests/hidden/render.spec.ts,title=tests/hidden/render.spec.ts > report CLI hidden validations > errors on missing files,line=124,column=20::AssertionError: expected 'report cli not implemented\\n' to match /missing|unable|enoent|not found/%0A%0A- Expected: %0A/missing|unable|enoent|not found/%0A%0A+ Received: %0A\"report cli not implemented%0A\"%0A%0A ❯ tests/hidden/render.spec.ts:124:20%0A%0A\n\u001b[2m Test Files \u001b[22m \u001b[1m\u001b[31m1 failed\u001b[39m\u001b[22m\u001b[2m | \u001b[22m\u001b[1m\u001b[32m1 passed\u001b[39m\u001b[22m\u001b[90m (2)\u001b[39m\n\u001b[2m      Tests \u001b[22m \u001b[1m\u001b[31m5 failed\u001b[39m\u001b[22m\u001b[2m | \u001b[22m\u001b[1m\u001b[32m1 passed\u001b[39m\u001b[22m\u001b[90m (6)\u001b[39m\n\u001b[2m   Start at \u001b[22m 17:12:57\n\u001b[2m   Duration \u001b[22m 520ms\u001b[2m (transform 67ms, setup 1ms, collect 91ms, tests 199ms, environment 0ms, prepare 210ms)\u001b[22m\n\n",
            "stderr": "\u001b[31m⎯⎯⎯⎯⎯⎯⎯\u001b[1m\u001b[7m Failed Tests 5 \u001b[27m\u001b[22m⎯⎯⎯⎯⎯⎯⎯\u001b[39m\n\n\u001b[31m\u001b[1m\u001b[7m FAIL \u001b[27m\u001b[22m\u001b[39m tests/hidden/render.spec.ts\u001b[2m > \u001b[22mreport CLI hidden validations\u001b[2m > \u001b[22mrenders markdown with totals\n\u001b[31m\u001b[1mAssertionError\u001b[22m: expected 1 to be +0 // Object.is equality\u001b[39m\n\n- Expected\n+ Received\n\n- 0\n+ 1\n\n\u001b[36m \u001b[2m❯\u001b[22m tests/hidden/render.spec.ts:\u001b[2m76:27\u001b[22m\u001b[39m\n    \u001b[90m 74| \u001b[39m    ])\u001b[33m;\u001b[39m\n    \u001b[90m 75| \u001b[39m\n    \u001b[90m 76| \u001b[39m    \u001b[34mexpect\u001b[39m(result\u001b[33m.\u001b[39mstatus)\u001b[33m.\u001b[39m\u001b[34mtoBe\u001b[39m(\u001b[34m0\u001b[39m)\u001b[33m;\u001b[39m\n    \u001b[90m   | \u001b[39m                          \u001b[31m^\u001b[39m\n    \u001b[90m 77| \u001b[39m    \u001b[34mexpect\u001b[39m(\u001b[34mnormalize\u001b[39m(result\u001b[33m.\u001b[39mstdout))\u001b[33m.\u001b[39m\u001b[34mtoBe\u001b[39m(\u001b[34mnormalize\u001b[39m(expectedMarkdown))\u001b[33m;\u001b[39m\n    \u001b[90m 78| \u001b[39m    taskStatus\u001b[33m.\u001b[39m\u001b[35mset\u001b[39m(\u001b[32m'render-markdown-with-totals'\u001b[39m\u001b[33m,\u001b[39m \u001b[35mtrue\u001b[39m)\u001b[33m;\u001b[39m\n\n\u001b[31m\u001b[2m⎯⎯⎯⎯⎯⎯⎯⎯⎯⎯⎯⎯⎯⎯⎯⎯⎯⎯⎯⎯⎯⎯⎯⎯[1/5]⎯\u001b[22m\u001b[39m\n\n\u001b[31m\u001b[1m\u001b[7m FAIL \u001b[27m\u001b[22m\u001b[39m tests/hidden/render.spec.ts\u001b[2m > \u001b[22mreport CLI hidden validations\u001b[2m > \u001b[22mrenders plain text without totals\n\u001b[31m\u001b[1mAssertionError\u001b[22m: expected 1 to be +0 // Object.is equality\u001b[39m\n\n- Expected\n+ Received\n\n- 0\n+ 1\n\n\u001b[36m \u001b[2m❯\u001b[22m tests/hidden/render.spec.ts:\u001b[2m88:27\u001b[22m\u001b[39m\n    \u001b[90m 86| \u001b[39m    ])\u001b[33m;\u001b[39m\n    \u001b[90m 87| \u001b[39m\n    \u001b[90m 88| \u001b[39m    \u001b[34mexpect\u001b[39m(result\u001b[33m.\u001b[39mstatus)\u001b[33m.\u001b[39m\u001b[34mtoBe\u001b[39m(\u001b[34m0\u001b[39m)\u001b[33m;\u001b[39m\n    \u001b[90m   | \u001b[39m                          \u001b[31m^\u001b[39m\n    \u001b[90m 89| \u001b[39m    \u001b[35mconst\u001b[39m expectedWithoutTotals \u001b[33m=\u001b[39m expectedText\u001b[33m.\u001b[39m\u001b[34mreplace\u001b[39m(\u001b[36m/\\nTotal:.*\\n?$\u001b[39m…\n    \u001b[90m 90| \u001b[39m    \u001b[34mexpect\u001b[39m(\u001b[34mnormalize\u001b[39m(result\u001b[33m.\u001b[39mstdout))\u001b[33m.\u001b[39m\u001b[34mtoBe\u001b[39m(\u001b[34mnormalize\u001b[39m(expectedWithoutTot…\n\n\u001b[31m\u001b[2m⎯⎯⎯⎯⎯⎯⎯⎯⎯⎯⎯⎯⎯⎯⎯⎯⎯⎯⎯⎯⎯⎯⎯⎯[2/5]⎯\u001b[22m\u001b[39m\n\n\u001b[31m\u001b[1m\u001b[7m FAIL \u001b[27m\u001b[22m\u001b[39m tests/hidden/render.spec.ts\u001b[2m > \u001b[22mreport CLI hidden validations\u001b[2m > \u001b[22mincludes totals in text format when requested\n\u001b[31m\u001b[1mAssertionError\u001b[22m: expected 1 to be +0 // Object.is equality\u001b[39m\n\n- Expected\n+ Received\n\n- 0\n+ 1\n\n\u001b[36m \u001b[2m❯\u001b[22m tests/hidden/render.spec.ts:\u001b[2m102:27\u001b[22m\u001b[39m\n    \u001b[90m100| \u001b[39m    ])\u001b[33m;\u001b[39m\n    \u001b[90m101| \u001b[39m\n    \u001b[90m102| \u001b[39m    \u001b[34mexpect\u001b[39m(result\u001b[33m.\u001b[39mstatus)\u001b[33m.\u001b[39m\u001b[34mtoBe\u001b[39m(\u001b[34m0\u001b[39m)\u001b[33m;\u001b[39m\n    \u001b[90m   | \u001b[39m                          \u001b[31m^\u001b[39m\n    \u001b[90m103| \u001b[39m    \u001b[34mexpect\u001b[39m(\u001b[34mnormalize\u001b[39m(result\u001b[33m.\u001b[39mstdout))\u001b[33m.\u001b[39m\u001b[34mtoBe\u001b[39m(\u001b[34mnormalize\u001b[39m(expectedText))\u001b[33m;\u001b[39m\n    \u001b[90m104| \u001b[39m    taskStatus\u001b[33m.\u001b[39m\u001b[35mset\u001b[39m(\u001b[32m'render-text-with-totals'\u001b[39m\u001b[33m,\u001b[39m \u001b[35mtrue\u001b[39m)\u001b[33m;\u001b[39m\n\n\u001b[31m\u001b[2m⎯⎯⎯⎯⎯⎯⎯⎯⎯⎯⎯⎯⎯⎯⎯⎯⎯⎯⎯⎯⎯⎯⎯⎯[3/5]⎯\u001b[22m\u001b[39m\n\n\u001b[31m\u001b[1m\u001b[7m FAIL \u001b[27m\u001b[22m\u001b[39m tests/hidden/render.spec.ts\u001b[2m > \u001b[22mreport CLI hidden validations\u001b[2m > \u001b[22mfails for unsupported format\n\u001b[31m\u001b[1mAssertionError\u001b[22m: expected 'report CLI not implemented\\n' to match /Unsupported format/\u001b[39m\n\n- Expected: \n/Unsupported format/\n\n+ Received: \n\"report CLI not implemented\n\"\n\n\u001b[36m \u001b[2m❯\u001b[22m tests/hidden/render.spec.ts:\u001b[2m115:27\u001b[22m\u001b[39m\n    \u001b[90m113| \u001b[39m\n    \u001b[90m114| \u001b[39m    \u001b[34mexpect\u001b[39m(result\u001b[33m.\u001b[39mstatus)\u001b[33m.\u001b[39mnot\u001b[33m.\u001b[39m\u001b[34mtoBe\u001b[39m(\u001b[34m0\u001b[39m)\u001b[33m;\u001b[39m\n    \u001b[90m115| \u001b[39m    \u001b[34mexpect\u001b[39m(result\u001b[33m.\u001b[39mstderr)\u001b[33m.\u001b[39m\u001b[34mtoMatch\u001b[39m(\u001b[36m/Unsupported format/\u001b[39m)\u001b[33m;\u001b[39m\n    \u001b[90m   | \u001b[39m                          \u001b[31m^\u001b[39m\n    \u001b[90m116| \u001b[39m    taskStatus\u001b[33m.\u001b[39m\u001b[35mset\u001b[39m(\u001b[32m'render-unsupported-format-failure'\u001b[39m\u001b[33m,\u001b[39m \u001b[35mtrue\u001b[39m)\u001b[33m;\u001b[39m\n    \u001b[90m117| \u001b[39m  })\u001b[33m;\u001b[39m\n\n\u001b[31m\u001b[2m⎯⎯⎯⎯⎯⎯⎯⎯⎯⎯⎯⎯⎯⎯⎯⎯⎯⎯⎯⎯⎯⎯⎯⎯[4/5]⎯\u001b[22m\u001b[39m\n\n\u001b[31m\u001b[1m\u001b[7m FAIL \u001b[27m\u001b[22m\u001b[39m tests/hidden/render.spec.ts\u001b[2m > \u001b[22mreport CLI hidden validations\u001b[2m > \u001b[22merrors on missing files\n\u001b[31m\u001b[1mAssertionError\u001b[22m: expected 'report cli not implemented\\n' to match /missing|unable|enoent|not found/\u001b[39m\n\n- Expected: \n/missing|unable|enoent|not found/\n\n+ Received: \n\"report cli not implemented\n\"\n\n\u001b[36m \u001b[2m❯\u001b[22m tests/hidden/render.spec.ts:\u001b[2m124:20\u001b[22m\u001b[39m\n    \u001b[90m122| \u001b[39m    \u001b[34mexpect\u001b[39m(result\u001b[33m.\u001b[39mstatus)\u001b[33m.\u001b[39mnot\u001b[33m.\u001b[39m\u001b[34mtoBe\u001b[39m(\u001b[34m0\u001b[39m)\u001b[33m;\u001b[39m\n    \u001b[90m123| \u001b[39m    \u001b[35mconst\u001b[39m stderr \u001b[33m=\u001b[39m result\u001b[33m.\u001b[39mstderr\u001b[33m.\u001b[39m\u001b[34mtoLowerCase\u001b[39m()\u001b[33m;\u001b[39m\n    \u001b[90m124| \u001b[39m    \u001b[34mexpect\u001b[39m(stderr)\u001b[33m.\u001b[39m\u001b[34mtoMatch\u001b[39m(\u001b[36m/missing|unable|enoent|not found/\u001b[39m)\u001b[33m;\u001b[39m\n    \u001b[90m   | \u001b[39m                   \u001b[31m^\u001b[39m\n    \u001b[90m125| \u001b[39m    taskStatus\u001b[33m.\u001b[39m\u001b[35mset\u001b[39m(\u001b[32m'render-missing-file-failure'\u001b[39m\u001b[33m,\u001b[39m \u001b[35mtrue\u001b[39m)\u001b[33m;\u001b[39m\n    \u001b[90m126| \u001b[39m  })\u001b[33m;\u001b[39m\n\n\u001b[31m\u001b[2m⎯⎯⎯⎯⎯⎯⎯⎯⎯⎯⎯⎯⎯⎯⎯⎯⎯⎯⎯⎯⎯⎯⎯⎯[5/5]⎯\u001b[22m\u001b[39m\n\n",
            "duration": 1011,
            "label": "test:hidden"
          }
        ],
        "feedbackForNextPass": {
          "bullets": [
            "It isn't working correctly.",
            "Your previous attempt exited with code 1. Review the CLI logs to diagnose the issue.",
            "::error title=tests/render.spec.ts > report CLI hidden validations > renders markdown with totals,line=76,column=27::AssertionError: expected 1 to be +0 // Obje…",
            "Please resolve the issues and re-run lint, tests, and build before finishing."
          ],
          "failingSteps": [
            {
              "step": "llxprt-synthetic-minimax",
              "exitCode": 1,
              "message": "Your previous attempt exited with code 1. Review the CLI logs to diagnose the issue."
            },
            {
              "step": "test:hidden",
              "exitCode": 1,
              "message": "::error title=tests/render.spec.ts > report CLI hidden validations > renders markdown with totals,line=76,column=27::AssertionError: expected 1 to be +0 // Obje…",
              "snippet": "::error title=tests/render.spec.ts > report CLI hidden validations > renders markdown with totals,line=76,column=27::AssertionError: expected 1 to be +0 // Obje…"
            }
          ],
          "hiddenAssertions": [
            "::error title=tests/render.spec.ts > report CLI hidden validations > renders markdown with totals,line=76,column=27::AssertionError: expected 1 to be +0 // Obje…"
          ],
          "publicTestFailures": [],
          "hiddenTestFailures": []
        },
        "publicTestFailures": [],
        "hiddenTestFailures": [],
        "vybes": {
          "taskName": "report-builder",
          "configId": "llxprt-synthetic-minimax",
          "complexityMultiplier": 4,
          "timeLimitMinutes": 8,
          "baseScore": 400,
          "successPercentage": 0.1667,
          "baselineSuccessPercentage": 0,
          "adjustedSuccessPercentage": 0,
          "timePenaltyMultiplier": 1,
          "rawScore": 0,
          "finalScore": 0,
          "actualTimeMinutes": 0,
          "description": "Spreadsheet to HTML report builder",
          "category": "integrations",
          "breakdown": {
            "subtasksPassed": 1,
            "subtasksTotal": 6,
            "modulesCompleted": [],
            "modulesIncomplete": [
              "report-builder"
            ],
            "modules": {
              "report-builder": {
                "passed": 1,
                "total": 6,
                "passedTasks": [
                  "package-integrity"
                ],
                "failedTasks": [
                  "render-markdown-with-totals",
                  "render-text-without-totals",
                  "render-text-with-totals",
                  "render-unsupported-format-failure",
                  "render-missing-file-failure"
                ]
              }
            }
          },
          "error": "npm run test:hidden failed (exit 1)",
          "status": "error",
          "passesAttempted": 2,
          "selectedPass": 1,
          "totalCliDurationMs": 2
        }
      },
      {
        "passNumber": 3,
        "startedAt": "2025-11-06T17:12:58.250Z",
        "finishedAt": "2025-11-06T17:13:09.050Z",
        "totalDuration": 10800,
        "promptHash": "b3796b8738138b5626d9bc71accbacd897188dc832e693cddb27f4fce375e0e7",
        "appliedFeedback": [
          "It isn't working correctly.",
          "Your previous attempt exited with code 1. Review the CLI logs to diagnose the issue.",
          "::error title=tests/render.spec.ts > report CLI hidden validations > renders markdown with totals,line=76,column=27::AssertionError: expected 1 to be +0 // Obje…",
          "Please resolve the issues and re-run lint, tests, and build before finishing."
        ],
        "success": false,
        "partialSuccess": false,
        "workspaceArchive": "/home/runner/work/vybestack-site/vybestack-site/evals/outputs/report-builder-2025-11-06T17-12-32-761Z/llxprt-synthetic-minimax/passes/pass-3/workspace",
        "resultsArchive": "/home/runner/work/vybestack-site/vybestack-site/evals/outputs/report-builder-2025-11-06T17-12-32-761Z/llxprt-synthetic-minimax/passes/pass-3/results",
        "cliResult": {
          "command": "/home/runner/work/vybestack-site/vybestack-site/evals/llxprt --provider openai --baseurl https://api.synthetic.new/openai/v1 --key *** --model hf:MiniMaxAI/MiniMax-M2 --set context-limit=190000 --set shell-replacement=true --set modelparam.temperature=1 --yolo",
          "cwd": "/home/runner/work/vybestack-site/vybestack-site/evals/problems/report-builder/.tmp-workspace-7cd0dc82-7d57-4f9b-808c-e63170af651d-6p3CrG/workspace",
          "exitCode": 1,
          "stdout": "",
          "stderr": "",
          "duration": 2,
          "label": "llxprt-synthetic-minimax"
        },
        "buildResults": [
          {
            "command": "npm install",
            "cwd": "/home/runner/work/vybestack-site/vybestack-site/evals/problems/report-builder/.tmp-workspace-7cd0dc82-7d57-4f9b-808c-e63170af651d-6p3CrG/workspace",
            "exitCode": 0,
            "stdout": "\nup to date, audited 204 packages in 752ms\n\n60 packages are looking for funding\n  run `npm fund` for details\n\n4 moderate severity vulnerabilities\n\nTo address all issues (including breaking changes), run:\n  npm audit fix --force\n\nRun `npm audit` for details.\n",
            "stderr": "",
            "duration": 842,
            "label": "workspace-install"
          },
          {
            "command": "npm run typecheck",
            "cwd": "/home/runner/work/vybestack-site/vybestack-site/evals/problems/report-builder/.tmp-workspace-7cd0dc82-7d57-4f9b-808c-e63170af651d-6p3CrG/workspace",
            "exitCode": 0,
            "stdout": "\n> report-builder-eval@0.0.1 typecheck\n> tsc --noEmit\n\n",
            "stderr": "",
            "duration": 1029,
            "label": "typecheck"
          },
          {
            "command": "npm run lint",
            "cwd": "/home/runner/work/vybestack-site/vybestack-site/evals/problems/report-builder/.tmp-workspace-7cd0dc82-7d57-4f9b-808c-e63170af651d-6p3CrG/workspace",
            "exitCode": 0,
            "stdout": "\n> report-builder-eval@0.0.1 lint\n> eslint . --ext .ts\n\n",
            "stderr": "",
            "duration": 978,
            "label": "lint"
          },
          {
            "command": "npm run test:public",
            "cwd": "/home/runner/work/vybestack-site/vybestack-site/evals/problems/report-builder/.tmp-workspace-7cd0dc82-7d57-4f9b-808c-e63170af651d-6p3CrG/workspace",
            "exitCode": 0,
            "stdout": "\n> report-builder-eval@0.0.1 test:public\n> vitest run --config vitest.config.public.ts\n\n\n\u001b[7m\u001b[1m\u001b[36m RUN \u001b[39m\u001b[22m\u001b[27m \u001b[36mv1.6.1\u001b[39m \u001b[90m/home/runner/work/vybestack-site/vybestack-site/evals/problems/report-builder/.tmp-workspace-7cd0dc82-7d57-4f9b-808c-e63170af651d-6p3CrG/workspace\u001b[39m\n\n \u001b[32m✓\u001b[39m tests/public/renderReport.spec.ts \u001b[2m (\u001b[22m\u001b[2m1 test\u001b[22m\u001b[2m)\u001b[22m\u001b[90m 2\u001b[2mms\u001b[22m\u001b[39m\n\n\u001b[2m Test Files \u001b[22m \u001b[1m\u001b[32m1 passed\u001b[39m\u001b[22m\u001b[90m (1)\u001b[39m\n\u001b[2m      Tests \u001b[22m \u001b[1m\u001b[32m1 passed\u001b[39m\u001b[22m\u001b[90m (1)\u001b[39m\n\u001b[2m   Start at \u001b[22m 17:13:01\n\u001b[2m   Duration \u001b[22m 280ms\u001b[2m (transform 31ms, setup 0ms, collect 18ms, tests 2ms, environment 0ms, prepare 77ms)\u001b[22m\n\n",
            "stderr": "",
            "duration": 739,
            "label": "test:public"
          },
          {
            "command": "npm run build",
            "cwd": "/home/runner/work/vybestack-site/vybestack-site/evals/problems/report-builder/.tmp-workspace-7cd0dc82-7d57-4f9b-808c-e63170af651d-6p3CrG/workspace",
            "exitCode": 0,
            "stdout": "\n> report-builder-eval@0.0.1 build\n> tsc -p tsconfig.json\n\n",
            "stderr": "",
            "duration": 1072,
            "label": "build"
          }
        ],
        "gradeResults": [
          {
            "command": "npm install",
            "cwd": "/home/runner/work/vybestack-site/vybestack-site/evals/grading/report-builder",
            "exitCode": 0,
            "stdout": "\nup to date, audited 204 packages in 729ms\n\n60 packages are looking for funding\n  run `npm fund` for details\n\n2 moderate severity vulnerabilities\n\nTo address all issues, run:\n  npm audit fix\n\nRun `npm audit` for details.\n",
            "stderr": "",
            "duration": 830,
            "label": "workspace-install"
          },
          {
            "command": "npm --prefix workspace install",
            "cwd": "/home/runner/work/vybestack-site/vybestack-site/evals/grading/report-builder",
            "exitCode": 0,
            "stdout": "\nadded 203 packages, and audited 204 packages in 2s\n\n60 packages are looking for funding\n  run `npm fund` for details\n\n4 moderate severity vulnerabilities\n\nTo address all issues (including breaking changes), run:\n  npm audit fix --force\n\nRun `npm audit` for details.\n",
            "stderr": "npm warn deprecated inflight@1.0.6: This module is not supported, and leaks memory. Do not use it. Check out lru-cache if you want a good and tested way to coalesce async requests by a key value, which is much more comprehensive and powerful.\nnpm warn deprecated @humanwhocodes/config-array@0.13.0: Use @eslint/config-array instead\nnpm warn deprecated rimraf@3.0.2: Rimraf versions prior to v4 are no longer supported\nnpm warn deprecated glob@7.2.3: Glob versions prior to v9 are no longer supported\nnpm warn deprecated @humanwhocodes/object-schema@2.0.3: Use @eslint/object-schema instead\nnpm warn deprecated eslint@8.57.1: This version is no longer supported. Please see https://eslint.org/version-support for other options.\n",
            "duration": 1807,
            "label": "workspace-install-subdir"
          },
          {
            "command": "npm --prefix workspace run build",
            "cwd": "/home/runner/work/vybestack-site/vybestack-site/evals/grading/report-builder",
            "exitCode": 0,
            "stdout": "\n> report-builder-eval@0.0.1 build\n> tsc -p tsconfig.json\n\n",
            "stderr": "",
            "duration": 1064,
            "label": "workspace-build-subdir"
          },
          {
            "command": "npm run typecheck",
            "cwd": "/home/runner/work/vybestack-site/vybestack-site/evals/grading/report-builder",
            "exitCode": 0,
            "stdout": "\n> report-builder-grading@0.0.1 typecheck\n> tsc -p tsconfig.json\n\n",
            "stderr": "",
            "duration": 1260,
            "label": "typecheck"
          },
          {
            "command": "npm run test:hidden",
            "cwd": "/home/runner/work/vybestack-site/vybestack-site/evals/grading/report-builder",
            "exitCode": 1,
            "stdout": "\n> report-builder-grading@0.0.1 test:hidden\n> vitest run --config vitest.config.hidden.ts\n\n\n\u001b[7m\u001b[1m\u001b[36m RUN \u001b[39m\u001b[22m\u001b[27m \u001b[36mv1.6.1\u001b[39m \u001b[90m/home/runner/work/vybestack-site/vybestack-site/evals/grading/report-builder\u001b[39m\n\n \u001b[32m✓\u001b[39m tests/hidden/package.spec.ts \u001b[2m (\u001b[22m\u001b[2m1 test\u001b[22m\u001b[2m)\u001b[22m\u001b[90m 5\u001b[2mms\u001b[22m\u001b[39m\n \u001b[33m❯\u001b[39m tests/hidden/render.spec.ts \u001b[2m (\u001b[22m\u001b[2m5 tests\u001b[22m \u001b[2m|\u001b[22m \u001b[31m5 failed\u001b[39m\u001b[2m)\u001b[22m\u001b[90m 195\u001b[2mms\u001b[22m\u001b[39m\n\u001b[31m   \u001b[33m❯\u001b[31m tests/hidden/render.spec.ts\u001b[2m > \u001b[22mreport CLI hidden validations\u001b[2m > \u001b[22mrenders markdown with totals\u001b[39m\n\u001b[31m     → expected 1 to be +0 // Object.is equality\u001b[39m\n\u001b[31m   \u001b[33m❯\u001b[31m tests/hidden/render.spec.ts\u001b[2m > \u001b[22mreport CLI hidden validations\u001b[2m > \u001b[22mrenders plain text without totals\u001b[39m\n\u001b[31m     → expected 1 to be +0 // Object.is equality\u001b[39m\n\u001b[31m   \u001b[33m❯\u001b[31m tests/hidden/render.spec.ts\u001b[2m > \u001b[22mreport CLI hidden validations\u001b[2m > \u001b[22mincludes totals in text format when requested\u001b[39m\n\u001b[31m     → expected 1 to be +0 // Object.is equality\u001b[39m\n\u001b[31m   \u001b[33m❯\u001b[31m tests/hidden/render.spec.ts\u001b[2m > \u001b[22mreport CLI hidden validations\u001b[2m > \u001b[22mfails for unsupported format\u001b[39m\n\u001b[31m     → expected 'report CLI not implemented\\n' to match /Unsupported format/\u001b[39m\n\u001b[31m   \u001b[33m❯\u001b[31m tests/hidden/render.spec.ts\u001b[2m > \u001b[22mreport CLI hidden validations\u001b[2m > \u001b[22merrors on missing files\u001b[39m\n\u001b[31m     → expected 'report cli not implemented\\n' to match /missing|unable|enoent|not found/\u001b[39m\n\n\n::error file=/home/runner/work/vybestack-site/vybestack-site/evals/grading/report-builder/tests/hidden/render.spec.ts,title=tests/hidden/render.spec.ts > report CLI hidden validations > renders markdown with totals,line=76,column=27::AssertionError: expected 1 to be +0 // Object.is equality%0A%0A- Expected%0A+ Received%0A%0A- 0%0A+ 1%0A%0A ❯ tests/hidden/render.spec.ts:76:27%0A%0A\n\n::error file=/home/runner/work/vybestack-site/vybestack-site/evals/grading/report-builder/tests/hidden/render.spec.ts,title=tests/hidden/render.spec.ts > report CLI hidden validations > renders plain text without totals,line=88,column=27::AssertionError: expected 1 to be +0 // Object.is equality%0A%0A- Expected%0A+ Received%0A%0A- 0%0A+ 1%0A%0A ❯ tests/hidden/render.spec.ts:88:27%0A%0A\n\n::error file=/home/runner/work/vybestack-site/vybestack-site/evals/grading/report-builder/tests/hidden/render.spec.ts,title=tests/hidden/render.spec.ts > report CLI hidden validations > includes totals in text format when requested,line=102,column=27::AssertionError: expected 1 to be +0 // Object.is equality%0A%0A- Expected%0A+ Received%0A%0A- 0%0A+ 1%0A%0A ❯ tests/hidden/render.spec.ts:102:27%0A%0A\n\n::error file=/home/runner/work/vybestack-site/vybestack-site/evals/grading/report-builder/tests/hidden/render.spec.ts,title=tests/hidden/render.spec.ts > report CLI hidden validations > fails for unsupported format,line=115,column=27::AssertionError: expected 'report CLI not implemented\\n' to match /Unsupported format/%0A%0A- Expected: %0A/Unsupported format/%0A%0A+ Received: %0A\"report CLI not implemented%0A\"%0A%0A ❯ tests/hidden/render.spec.ts:115:27%0A%0A\n\n::error file=/home/runner/work/vybestack-site/vybestack-site/evals/grading/report-builder/tests/hidden/render.spec.ts,title=tests/hidden/render.spec.ts > report CLI hidden validations > errors on missing files,line=124,column=20::AssertionError: expected 'report cli not implemented\\n' to match /missing|unable|enoent|not found/%0A%0A- Expected: %0A/missing|unable|enoent|not found/%0A%0A+ Received: %0A\"report cli not implemented%0A\"%0A%0A ❯ tests/hidden/render.spec.ts:124:20%0A%0A\n\u001b[2m Test Files \u001b[22m \u001b[1m\u001b[31m1 failed\u001b[39m\u001b[22m\u001b[2m | \u001b[22m\u001b[1m\u001b[32m1 passed\u001b[39m\u001b[22m\u001b[90m (2)\u001b[39m\n\u001b[2m      Tests \u001b[22m \u001b[1m\u001b[31m5 failed\u001b[39m\u001b[22m\u001b[2m | \u001b[22m\u001b[1m\u001b[32m1 passed\u001b[39m\u001b[22m\u001b[90m (6)\u001b[39m\n\u001b[2m   Start at \u001b[22m 17:13:08\n\u001b[2m   Duration \u001b[22m 514ms\u001b[2m (transform 56ms, setup 0ms, collect 79ms, tests 200ms, environment 0ms, prepare 175ms)\u001b[22m\n\n",
            "stderr": "\u001b[31m⎯⎯⎯⎯⎯⎯⎯\u001b[1m\u001b[7m Failed Tests 5 \u001b[27m\u001b[22m⎯⎯⎯⎯⎯⎯⎯\u001b[39m\n\n\u001b[31m\u001b[1m\u001b[7m FAIL \u001b[27m\u001b[22m\u001b[39m tests/hidden/render.spec.ts\u001b[2m > \u001b[22mreport CLI hidden validations\u001b[2m > \u001b[22mrenders markdown with totals\n\u001b[31m\u001b[1mAssertionError\u001b[22m: expected 1 to be +0 // Object.is equality\u001b[39m\n\n- Expected\n+ Received\n\n- 0\n+ 1\n\n\u001b[36m \u001b[2m❯\u001b[22m tests/hidden/render.spec.ts:\u001b[2m76:27\u001b[22m\u001b[39m\n    \u001b[90m 74| \u001b[39m    ])\u001b[33m;\u001b[39m\n    \u001b[90m 75| \u001b[39m\n    \u001b[90m 76| \u001b[39m    \u001b[34mexpect\u001b[39m(result\u001b[33m.\u001b[39mstatus)\u001b[33m.\u001b[39m\u001b[34mtoBe\u001b[39m(\u001b[34m0\u001b[39m)\u001b[33m;\u001b[39m\n    \u001b[90m   | \u001b[39m                          \u001b[31m^\u001b[39m\n    \u001b[90m 77| \u001b[39m    \u001b[34mexpect\u001b[39m(\u001b[34mnormalize\u001b[39m(result\u001b[33m.\u001b[39mstdout))\u001b[33m.\u001b[39m\u001b[34mtoBe\u001b[39m(\u001b[34mnormalize\u001b[39m(expectedMarkdown))\u001b[33m;\u001b[39m\n    \u001b[90m 78| \u001b[39m    taskStatus\u001b[33m.\u001b[39m\u001b[35mset\u001b[39m(\u001b[32m'render-markdown-with-totals'\u001b[39m\u001b[33m,\u001b[39m \u001b[35mtrue\u001b[39m)\u001b[33m;\u001b[39m\n\n\u001b[31m\u001b[2m⎯⎯⎯⎯⎯⎯⎯⎯⎯⎯⎯⎯⎯⎯⎯⎯⎯⎯⎯⎯⎯⎯⎯⎯[1/5]⎯\u001b[22m\u001b[39m\n\n\u001b[31m\u001b[1m\u001b[7m FAIL \u001b[27m\u001b[22m\u001b[39m tests/hidden/render.spec.ts\u001b[2m > \u001b[22mreport CLI hidden validations\u001b[2m > \u001b[22mrenders plain text without totals\n\u001b[31m\u001b[1mAssertionError\u001b[22m: expected 1 to be +0 // Object.is equality\u001b[39m\n\n- Expected\n+ Received\n\n- 0\n+ 1\n\n\u001b[36m \u001b[2m❯\u001b[22m tests/hidden/render.spec.ts:\u001b[2m88:27\u001b[22m\u001b[39m\n    \u001b[90m 86| \u001b[39m    ])\u001b[33m;\u001b[39m\n    \u001b[90m 87| \u001b[39m\n    \u001b[90m 88| \u001b[39m    \u001b[34mexpect\u001b[39m(result\u001b[33m.\u001b[39mstatus)\u001b[33m.\u001b[39m\u001b[34mtoBe\u001b[39m(\u001b[34m0\u001b[39m)\u001b[33m;\u001b[39m\n    \u001b[90m   | \u001b[39m                          \u001b[31m^\u001b[39m\n    \u001b[90m 89| \u001b[39m    \u001b[35mconst\u001b[39m expectedWithoutTotals \u001b[33m=\u001b[39m expectedText\u001b[33m.\u001b[39m\u001b[34mreplace\u001b[39m(\u001b[36m/\\nTotal:.*\\n?$\u001b[39m…\n    \u001b[90m 90| \u001b[39m    \u001b[34mexpect\u001b[39m(\u001b[34mnormalize\u001b[39m(result\u001b[33m.\u001b[39mstdout))\u001b[33m.\u001b[39m\u001b[34mtoBe\u001b[39m(\u001b[34mnormalize\u001b[39m(expectedWithoutTot…\n\n\u001b[31m\u001b[2m⎯⎯⎯⎯⎯⎯⎯⎯⎯⎯⎯⎯⎯⎯⎯⎯⎯⎯⎯⎯⎯⎯⎯⎯[2/5]⎯\u001b[22m\u001b[39m\n\n\u001b[31m\u001b[1m\u001b[7m FAIL \u001b[27m\u001b[22m\u001b[39m tests/hidden/render.spec.ts\u001b[2m > \u001b[22mreport CLI hidden validations\u001b[2m > \u001b[22mincludes totals in text format when requested\n\u001b[31m\u001b[1mAssertionError\u001b[22m: expected 1 to be +0 // Object.is equality\u001b[39m\n\n- Expected\n+ Received\n\n- 0\n+ 1\n\n\u001b[36m \u001b[2m❯\u001b[22m tests/hidden/render.spec.ts:\u001b[2m102:27\u001b[22m\u001b[39m\n    \u001b[90m100| \u001b[39m    ])\u001b[33m;\u001b[39m\n    \u001b[90m101| \u001b[39m\n    \u001b[90m102| \u001b[39m    \u001b[34mexpect\u001b[39m(result\u001b[33m.\u001b[39mstatus)\u001b[33m.\u001b[39m\u001b[34mtoBe\u001b[39m(\u001b[34m0\u001b[39m)\u001b[33m;\u001b[39m\n    \u001b[90m   | \u001b[39m                          \u001b[31m^\u001b[39m\n    \u001b[90m103| \u001b[39m    \u001b[34mexpect\u001b[39m(\u001b[34mnormalize\u001b[39m(result\u001b[33m.\u001b[39mstdout))\u001b[33m.\u001b[39m\u001b[34mtoBe\u001b[39m(\u001b[34mnormalize\u001b[39m(expectedText))\u001b[33m;\u001b[39m\n    \u001b[90m104| \u001b[39m    taskStatus\u001b[33m.\u001b[39m\u001b[35mset\u001b[39m(\u001b[32m'render-text-with-totals'\u001b[39m\u001b[33m,\u001b[39m \u001b[35mtrue\u001b[39m)\u001b[33m;\u001b[39m\n\n\u001b[31m\u001b[2m⎯⎯⎯⎯⎯⎯⎯⎯⎯⎯⎯⎯⎯⎯⎯⎯⎯⎯⎯⎯⎯⎯⎯⎯[3/5]⎯\u001b[22m\u001b[39m\n\n\u001b[31m\u001b[1m\u001b[7m FAIL \u001b[27m\u001b[22m\u001b[39m tests/hidden/render.spec.ts\u001b[2m > \u001b[22mreport CLI hidden validations\u001b[2m > \u001b[22mfails for unsupported format\n\u001b[31m\u001b[1mAssertionError\u001b[22m: expected 'report CLI not implemented\\n' to match /Unsupported format/\u001b[39m\n\n- Expected: \n/Unsupported format/\n\n+ Received: \n\"report CLI not implemented\n\"\n\n\u001b[36m \u001b[2m❯\u001b[22m tests/hidden/render.spec.ts:\u001b[2m115:27\u001b[22m\u001b[39m\n    \u001b[90m113| \u001b[39m\n    \u001b[90m114| \u001b[39m    \u001b[34mexpect\u001b[39m(result\u001b[33m.\u001b[39mstatus)\u001b[33m.\u001b[39mnot\u001b[33m.\u001b[39m\u001b[34mtoBe\u001b[39m(\u001b[34m0\u001b[39m)\u001b[33m;\u001b[39m\n    \u001b[90m115| \u001b[39m    \u001b[34mexpect\u001b[39m(result\u001b[33m.\u001b[39mstderr)\u001b[33m.\u001b[39m\u001b[34mtoMatch\u001b[39m(\u001b[36m/Unsupported format/\u001b[39m)\u001b[33m;\u001b[39m\n    \u001b[90m   | \u001b[39m                          \u001b[31m^\u001b[39m\n    \u001b[90m116| \u001b[39m    taskStatus\u001b[33m.\u001b[39m\u001b[35mset\u001b[39m(\u001b[32m'render-unsupported-format-failure'\u001b[39m\u001b[33m,\u001b[39m \u001b[35mtrue\u001b[39m)\u001b[33m;\u001b[39m\n    \u001b[90m117| \u001b[39m  })\u001b[33m;\u001b[39m\n\n\u001b[31m\u001b[2m⎯⎯⎯⎯⎯⎯⎯⎯⎯⎯⎯⎯⎯⎯⎯⎯⎯⎯⎯⎯⎯⎯⎯⎯[4/5]⎯\u001b[22m\u001b[39m\n\n\u001b[31m\u001b[1m\u001b[7m FAIL \u001b[27m\u001b[22m\u001b[39m tests/hidden/render.spec.ts\u001b[2m > \u001b[22mreport CLI hidden validations\u001b[2m > \u001b[22merrors on missing files\n\u001b[31m\u001b[1mAssertionError\u001b[22m: expected 'report cli not implemented\\n' to match /missing|unable|enoent|not found/\u001b[39m\n\n- Expected: \n/missing|unable|enoent|not found/\n\n+ Received: \n\"report cli not implemented\n\"\n\n\u001b[36m \u001b[2m❯\u001b[22m tests/hidden/render.spec.ts:\u001b[2m124:20\u001b[22m\u001b[39m\n    \u001b[90m122| \u001b[39m    \u001b[34mexpect\u001b[39m(result\u001b[33m.\u001b[39mstatus)\u001b[33m.\u001b[39mnot\u001b[33m.\u001b[39m\u001b[34mtoBe\u001b[39m(\u001b[34m0\u001b[39m)\u001b[33m;\u001b[39m\n    \u001b[90m123| \u001b[39m    \u001b[35mconst\u001b[39m stderr \u001b[33m=\u001b[39m result\u001b[33m.\u001b[39mstderr\u001b[33m.\u001b[39m\u001b[34mtoLowerCase\u001b[39m()\u001b[33m;\u001b[39m\n    \u001b[90m124| \u001b[39m    \u001b[34mexpect\u001b[39m(stderr)\u001b[33m.\u001b[39m\u001b[34mtoMatch\u001b[39m(\u001b[36m/missing|unable|enoent|not found/\u001b[39m)\u001b[33m;\u001b[39m\n    \u001b[90m   | \u001b[39m                   \u001b[31m^\u001b[39m\n    \u001b[90m125| \u001b[39m    taskStatus\u001b[33m.\u001b[39m\u001b[35mset\u001b[39m(\u001b[32m'render-missing-file-failure'\u001b[39m\u001b[33m,\u001b[39m \u001b[35mtrue\u001b[39m)\u001b[33m;\u001b[39m\n    \u001b[90m126| \u001b[39m  })\u001b[33m;\u001b[39m\n\n\u001b[31m\u001b[2m⎯⎯⎯⎯⎯⎯⎯⎯⎯⎯⎯⎯⎯⎯⎯⎯⎯⎯⎯⎯⎯⎯⎯⎯[5/5]⎯\u001b[22m\u001b[39m\n\n",
            "duration": 998,
            "label": "test:hidden"
          }
        ],
        "publicTestFailures": [],
        "hiddenTestFailures": [],
        "vybes": {
          "taskName": "report-builder",
          "configId": "llxprt-synthetic-minimax",
          "complexityMultiplier": 4,
          "timeLimitMinutes": 8,
          "baseScore": 400,
          "successPercentage": 0.1667,
          "baselineSuccessPercentage": 0,
          "adjustedSuccessPercentage": 0,
          "timePenaltyMultiplier": 1,
          "rawScore": 0,
          "finalScore": 0,
          "actualTimeMinutes": 0,
          "description": "Spreadsheet to HTML report builder",
          "category": "integrations",
          "breakdown": {
            "subtasksPassed": 1,
            "subtasksTotal": 6,
            "modulesCompleted": [],
            "modulesIncomplete": [
              "report-builder"
            ],
            "modules": {
              "report-builder": {
                "passed": 1,
                "total": 6,
                "passedTasks": [
                  "package-integrity"
                ],
                "failedTasks": [
                  "render-markdown-with-totals",
                  "render-text-without-totals",
                  "render-text-with-totals",
                  "render-unsupported-format-failure",
                  "render-missing-file-failure"
                ]
              }
            }
          },
          "error": "npm run test:hidden failed (exit 1)",
          "status": "error",
          "passesAttempted": 3,
          "selectedPass": 2,
          "totalCliDurationMs": 2
        }
      }
    ]
  },
  "vybes": {
    "taskName": "report-builder",
    "configId": "llxprt-synthetic-minimax",
    "complexityMultiplier": 4,
    "timeLimitMinutes": 8,
    "baseScore": 400,
    "successPercentage": 0.1667,
    "baselineSuccessPercentage": 0,
    "adjustedSuccessPercentage": 0,
    "timePenaltyMultiplier": 1,
    "rawScore": 0,
    "finalScore": 0,
    "actualTimeMinutes": 0.604,
    "description": "Spreadsheet to HTML report builder",
    "category": "integrations",
    "breakdown": {
      "subtasksPassed": 1,
      "subtasksTotal": 6,
      "modulesCompleted": [],
      "modulesIncomplete": [
        "report-builder"
      ],
      "modules": {
        "report-builder": {
          "passed": 1,
          "total": 6,
          "passedTasks": [
            "package-integrity"
          ],
          "failedTasks": [
            "render-markdown-with-totals",
            "render-text-without-totals",
            "render-text-with-totals",
            "render-unsupported-format-failure",
            "render-missing-file-failure"
          ]
        }
      }
    },
    "error": "npm run test:hidden failed (exit 1)",
    "status": "error",
    "passesAttempted": 3,
    "selectedPass": 0,
    "totalCliDurationMs": 36250,
    "repoVersion": "main@913de44"
  }
}