{
  "evalName": "report-builder",
  "configId": "llxprt-synthetic-minimax",
  "startedAt": "2025-11-06T23:14:10.285Z",
  "finishedAt": "2025-11-06T23:14:10.285Z",
  "status": "fail",
  "totalDuration": 34417,
  "totalCliDuration": 34361,
  "commands": [
    {
      "name": "llxprt-synthetic-minimax",
      "command": "/home/runner/work/vybestack-site/vybestack-site/evals/llxprt --provider openai --baseurl https://api.synthetic.new/openai/v1 --key *** --model hf:MiniMaxAI/MiniMax-M2 --set context-limit=190000 --set shell-replacement=true --set modelparam.temperature=1 --yolo",
      "cwd": "/home/runner/work/vybestack-site/vybestack-site/evals/problems/report-builder/.tmp-workspace-ac10ecaa-ca7d-4727-aa7e-408116f80d77-zexwPX/workspace",
      "exitCode": 1,
      "stdout": "",
      "stderr": "",
      "duration": 1,
      "success": false
    },
    {
      "name": "workspace-install",
      "command": "npm install",
      "cwd": "/home/runner/work/vybestack-site/vybestack-site/evals/problems/report-builder/.tmp-workspace-ac10ecaa-ca7d-4727-aa7e-408116f80d77-zexwPX/workspace",
      "exitCode": 0,
      "stdout": "\nadded 202 packages, and audited 203 packages in 4s\n\n60 packages are looking for funding\n  run `npm fund` for details\n\n4 moderate severity vulnerabilities\n\nTo address all issues (including breaking changes), run:\n  npm audit fix --force\n\nRun `npm audit` for details.\n",
      "stderr": "npm warn deprecated inflight@1.0.6: This module is not supported, and leaks memory. Do not use it. Check out lru-cache if you want a good and tested way to coalesce async requests by a key value, which is much more comprehensive and powerful.\nnpm warn deprecated @humanwhocodes/config-array@0.13.0: Use @eslint/config-array instead\nnpm warn deprecated rimraf@3.0.2: Rimraf versions prior to v4 are no longer supported\nnpm warn deprecated glob@7.2.3: Glob versions prior to v9 are no longer supported\nnpm warn deprecated @humanwhocodes/object-schema@2.0.3: Use @eslint/object-schema instead\nnpm warn deprecated eslint@8.57.1: This version is no longer supported. Please see https://eslint.org/version-support for other options.\n",
      "duration": 4578,
      "success": true
    },
    {
      "name": "typecheck",
      "command": "npm run typecheck",
      "cwd": "/home/runner/work/vybestack-site/vybestack-site/evals/problems/report-builder/.tmp-workspace-ac10ecaa-ca7d-4727-aa7e-408116f80d77-zexwPX/workspace",
      "exitCode": 0,
      "stdout": "\n> report-builder-eval@0.0.1 typecheck\n> tsc --noEmit\n\n",
      "stderr": "",
      "duration": 1050,
      "success": true
    },
    {
      "name": "lint",
      "command": "npm run lint",
      "cwd": "/home/runner/work/vybestack-site/vybestack-site/evals/problems/report-builder/.tmp-workspace-ac10ecaa-ca7d-4727-aa7e-408116f80d77-zexwPX/workspace",
      "exitCode": 0,
      "stdout": "\n> report-builder-eval@0.0.1 lint\n> eslint . --ext .ts\n\n",
      "stderr": "",
      "duration": 1004,
      "success": true
    },
    {
      "name": "test:public",
      "command": "npm run test:public",
      "cwd": "/home/runner/work/vybestack-site/vybestack-site/evals/problems/report-builder/.tmp-workspace-ac10ecaa-ca7d-4727-aa7e-408116f80d77-zexwPX/workspace",
      "exitCode": 0,
      "stdout": "\n> report-builder-eval@0.0.1 test:public\n> vitest run --config vitest.config.public.ts\n\n\n\u001b[7m\u001b[1m\u001b[36m RUN \u001b[39m\u001b[22m\u001b[27m \u001b[36mv1.6.1\u001b[39m \u001b[90m/home/runner/work/vybestack-site/vybestack-site/evals/problems/report-builder/.tmp-workspace-ac10ecaa-ca7d-4727-aa7e-408116f80d77-zexwPX/workspace\u001b[39m\n\n \u001b[32m✓\u001b[39m tests/public/renderReport.spec.ts \u001b[2m (\u001b[22m\u001b[2m1 test\u001b[22m\u001b[2m)\u001b[22m\u001b[90m 3\u001b[2mms\u001b[22m\u001b[39m\n\n\u001b[2m Test Files \u001b[22m \u001b[1m\u001b[32m1 passed\u001b[39m\u001b[22m\u001b[90m (1)\u001b[39m\n\u001b[2m      Tests \u001b[22m \u001b[1m\u001b[32m1 passed\u001b[39m\u001b[22m\u001b[90m (1)\u001b[39m\n\u001b[2m   Start at \u001b[22m 23:13:42\n\u001b[2m   Duration \u001b[22m 287ms\u001b[2m (transform 25ms, setup 0ms, collect 18ms, tests 3ms, environment 0ms, prepare 88ms)\u001b[22m\n\n",
      "stderr": "",
      "duration": 758,
      "success": true
    },
    {
      "name": "build",
      "command": "npm run build",
      "cwd": "/home/runner/work/vybestack-site/vybestack-site/evals/problems/report-builder/.tmp-workspace-ac10ecaa-ca7d-4727-aa7e-408116f80d77-zexwPX/workspace",
      "exitCode": 0,
      "stdout": "\n> report-builder-eval@0.0.1 build\n> tsc -p tsconfig.json\n\n",
      "stderr": "",
      "duration": 1060,
      "success": true
    },
    {
      "name": "workspace-install",
      "command": "npm install",
      "cwd": "/home/runner/work/vybestack-site/vybestack-site/evals/grading/report-builder",
      "exitCode": 0,
      "stdout": "\nup to date, audited 204 packages in 670ms\n\n60 packages are looking for funding\n  run `npm fund` for details\n\n2 moderate severity vulnerabilities\n\nTo address all issues, run:\n  npm audit fix\n\nRun `npm audit` for details.\n",
      "stderr": "",
      "duration": 768,
      "success": true
    },
    {
      "name": "workspace-install-subdir",
      "command": "npm --prefix workspace install",
      "cwd": "/home/runner/work/vybestack-site/vybestack-site/evals/grading/report-builder",
      "exitCode": 0,
      "stdout": "\nadded 203 packages, and audited 204 packages in 2s\n\n60 packages are looking for funding\n  run `npm fund` for details\n\n4 moderate severity vulnerabilities\n\nTo address all issues (including breaking changes), run:\n  npm audit fix --force\n\nRun `npm audit` for details.\n",
      "stderr": "npm warn deprecated inflight@1.0.6: This module is not supported, and leaks memory. Do not use it. Check out lru-cache if you want a good and tested way to coalesce async requests by a key value, which is much more comprehensive and powerful.\nnpm warn deprecated @humanwhocodes/config-array@0.13.0: Use @eslint/config-array instead\nnpm warn deprecated rimraf@3.0.2: Rimraf versions prior to v4 are no longer supported\nnpm warn deprecated glob@7.2.3: Glob versions prior to v9 are no longer supported\nnpm warn deprecated @humanwhocodes/object-schema@2.0.3: Use @eslint/object-schema instead\nnpm warn deprecated eslint@8.57.1: This version is no longer supported. Please see https://eslint.org/version-support for other options.\n",
      "duration": 1864,
      "success": true
    },
    {
      "name": "workspace-build-subdir",
      "command": "npm --prefix workspace run build",
      "cwd": "/home/runner/work/vybestack-site/vybestack-site/evals/grading/report-builder",
      "exitCode": 0,
      "stdout": "\n> report-builder-eval@0.0.1 build\n> tsc -p tsconfig.json\n\n",
      "stderr": "",
      "duration": 1041,
      "success": true
    },
    {
      "name": "typecheck",
      "command": "npm run typecheck",
      "cwd": "/home/runner/work/vybestack-site/vybestack-site/evals/grading/report-builder",
      "exitCode": 0,
      "stdout": "\n> report-builder-grading@0.0.1 typecheck\n> tsc -p tsconfig.json\n\n",
      "stderr": "",
      "duration": 1263,
      "success": true
    },
    {
      "name": "test:hidden",
      "command": "npm run test:hidden",
      "cwd": "/home/runner/work/vybestack-site/vybestack-site/evals/grading/report-builder",
      "exitCode": 1,
      "stdout": "\n> report-builder-grading@0.0.1 test:hidden\n> vitest run --config vitest.config.hidden.ts\n\n",
      "stderr": "\n\u001b[31m⎯⎯⎯⎯⎯⎯\u001b[1m\u001b[7m Unhandled Error \u001b[27m\u001b[22m⎯⎯⎯⎯⎯⎯⎯\u001b[39m\nError: Cannot find module @rollup/rollup-linux-x64-gnu. npm has a bug related to optional dependencies (https://github.com/npm/cli/issues/4828). Please try `npm i` again after removing both package-lock.json and node_modules directory.\n    at requireWithFriendlyError (/home/runner/work/vybestack-site/vybestack-site/evals/grading/report-builder/node_modules/rollup/dist/native.js:83:9)\n    at Object.<anonymous> (/home/runner/work/vybestack-site/vybestack-site/evals/grading/report-builder/node_modules/rollup/dist/native.js:92:76)\n    ... 3 lines matching cause stack trace ...\n    at Module._load (node:internal/modules/cjs/loader:1091:12)\n    at cjsLoader (node:internal/modules/esm/translators:298:15)\n    at ModuleWrap.<anonymous> (node:internal/modules/esm/translators:240:7)\n    at ModuleJob.run (node:internal/modules/esm/module_job:325:25)\n    at async ModuleLoader.import (node:internal/modules/esm/loader:606:24) {\n  [cause]: Error: Cannot find module '@rollup/rollup-linux-x64-gnu'\n  Require stack:\n  - /home/runner/work/vybestack-site/vybestack-site/evals/grading/report-builder/node_modules/rollup/dist/native.js\n      at Module._resolveFilename (node:internal/modules/cjs/loader:1207:15)\n      at Module._load (node:internal/modules/cjs/loader:1038:27)\n      at Module.require (node:internal/modules/cjs/loader:1289:19)\n      at require (node:internal/modules/helpers:182:18)\n      at requireWithFriendlyError (/home/runner/work/vybestack-site/vybestack-site/evals/grading/report-builder/node_modules/rollup/dist/native.js:65:10)\n      at Object.<anonymous> (/home/runner/work/vybestack-site/vybestack-site/evals/grading/report-builder/node_modules/rollup/dist/native.js:92:76)\n      at Module._compile (node:internal/modules/cjs/loader:1521:14)\n      at Module._extensions..js (node:internal/modules/cjs/loader:1623:10)\n      at Module.load (node:internal/modules/cjs/loader:1266:32)\n      at Module._load (node:internal/modules/cjs/loader:1091:12) {\n    code: 'MODULE_NOT_FOUND',\n    requireStack: [\n      '/home/runner/work/vybestack-site/vybestack-site/evals/grading/report-builder/node_modules/rollup/dist/native.js'\n    ]\n  }\n}\n\n\n\n",
      "duration": 370,
      "success": false
    }
  ],
  "workspaceArchive": "/home/runner/work/vybestack-site/vybestack-site/evals/outputs/report-builder-2025-11-06T23-13-35-865Z/llxprt-synthetic-minimax/workspace",
  "runSessionId": "ea202e27-d61c-4ec7-bf77-07f89ba03042",
  "runSessionStartedAt": "2025-11-06T19:26:03.300Z",
  "repoVersion": "main@9c578b2",
  "multipass": {
    "enabled": true,
    "selectedPass": 0,
    "maxPasses": 3,
    "totalCliDuration": 34361,
    "passCount": 3,
    "feedback": [],
    "passes": [
      {
        "passNumber": 1,
        "startedAt": "2025-11-06T23:13:35.872Z",
        "finishedAt": "2025-11-06T23:13:49.805Z",
        "totalDuration": 13933,
        "promptHash": "d2f5b41ce7ad6b14294f2dea47902d1baafbe2664984979a83b0e3474a16646d",
        "appliedFeedback": [],
        "success": false,
        "partialSuccess": false,
        "workspaceArchive": "/home/runner/work/vybestack-site/vybestack-site/evals/outputs/report-builder-2025-11-06T23-13-35-865Z/llxprt-synthetic-minimax/passes/pass-1/workspace",
        "cliResult": {
          "command": "/home/runner/work/vybestack-site/vybestack-site/evals/llxprt --provider openai --baseurl https://api.synthetic.new/openai/v1 --key *** --model hf:MiniMaxAI/MiniMax-M2 --set context-limit=190000 --set shell-replacement=true --set modelparam.temperature=1 --yolo",
          "cwd": "/home/runner/work/vybestack-site/vybestack-site/evals/problems/report-builder/.tmp-workspace-ac10ecaa-ca7d-4727-aa7e-408116f80d77-zexwPX/workspace",
          "exitCode": 1,
          "stdout": "",
          "stderr": "",
          "duration": 1,
          "label": "llxprt-synthetic-minimax"
        },
        "buildResults": [
          {
            "command": "npm install",
            "cwd": "/home/runner/work/vybestack-site/vybestack-site/evals/problems/report-builder/.tmp-workspace-ac10ecaa-ca7d-4727-aa7e-408116f80d77-zexwPX/workspace",
            "exitCode": 0,
            "stdout": "\nadded 202 packages, and audited 203 packages in 4s\n\n60 packages are looking for funding\n  run `npm fund` for details\n\n4 moderate severity vulnerabilities\n\nTo address all issues (including breaking changes), run:\n  npm audit fix --force\n\nRun `npm audit` for details.\n",
            "stderr": "npm warn deprecated inflight@1.0.6: This module is not supported, and leaks memory. Do not use it. Check out lru-cache if you want a good and tested way to coalesce async requests by a key value, which is much more comprehensive and powerful.\nnpm warn deprecated @humanwhocodes/config-array@0.13.0: Use @eslint/config-array instead\nnpm warn deprecated rimraf@3.0.2: Rimraf versions prior to v4 are no longer supported\nnpm warn deprecated glob@7.2.3: Glob versions prior to v9 are no longer supported\nnpm warn deprecated @humanwhocodes/object-schema@2.0.3: Use @eslint/object-schema instead\nnpm warn deprecated eslint@8.57.1: This version is no longer supported. Please see https://eslint.org/version-support for other options.\n",
            "duration": 4578,
            "label": "workspace-install"
          },
          {
            "command": "npm run typecheck",
            "cwd": "/home/runner/work/vybestack-site/vybestack-site/evals/problems/report-builder/.tmp-workspace-ac10ecaa-ca7d-4727-aa7e-408116f80d77-zexwPX/workspace",
            "exitCode": 0,
            "stdout": "\n> report-builder-eval@0.0.1 typecheck\n> tsc --noEmit\n\n",
            "stderr": "",
            "duration": 1050,
            "label": "typecheck"
          },
          {
            "command": "npm run lint",
            "cwd": "/home/runner/work/vybestack-site/vybestack-site/evals/problems/report-builder/.tmp-workspace-ac10ecaa-ca7d-4727-aa7e-408116f80d77-zexwPX/workspace",
            "exitCode": 0,
            "stdout": "\n> report-builder-eval@0.0.1 lint\n> eslint . --ext .ts\n\n",
            "stderr": "",
            "duration": 1004,
            "label": "lint"
          },
          {
            "command": "npm run test:public",
            "cwd": "/home/runner/work/vybestack-site/vybestack-site/evals/problems/report-builder/.tmp-workspace-ac10ecaa-ca7d-4727-aa7e-408116f80d77-zexwPX/workspace",
            "exitCode": 0,
            "stdout": "\n> report-builder-eval@0.0.1 test:public\n> vitest run --config vitest.config.public.ts\n\n\n\u001b[7m\u001b[1m\u001b[36m RUN \u001b[39m\u001b[22m\u001b[27m \u001b[36mv1.6.1\u001b[39m \u001b[90m/home/runner/work/vybestack-site/vybestack-site/evals/problems/report-builder/.tmp-workspace-ac10ecaa-ca7d-4727-aa7e-408116f80d77-zexwPX/workspace\u001b[39m\n\n \u001b[32m✓\u001b[39m tests/public/renderReport.spec.ts \u001b[2m (\u001b[22m\u001b[2m1 test\u001b[22m\u001b[2m)\u001b[22m\u001b[90m 3\u001b[2mms\u001b[22m\u001b[39m\n\n\u001b[2m Test Files \u001b[22m \u001b[1m\u001b[32m1 passed\u001b[39m\u001b[22m\u001b[90m (1)\u001b[39m\n\u001b[2m      Tests \u001b[22m \u001b[1m\u001b[32m1 passed\u001b[39m\u001b[22m\u001b[90m (1)\u001b[39m\n\u001b[2m   Start at \u001b[22m 23:13:42\n\u001b[2m   Duration \u001b[22m 287ms\u001b[2m (transform 25ms, setup 0ms, collect 18ms, tests 3ms, environment 0ms, prepare 88ms)\u001b[22m\n\n",
            "stderr": "",
            "duration": 758,
            "label": "test:public"
          },
          {
            "command": "npm run build",
            "cwd": "/home/runner/work/vybestack-site/vybestack-site/evals/problems/report-builder/.tmp-workspace-ac10ecaa-ca7d-4727-aa7e-408116f80d77-zexwPX/workspace",
            "exitCode": 0,
            "stdout": "\n> report-builder-eval@0.0.1 build\n> tsc -p tsconfig.json\n\n",
            "stderr": "",
            "duration": 1060,
            "label": "build"
          }
        ],
        "gradeResults": [
          {
            "command": "npm install",
            "cwd": "/home/runner/work/vybestack-site/vybestack-site/evals/grading/report-builder",
            "exitCode": 0,
            "stdout": "\nup to date, audited 204 packages in 670ms\n\n60 packages are looking for funding\n  run `npm fund` for details\n\n2 moderate severity vulnerabilities\n\nTo address all issues, run:\n  npm audit fix\n\nRun `npm audit` for details.\n",
            "stderr": "",
            "duration": 768,
            "label": "workspace-install"
          },
          {
            "command": "npm --prefix workspace install",
            "cwd": "/home/runner/work/vybestack-site/vybestack-site/evals/grading/report-builder",
            "exitCode": 0,
            "stdout": "\nadded 203 packages, and audited 204 packages in 2s\n\n60 packages are looking for funding\n  run `npm fund` for details\n\n4 moderate severity vulnerabilities\n\nTo address all issues (including breaking changes), run:\n  npm audit fix --force\n\nRun `npm audit` for details.\n",
            "stderr": "npm warn deprecated inflight@1.0.6: This module is not supported, and leaks memory. Do not use it. Check out lru-cache if you want a good and tested way to coalesce async requests by a key value, which is much more comprehensive and powerful.\nnpm warn deprecated @humanwhocodes/config-array@0.13.0: Use @eslint/config-array instead\nnpm warn deprecated rimraf@3.0.2: Rimraf versions prior to v4 are no longer supported\nnpm warn deprecated glob@7.2.3: Glob versions prior to v9 are no longer supported\nnpm warn deprecated @humanwhocodes/object-schema@2.0.3: Use @eslint/object-schema instead\nnpm warn deprecated eslint@8.57.1: This version is no longer supported. Please see https://eslint.org/version-support for other options.\n",
            "duration": 1864,
            "label": "workspace-install-subdir"
          },
          {
            "command": "npm --prefix workspace run build",
            "cwd": "/home/runner/work/vybestack-site/vybestack-site/evals/grading/report-builder",
            "exitCode": 0,
            "stdout": "\n> report-builder-eval@0.0.1 build\n> tsc -p tsconfig.json\n\n",
            "stderr": "",
            "duration": 1041,
            "label": "workspace-build-subdir"
          },
          {
            "command": "npm run typecheck",
            "cwd": "/home/runner/work/vybestack-site/vybestack-site/evals/grading/report-builder",
            "exitCode": 0,
            "stdout": "\n> report-builder-grading@0.0.1 typecheck\n> tsc -p tsconfig.json\n\n",
            "stderr": "",
            "duration": 1263,
            "label": "typecheck"
          },
          {
            "command": "npm run test:hidden",
            "cwd": "/home/runner/work/vybestack-site/vybestack-site/evals/grading/report-builder",
            "exitCode": 1,
            "stdout": "\n> report-builder-grading@0.0.1 test:hidden\n> vitest run --config vitest.config.hidden.ts\n\n",
            "stderr": "\n\u001b[31m⎯⎯⎯⎯⎯⎯\u001b[1m\u001b[7m Unhandled Error \u001b[27m\u001b[22m⎯⎯⎯⎯⎯⎯⎯\u001b[39m\nError: Cannot find module @rollup/rollup-linux-x64-gnu. npm has a bug related to optional dependencies (https://github.com/npm/cli/issues/4828). Please try `npm i` again after removing both package-lock.json and node_modules directory.\n    at requireWithFriendlyError (/home/runner/work/vybestack-site/vybestack-site/evals/grading/report-builder/node_modules/rollup/dist/native.js:83:9)\n    at Object.<anonymous> (/home/runner/work/vybestack-site/vybestack-site/evals/grading/report-builder/node_modules/rollup/dist/native.js:92:76)\n    ... 3 lines matching cause stack trace ...\n    at Module._load (node:internal/modules/cjs/loader:1091:12)\n    at cjsLoader (node:internal/modules/esm/translators:298:15)\n    at ModuleWrap.<anonymous> (node:internal/modules/esm/translators:240:7)\n    at ModuleJob.run (node:internal/modules/esm/module_job:325:25)\n    at async ModuleLoader.import (node:internal/modules/esm/loader:606:24) {\n  [cause]: Error: Cannot find module '@rollup/rollup-linux-x64-gnu'\n  Require stack:\n  - /home/runner/work/vybestack-site/vybestack-site/evals/grading/report-builder/node_modules/rollup/dist/native.js\n      at Module._resolveFilename (node:internal/modules/cjs/loader:1207:15)\n      at Module._load (node:internal/modules/cjs/loader:1038:27)\n      at Module.require (node:internal/modules/cjs/loader:1289:19)\n      at require (node:internal/modules/helpers:182:18)\n      at requireWithFriendlyError (/home/runner/work/vybestack-site/vybestack-site/evals/grading/report-builder/node_modules/rollup/dist/native.js:65:10)\n      at Object.<anonymous> (/home/runner/work/vybestack-site/vybestack-site/evals/grading/report-builder/node_modules/rollup/dist/native.js:92:76)\n      at Module._compile (node:internal/modules/cjs/loader:1521:14)\n      at Module._extensions..js (node:internal/modules/cjs/loader:1623:10)\n      at Module.load (node:internal/modules/cjs/loader:1266:32)\n      at Module._load (node:internal/modules/cjs/loader:1091:12) {\n    code: 'MODULE_NOT_FOUND',\n    requireStack: [\n      '/home/runner/work/vybestack-site/vybestack-site/evals/grading/report-builder/node_modules/rollup/dist/native.js'\n    ]\n  }\n}\n\n\n\n",
            "duration": 370,
            "label": "test:hidden"
          }
        ],
        "feedbackForNextPass": {
          "bullets": [
            "It isn't working correctly.",
            "Your previous attempt exited with code 1. Review the CLI logs to diagnose the issue.",
            "A verification check failed.",
            "Please resolve the issues and re-run lint, tests, and build before finishing."
          ],
          "failingSteps": [
            {
              "step": "llxprt-synthetic-minimax",
              "exitCode": 1,
              "message": "Your previous attempt exited with code 1. Review the CLI logs to diagnose the issue."
            },
            {
              "step": "test:hidden",
              "exitCode": 1,
              "message": "A verification check failed."
            }
          ],
          "hiddenAssertions": [],
          "publicTestFailures": [],
          "hiddenTestFailures": []
        },
        "publicTestFailures": [],
        "hiddenTestFailures": [],
        "vybes": {
          "taskName": "report-builder",
          "configId": "llxprt-synthetic-minimax",
          "complexityMultiplier": 4,
          "timeLimitMinutes": 8,
          "baseScore": 400,
          "successPercentage": 0,
          "baselineSuccessPercentage": 0,
          "adjustedSuccessPercentage": 0,
          "timePenaltyMultiplier": 1,
          "rawScore": 0,
          "finalScore": 0,
          "actualTimeMinutes": 0,
          "description": "Spreadsheet to HTML report builder",
          "category": "integrations",
          "breakdown": {
            "subtasksPassed": 0,
            "subtasksTotal": 0,
            "modulesCompleted": [],
            "modulesIncomplete": [],
            "modules": {}
          },
          "error": "npm run test:hidden failed (exit 1)",
          "status": "error",
          "passesAttempted": 1,
          "selectedPass": 0,
          "totalCliDurationMs": 1
        }
      },
      {
        "passNumber": 2,
        "startedAt": "2025-11-06T23:13:49.818Z",
        "finishedAt": "2025-11-06T23:14:00.050Z",
        "totalDuration": 10232,
        "promptHash": "c6c3b80f66b62cad356149ddab1ff9e7e8d78ff748a2218ea2809227896bfb9f",
        "appliedFeedback": [
          "It isn't working correctly.",
          "Your previous attempt exited with code 1. Review the CLI logs to diagnose the issue.",
          "A verification check failed.",
          "Please resolve the issues and re-run lint, tests, and build before finishing."
        ],
        "success": false,
        "partialSuccess": false,
        "workspaceArchive": "/home/runner/work/vybestack-site/vybestack-site/evals/outputs/report-builder-2025-11-06T23-13-35-865Z/llxprt-synthetic-minimax/passes/pass-2/workspace",
        "cliResult": {
          "command": "/home/runner/work/vybestack-site/vybestack-site/evals/llxprt --provider openai --baseurl https://api.synthetic.new/openai/v1 --key *** --model hf:MiniMaxAI/MiniMax-M2 --set context-limit=190000 --set shell-replacement=true --set modelparam.temperature=1 --yolo",
          "cwd": "/home/runner/work/vybestack-site/vybestack-site/evals/problems/report-builder/.tmp-workspace-ac10ecaa-ca7d-4727-aa7e-408116f80d77-zexwPX/workspace",
          "exitCode": 1,
          "stdout": "",
          "stderr": "",
          "duration": 2,
          "label": "llxprt-synthetic-minimax"
        },
        "buildResults": [
          {
            "command": "npm install",
            "cwd": "/home/runner/work/vybestack-site/vybestack-site/evals/problems/report-builder/.tmp-workspace-ac10ecaa-ca7d-4727-aa7e-408116f80d77-zexwPX/workspace",
            "exitCode": 0,
            "stdout": "\nadded 1 package, and audited 204 packages in 755ms\n\n60 packages are looking for funding\n  run `npm fund` for details\n\n4 moderate severity vulnerabilities\n\nTo address all issues (including breaking changes), run:\n  npm audit fix --force\n\nRun `npm audit` for details.\n",
            "stderr": "",
            "duration": 852,
            "label": "workspace-install"
          },
          {
            "command": "npm run typecheck",
            "cwd": "/home/runner/work/vybestack-site/vybestack-site/evals/problems/report-builder/.tmp-workspace-ac10ecaa-ca7d-4727-aa7e-408116f80d77-zexwPX/workspace",
            "exitCode": 0,
            "stdout": "\n> report-builder-eval@0.0.1 typecheck\n> tsc --noEmit\n\n",
            "stderr": "",
            "duration": 1040,
            "label": "typecheck"
          },
          {
            "command": "npm run lint",
            "cwd": "/home/runner/work/vybestack-site/vybestack-site/evals/problems/report-builder/.tmp-workspace-ac10ecaa-ca7d-4727-aa7e-408116f80d77-zexwPX/workspace",
            "exitCode": 0,
            "stdout": "\n> report-builder-eval@0.0.1 lint\n> eslint . --ext .ts\n\n",
            "stderr": "",
            "duration": 980,
            "label": "lint"
          },
          {
            "command": "npm run test:public",
            "cwd": "/home/runner/work/vybestack-site/vybestack-site/evals/problems/report-builder/.tmp-workspace-ac10ecaa-ca7d-4727-aa7e-408116f80d77-zexwPX/workspace",
            "exitCode": 0,
            "stdout": "\n> report-builder-eval@0.0.1 test:public\n> vitest run --config vitest.config.public.ts\n\n\n\u001b[7m\u001b[1m\u001b[36m RUN \u001b[39m\u001b[22m\u001b[27m \u001b[36mv1.6.1\u001b[39m \u001b[90m/home/runner/work/vybestack-site/vybestack-site/evals/problems/report-builder/.tmp-workspace-ac10ecaa-ca7d-4727-aa7e-408116f80d77-zexwPX/workspace\u001b[39m\n\n \u001b[32m✓\u001b[39m tests/public/renderReport.spec.ts \u001b[2m (\u001b[22m\u001b[2m1 test\u001b[22m\u001b[2m)\u001b[22m\u001b[90m 2\u001b[2mms\u001b[22m\u001b[39m\n\n\u001b[2m Test Files \u001b[22m \u001b[1m\u001b[32m1 passed\u001b[39m\u001b[22m\u001b[90m (1)\u001b[39m\n\u001b[2m      Tests \u001b[22m \u001b[1m\u001b[32m1 passed\u001b[39m\u001b[22m\u001b[90m (1)\u001b[39m\n\u001b[2m   Start at \u001b[22m 23:13:53\n\u001b[2m   Duration \u001b[22m 288ms\u001b[2m (transform 27ms, setup 0ms, collect 19ms, tests 2ms, environment 0ms, prepare 76ms)\u001b[22m\n\n",
            "stderr": "",
            "duration": 748,
            "label": "test:public"
          },
          {
            "command": "npm run build",
            "cwd": "/home/runner/work/vybestack-site/vybestack-site/evals/problems/report-builder/.tmp-workspace-ac10ecaa-ca7d-4727-aa7e-408116f80d77-zexwPX/workspace",
            "exitCode": 0,
            "stdout": "\n> report-builder-eval@0.0.1 build\n> tsc -p tsconfig.json\n\n",
            "stderr": "",
            "duration": 1064,
            "label": "build"
          }
        ],
        "gradeResults": [
          {
            "command": "npm install",
            "cwd": "/home/runner/work/vybestack-site/vybestack-site/evals/grading/report-builder",
            "exitCode": 0,
            "stdout": "\nup to date, audited 204 packages in 680ms\n\n60 packages are looking for funding\n  run `npm fund` for details\n\n2 moderate severity vulnerabilities\n\nTo address all issues, run:\n  npm audit fix\n\nRun `npm audit` for details.\n",
            "stderr": "",
            "duration": 780,
            "label": "workspace-install"
          },
          {
            "command": "npm --prefix workspace install",
            "cwd": "/home/runner/work/vybestack-site/vybestack-site/evals/grading/report-builder",
            "exitCode": 0,
            "stdout": "\nadded 203 packages, and audited 204 packages in 2s\n\n60 packages are looking for funding\n  run `npm fund` for details\n\n4 moderate severity vulnerabilities\n\nTo address all issues (including breaking changes), run:\n  npm audit fix --force\n\nRun `npm audit` for details.\n",
            "stderr": "npm warn deprecated inflight@1.0.6: This module is not supported, and leaks memory. Do not use it. Check out lru-cache if you want a good and tested way to coalesce async requests by a key value, which is much more comprehensive and powerful.\nnpm warn deprecated @humanwhocodes/config-array@0.13.0: Use @eslint/config-array instead\nnpm warn deprecated rimraf@3.0.2: Rimraf versions prior to v4 are no longer supported\nnpm warn deprecated glob@7.2.3: Glob versions prior to v9 are no longer supported\nnpm warn deprecated @humanwhocodes/object-schema@2.0.3: Use @eslint/object-schema instead\nnpm warn deprecated eslint@8.57.1: This version is no longer supported. Please see https://eslint.org/version-support for other options.\n",
            "duration": 1836,
            "label": "workspace-install-subdir"
          },
          {
            "command": "npm --prefix workspace run build",
            "cwd": "/home/runner/work/vybestack-site/vybestack-site/evals/grading/report-builder",
            "exitCode": 0,
            "stdout": "\n> report-builder-eval@0.0.1 build\n> tsc -p tsconfig.json\n\n",
            "stderr": "",
            "duration": 1111,
            "label": "workspace-build-subdir"
          },
          {
            "command": "npm run typecheck",
            "cwd": "/home/runner/work/vybestack-site/vybestack-site/evals/grading/report-builder",
            "exitCode": 0,
            "stdout": "\n> report-builder-grading@0.0.1 typecheck\n> tsc -p tsconfig.json\n\n",
            "stderr": "",
            "duration": 1252,
            "label": "typecheck"
          },
          {
            "command": "npm run test:hidden",
            "cwd": "/home/runner/work/vybestack-site/vybestack-site/evals/grading/report-builder",
            "exitCode": 1,
            "stdout": "\n> report-builder-grading@0.0.1 test:hidden\n> vitest run --config vitest.config.hidden.ts\n\n",
            "stderr": "\n\u001b[31m⎯⎯⎯⎯⎯⎯\u001b[1m\u001b[7m Unhandled Error \u001b[27m\u001b[22m⎯⎯⎯⎯⎯⎯⎯\u001b[39m\nError: Cannot find module @rollup/rollup-linux-x64-gnu. npm has a bug related to optional dependencies (https://github.com/npm/cli/issues/4828). Please try `npm i` again after removing both package-lock.json and node_modules directory.\n    at requireWithFriendlyError (/home/runner/work/vybestack-site/vybestack-site/evals/grading/report-builder/node_modules/rollup/dist/native.js:83:9)\n    at Object.<anonymous> (/home/runner/work/vybestack-site/vybestack-site/evals/grading/report-builder/node_modules/rollup/dist/native.js:92:76)\n    ... 3 lines matching cause stack trace ...\n    at Module._load (node:internal/modules/cjs/loader:1091:12)\n    at cjsLoader (node:internal/modules/esm/translators:298:15)\n    at ModuleWrap.<anonymous> (node:internal/modules/esm/translators:240:7)\n    at ModuleJob.run (node:internal/modules/esm/module_job:325:25)\n    at async ModuleLoader.import (node:internal/modules/esm/loader:606:24) {\n  [cause]: Error: Cannot find module '@rollup/rollup-linux-x64-gnu'\n  Require stack:\n  - /home/runner/work/vybestack-site/vybestack-site/evals/grading/report-builder/node_modules/rollup/dist/native.js\n      at Module._resolveFilename (node:internal/modules/cjs/loader:1207:15)\n      at Module._load (node:internal/modules/cjs/loader:1038:27)\n      at Module.require (node:internal/modules/cjs/loader:1289:19)\n      at require (node:internal/modules/helpers:182:18)\n      at requireWithFriendlyError (/home/runner/work/vybestack-site/vybestack-site/evals/grading/report-builder/node_modules/rollup/dist/native.js:65:10)\n      at Object.<anonymous> (/home/runner/work/vybestack-site/vybestack-site/evals/grading/report-builder/node_modules/rollup/dist/native.js:92:76)\n      at Module._compile (node:internal/modules/cjs/loader:1521:14)\n      at Module._extensions..js (node:internal/modules/cjs/loader:1623:10)\n      at Module.load (node:internal/modules/cjs/loader:1266:32)\n      at Module._load (node:internal/modules/cjs/loader:1091:12) {\n    code: 'MODULE_NOT_FOUND',\n    requireStack: [\n      '/home/runner/work/vybestack-site/vybestack-site/evals/grading/report-builder/node_modules/rollup/dist/native.js'\n    ]\n  }\n}\n\n\n\n",
            "duration": 387,
            "label": "test:hidden"
          }
        ],
        "feedbackForNextPass": {
          "bullets": [
            "It isn't working correctly.",
            "Your previous attempt exited with code 1. Review the CLI logs to diagnose the issue.",
            "A verification check failed.",
            "Please resolve the issues and re-run lint, tests, and build before finishing."
          ],
          "failingSteps": [
            {
              "step": "llxprt-synthetic-minimax",
              "exitCode": 1,
              "message": "Your previous attempt exited with code 1. Review the CLI logs to diagnose the issue."
            },
            {
              "step": "test:hidden",
              "exitCode": 1,
              "message": "A verification check failed."
            }
          ],
          "hiddenAssertions": [],
          "publicTestFailures": [],
          "hiddenTestFailures": []
        },
        "publicTestFailures": [],
        "hiddenTestFailures": [],
        "vybes": {
          "taskName": "report-builder",
          "configId": "llxprt-synthetic-minimax",
          "complexityMultiplier": 4,
          "timeLimitMinutes": 8,
          "baseScore": 400,
          "successPercentage": 0,
          "baselineSuccessPercentage": 0,
          "adjustedSuccessPercentage": 0,
          "timePenaltyMultiplier": 1,
          "rawScore": 0,
          "finalScore": 0,
          "actualTimeMinutes": 0,
          "description": "Spreadsheet to HTML report builder",
          "category": "integrations",
          "breakdown": {
            "subtasksPassed": 0,
            "subtasksTotal": 0,
            "modulesCompleted": [],
            "modulesIncomplete": [],
            "modules": {}
          },
          "error": "npm run test:hidden failed (exit 1)",
          "status": "error",
          "passesAttempted": 2,
          "selectedPass": 1,
          "totalCliDurationMs": 2
        }
      },
      {
        "passNumber": 3,
        "startedAt": "2025-11-06T23:14:00.063Z",
        "finishedAt": "2025-11-06T23:14:10.259Z",
        "totalDuration": 10196,
        "promptHash": "c6c3b80f66b62cad356149ddab1ff9e7e8d78ff748a2218ea2809227896bfb9f",
        "appliedFeedback": [
          "It isn't working correctly.",
          "Your previous attempt exited with code 1. Review the CLI logs to diagnose the issue.",
          "A verification check failed.",
          "Please resolve the issues and re-run lint, tests, and build before finishing."
        ],
        "success": false,
        "partialSuccess": false,
        "workspaceArchive": "/home/runner/work/vybestack-site/vybestack-site/evals/outputs/report-builder-2025-11-06T23-13-35-865Z/llxprt-synthetic-minimax/passes/pass-3/workspace",
        "cliResult": {
          "command": "/home/runner/work/vybestack-site/vybestack-site/evals/llxprt --provider openai --baseurl https://api.synthetic.new/openai/v1 --key *** --model hf:MiniMaxAI/MiniMax-M2 --set context-limit=190000 --set shell-replacement=true --set modelparam.temperature=1 --yolo",
          "cwd": "/home/runner/work/vybestack-site/vybestack-site/evals/problems/report-builder/.tmp-workspace-ac10ecaa-ca7d-4727-aa7e-408116f80d77-zexwPX/workspace",
          "exitCode": 1,
          "stdout": "",
          "stderr": "",
          "duration": 2,
          "label": "llxprt-synthetic-minimax"
        },
        "buildResults": [
          {
            "command": "npm install",
            "cwd": "/home/runner/work/vybestack-site/vybestack-site/evals/problems/report-builder/.tmp-workspace-ac10ecaa-ca7d-4727-aa7e-408116f80d77-zexwPX/workspace",
            "exitCode": 0,
            "stdout": "\nup to date, audited 204 packages in 722ms\n\n60 packages are looking for funding\n  run `npm fund` for details\n\n4 moderate severity vulnerabilities\n\nTo address all issues (including breaking changes), run:\n  npm audit fix --force\n\nRun `npm audit` for details.\n",
            "stderr": "",
            "duration": 815,
            "label": "workspace-install"
          },
          {
            "command": "npm run typecheck",
            "cwd": "/home/runner/work/vybestack-site/vybestack-site/evals/problems/report-builder/.tmp-workspace-ac10ecaa-ca7d-4727-aa7e-408116f80d77-zexwPX/workspace",
            "exitCode": 0,
            "stdout": "\n> report-builder-eval@0.0.1 typecheck\n> tsc --noEmit\n\n",
            "stderr": "",
            "duration": 1036,
            "label": "typecheck"
          },
          {
            "command": "npm run lint",
            "cwd": "/home/runner/work/vybestack-site/vybestack-site/evals/problems/report-builder/.tmp-workspace-ac10ecaa-ca7d-4727-aa7e-408116f80d77-zexwPX/workspace",
            "exitCode": 0,
            "stdout": "\n> report-builder-eval@0.0.1 lint\n> eslint . --ext .ts\n\n",
            "stderr": "",
            "duration": 993,
            "label": "lint"
          },
          {
            "command": "npm run test:public",
            "cwd": "/home/runner/work/vybestack-site/vybestack-site/evals/problems/report-builder/.tmp-workspace-ac10ecaa-ca7d-4727-aa7e-408116f80d77-zexwPX/workspace",
            "exitCode": 0,
            "stdout": "\n> report-builder-eval@0.0.1 test:public\n> vitest run --config vitest.config.public.ts\n\n\n\u001b[7m\u001b[1m\u001b[36m RUN \u001b[39m\u001b[22m\u001b[27m \u001b[36mv1.6.1\u001b[39m \u001b[90m/home/runner/work/vybestack-site/vybestack-site/evals/problems/report-builder/.tmp-workspace-ac10ecaa-ca7d-4727-aa7e-408116f80d77-zexwPX/workspace\u001b[39m\n\n \u001b[32m✓\u001b[39m tests/public/renderReport.spec.ts \u001b[2m (\u001b[22m\u001b[2m1 test\u001b[22m\u001b[2m)\u001b[22m\u001b[90m 3\u001b[2mms\u001b[22m\u001b[39m\n\n\u001b[2m Test Files \u001b[22m \u001b[1m\u001b[32m1 passed\u001b[39m\u001b[22m\u001b[90m (1)\u001b[39m\n\u001b[2m      Tests \u001b[22m \u001b[1m\u001b[32m1 passed\u001b[39m\u001b[22m\u001b[90m (1)\u001b[39m\n\u001b[2m   Start at \u001b[22m 23:14:03\n\u001b[2m   Duration \u001b[22m 292ms\u001b[2m (transform 30ms, setup 0ms, collect 18ms, tests 3ms, environment 0ms, prepare 81ms)\u001b[22m\n\n",
            "stderr": "",
            "duration": 748,
            "label": "test:public"
          },
          {
            "command": "npm run build",
            "cwd": "/home/runner/work/vybestack-site/vybestack-site/evals/problems/report-builder/.tmp-workspace-ac10ecaa-ca7d-4727-aa7e-408116f80d77-zexwPX/workspace",
            "exitCode": 0,
            "stdout": "\n> report-builder-eval@0.0.1 build\n> tsc -p tsconfig.json\n\n",
            "stderr": "",
            "duration": 1051,
            "label": "build"
          }
        ],
        "gradeResults": [
          {
            "command": "npm install",
            "cwd": "/home/runner/work/vybestack-site/vybestack-site/evals/grading/report-builder",
            "exitCode": 0,
            "stdout": "\nup to date, audited 204 packages in 687ms\n\n60 packages are looking for funding\n  run `npm fund` for details\n\n2 moderate severity vulnerabilities\n\nTo address all issues, run:\n  npm audit fix\n\nRun `npm audit` for details.\n",
            "stderr": "",
            "duration": 787,
            "label": "workspace-install"
          },
          {
            "command": "npm --prefix workspace install",
            "cwd": "/home/runner/work/vybestack-site/vybestack-site/evals/grading/report-builder",
            "exitCode": 0,
            "stdout": "\nadded 203 packages, and audited 204 packages in 2s\n\n60 packages are looking for funding\n  run `npm fund` for details\n\n4 moderate severity vulnerabilities\n\nTo address all issues (including breaking changes), run:\n  npm audit fix --force\n\nRun `npm audit` for details.\n",
            "stderr": "npm warn deprecated inflight@1.0.6: This module is not supported, and leaks memory. Do not use it. Check out lru-cache if you want a good and tested way to coalesce async requests by a key value, which is much more comprehensive and powerful.\nnpm warn deprecated @humanwhocodes/config-array@0.13.0: Use @eslint/config-array instead\nnpm warn deprecated rimraf@3.0.2: Rimraf versions prior to v4 are no longer supported\nnpm warn deprecated glob@7.2.3: Glob versions prior to v9 are no longer supported\nnpm warn deprecated @humanwhocodes/object-schema@2.0.3: Use @eslint/object-schema instead\nnpm warn deprecated eslint@8.57.1: This version is no longer supported. Please see https://eslint.org/version-support for other options.\n",
            "duration": 1876,
            "label": "workspace-install-subdir"
          },
          {
            "command": "npm --prefix workspace run build",
            "cwd": "/home/runner/work/vybestack-site/vybestack-site/evals/grading/report-builder",
            "exitCode": 0,
            "stdout": "\n> report-builder-eval@0.0.1 build\n> tsc -p tsconfig.json\n\n",
            "stderr": "",
            "duration": 1067,
            "label": "workspace-build-subdir"
          },
          {
            "command": "npm run typecheck",
            "cwd": "/home/runner/work/vybestack-site/vybestack-site/evals/grading/report-builder",
            "exitCode": 0,
            "stdout": "\n> report-builder-grading@0.0.1 typecheck\n> tsc -p tsconfig.json\n\n",
            "stderr": "",
            "duration": 1262,
            "label": "typecheck"
          },
          {
            "command": "npm run test:hidden",
            "cwd": "/home/runner/work/vybestack-site/vybestack-site/evals/grading/report-builder",
            "exitCode": 1,
            "stdout": "\n> report-builder-grading@0.0.1 test:hidden\n> vitest run --config vitest.config.hidden.ts\n\n",
            "stderr": "\n\u001b[31m⎯⎯⎯⎯⎯⎯\u001b[1m\u001b[7m Unhandled Error \u001b[27m\u001b[22m⎯⎯⎯⎯⎯⎯⎯\u001b[39m\nError: Cannot find module @rollup/rollup-linux-x64-gnu. npm has a bug related to optional dependencies (https://github.com/npm/cli/issues/4828). Please try `npm i` again after removing both package-lock.json and node_modules directory.\n    at requireWithFriendlyError (/home/runner/work/vybestack-site/vybestack-site/evals/grading/report-builder/node_modules/rollup/dist/native.js:83:9)\n    at Object.<anonymous> (/home/runner/work/vybestack-site/vybestack-site/evals/grading/report-builder/node_modules/rollup/dist/native.js:92:76)\n    ... 3 lines matching cause stack trace ...\n    at Module._load (node:internal/modules/cjs/loader:1091:12)\n    at cjsLoader (node:internal/modules/esm/translators:298:15)\n    at ModuleWrap.<anonymous> (node:internal/modules/esm/translators:240:7)\n    at ModuleJob.run (node:internal/modules/esm/module_job:325:25)\n    at async ModuleLoader.import (node:internal/modules/esm/loader:606:24) {\n  [cause]: Error: Cannot find module '@rollup/rollup-linux-x64-gnu'\n  Require stack:\n  - /home/runner/work/vybestack-site/vybestack-site/evals/grading/report-builder/node_modules/rollup/dist/native.js\n      at Module._resolveFilename (node:internal/modules/cjs/loader:1207:15)\n      at Module._load (node:internal/modules/cjs/loader:1038:27)\n      at Module.require (node:internal/modules/cjs/loader:1289:19)\n      at require (node:internal/modules/helpers:182:18)\n      at requireWithFriendlyError (/home/runner/work/vybestack-site/vybestack-site/evals/grading/report-builder/node_modules/rollup/dist/native.js:65:10)\n      at Object.<anonymous> (/home/runner/work/vybestack-site/vybestack-site/evals/grading/report-builder/node_modules/rollup/dist/native.js:92:76)\n      at Module._compile (node:internal/modules/cjs/loader:1521:14)\n      at Module._extensions..js (node:internal/modules/cjs/loader:1623:10)\n      at Module.load (node:internal/modules/cjs/loader:1266:32)\n      at Module._load (node:internal/modules/cjs/loader:1091:12) {\n    code: 'MODULE_NOT_FOUND',\n    requireStack: [\n      '/home/runner/work/vybestack-site/vybestack-site/evals/grading/report-builder/node_modules/rollup/dist/native.js'\n    ]\n  }\n}\n\n\n\n",
            "duration": 378,
            "label": "test:hidden"
          }
        ],
        "publicTestFailures": [],
        "hiddenTestFailures": [],
        "vybes": {
          "taskName": "report-builder",
          "configId": "llxprt-synthetic-minimax",
          "complexityMultiplier": 4,
          "timeLimitMinutes": 8,
          "baseScore": 400,
          "successPercentage": 0,
          "baselineSuccessPercentage": 0,
          "adjustedSuccessPercentage": 0,
          "timePenaltyMultiplier": 1,
          "rawScore": 0,
          "finalScore": 0,
          "actualTimeMinutes": 0,
          "description": "Spreadsheet to HTML report builder",
          "category": "integrations",
          "breakdown": {
            "subtasksPassed": 0,
            "subtasksTotal": 0,
            "modulesCompleted": [],
            "modulesIncomplete": [],
            "modules": {}
          },
          "error": "npm run test:hidden failed (exit 1)",
          "status": "error",
          "passesAttempted": 3,
          "selectedPass": 2,
          "totalCliDurationMs": 2
        }
      }
    ]
  },
  "vybes": {
    "taskName": "report-builder",
    "configId": "llxprt-synthetic-minimax",
    "complexityMultiplier": 4,
    "timeLimitMinutes": 8,
    "baseScore": 400,
    "successPercentage": 0,
    "baselineSuccessPercentage": 0,
    "adjustedSuccessPercentage": 0,
    "timePenaltyMultiplier": 1,
    "rawScore": 0,
    "finalScore": 0,
    "actualTimeMinutes": 0.573,
    "description": "Spreadsheet to HTML report builder",
    "category": "integrations",
    "breakdown": {
      "subtasksPassed": 0,
      "subtasksTotal": 0,
      "modulesCompleted": [],
      "modulesIncomplete": [],
      "modules": {}
    },
    "error": "npm run test:hidden failed (exit 1)",
    "status": "error",
    "passesAttempted": 3,
    "selectedPass": 0,
    "totalCliDurationMs": 34361,
    "repoVersion": "main@9c578b2"
  }
}