{
  "evalName": "pagination",
  "configId": "llxprt-synthetic-minimax",
  "startedAt": "2025-10-31T21:46:12.826Z",
  "finishedAt": "2025-10-31T21:46:12.826Z",
  "status": "fail",
  "totalDuration": 212565,
  "totalCliDuration": 212497,
  "commands": [
    {
      "name": "llxprt-synthetic-minimax",
      "command": "llxprt --provider openai --baseurl https://api.synthetic.new/openai/v1 --key *** --model hf:MiniMaxAI/MiniMax-M2 --set context-limit=190000 --set shell-replacement=true --set modelparam.temperature=1 --yolo",
      "cwd": "/home/runner/work/vybestack-site/vybestack-site/evals/problems/pagination/.tmp-workspace-979086fa-d129-4e95-8321-ab3d17a357a5-JSeslW/workspace",
      "exitCode": 0,
      "stdout": "<think>Let me analyze the task. I need to repair a pagination service in a TypeScript project with an Express API backed by SQLite and a React client. The requirements are:\n\n1. Fix `GET /inventory` endpoint to accept `page` and `limit` query parameters with validation\n2. Return correct pagination metadata in the response\n3. Update React components/hooks to navigate between pages and show errors\n4. Ensure proper UI controls and empty states\n\nLet me start by exploring the project structure to understand what exists currently.\n</think>\n\nI'll help you repair the pagination service in this TypeScript project. Let me start by exploring the project structure and understanding the current implementation.\n<think>Let me start by exploring the project structure to understand the current implementation and what needs to be fixed. I should look at:\n\n1. The package.json to understand the project setup\n2. The current API implementation (server files)\n3. The React components/hooks\n4. The shared types\n5. The test files to understand what's expected\n\nLet me start by examining these files in parallel to get a comprehensive understanding.\n</think>\n\nI'll help you restore the correct pagination behavior across the Express API and React client. Let me start by exploring the project structure to understand the current implementation.\n<think>Let me try reading the files from the correct paths. I need to read the configuration files to understand the project structure.\n</think>\n\n\n<think>Good, now let me read the source files to understand the current implementation:\n\n1. First, let me read the shared types\n2. Then the server files (app.ts, inventoryRepository.ts, db.ts, server.ts)\n3. Then the client files (InventoryView.tsx, useInventory.tsx)\n4. Then the problem.md and data files\n5. Finally the test file\n\nThis will help me understand what's already implemented and what needs to be fixed.\n</think>\n\n\n<think>It seems the path construction is incorrect. Let me get the current working directory and use the correct path construction.\n</think>\n\n\n<think>Good! I can see the shared types. Now let me read the other files to understand the current implementation.\n</think>\n\n\n<think>It seems like the read_many_files is not working properly. Let me read the files individually.\n</think>\n\n\n<think>Great! Now I can see the bug. In the `listInventory` function:\n- Line 27: `const offset = page * limit;` should be `const offset = (page - 1) * limit;`\n- This causes the offset to skip the first page entirely (if page=1, offset=5, skipping items 0-4)\n\nLet me read the other server files.\n</think>\n\n\n<think>Let me read the remaining files to get a complete picture.\n</think>\n\n\n<think>I need to read these files individually. Let me try a different approach.\n</think>\n\n\n<think>The file listing shows 4 git-ignored files. Let me check the client directory and test directory too. I should also check the root directory for other files.\n\nLet me use read_many_files with better parameters to see the actual files.\n</think>\n\n\n<think>Let me try a different approach. I'll use the read_file tool directly on each file path.\n</think>\n\n\n<think>Now let me check the db.ts, useInventory.tsx, InventoryView.tsx, and test files to understand the complete structure.\n</think>\n\n\n<think>Good, now I need to read the client files and tests to understand the current state:\n</think>\n\n\n<think>Now I can see the current implementation. Let me analyze the issues:\n\n1. **Express API issues (`app.ts`)**:\n   - No validation of page/limit parameters\n   - Doesn't reject non-numeric, negative, zero, or excessive values with HTTP 400\n   - Just passes through whatever is provided\n\n2. **InventoryRepository issues (`inventoryRepository.ts`)**:\n   - There's a bug in the offset calculation: `const offset = page * limit;` should be `const offset = (page - 1) * limit;`\n   - This means it's skipping the first page entirely\n   - No validation of inputs\n   - Has basic validation for positive numbers but doesn't handle non-numeric inputs\n\n3. **React hook issues (`useInventory.tsx`)**:\n   - The fetch URL is `/inventory` - it should include the page and limit parameters\n   - The useEffect has an incomplete dependency array (comment mentions this is a bug)\n   - It doesn't pass page and limit to the API call\n\n4. **React component (`InventoryView.tsx`)**:\n   - Need to see this file to understand the UI implementation\n\nLet me read the remaining files to understand the full picture.\n</think>\n\n\n<think>Now I have a good understanding of the current implementation. Let me analyze the issues:\n\n1. **Server-side issues (inventoryRepository.ts)**:\n   - The offset calculation is wrong: `offset = page * limit` should be `offset = (page - 1) * limit`\n   - No input validation for page/limit parameters (non-numeric, negative, zero, excessive values)\n   - Missing HTTP 400 responses for invalid inputs\n\n2. **App.ts issues**:\n   - No validation of query parameters before passing to listInventory\n   - Missing error handling and HTTP 400 responses\n\n3. **Client-side issues (useInventory.tsx)**:\n   - Missing page and limit in the dependency array of useEffect, so changes don't trigger reloads\n   - Not constructing the proper URL with query parameters\n   - Missing pagination state management\n\n4. **InventoryView.tsx issues**:\n   - Hardcoded to page 1\n   - Missing pagination controls (Previous/Next buttons)\n   - No way to navigate between pages\n\nLet me update the todo and start fixing these issues:\n</think>\n\nThis task seems to involve multiple steps. A todo list might help track your progress.\n",
      "stderr": "",
      "duration": 65538,
      "success": true
    },
    {
      "name": "workspace-install",
      "command": "npm install",
      "cwd": "/home/runner/work/vybestack-site/vybestack-site/evals/problems/pagination/.tmp-workspace-979086fa-d129-4e95-8321-ab3d17a357a5-JSeslW/workspace",
      "exitCode": 0,
      "stdout": "\nadded 370 packages, and audited 371 packages in 2s\n\n79 packages are looking for funding\n  run `npm fund` for details\n\n2 moderate severity vulnerabilities\n\nTo address all issues, run:\n  npm audit fix\n\nRun `npm audit` for details.\n",
      "stderr": "npm warn deprecated inflight@1.0.6: This module is not supported, and leaks memory. Do not use it. Check out lru-cache if you want a good and tested way to coalesce async requests by a key value, which is much more comprehensive and powerful.\nnpm warn deprecated supertest@6.3.4: Please upgrade to supertest v7.1.3+, see release notes at https://github.com/forwardemail/supertest/releases/tag/v7.1.3 - maintenance is supported by Forward Email @ https://forwardemail.net\nnpm warn deprecated @humanwhocodes/config-array@0.13.0: Use @eslint/config-array instead\nnpm warn deprecated rimraf@3.0.2: Rimraf versions prior to v4 are no longer supported\nnpm warn deprecated glob@7.2.3: Glob versions prior to v9 are no longer supported\nnpm warn deprecated @humanwhocodes/object-schema@2.0.3: Use @eslint/object-schema instead\nnpm warn deprecated superagent@8.1.2: Please upgrade to superagent v10.2.2+, see release notes at https://github.com/forwardemail/superagent/releases/tag/v10.2.2 - maintenance is supported by Forward Email @ https://forwardemail.net\nnpm warn deprecated eslint@8.57.1: This version is no longer supported. Please see https://eslint.org/version-support for other options.\n",
      "duration": 2524,
      "success": true
    },
    {
      "name": "typecheck",
      "command": "npm run typecheck",
      "cwd": "/home/runner/work/vybestack-site/vybestack-site/evals/problems/pagination/.tmp-workspace-979086fa-d129-4e95-8321-ab3d17a357a5-JSeslW/workspace",
      "exitCode": 0,
      "stdout": "\n> pagination-eval@0.0.1 typecheck\n> tsc --noEmit\n\n",
      "stderr": "",
      "duration": 1687,
      "success": true
    },
    {
      "name": "lint",
      "command": "npm run lint",
      "cwd": "/home/runner/work/vybestack-site/vybestack-site/evals/problems/pagination/.tmp-workspace-979086fa-d129-4e95-8321-ab3d17a357a5-JSeslW/workspace",
      "exitCode": 1,
      "stdout": "\n> pagination-eval@0.0.1 lint\n> eslint . --ext .ts,.tsx\n\n\n/home/runner/work/vybestack-site/vybestack-site/evals/problems/pagination/.tmp-workspace-979086fa-d129-4e95-8321-ab3d17a357a5-JSeslW/workspace/src/client/useInventory.tsx\n  16:30  error  'page' is defined but never used   @typescript-eslint/no-unused-vars\n  16:44  error  'limit' is defined but never used  @typescript-eslint/no-unused-vars\n\n✖ 2 problems (2 errors, 0 warnings)\n\n",
      "stderr": "",
      "duration": 2682,
      "success": false
    },
    {
      "name": "test:public",
      "command": "npm run test:public",
      "cwd": "/home/runner/work/vybestack-site/vybestack-site/evals/problems/pagination/.tmp-workspace-979086fa-d129-4e95-8321-ab3d17a357a5-JSeslW/workspace",
      "exitCode": 0,
      "stdout": "\n> pagination-eval@0.0.1 test:public\n> vitest run --config vitest.config.public.ts\n\n\n\u001b[7m\u001b[1m\u001b[36m RUN \u001b[39m\u001b[22m\u001b[27m \u001b[36mv1.6.1\u001b[39m \u001b[90m/home/runner/work/vybestack-site/vybestack-site/evals/problems/pagination/.tmp-workspace-979086fa-d129-4e95-8321-ab3d17a357a5-JSeslW/workspace\u001b[39m\n\n \u001b[32m✓\u001b[39m tests/public/smoke.spec.ts \u001b[2m (\u001b[22m\u001b[2m1 test\u001b[22m\u001b[2m)\u001b[22m\u001b[90m 52\u001b[2mms\u001b[22m\u001b[39m\n\n\u001b[2m Test Files \u001b[22m \u001b[1m\u001b[32m1 passed\u001b[39m\u001b[22m\u001b[90m (1)\u001b[39m\n\u001b[2m      Tests \u001b[22m \u001b[1m\u001b[32m1 passed\u001b[39m\u001b[22m\u001b[90m (1)\u001b[39m\n\u001b[2m   Start at \u001b[22m 21:43:53\n\u001b[2m   Duration \u001b[22m 496ms\u001b[2m (transform 55ms, setup 0ms, collect 166ms, tests 52ms, environment 0ms, prepare 98ms)\u001b[22m\n\n",
      "stderr": "",
      "duration": 1012,
      "success": true
    },
    {
      "name": "lint",
      "command": "npm run lint",
      "cwd": "/home/runner/work/vybestack-site/vybestack-site/evals/grading/pagination",
      "exitCode": 1,
      "stdout": "\n> pagination-grading@0.0.1 lint\n> eslint workspace/src workspace/tests --ext .ts,.tsx\n\n\n/home/runner/work/vybestack-site/vybestack-site/evals/grading/pagination/workspace/src/client/useInventory.tsx\n  16:30  error  'page' is defined but never used   @typescript-eslint/no-unused-vars\n  16:44  error  'limit' is defined but never used  @typescript-eslint/no-unused-vars\n\n✖ 2 problems (2 errors, 0 warnings)\n\n",
      "stderr": "",
      "duration": 2507,
      "success": false
    },
    {
      "name": "typecheck",
      "command": "npm run typecheck",
      "cwd": "/home/runner/work/vybestack-site/vybestack-site/evals/grading/pagination",
      "exitCode": 0,
      "stdout": "\n> pagination-grading@0.0.1 typecheck\n> tsc -p tsconfig.json\n\n",
      "stderr": "",
      "duration": 1697,
      "success": true
    },
    {
      "name": "test:hidden",
      "command": "npm run test:hidden",
      "cwd": "/home/runner/work/vybestack-site/vybestack-site/evals/grading/pagination",
      "exitCode": 1,
      "stdout": "\n> pagination-grading@0.0.1 test:hidden\n> vitest run --config vitest.config.hidden.ts\n\n\n\u001b[7m\u001b[1m\u001b[36m RUN \u001b[39m\u001b[22m\u001b[27m \u001b[36mv1.6.1\u001b[39m \u001b[90m/home/runner/work/vybestack-site/vybestack-site/evals/grading/pagination\u001b[39m\n\n \u001b[33m❯\u001b[39m tests/hidden/api.spec.ts \u001b[2m (\u001b[22m\u001b[2m3 tests\u001b[22m \u001b[2m|\u001b[22m \u001b[31m3 failed\u001b[39m\u001b[2m)\u001b[22m\u001b[90m 98\u001b[2mms\u001b[22m\u001b[39m\n\u001b[31m   \u001b[33m❯\u001b[31m tests/hidden/api.spec.ts\u001b[2m > \u001b[22mGET /inventory pagination\u001b[2m > \u001b[22mreturns the correct slice of data for a mid-page request\u001b[39m\n\u001b[31m     → expected [ 9, 10, 11, 12 ] to deeply equal [ 5, 6, 7, 8 ]\u001b[39m\n\u001b[31m   \u001b[33m❯\u001b[31m tests/hidden/api.spec.ts\u001b[2m > \u001b[22mGET /inventory pagination\u001b[2m > \u001b[22mindicates when the final page has been reached\u001b[39m\n\u001b[31m     → expected [] to have a length of 3 but got +0\u001b[39m\n\u001b[31m   \u001b[33m❯\u001b[31m tests/hidden/api.spec.ts\u001b[2m > \u001b[22mGET /inventory pagination\u001b[2m > \u001b[22mrejects invalid pagination parameters\u001b[39m\n\u001b[31m     → expected 200 to be 400 // Object.is equality\u001b[39m\n\n\n::error file=/home/runner/work/vybestack-site/vybestack-site/evals/grading/pagination/tests/hidden/api.spec.ts,title=tests/hidden/api.spec.ts > GET /inventory pagination > returns the correct slice of data for a mid-page request,line=43,column=17::AssertionError: expected [ 9, 10, 11, 12 ] to deeply equal [ 5, 6, 7, 8 ]%0A%0A- Expected%0A+ Received%0A%0A  Array [%0A-   5,%0A-   6,%0A-   7,%0A-   8,%0A+   9,%0A+   10,%0A+   11,%0A+   12,%0A  ]%0A%0A ❯ tests/hidden/api.spec.ts:43:17%0A%0A\n\n::error file=/home/runner/work/vybestack-site/vybestack-site/evals/grading/pagination/tests/hidden/api.spec.ts,title=tests/hidden/api.spec.ts > GET /inventory pagination > indicates when the final page has been reached,line=51,column=33::AssertionError: expected [] to have a length of 3 but got +0%0A%0A- Expected%0A+ Received%0A%0A- 3%0A+ 0%0A%0A ❯ tests/hidden/api.spec.ts:51:33%0A%0A\n\n::error file=/home/runner/work/vybestack-site/vybestack-site/evals/grading/pagination/tests/hidden/api.spec.ts,title=tests/hidden/api.spec.ts > GET /inventory pagination > rejects invalid pagination parameters,line=59,column=29::AssertionError: expected 200 to be 400 // Object.is equality%0A%0A- Expected%0A+ Received%0A%0A- 400%0A+ 200%0A%0A ❯ tests/hidden/api.spec.ts:59:29%0A%0A\n\u001b[2m Test Files \u001b[22m \u001b[1m\u001b[31m1 failed\u001b[39m\u001b[22m\u001b[90m (1)\u001b[39m\n\u001b[2m      Tests \u001b[22m \u001b[1m\u001b[31m3 failed\u001b[39m\u001b[22m\u001b[90m (3)\u001b[39m\n\u001b[2m   Start at \u001b[22m 21:43:58\n\u001b[2m   Duration \u001b[22m 984ms\u001b[2m (transform 64ms, setup 73ms, collect 130ms, tests 98ms, environment 395ms, prepare 90ms)\u001b[22m\n\n",
      "stderr": "\u001b[31m⎯⎯⎯⎯⎯⎯⎯\u001b[1m\u001b[7m Failed Tests 3 \u001b[27m\u001b[22m⎯⎯⎯⎯⎯⎯⎯\u001b[39m\n\n\u001b[31m\u001b[1m\u001b[7m FAIL \u001b[27m\u001b[22m\u001b[39m tests/hidden/api.spec.ts\u001b[2m > \u001b[22mGET /inventory pagination\u001b[2m > \u001b[22mreturns the correct slice of data for a mid-page request\n\u001b[31m\u001b[1mAssertionError\u001b[22m: expected [ 9, 10, 11, 12 ] to deeply equal [ 5, 6, 7, 8 ]\u001b[39m\n\n- Expected\n+ Received\n\n  Array [\n-   5,\n-   6,\n-   7,\n-   8,\n+   9,\n+   10,\n+   11,\n+   12,\n  ]\n\n\u001b[36m \u001b[2m❯\u001b[22m tests/hidden/api.spec.ts:\u001b[2m43:17\u001b[22m\u001b[39m\n    \u001b[90m 41| \u001b[39m\n    \u001b[90m 42| \u001b[39m    \u001b[35mconst\u001b[39m ids \u001b[33m=\u001b[39m response\u001b[33m.\u001b[39mbody\u001b[33m.\u001b[39mitems\u001b[33m.\u001b[39m\u001b[34mmap\u001b[39m((item\u001b[33m:\u001b[39m { id\u001b[33m:\u001b[39m number }) \u001b[33m=>\u001b[39m item…\n    \u001b[90m 43| \u001b[39m    \u001b[34mexpect\u001b[39m(ids)\u001b[33m.\u001b[39m\u001b[34mtoEqual\u001b[39m([\u001b[34m5\u001b[39m\u001b[33m,\u001b[39m \u001b[34m6\u001b[39m\u001b[33m,\u001b[39m \u001b[34m7\u001b[39m\u001b[33m,\u001b[39m \u001b[34m8\u001b[39m])\u001b[33m;\u001b[39m\n    \u001b[90m   | \u001b[39m                \u001b[31m^\u001b[39m\n    \u001b[90m 44| \u001b[39m    taskStatus\u001b[33m.\u001b[39m\u001b[35mset\u001b[39m(\u001b[32m'api-mid-page-request'\u001b[39m\u001b[33m,\u001b[39m \u001b[35mtrue\u001b[39m)\u001b[33m;\u001b[39m\n    \u001b[90m 45| \u001b[39m  })\u001b[33m;\u001b[39m\n\n\u001b[31m\u001b[2m⎯⎯⎯⎯⎯⎯⎯⎯⎯⎯⎯⎯⎯⎯⎯⎯⎯⎯⎯⎯⎯⎯⎯⎯[1/3]⎯\u001b[22m\u001b[39m\n\n\u001b[31m\u001b[1m\u001b[7m FAIL \u001b[27m\u001b[22m\u001b[39m tests/hidden/api.spec.ts\u001b[2m > \u001b[22mGET /inventory pagination\u001b[2m > \u001b[22mindicates when the final page has been reached\n\u001b[31m\u001b[1mAssertionError\u001b[22m: expected [] to have a length of 3 but got +0\u001b[39m\n\n- Expected\n+ Received\n\n- 3\n+ 0\n\n\u001b[36m \u001b[2m❯\u001b[22m tests/hidden/api.spec.ts:\u001b[2m51:33\u001b[22m\u001b[39m\n    \u001b[90m 49| \u001b[39m\n    \u001b[90m 50| \u001b[39m    \u001b[34mexpect\u001b[39m(response\u001b[33m.\u001b[39mstatus)\u001b[33m.\u001b[39m\u001b[34mtoBe\u001b[39m(\u001b[34m200\u001b[39m)\u001b[33m;\u001b[39m\n    \u001b[90m 51| \u001b[39m    \u001b[34mexpect\u001b[39m(response\u001b[33m.\u001b[39mbody\u001b[33m.\u001b[39mitems)\u001b[33m.\u001b[39m\u001b[34mtoHaveLength\u001b[39m(\u001b[34m3\u001b[39m)\u001b[33m;\u001b[39m\n    \u001b[90m   | \u001b[39m                                \u001b[31m^\u001b[39m\n    \u001b[90m 52| \u001b[39m    \u001b[34mexpect\u001b[39m(response\u001b[33m.\u001b[39mbody\u001b[33m.\u001b[39mhasNext)\u001b[33m.\u001b[39m\u001b[34mtoBe\u001b[39m(\u001b[35mfalse\u001b[39m)\u001b[33m;\u001b[39m\n    \u001b[90m 53| \u001b[39m    taskStatus\u001b[33m.\u001b[39m\u001b[35mset\u001b[39m(\u001b[32m'api-final-page-handling'\u001b[39m\u001b[33m,\u001b[39m \u001b[35mtrue\u001b[39m)\u001b[33m;\u001b[39m\n\n\u001b[31m\u001b[2m⎯⎯⎯⎯⎯⎯⎯⎯⎯⎯⎯⎯⎯⎯⎯⎯⎯⎯⎯⎯⎯⎯⎯⎯[2/3]⎯\u001b[22m\u001b[39m\n\n\u001b[31m\u001b[1m\u001b[7m FAIL \u001b[27m\u001b[22m\u001b[39m tests/hidden/api.spec.ts\u001b[2m > \u001b[22mGET /inventory pagination\u001b[2m > \u001b[22mrejects invalid pagination parameters\n\u001b[31m\u001b[1mAssertionError\u001b[22m: expected 200 to be 400 // Object.is equality\u001b[39m\n\n- Expected\n+ Received\n\n- 400\n+ 200\n\n\u001b[36m \u001b[2m❯\u001b[22m tests/hidden/api.spec.ts:\u001b[2m59:29\u001b[22m\u001b[39m\n    \u001b[90m 57| \u001b[39m    \u001b[35mconst\u001b[39m response \u001b[33m=\u001b[39m \u001b[35mawait\u001b[39m \u001b[34mrequest\u001b[39m(app)\u001b[33m.\u001b[39m\u001b[35mget\u001b[39m(\u001b[32m'/inventory'\u001b[39m)\u001b[33m.\u001b[39m\u001b[34mquery\u001b[39m({ page…\n    \u001b[90m 58| \u001b[39m\n    \u001b[90m 59| \u001b[39m    \u001b[34mexpect\u001b[39m(response\u001b[33m.\u001b[39mstatus)\u001b[33m.\u001b[39m\u001b[34mtoBe\u001b[39m(\u001b[34m400\u001b[39m)\u001b[33m;\u001b[39m\n    \u001b[90m   | \u001b[39m                            \u001b[31m^\u001b[39m\n    \u001b[90m 60| \u001b[39m    \u001b[34mexpect\u001b[39m((response\u001b[33m.\u001b[39mbody\u001b[33m.\u001b[39merror \u001b[33m??\u001b[39m \u001b[32m''\u001b[39m)\u001b[33m.\u001b[39m\u001b[34mtoLowerCase\u001b[39m())\u001b[33m.\u001b[39m\u001b[34mtoContain\u001b[39m(\u001b[32m'page'\u001b[39m…\n    \u001b[90m 61| \u001b[39m    taskStatus\u001b[33m.\u001b[39m\u001b[35mset\u001b[39m(\u001b[32m'api-invalid-parameter-handling'\u001b[39m\u001b[33m,\u001b[39m \u001b[35mtrue\u001b[39m)\u001b[33m;\u001b[39m\n\n\u001b[31m\u001b[2m⎯⎯⎯⎯⎯⎯⎯⎯⎯⎯⎯⎯⎯⎯⎯⎯⎯⎯⎯⎯⎯⎯⎯⎯[3/3]⎯\u001b[22m\u001b[39m\n\n",
      "duration": 1498,
      "success": false
    }
  ],
  "workspaceArchive": "/home/runner/work/vybestack-site/vybestack-site/evals/outputs/pagination-2025-10-31T21-42-40-259Z/llxprt-synthetic-minimax/workspace",
  "runSessionId": "978ec75c-5b62-4285-94ed-e45c675b6677",
  "runSessionStartedAt": "2025-10-31T20:26:04.715Z",
  "repoVersion": "main@5b85172",
  "multipass": {
    "enabled": true,
    "selectedPass": 0,
    "maxPasses": 3,
    "totalCliDuration": 212497,
    "passCount": 3,
    "feedback": [],
    "passes": [
      {
        "passNumber": 1,
        "startedAt": "2025-10-31T21:42:40.268Z",
        "finishedAt": "2025-10-31T21:43:59.426Z",
        "totalDuration": 79158,
        "promptHash": "776b272b2eb46e0d6c42504640a82d553bbcb0c4ec1161aa157cfc4dc69c0a24",
        "appliedFeedback": [],
        "success": false,
        "partialSuccess": false,
        "workspaceArchive": "/home/runner/work/vybestack-site/vybestack-site/evals/outputs/pagination-2025-10-31T21-42-40-259Z/llxprt-synthetic-minimax/passes/pass-1/workspace",
        "resultsArchive": "/home/runner/work/vybestack-site/vybestack-site/evals/outputs/pagination-2025-10-31T21-42-40-259Z/llxprt-synthetic-minimax/passes/pass-1/results",
        "cliResult": {
          "command": "llxprt --provider openai --baseurl https://api.synthetic.new/openai/v1 --key *** --model hf:MiniMaxAI/MiniMax-M2 --set context-limit=190000 --set shell-replacement=true --set modelparam.temperature=1 --yolo",
          "cwd": "/home/runner/work/vybestack-site/vybestack-site/evals/problems/pagination/.tmp-workspace-979086fa-d129-4e95-8321-ab3d17a357a5-JSeslW/workspace",
          "exitCode": 0,
          "stdout": "<think>Let me analyze the task. I need to repair a pagination service in a TypeScript project with an Express API backed by SQLite and a React client. The requirements are:\n\n1. Fix `GET /inventory` endpoint to accept `page` and `limit` query parameters with validation\n2. Return correct pagination metadata in the response\n3. Update React components/hooks to navigate between pages and show errors\n4. Ensure proper UI controls and empty states\n\nLet me start by exploring the project structure to understand what exists currently.\n</think>\n\nI'll help you repair the pagination service in this TypeScript project. Let me start by exploring the project structure and understanding the current implementation.\n<think>Let me start by exploring the project structure to understand the current implementation and what needs to be fixed. I should look at:\n\n1. The package.json to understand the project setup\n2. The current API implementation (server files)\n3. The React components/hooks\n4. The shared types\n5. The test files to understand what's expected\n\nLet me start by examining these files in parallel to get a comprehensive understanding.\n</think>\n\nI'll help you restore the correct pagination behavior across the Express API and React client. Let me start by exploring the project structure to understand the current implementation.\n<think>Let me try reading the files from the correct paths. I need to read the configuration files to understand the project structure.\n</think>\n\n\n<think>Good, now let me read the source files to understand the current implementation:\n\n1. First, let me read the shared types\n2. Then the server files (app.ts, inventoryRepository.ts, db.ts, server.ts)\n3. Then the client files (InventoryView.tsx, useInventory.tsx)\n4. Then the problem.md and data files\n5. Finally the test file\n\nThis will help me understand what's already implemented and what needs to be fixed.\n</think>\n\n\n<think>It seems the path construction is incorrect. Let me get the current working directory and use the correct path construction.\n</think>\n\n\n<think>Good! I can see the shared types. Now let me read the other files to understand the current implementation.\n</think>\n\n\n<think>It seems like the read_many_files is not working properly. Let me read the files individually.\n</think>\n\n\n<think>Great! Now I can see the bug. In the `listInventory` function:\n- Line 27: `const offset = page * limit;` should be `const offset = (page - 1) * limit;`\n- This causes the offset to skip the first page entirely (if page=1, offset=5, skipping items 0-4)\n\nLet me read the other server files.\n</think>\n\n\n<think>Let me read the remaining files to get a complete picture.\n</think>\n\n\n<think>I need to read these files individually. Let me try a different approach.\n</think>\n\n\n<think>The file listing shows 4 git-ignored files. Let me check the client directory and test directory too. I should also check the root directory for other files.\n\nLet me use read_many_files with better parameters to see the actual files.\n</think>\n\n\n<think>Let me try a different approach. I'll use the read_file tool directly on each file path.\n</think>\n\n\n<think>Now let me check the db.ts, useInventory.tsx, InventoryView.tsx, and test files to understand the complete structure.\n</think>\n\n\n<think>Good, now I need to read the client files and tests to understand the current state:\n</think>\n\n\n<think>Now I can see the current implementation. Let me analyze the issues:\n\n1. **Express API issues (`app.ts`)**:\n   - No validation of page/limit parameters\n   - Doesn't reject non-numeric, negative, zero, or excessive values with HTTP 400\n   - Just passes through whatever is provided\n\n2. **InventoryRepository issues (`inventoryRepository.ts`)**:\n   - There's a bug in the offset calculation: `const offset = page * limit;` should be `const offset = (page - 1) * limit;`\n   - This means it's skipping the first page entirely\n   - No validation of inputs\n   - Has basic validation for positive numbers but doesn't handle non-numeric inputs\n\n3. **React hook issues (`useInventory.tsx`)**:\n   - The fetch URL is `/inventory` - it should include the page and limit parameters\n   - The useEffect has an incomplete dependency array (comment mentions this is a bug)\n   - It doesn't pass page and limit to the API call\n\n4. **React component (`InventoryView.tsx`)**:\n   - Need to see this file to understand the UI implementation\n\nLet me read the remaining files to understand the full picture.\n</think>\n\n\n<think>Now I have a good understanding of the current implementation. Let me analyze the issues:\n\n1. **Server-side issues (inventoryRepository.ts)**:\n   - The offset calculation is wrong: `offset = page * limit` should be `offset = (page - 1) * limit`\n   - No input validation for page/limit parameters (non-numeric, negative, zero, excessive values)\n   - Missing HTTP 400 responses for invalid inputs\n\n2. **App.ts issues**:\n   - No validation of query parameters before passing to listInventory\n   - Missing error handling and HTTP 400 responses\n\n3. **Client-side issues (useInventory.tsx)**:\n   - Missing page and limit in the dependency array of useEffect, so changes don't trigger reloads\n   - Not constructing the proper URL with query parameters\n   - Missing pagination state management\n\n4. **InventoryView.tsx issues**:\n   - Hardcoded to page 1\n   - Missing pagination controls (Previous/Next buttons)\n   - No way to navigate between pages\n\nLet me update the todo and start fixing these issues:\n</think>\n\nThis task seems to involve multiple steps. A todo list might help track your progress.\n",
          "stderr": "",
          "duration": 65538,
          "label": "llxprt-synthetic-minimax"
        },
        "buildResults": [
          {
            "command": "npm install",
            "cwd": "/home/runner/work/vybestack-site/vybestack-site/evals/problems/pagination/.tmp-workspace-979086fa-d129-4e95-8321-ab3d17a357a5-JSeslW/workspace",
            "exitCode": 0,
            "stdout": "\nadded 370 packages, and audited 371 packages in 2s\n\n79 packages are looking for funding\n  run `npm fund` for details\n\n2 moderate severity vulnerabilities\n\nTo address all issues, run:\n  npm audit fix\n\nRun `npm audit` for details.\n",
            "stderr": "npm warn deprecated inflight@1.0.6: This module is not supported, and leaks memory. Do not use it. Check out lru-cache if you want a good and tested way to coalesce async requests by a key value, which is much more comprehensive and powerful.\nnpm warn deprecated supertest@6.3.4: Please upgrade to supertest v7.1.3+, see release notes at https://github.com/forwardemail/supertest/releases/tag/v7.1.3 - maintenance is supported by Forward Email @ https://forwardemail.net\nnpm warn deprecated @humanwhocodes/config-array@0.13.0: Use @eslint/config-array instead\nnpm warn deprecated rimraf@3.0.2: Rimraf versions prior to v4 are no longer supported\nnpm warn deprecated glob@7.2.3: Glob versions prior to v9 are no longer supported\nnpm warn deprecated @humanwhocodes/object-schema@2.0.3: Use @eslint/object-schema instead\nnpm warn deprecated superagent@8.1.2: Please upgrade to superagent v10.2.2+, see release notes at https://github.com/forwardemail/superagent/releases/tag/v10.2.2 - maintenance is supported by Forward Email @ https://forwardemail.net\nnpm warn deprecated eslint@8.57.1: This version is no longer supported. Please see https://eslint.org/version-support for other options.\n",
            "duration": 2524,
            "label": "workspace-install"
          },
          {
            "command": "npm run typecheck",
            "cwd": "/home/runner/work/vybestack-site/vybestack-site/evals/problems/pagination/.tmp-workspace-979086fa-d129-4e95-8321-ab3d17a357a5-JSeslW/workspace",
            "exitCode": 0,
            "stdout": "\n> pagination-eval@0.0.1 typecheck\n> tsc --noEmit\n\n",
            "stderr": "",
            "duration": 1687,
            "label": "typecheck"
          },
          {
            "command": "npm run lint",
            "cwd": "/home/runner/work/vybestack-site/vybestack-site/evals/problems/pagination/.tmp-workspace-979086fa-d129-4e95-8321-ab3d17a357a5-JSeslW/workspace",
            "exitCode": 1,
            "stdout": "\n> pagination-eval@0.0.1 lint\n> eslint . --ext .ts,.tsx\n\n\n/home/runner/work/vybestack-site/vybestack-site/evals/problems/pagination/.tmp-workspace-979086fa-d129-4e95-8321-ab3d17a357a5-JSeslW/workspace/src/client/useInventory.tsx\n  16:30  error  'page' is defined but never used   @typescript-eslint/no-unused-vars\n  16:44  error  'limit' is defined but never used  @typescript-eslint/no-unused-vars\n\n✖ 2 problems (2 errors, 0 warnings)\n\n",
            "stderr": "",
            "duration": 2682,
            "label": "lint"
          },
          {
            "command": "npm run test:public",
            "cwd": "/home/runner/work/vybestack-site/vybestack-site/evals/problems/pagination/.tmp-workspace-979086fa-d129-4e95-8321-ab3d17a357a5-JSeslW/workspace",
            "exitCode": 0,
            "stdout": "\n> pagination-eval@0.0.1 test:public\n> vitest run --config vitest.config.public.ts\n\n\n\u001b[7m\u001b[1m\u001b[36m RUN \u001b[39m\u001b[22m\u001b[27m \u001b[36mv1.6.1\u001b[39m \u001b[90m/home/runner/work/vybestack-site/vybestack-site/evals/problems/pagination/.tmp-workspace-979086fa-d129-4e95-8321-ab3d17a357a5-JSeslW/workspace\u001b[39m\n\n \u001b[32m✓\u001b[39m tests/public/smoke.spec.ts \u001b[2m (\u001b[22m\u001b[2m1 test\u001b[22m\u001b[2m)\u001b[22m\u001b[90m 52\u001b[2mms\u001b[22m\u001b[39m\n\n\u001b[2m Test Files \u001b[22m \u001b[1m\u001b[32m1 passed\u001b[39m\u001b[22m\u001b[90m (1)\u001b[39m\n\u001b[2m      Tests \u001b[22m \u001b[1m\u001b[32m1 passed\u001b[39m\u001b[22m\u001b[90m (1)\u001b[39m\n\u001b[2m   Start at \u001b[22m 21:43:53\n\u001b[2m   Duration \u001b[22m 496ms\u001b[2m (transform 55ms, setup 0ms, collect 166ms, tests 52ms, environment 0ms, prepare 98ms)\u001b[22m\n\n",
            "stderr": "",
            "duration": 1012,
            "label": "test:public"
          }
        ],
        "gradeResults": [
          {
            "command": "npm run lint",
            "cwd": "/home/runner/work/vybestack-site/vybestack-site/evals/grading/pagination",
            "exitCode": 1,
            "stdout": "\n> pagination-grading@0.0.1 lint\n> eslint workspace/src workspace/tests --ext .ts,.tsx\n\n\n/home/runner/work/vybestack-site/vybestack-site/evals/grading/pagination/workspace/src/client/useInventory.tsx\n  16:30  error  'page' is defined but never used   @typescript-eslint/no-unused-vars\n  16:44  error  'limit' is defined but never used  @typescript-eslint/no-unused-vars\n\n✖ 2 problems (2 errors, 0 warnings)\n\n",
            "stderr": "",
            "duration": 2507,
            "label": "lint"
          },
          {
            "command": "npm run typecheck",
            "cwd": "/home/runner/work/vybestack-site/vybestack-site/evals/grading/pagination",
            "exitCode": 0,
            "stdout": "\n> pagination-grading@0.0.1 typecheck\n> tsc -p tsconfig.json\n\n",
            "stderr": "",
            "duration": 1697,
            "label": "typecheck"
          },
          {
            "command": "npm run test:hidden",
            "cwd": "/home/runner/work/vybestack-site/vybestack-site/evals/grading/pagination",
            "exitCode": 1,
            "stdout": "\n> pagination-grading@0.0.1 test:hidden\n> vitest run --config vitest.config.hidden.ts\n\n\n\u001b[7m\u001b[1m\u001b[36m RUN \u001b[39m\u001b[22m\u001b[27m \u001b[36mv1.6.1\u001b[39m \u001b[90m/home/runner/work/vybestack-site/vybestack-site/evals/grading/pagination\u001b[39m\n\n \u001b[33m❯\u001b[39m tests/hidden/api.spec.ts \u001b[2m (\u001b[22m\u001b[2m3 tests\u001b[22m \u001b[2m|\u001b[22m \u001b[31m3 failed\u001b[39m\u001b[2m)\u001b[22m\u001b[90m 98\u001b[2mms\u001b[22m\u001b[39m\n\u001b[31m   \u001b[33m❯\u001b[31m tests/hidden/api.spec.ts\u001b[2m > \u001b[22mGET /inventory pagination\u001b[2m > \u001b[22mreturns the correct slice of data for a mid-page request\u001b[39m\n\u001b[31m     → expected [ 9, 10, 11, 12 ] to deeply equal [ 5, 6, 7, 8 ]\u001b[39m\n\u001b[31m   \u001b[33m❯\u001b[31m tests/hidden/api.spec.ts\u001b[2m > \u001b[22mGET /inventory pagination\u001b[2m > \u001b[22mindicates when the final page has been reached\u001b[39m\n\u001b[31m     → expected [] to have a length of 3 but got +0\u001b[39m\n\u001b[31m   \u001b[33m❯\u001b[31m tests/hidden/api.spec.ts\u001b[2m > \u001b[22mGET /inventory pagination\u001b[2m > \u001b[22mrejects invalid pagination parameters\u001b[39m\n\u001b[31m     → expected 200 to be 400 // Object.is equality\u001b[39m\n\n\n::error file=/home/runner/work/vybestack-site/vybestack-site/evals/grading/pagination/tests/hidden/api.spec.ts,title=tests/hidden/api.spec.ts > GET /inventory pagination > returns the correct slice of data for a mid-page request,line=43,column=17::AssertionError: expected [ 9, 10, 11, 12 ] to deeply equal [ 5, 6, 7, 8 ]%0A%0A- Expected%0A+ Received%0A%0A  Array [%0A-   5,%0A-   6,%0A-   7,%0A-   8,%0A+   9,%0A+   10,%0A+   11,%0A+   12,%0A  ]%0A%0A ❯ tests/hidden/api.spec.ts:43:17%0A%0A\n\n::error file=/home/runner/work/vybestack-site/vybestack-site/evals/grading/pagination/tests/hidden/api.spec.ts,title=tests/hidden/api.spec.ts > GET /inventory pagination > indicates when the final page has been reached,line=51,column=33::AssertionError: expected [] to have a length of 3 but got +0%0A%0A- Expected%0A+ Received%0A%0A- 3%0A+ 0%0A%0A ❯ tests/hidden/api.spec.ts:51:33%0A%0A\n\n::error file=/home/runner/work/vybestack-site/vybestack-site/evals/grading/pagination/tests/hidden/api.spec.ts,title=tests/hidden/api.spec.ts > GET /inventory pagination > rejects invalid pagination parameters,line=59,column=29::AssertionError: expected 200 to be 400 // Object.is equality%0A%0A- Expected%0A+ Received%0A%0A- 400%0A+ 200%0A%0A ❯ tests/hidden/api.spec.ts:59:29%0A%0A\n\u001b[2m Test Files \u001b[22m \u001b[1m\u001b[31m1 failed\u001b[39m\u001b[22m\u001b[90m (1)\u001b[39m\n\u001b[2m      Tests \u001b[22m \u001b[1m\u001b[31m3 failed\u001b[39m\u001b[22m\u001b[90m (3)\u001b[39m\n\u001b[2m   Start at \u001b[22m 21:43:58\n\u001b[2m   Duration \u001b[22m 984ms\u001b[2m (transform 64ms, setup 73ms, collect 130ms, tests 98ms, environment 395ms, prepare 90ms)\u001b[22m\n\n",
            "stderr": "\u001b[31m⎯⎯⎯⎯⎯⎯⎯\u001b[1m\u001b[7m Failed Tests 3 \u001b[27m\u001b[22m⎯⎯⎯⎯⎯⎯⎯\u001b[39m\n\n\u001b[31m\u001b[1m\u001b[7m FAIL \u001b[27m\u001b[22m\u001b[39m tests/hidden/api.spec.ts\u001b[2m > \u001b[22mGET /inventory pagination\u001b[2m > \u001b[22mreturns the correct slice of data for a mid-page request\n\u001b[31m\u001b[1mAssertionError\u001b[22m: expected [ 9, 10, 11, 12 ] to deeply equal [ 5, 6, 7, 8 ]\u001b[39m\n\n- Expected\n+ Received\n\n  Array [\n-   5,\n-   6,\n-   7,\n-   8,\n+   9,\n+   10,\n+   11,\n+   12,\n  ]\n\n\u001b[36m \u001b[2m❯\u001b[22m tests/hidden/api.spec.ts:\u001b[2m43:17\u001b[22m\u001b[39m\n    \u001b[90m 41| \u001b[39m\n    \u001b[90m 42| \u001b[39m    \u001b[35mconst\u001b[39m ids \u001b[33m=\u001b[39m response\u001b[33m.\u001b[39mbody\u001b[33m.\u001b[39mitems\u001b[33m.\u001b[39m\u001b[34mmap\u001b[39m((item\u001b[33m:\u001b[39m { id\u001b[33m:\u001b[39m number }) \u001b[33m=>\u001b[39m item…\n    \u001b[90m 43| \u001b[39m    \u001b[34mexpect\u001b[39m(ids)\u001b[33m.\u001b[39m\u001b[34mtoEqual\u001b[39m([\u001b[34m5\u001b[39m\u001b[33m,\u001b[39m \u001b[34m6\u001b[39m\u001b[33m,\u001b[39m \u001b[34m7\u001b[39m\u001b[33m,\u001b[39m \u001b[34m8\u001b[39m])\u001b[33m;\u001b[39m\n    \u001b[90m   | \u001b[39m                \u001b[31m^\u001b[39m\n    \u001b[90m 44| \u001b[39m    taskStatus\u001b[33m.\u001b[39m\u001b[35mset\u001b[39m(\u001b[32m'api-mid-page-request'\u001b[39m\u001b[33m,\u001b[39m \u001b[35mtrue\u001b[39m)\u001b[33m;\u001b[39m\n    \u001b[90m 45| \u001b[39m  })\u001b[33m;\u001b[39m\n\n\u001b[31m\u001b[2m⎯⎯⎯⎯⎯⎯⎯⎯⎯⎯⎯⎯⎯⎯⎯⎯⎯⎯⎯⎯⎯⎯⎯⎯[1/3]⎯\u001b[22m\u001b[39m\n\n\u001b[31m\u001b[1m\u001b[7m FAIL \u001b[27m\u001b[22m\u001b[39m tests/hidden/api.spec.ts\u001b[2m > \u001b[22mGET /inventory pagination\u001b[2m > \u001b[22mindicates when the final page has been reached\n\u001b[31m\u001b[1mAssertionError\u001b[22m: expected [] to have a length of 3 but got +0\u001b[39m\n\n- Expected\n+ Received\n\n- 3\n+ 0\n\n\u001b[36m \u001b[2m❯\u001b[22m tests/hidden/api.spec.ts:\u001b[2m51:33\u001b[22m\u001b[39m\n    \u001b[90m 49| \u001b[39m\n    \u001b[90m 50| \u001b[39m    \u001b[34mexpect\u001b[39m(response\u001b[33m.\u001b[39mstatus)\u001b[33m.\u001b[39m\u001b[34mtoBe\u001b[39m(\u001b[34m200\u001b[39m)\u001b[33m;\u001b[39m\n    \u001b[90m 51| \u001b[39m    \u001b[34mexpect\u001b[39m(response\u001b[33m.\u001b[39mbody\u001b[33m.\u001b[39mitems)\u001b[33m.\u001b[39m\u001b[34mtoHaveLength\u001b[39m(\u001b[34m3\u001b[39m)\u001b[33m;\u001b[39m\n    \u001b[90m   | \u001b[39m                                \u001b[31m^\u001b[39m\n    \u001b[90m 52| \u001b[39m    \u001b[34mexpect\u001b[39m(response\u001b[33m.\u001b[39mbody\u001b[33m.\u001b[39mhasNext)\u001b[33m.\u001b[39m\u001b[34mtoBe\u001b[39m(\u001b[35mfalse\u001b[39m)\u001b[33m;\u001b[39m\n    \u001b[90m 53| \u001b[39m    taskStatus\u001b[33m.\u001b[39m\u001b[35mset\u001b[39m(\u001b[32m'api-final-page-handling'\u001b[39m\u001b[33m,\u001b[39m \u001b[35mtrue\u001b[39m)\u001b[33m;\u001b[39m\n\n\u001b[31m\u001b[2m⎯⎯⎯⎯⎯⎯⎯⎯⎯⎯⎯⎯⎯⎯⎯⎯⎯⎯⎯⎯⎯⎯⎯⎯[2/3]⎯\u001b[22m\u001b[39m\n\n\u001b[31m\u001b[1m\u001b[7m FAIL \u001b[27m\u001b[22m\u001b[39m tests/hidden/api.spec.ts\u001b[2m > \u001b[22mGET /inventory pagination\u001b[2m > \u001b[22mrejects invalid pagination parameters\n\u001b[31m\u001b[1mAssertionError\u001b[22m: expected 200 to be 400 // Object.is equality\u001b[39m\n\n- Expected\n+ Received\n\n- 400\n+ 200\n\n\u001b[36m \u001b[2m❯\u001b[22m tests/hidden/api.spec.ts:\u001b[2m59:29\u001b[22m\u001b[39m\n    \u001b[90m 57| \u001b[39m    \u001b[35mconst\u001b[39m response \u001b[33m=\u001b[39m \u001b[35mawait\u001b[39m \u001b[34mrequest\u001b[39m(app)\u001b[33m.\u001b[39m\u001b[35mget\u001b[39m(\u001b[32m'/inventory'\u001b[39m)\u001b[33m.\u001b[39m\u001b[34mquery\u001b[39m({ page…\n    \u001b[90m 58| \u001b[39m\n    \u001b[90m 59| \u001b[39m    \u001b[34mexpect\u001b[39m(response\u001b[33m.\u001b[39mstatus)\u001b[33m.\u001b[39m\u001b[34mtoBe\u001b[39m(\u001b[34m400\u001b[39m)\u001b[33m;\u001b[39m\n    \u001b[90m   | \u001b[39m                            \u001b[31m^\u001b[39m\n    \u001b[90m 60| \u001b[39m    \u001b[34mexpect\u001b[39m((response\u001b[33m.\u001b[39mbody\u001b[33m.\u001b[39merror \u001b[33m??\u001b[39m \u001b[32m''\u001b[39m)\u001b[33m.\u001b[39m\u001b[34mtoLowerCase\u001b[39m())\u001b[33m.\u001b[39m\u001b[34mtoContain\u001b[39m(\u001b[32m'page'\u001b[39m…\n    \u001b[90m 61| \u001b[39m    taskStatus\u001b[33m.\u001b[39m\u001b[35mset\u001b[39m(\u001b[32m'api-invalid-parameter-handling'\u001b[39m\u001b[33m,\u001b[39m \u001b[35mtrue\u001b[39m)\u001b[33m;\u001b[39m\n\n\u001b[31m\u001b[2m⎯⎯⎯⎯⎯⎯⎯⎯⎯⎯⎯⎯⎯⎯⎯⎯⎯⎯⎯⎯⎯⎯⎯⎯[3/3]⎯\u001b[22m\u001b[39m\n\n",
            "duration": 1498,
            "label": "test:hidden"
          }
        ],
        "feedbackForNextPass": {
          "bullets": [
            "It isn't working correctly.",
            "Lint failed. Fix the reported lint errors.",
            "::error title=tests/api.spec.ts > GET /inventory pagination > returns the correct slice of data for a mid-page request,line=43,column=17::AssertionError: expect…",
            "Please resolve the issues and re-run lint, tests, and build before finishing."
          ],
          "failingSteps": [
            {
              "step": "lint",
              "exitCode": 1,
              "message": "Lint failed. Fix the reported lint errors."
            },
            {
              "step": "lint",
              "exitCode": 1,
              "message": "Lint failed. Fix the reported lint errors."
            },
            {
              "step": "test:hidden",
              "exitCode": 1,
              "message": "::error title=tests/api.spec.ts > GET /inventory pagination > returns the correct slice of data for a mid-page request,line=43,column=17::AssertionError: expect…",
              "snippet": "::error title=tests/api.spec.ts > GET /inventory pagination > returns the correct slice of data for a mid-page request,line=43,column=17::AssertionError: expect…"
            }
          ],
          "hiddenAssertions": [
            "::error title=tests/api.spec.ts > GET /inventory pagination > returns the correct slice of data for a mid-page request,line=43,column=17::AssertionError: expect…"
          ],
          "publicTestFailures": [],
          "hiddenTestFailures": []
        },
        "publicTestFailures": [],
        "hiddenTestFailures": [],
        "vybes": {
          "taskName": "pagination",
          "configId": "llxprt-synthetic-minimax",
          "complexityMultiplier": 5,
          "timeLimitMinutes": 10,
          "baseScore": 500,
          "successPercentage": 0,
          "baselineSuccessPercentage": 0,
          "adjustedSuccessPercentage": 0,
          "timePenaltyMultiplier": 1,
          "rawScore": 0,
          "finalScore": 0,
          "actualTimeMinutes": 1.092,
          "description": "Server and client pagination repair",
          "category": "full-stack",
          "breakdown": {
            "subtasksPassed": 0,
            "subtasksTotal": 5,
            "modulesCompleted": [],
            "modulesIncomplete": [
              "pagination"
            ],
            "modules": {
              "pagination": {
                "passed": 0,
                "total": 5,
                "passedTasks": [],
                "failedTasks": [
                  "api-mid-page-request",
                  "api-final-page-handling",
                  "api-invalid-parameter-handling",
                  "client-navigation",
                  "client-alert"
                ]
              }
            }
          },
          "error": "lint/typecheck failed",
          "status": "error",
          "passesAttempted": 1,
          "selectedPass": 0,
          "totalCliDurationMs": 65538
        }
      },
      {
        "passNumber": 2,
        "startedAt": "2025-10-31T21:43:59.442Z",
        "finishedAt": "2025-10-31T21:45:18.346Z",
        "totalDuration": 78904,
        "promptHash": "5fc2a003401f5893ca6a9e746545f8d0142621a56de50a3d581f9dfdf855c5cf",
        "appliedFeedback": [
          "It isn't working correctly.",
          "Lint failed. Fix the reported lint errors.",
          "::error title=tests/api.spec.ts > GET /inventory pagination > returns the correct slice of data for a mid-page request,line=43,column=17::AssertionError: expect…",
          "Please resolve the issues and re-run lint, tests, and build before finishing."
        ],
        "success": false,
        "partialSuccess": false,
        "workspaceArchive": "/home/runner/work/vybestack-site/vybestack-site/evals/outputs/pagination-2025-10-31T21-42-40-259Z/llxprt-synthetic-minimax/passes/pass-2/workspace",
        "resultsArchive": "/home/runner/work/vybestack-site/vybestack-site/evals/outputs/pagination-2025-10-31T21-42-40-259Z/llxprt-synthetic-minimax/passes/pass-2/results",
        "cliResult": {
          "command": "llxprt --provider openai --baseurl https://api.synthetic.new/openai/v1 --key *** --model hf:MiniMaxAI/MiniMax-M2 --set context-limit=190000 --set shell-replacement=true --set modelparam.temperature=1 --yolo",
          "cwd": "/home/runner/work/vybestack-site/vybestack-site/evals/problems/pagination/.tmp-workspace-979086fa-d129-4e95-8321-ab3d17a357a5-JSeslW/workspace",
          "exitCode": 0,
          "stdout": "<think>Looking at the pagination service repair project, I need to understand what's going on:\n\n1. This is a TypeScript project with Express API (SQLite-backed) and React client\n2. The current implementation is missing critical pagination behavior\n3. I need to restore correct pagination behavior across API and client\n4. There are specific requirements for GET /inventory endpoint\n5. I need to validate inputs, return correct slices, include metadata\n6. React component needs to handle navigation and errors\n7. I need to run the specific commands at the end and report any failures\n\nLet me start by exploring the project structure to understand the current implementation and what needs to be fixed.\n\nFirst, I'll examine the project files to understand the current state.\n</think>\n\nI'll help you restore the correct pagination behavior across the Express API and React client. Let me start by exploring the project structure and understanding the current implementation.\n<think>Now I need to explore the project structure to understand the current implementation. Let me first read the key files to understand the structure better.\n\nI should start by looking at:\n1. The project files structure that was shown\n2. The main server files (app.ts, db.ts, inventoryRepository.ts)\n3. The client files (InventoryView.tsx, useInventory.tsx)\n4. The shared types\n5. The test files\n6. The configuration files (package.json, etc.)\n\nLet me start by reading the key files to understand the current state.\n</think>\n\nI'll help you fix the pagination service in this TypeScript project. Let me start by exploring the current implementation to understand the structure and identify issues.\n<think>Let me try a different approach. Let me first explore the project structure to understand what files are available.\n</think>\n\n\n<think>The workspace seems empty based on the list_directory result. Let me check the absolute path more carefully - it looks like the directory structure shown earlier includes the actual files. Let me try reading from the correct absolute paths.\n\nFrom the initial context, I can see the files are located at:\n- /home/runner/work/vybestack-site/vybestack-site/evals/problems/pagination/.tmp-workspace-979086fa-d129-4e95-8321-ab3d17a357a5-JSeslW/workspace/\n\nI can see these files exist:\n- package.json\n- problem.md\n- prompt.md\n- src/server/app.ts\n- src/server/inventoryRepository.ts\n- src/client/useInventory.tsx\n- src/client/InventoryView.tsx\n- src/shared/types.ts\n\nLet me try to read these files with the correct absolute paths.\n</think>\n\n\n<think>I need to get the correct file paths. Let me check the actual structure again and read the files properly.\n</think>\n\n\n<think>It seems like all the files are being ignored by git. Let me try to list the directory again and see what's happening.\n</think>\n\n\n<think>Good, now I can see the project structure. Let me read the key files to understand the current implementation.\n</think>\n\n\n<think>It seems like the files are not being read due to some issue. Let me try to check the actual structure and read files one by one.\n</think>\n\n\n<think>I'm getting git-ignored directories. Let me try to ignore the gitignore patterns and see the actual files.\n</think>\n\n\n<think>I see the src directory exists. Let me try listing the client, server, and shared directories to see their contents.\n</think>\n\n\n<think>Good, now I can see the files. Let me read the key files to understand the current implementation.\n</think>\n\n\n<think>It seems like the files are not being read. Let me try to read them one by one instead of using read_many_files.\n</think>\n\n\n<think>I need to explore the project structure. Let me try reading files individually.\n</think>\n\n\n<think>Good, I now have a better understanding of the project. Let me examine the actual source files to understand the current implementation.\n\nThe project has:\n1. A TypeScript Express API with SQLite backend\n2. A React client\n3. Tests that validate the pagination behavior\n\nLet me read the source files to understand what's currently implemented and what needs to be fixed.\n</think>\n\n\n<think>Now I'm getting some files. Let me continue reading the other important files to understand the current implementation.\n</think>\n\n\n<think>I can see the project structure and the current implementation. Looking at the files:\n\n1. **app.ts** - The Express app currently has basic pagination support but lacks validation\n2. **inventoryRepository.ts** - This has a bug! The offset calculation is wrong: `const offset = page * limit;` should be `const offset = (page - 1) * limit;` - this means it's skipping the first page entirely\n3. **Missing types.ts** - I need to check the shared types\n4. **Missing client files** - I need to check the React components\n\nLet me continue reading the files to understand the complete picture.\n</think>\n\n\n<think>Now I need to understand the React components:\n</think>\n\n\n<think>I can see the code now. Let me analyze the issues:\n\n1. **Express API issues in app.ts:**\n   - No validation for page/limit parameters (non-numeric, negative, zero, excessive values)\n   - Missing default values properly applied\n\n2. **inventoryRepository.ts issues:**\n   - Bug in offset calculation: `offset = page * limit` should be `offset = (page - 1) * limit`\n   - No validation for page/limit parameters\n   - The validation in the repo doesn't properly validate for non-numeric values or excessive values\n\n3. **useInventory.tsx issues:**\n   - Not passing page/limit to the API call\n   - Dependencies array is missing page and limit, so it doesn't reload when they change\n   - Not handling validation errors from the server properly\n\nLet me also check the React component and test files to understand the full scope.\n</think>\n\n\n<think>Now I understand the current state of the project and the issues. Let me analyze what needs to be fixed:\n\n1. **Express API issues:**\n   - No validation of page/limit parameters (accepts non-numeric, negative, zero, or excessive values)\n   - The offset calculation is wrong: `offset = page * limit` should be `offset = (page - 1) * limit`\n   - Missing validation for excessive values\n\n2. **React client issues:**\n   - The useInventory hook doesn't include page/limit in the dependency array, so it never reloads when they change\n   - The fetch URL doesn't include the page/limit query parameters\n   - InventoryView component is hardcoded to use page 1 and doesn't have pagination controls\n\nLet me update my todo list and start fixing these issues.\n</think>\n\nThis task seems to involve multiple steps. A todo list might help track your progress.\n",
          "stderr": "",
          "duration": 66731,
          "label": "llxprt-synthetic-minimax"
        },
        "buildResults": [
          {
            "command": "npm install",
            "cwd": "/home/runner/work/vybestack-site/vybestack-site/evals/problems/pagination/.tmp-workspace-979086fa-d129-4e95-8321-ab3d17a357a5-JSeslW/workspace",
            "exitCode": 0,
            "stdout": "\nup to date, audited 371 packages in 865ms\n\n79 packages are looking for funding\n  run `npm fund` for details\n\n2 moderate severity vulnerabilities\n\nTo address all issues, run:\n  npm audit fix\n\nRun `npm audit` for details.\n",
            "stderr": "",
            "duration": 950,
            "label": "workspace-install"
          },
          {
            "command": "npm run typecheck",
            "cwd": "/home/runner/work/vybestack-site/vybestack-site/evals/problems/pagination/.tmp-workspace-979086fa-d129-4e95-8321-ab3d17a357a5-JSeslW/workspace",
            "exitCode": 0,
            "stdout": "\n> pagination-eval@0.0.1 typecheck\n> tsc --noEmit\n\n",
            "stderr": "",
            "duration": 1717,
            "label": "typecheck"
          },
          {
            "command": "npm run lint",
            "cwd": "/home/runner/work/vybestack-site/vybestack-site/evals/problems/pagination/.tmp-workspace-979086fa-d129-4e95-8321-ab3d17a357a5-JSeslW/workspace",
            "exitCode": 1,
            "stdout": "\n> pagination-eval@0.0.1 lint\n> eslint . --ext .ts,.tsx\n\n\n/home/runner/work/vybestack-site/vybestack-site/evals/problems/pagination/.tmp-workspace-979086fa-d129-4e95-8321-ab3d17a357a5-JSeslW/workspace/src/client/useInventory.tsx\n  16:30  error  'page' is defined but never used   @typescript-eslint/no-unused-vars\n  16:44  error  'limit' is defined but never used  @typescript-eslint/no-unused-vars\n\n✖ 2 problems (2 errors, 0 warnings)\n\n",
            "stderr": "",
            "duration": 2651,
            "label": "lint"
          },
          {
            "command": "npm run test:public",
            "cwd": "/home/runner/work/vybestack-site/vybestack-site/evals/problems/pagination/.tmp-workspace-979086fa-d129-4e95-8321-ab3d17a357a5-JSeslW/workspace",
            "exitCode": 0,
            "stdout": "\n> pagination-eval@0.0.1 test:public\n> vitest run --config vitest.config.public.ts\n\n\n\u001b[7m\u001b[1m\u001b[36m RUN \u001b[39m\u001b[22m\u001b[27m \u001b[36mv1.6.1\u001b[39m \u001b[90m/home/runner/work/vybestack-site/vybestack-site/evals/problems/pagination/.tmp-workspace-979086fa-d129-4e95-8321-ab3d17a357a5-JSeslW/workspace\u001b[39m\n\n \u001b[32m✓\u001b[39m tests/public/smoke.spec.ts \u001b[2m (\u001b[22m\u001b[2m1 test\u001b[22m\u001b[2m)\u001b[22m\u001b[90m 61\u001b[2mms\u001b[22m\u001b[39m\n\n\u001b[2m Test Files \u001b[22m \u001b[1m\u001b[32m1 passed\u001b[39m\u001b[22m\u001b[90m (1)\u001b[39m\n\u001b[2m      Tests \u001b[22m \u001b[1m\u001b[32m1 passed\u001b[39m\u001b[22m\u001b[90m (1)\u001b[39m\n\u001b[2m   Start at \u001b[22m 21:45:11\n\u001b[2m   Duration \u001b[22m 516ms\u001b[2m (transform 55ms, setup 0ms, collect 162ms, tests 61ms, environment 0ms, prepare 97ms)\u001b[22m\n\n",
            "stderr": "",
            "duration": 1041,
            "label": "test:public"
          }
        ],
        "gradeResults": [
          {
            "command": "npm run lint",
            "cwd": "/home/runner/work/vybestack-site/vybestack-site/evals/grading/pagination",
            "exitCode": 1,
            "stdout": "\n> pagination-grading@0.0.1 lint\n> eslint workspace/src workspace/tests --ext .ts,.tsx\n\n\n/home/runner/work/vybestack-site/vybestack-site/evals/grading/pagination/workspace/src/client/useInventory.tsx\n  16:30  error  'page' is defined but never used   @typescript-eslint/no-unused-vars\n  16:44  error  'limit' is defined but never used  @typescript-eslint/no-unused-vars\n\n✖ 2 problems (2 errors, 0 warnings)\n\n",
            "stderr": "",
            "duration": 2606,
            "label": "lint"
          },
          {
            "command": "npm run typecheck",
            "cwd": "/home/runner/work/vybestack-site/vybestack-site/evals/grading/pagination",
            "exitCode": 0,
            "stdout": "\n> pagination-grading@0.0.1 typecheck\n> tsc -p tsconfig.json\n\n",
            "stderr": "",
            "duration": 1682,
            "label": "typecheck"
          },
          {
            "command": "npm run test:hidden",
            "cwd": "/home/runner/work/vybestack-site/vybestack-site/evals/grading/pagination",
            "exitCode": 1,
            "stdout": "\n> pagination-grading@0.0.1 test:hidden\n> vitest run --config vitest.config.hidden.ts\n\n\n\u001b[7m\u001b[1m\u001b[36m RUN \u001b[39m\u001b[22m\u001b[27m \u001b[36mv1.6.1\u001b[39m \u001b[90m/home/runner/work/vybestack-site/vybestack-site/evals/grading/pagination\u001b[39m\n\n \u001b[33m❯\u001b[39m tests/hidden/api.spec.ts \u001b[2m (\u001b[22m\u001b[2m3 tests\u001b[22m \u001b[2m|\u001b[22m \u001b[31m3 failed\u001b[39m\u001b[2m)\u001b[22m\u001b[90m 93\u001b[2mms\u001b[22m\u001b[39m\n\u001b[31m   \u001b[33m❯\u001b[31m tests/hidden/api.spec.ts\u001b[2m > \u001b[22mGET /inventory pagination\u001b[2m > \u001b[22mreturns the correct slice of data for a mid-page request\u001b[39m\n\u001b[31m     → expected [ 9, 10, 11, 12 ] to deeply equal [ 5, 6, 7, 8 ]\u001b[39m\n\u001b[31m   \u001b[33m❯\u001b[31m tests/hidden/api.spec.ts\u001b[2m > \u001b[22mGET /inventory pagination\u001b[2m > \u001b[22mindicates when the final page has been reached\u001b[39m\n\u001b[31m     → expected [] to have a length of 3 but got +0\u001b[39m\n\u001b[31m   \u001b[33m❯\u001b[31m tests/hidden/api.spec.ts\u001b[2m > \u001b[22mGET /inventory pagination\u001b[2m > \u001b[22mrejects invalid pagination parameters\u001b[39m\n\u001b[31m     → expected 200 to be 400 // Object.is equality\u001b[39m\n\n\n::error file=/home/runner/work/vybestack-site/vybestack-site/evals/grading/pagination/tests/hidden/api.spec.ts,title=tests/hidden/api.spec.ts > GET /inventory pagination > returns the correct slice of data for a mid-page request,line=43,column=17::AssertionError: expected [ 9, 10, 11, 12 ] to deeply equal [ 5, 6, 7, 8 ]%0A%0A- Expected%0A+ Received%0A%0A  Array [%0A-   5,%0A-   6,%0A-   7,%0A-   8,%0A+   9,%0A+   10,%0A+   11,%0A+   12,%0A  ]%0A%0A ❯ tests/hidden/api.spec.ts:43:17%0A%0A\n\n::error file=/home/runner/work/vybestack-site/vybestack-site/evals/grading/pagination/tests/hidden/api.spec.ts,title=tests/hidden/api.spec.ts > GET /inventory pagination > indicates when the final page has been reached,line=51,column=33::AssertionError: expected [] to have a length of 3 but got +0%0A%0A- Expected%0A+ Received%0A%0A- 3%0A+ 0%0A%0A ❯ tests/hidden/api.spec.ts:51:33%0A%0A\n\n::error file=/home/runner/work/vybestack-site/vybestack-site/evals/grading/pagination/tests/hidden/api.spec.ts,title=tests/hidden/api.spec.ts > GET /inventory pagination > rejects invalid pagination parameters,line=59,column=29::AssertionError: expected 200 to be 400 // Object.is equality%0A%0A- Expected%0A+ Received%0A%0A- 400%0A+ 200%0A%0A ❯ tests/hidden/api.spec.ts:59:29%0A%0A\n\u001b[2m Test Files \u001b[22m \u001b[1m\u001b[31m1 failed\u001b[39m\u001b[22m\u001b[90m (1)\u001b[39m\n\u001b[2m      Tests \u001b[22m \u001b[1m\u001b[31m3 failed\u001b[39m\u001b[22m\u001b[90m (3)\u001b[39m\n\u001b[2m   Start at \u001b[22m 21:45:17\n\u001b[2m   Duration \u001b[22m 987ms\u001b[2m (transform 59ms, setup 73ms, collect 129ms, tests 93ms, environment 396ms, prepare 88ms)\u001b[22m\n\n",
            "stderr": "\u001b[31m⎯⎯⎯⎯⎯⎯⎯\u001b[1m\u001b[7m Failed Tests 3 \u001b[27m\u001b[22m⎯⎯⎯⎯⎯⎯⎯\u001b[39m\n\n\u001b[31m\u001b[1m\u001b[7m FAIL \u001b[27m\u001b[22m\u001b[39m tests/hidden/api.spec.ts\u001b[2m > \u001b[22mGET /inventory pagination\u001b[2m > \u001b[22mreturns the correct slice of data for a mid-page request\n\u001b[31m\u001b[1mAssertionError\u001b[22m: expected [ 9, 10, 11, 12 ] to deeply equal [ 5, 6, 7, 8 ]\u001b[39m\n\n- Expected\n+ Received\n\n  Array [\n-   5,\n-   6,\n-   7,\n-   8,\n+   9,\n+   10,\n+   11,\n+   12,\n  ]\n\n\u001b[36m \u001b[2m❯\u001b[22m tests/hidden/api.spec.ts:\u001b[2m43:17\u001b[22m\u001b[39m\n    \u001b[90m 41| \u001b[39m\n    \u001b[90m 42| \u001b[39m    \u001b[35mconst\u001b[39m ids \u001b[33m=\u001b[39m response\u001b[33m.\u001b[39mbody\u001b[33m.\u001b[39mitems\u001b[33m.\u001b[39m\u001b[34mmap\u001b[39m((item\u001b[33m:\u001b[39m { id\u001b[33m:\u001b[39m number }) \u001b[33m=>\u001b[39m item…\n    \u001b[90m 43| \u001b[39m    \u001b[34mexpect\u001b[39m(ids)\u001b[33m.\u001b[39m\u001b[34mtoEqual\u001b[39m([\u001b[34m5\u001b[39m\u001b[33m,\u001b[39m \u001b[34m6\u001b[39m\u001b[33m,\u001b[39m \u001b[34m7\u001b[39m\u001b[33m,\u001b[39m \u001b[34m8\u001b[39m])\u001b[33m;\u001b[39m\n    \u001b[90m   | \u001b[39m                \u001b[31m^\u001b[39m\n    \u001b[90m 44| \u001b[39m    taskStatus\u001b[33m.\u001b[39m\u001b[35mset\u001b[39m(\u001b[32m'api-mid-page-request'\u001b[39m\u001b[33m,\u001b[39m \u001b[35mtrue\u001b[39m)\u001b[33m;\u001b[39m\n    \u001b[90m 45| \u001b[39m  })\u001b[33m;\u001b[39m\n\n\u001b[31m\u001b[2m⎯⎯⎯⎯⎯⎯⎯⎯⎯⎯⎯⎯⎯⎯⎯⎯⎯⎯⎯⎯⎯⎯⎯⎯[1/3]⎯\u001b[22m\u001b[39m\n\n\u001b[31m\u001b[1m\u001b[7m FAIL \u001b[27m\u001b[22m\u001b[39m tests/hidden/api.spec.ts\u001b[2m > \u001b[22mGET /inventory pagination\u001b[2m > \u001b[22mindicates when the final page has been reached\n\u001b[31m\u001b[1mAssertionError\u001b[22m: expected [] to have a length of 3 but got +0\u001b[39m\n\n- Expected\n+ Received\n\n- 3\n+ 0\n\n\u001b[36m \u001b[2m❯\u001b[22m tests/hidden/api.spec.ts:\u001b[2m51:33\u001b[22m\u001b[39m\n    \u001b[90m 49| \u001b[39m\n    \u001b[90m 50| \u001b[39m    \u001b[34mexpect\u001b[39m(response\u001b[33m.\u001b[39mstatus)\u001b[33m.\u001b[39m\u001b[34mtoBe\u001b[39m(\u001b[34m200\u001b[39m)\u001b[33m;\u001b[39m\n    \u001b[90m 51| \u001b[39m    \u001b[34mexpect\u001b[39m(response\u001b[33m.\u001b[39mbody\u001b[33m.\u001b[39mitems)\u001b[33m.\u001b[39m\u001b[34mtoHaveLength\u001b[39m(\u001b[34m3\u001b[39m)\u001b[33m;\u001b[39m\n    \u001b[90m   | \u001b[39m                                \u001b[31m^\u001b[39m\n    \u001b[90m 52| \u001b[39m    \u001b[34mexpect\u001b[39m(response\u001b[33m.\u001b[39mbody\u001b[33m.\u001b[39mhasNext)\u001b[33m.\u001b[39m\u001b[34mtoBe\u001b[39m(\u001b[35mfalse\u001b[39m)\u001b[33m;\u001b[39m\n    \u001b[90m 53| \u001b[39m    taskStatus\u001b[33m.\u001b[39m\u001b[35mset\u001b[39m(\u001b[32m'api-final-page-handling'\u001b[39m\u001b[33m,\u001b[39m \u001b[35mtrue\u001b[39m)\u001b[33m;\u001b[39m\n\n\u001b[31m\u001b[2m⎯⎯⎯⎯⎯⎯⎯⎯⎯⎯⎯⎯⎯⎯⎯⎯⎯⎯⎯⎯⎯⎯⎯⎯[2/3]⎯\u001b[22m\u001b[39m\n\n\u001b[31m\u001b[1m\u001b[7m FAIL \u001b[27m\u001b[22m\u001b[39m tests/hidden/api.spec.ts\u001b[2m > \u001b[22mGET /inventory pagination\u001b[2m > \u001b[22mrejects invalid pagination parameters\n\u001b[31m\u001b[1mAssertionError\u001b[22m: expected 200 to be 400 // Object.is equality\u001b[39m\n\n- Expected\n+ Received\n\n- 400\n+ 200\n\n\u001b[36m \u001b[2m❯\u001b[22m tests/hidden/api.spec.ts:\u001b[2m59:29\u001b[22m\u001b[39m\n    \u001b[90m 57| \u001b[39m    \u001b[35mconst\u001b[39m response \u001b[33m=\u001b[39m \u001b[35mawait\u001b[39m \u001b[34mrequest\u001b[39m(app)\u001b[33m.\u001b[39m\u001b[35mget\u001b[39m(\u001b[32m'/inventory'\u001b[39m)\u001b[33m.\u001b[39m\u001b[34mquery\u001b[39m({ page…\n    \u001b[90m 58| \u001b[39m\n    \u001b[90m 59| \u001b[39m    \u001b[34mexpect\u001b[39m(response\u001b[33m.\u001b[39mstatus)\u001b[33m.\u001b[39m\u001b[34mtoBe\u001b[39m(\u001b[34m400\u001b[39m)\u001b[33m;\u001b[39m\n    \u001b[90m   | \u001b[39m                            \u001b[31m^\u001b[39m\n    \u001b[90m 60| \u001b[39m    \u001b[34mexpect\u001b[39m((response\u001b[33m.\u001b[39mbody\u001b[33m.\u001b[39merror \u001b[33m??\u001b[39m \u001b[32m''\u001b[39m)\u001b[33m.\u001b[39m\u001b[34mtoLowerCase\u001b[39m())\u001b[33m.\u001b[39m\u001b[34mtoContain\u001b[39m(\u001b[32m'page'\u001b[39m…\n    \u001b[90m 61| \u001b[39m    taskStatus\u001b[33m.\u001b[39m\u001b[35mset\u001b[39m(\u001b[32m'api-invalid-parameter-handling'\u001b[39m\u001b[33m,\u001b[39m \u001b[35mtrue\u001b[39m)\u001b[33m;\u001b[39m\n\n\u001b[31m\u001b[2m⎯⎯⎯⎯⎯⎯⎯⎯⎯⎯⎯⎯⎯⎯⎯⎯⎯⎯⎯⎯⎯⎯⎯⎯[3/3]⎯\u001b[22m\u001b[39m\n\n",
            "duration": 1510,
            "label": "test:hidden"
          }
        ],
        "feedbackForNextPass": {
          "bullets": [
            "It isn't working correctly.",
            "Lint failed. Fix the reported lint errors.",
            "::error title=tests/api.spec.ts > GET /inventory pagination > returns the correct slice of data for a mid-page request,line=43,column=17::AssertionError: expect…",
            "Please resolve the issues and re-run lint, tests, and build before finishing."
          ],
          "failingSteps": [
            {
              "step": "lint",
              "exitCode": 1,
              "message": "Lint failed. Fix the reported lint errors."
            },
            {
              "step": "lint",
              "exitCode": 1,
              "message": "Lint failed. Fix the reported lint errors."
            },
            {
              "step": "test:hidden",
              "exitCode": 1,
              "message": "::error title=tests/api.spec.ts > GET /inventory pagination > returns the correct slice of data for a mid-page request,line=43,column=17::AssertionError: expect…",
              "snippet": "::error title=tests/api.spec.ts > GET /inventory pagination > returns the correct slice of data for a mid-page request,line=43,column=17::AssertionError: expect…"
            }
          ],
          "hiddenAssertions": [
            "::error title=tests/api.spec.ts > GET /inventory pagination > returns the correct slice of data for a mid-page request,line=43,column=17::AssertionError: expect…"
          ],
          "publicTestFailures": [],
          "hiddenTestFailures": []
        },
        "publicTestFailures": [],
        "hiddenTestFailures": [],
        "vybes": {
          "taskName": "pagination",
          "configId": "llxprt-synthetic-minimax",
          "complexityMultiplier": 5,
          "timeLimitMinutes": 10,
          "baseScore": 500,
          "successPercentage": 0,
          "baselineSuccessPercentage": 0,
          "adjustedSuccessPercentage": 0,
          "timePenaltyMultiplier": 1,
          "rawScore": 0,
          "finalScore": 0,
          "actualTimeMinutes": 1.112,
          "description": "Server and client pagination repair",
          "category": "full-stack",
          "breakdown": {
            "subtasksPassed": 0,
            "subtasksTotal": 5,
            "modulesCompleted": [],
            "modulesIncomplete": [
              "pagination"
            ],
            "modules": {
              "pagination": {
                "passed": 0,
                "total": 5,
                "passedTasks": [],
                "failedTasks": [
                  "api-mid-page-request",
                  "api-final-page-handling",
                  "api-invalid-parameter-handling",
                  "client-navigation",
                  "client-alert"
                ]
              }
            }
          },
          "error": "lint/typecheck failed",
          "status": "error",
          "passesAttempted": 2,
          "selectedPass": 1,
          "totalCliDurationMs": 66731
        }
      },
      {
        "passNumber": 3,
        "startedAt": "2025-10-31T21:45:18.362Z",
        "finishedAt": "2025-10-31T21:46:12.797Z",
        "totalDuration": 54435,
        "promptHash": "5fc2a003401f5893ca6a9e746545f8d0142621a56de50a3d581f9dfdf855c5cf",
        "appliedFeedback": [
          "It isn't working correctly.",
          "Lint failed. Fix the reported lint errors.",
          "::error title=tests/api.spec.ts > GET /inventory pagination > returns the correct slice of data for a mid-page request,line=43,column=17::AssertionError: expect…",
          "Please resolve the issues and re-run lint, tests, and build before finishing."
        ],
        "success": false,
        "partialSuccess": false,
        "workspaceArchive": "/home/runner/work/vybestack-site/vybestack-site/evals/outputs/pagination-2025-10-31T21-42-40-259Z/llxprt-synthetic-minimax/passes/pass-3/workspace",
        "resultsArchive": "/home/runner/work/vybestack-site/vybestack-site/evals/outputs/pagination-2025-10-31T21-42-40-259Z/llxprt-synthetic-minimax/passes/pass-3/results",
        "cliResult": {
          "command": "llxprt --provider openai --baseurl https://api.synthetic.new/openai/v1 --key *** --model hf:MiniMaxAI/MiniMax-M2 --set context-limit=190000 --set shell-replacement=true --set modelparam.temperature=1 --yolo",
          "cwd": "/home/runner/work/vybestack-site/vybestack-site/evals/problems/pagination/.tmp-workspace-979086fa-d129-4e95-8321-ab3d17a357a5-JSeslW/workspace",
          "exitCode": 0,
          "stdout": "<think>The user is asking me to fix a Pagination Service Repair TypeScript project. The project has:\n\n1. An Express API backed by SQLite\n2. A React client\n3. Missing critical pagination behavior\n\nThe requirements are:\n- GET /inventory must accept `page` and `limit` query parameters (default `page = 1`, `limit = 5`)\n- Validate inputs: reject non-numeric, negative, zero, or excessive values with HTTP 400\n- Query must return the correct slice of items without skipping or duplicating rows\n- Response should include pagination metadata: `page`, `limit`, `total`, `hasNext`\n- React hook/component must request the selected page, update when the user navigates, and surface errors\n- Provide \"Previous\" and \"Next\" controls that disable appropriately when there is no further data\n- Ensure the UI renders empty states and propagates server validation errors\n- Keep the database bootstrap (`createDatabase`) intact so tests can create a fresh DB each run\n\nThe user wants me to run these commands and report any failures:\nnpm install\nnpm run typecheck\nnpm run lint\nnpm run test:public\n\nAnd finally:\nnpm run typecheck, npm run lint, npm run test:public, npm run build\n\nI should use a todo list to organize this multi-step work.\n\nLet me start by exploring the codebase to understand the current implementation.\n</think>\n\nI'll help you fix the Pagination Service Repair project. Let me start by exploring the codebase to understand the current implementation and then organize the work using a todo list.\n<think>Let me start by exploring the codebase structure to understand the current implementation and what's broken.\n</think>\n\nI'll help you fix the pagination service. Let me start by exploring the codebase structure to understand the current implementation.\n<think>It seems the read_many_files didn't find the files. Let me check the directory structure more carefully to see the actual paths.\n</think>\n\n\n<think>The paths might be different. Let me first check the actual structure and then read the files properly.\n</think>\n\n\n<think>It seems like the workspace directory is empty or the listing is showing git-ignored files. Let me check if the source files are in a different location or if there's an issue with the file paths. Let me try to list the files more explicitly.\n</think>\n\n\n<think>Good, I can see the file structure. Let me read the key files to understand the current implementation:\n\n1. src/server/app.ts - Express app\n2. src/server/inventoryRepository.ts - Repository for inventory data\n3. src/server/db.ts - Database connection\n4. src/client/useInventory.tsx - React hook for inventory\n5. src/client/InventoryView.tsx - React component\n6. src/shared/types.ts - Shared types\n7. tests/public/smoke.spec.ts - Test file\n\nLet me read these files to understand the current state.\n</think>\n\nNow let me read the key files to understand the current implementation:\n<think>The files are not being found by read_many_files. Let me try reading them individually with read_file.\n</think>\n\n\n<think>Good, I found the shared types. Let me now read the other files to understand the current implementation.\n</think>\n\n\n<think>Good! I can see the main bug. Let me look at the other files to understand the full context. The repository file has a critical bug in the offset calculation - it's using `page * limit` instead of `(page - 1) * limit`, which would skip the first page entirely.\n\nLet me read the other files to understand the complete picture.\n</think>\n\n\n<think>Now I can see the issues in the code:\n\n1. In `app.ts`:\n   - No validation for page/limit parameters\n   - No error handling for invalid inputs (non-numeric, negative, zero, excessive values)\n\n2. In `inventoryRepository.ts`:\n   - Bug in offset calculation: `offset = page * limit` should be `offset = (page - 1) * limit`\n   - No validation of page/limit parameters\n   - The validation logic doesn't reject invalid inputs\n\nLet me read the React client code to understand how it handles pagination.\n</think>\n\n\n<think>Now let me check the InventoryView component to understand the UI part.\n</think>\n\n\n<think>Now I can see the issues clearly. Let me analyze what needs to be fixed:\n\n1. **Server-side issues in inventoryRepository.ts:**\n   - The offset calculation is wrong: `const offset = page * limit;` should be `const offset = (page - 1) * limit;`\n   - No validation for query parameters (negative, zero, non-numeric values)\n   - No input validation in the API endpoint\n\n2. **Server-side issues in app.ts:**\n   - No validation of page/limit parameters\n   - No proper error handling for invalid inputs\n   - Missing HTTP 400 responses for invalid inputs\n\n3. **Client-side issues in useInventory.tsx:**\n   - The fetch URL doesn't include query parameters\n   - The dependency array in useEffect is missing page and limit\n   - No error handling for invalid server responses\n\n4. **Client-side issues in InventoryView.tsx:**\n   - No pagination controls (Previous/Next buttons)\n   - No state management for current page\n   - Fixed page number (1) instead of dynamic\n\nLet me check the test file to understand what's expected:\n</think>\n\n\n<think>Let me examine the test file to see if there are more pagination tests:\n</think>\n\nThis task seems to involve multiple steps. A todo list might help track your progress.\n",
          "stderr": "",
          "duration": 42310,
          "label": "llxprt-synthetic-minimax"
        },
        "buildResults": [
          {
            "command": "npm install",
            "cwd": "/home/runner/work/vybestack-site/vybestack-site/evals/problems/pagination/.tmp-workspace-979086fa-d129-4e95-8321-ab3d17a357a5-JSeslW/workspace",
            "exitCode": 0,
            "stdout": "\nup to date, audited 371 packages in 836ms\n\n79 packages are looking for funding\n  run `npm fund` for details\n\n2 moderate severity vulnerabilities\n\nTo address all issues, run:\n  npm audit fix\n\nRun `npm audit` for details.\n",
            "stderr": "",
            "duration": 925,
            "label": "workspace-install"
          },
          {
            "command": "npm run typecheck",
            "cwd": "/home/runner/work/vybestack-site/vybestack-site/evals/problems/pagination/.tmp-workspace-979086fa-d129-4e95-8321-ab3d17a357a5-JSeslW/workspace",
            "exitCode": 0,
            "stdout": "\n> pagination-eval@0.0.1 typecheck\n> tsc --noEmit\n\n",
            "stderr": "",
            "duration": 1673,
            "label": "typecheck"
          },
          {
            "command": "npm run lint",
            "cwd": "/home/runner/work/vybestack-site/vybestack-site/evals/problems/pagination/.tmp-workspace-979086fa-d129-4e95-8321-ab3d17a357a5-JSeslW/workspace",
            "exitCode": 1,
            "stdout": "\n> pagination-eval@0.0.1 lint\n> eslint . --ext .ts,.tsx\n\n\n/home/runner/work/vybestack-site/vybestack-site/evals/problems/pagination/.tmp-workspace-979086fa-d129-4e95-8321-ab3d17a357a5-JSeslW/workspace/src/client/useInventory.tsx\n  16:30  error  'page' is defined but never used   @typescript-eslint/no-unused-vars\n  16:44  error  'limit' is defined but never used  @typescript-eslint/no-unused-vars\n\n✖ 2 problems (2 errors, 0 warnings)\n\n",
            "stderr": "",
            "duration": 2667,
            "label": "lint"
          },
          {
            "command": "npm run test:public",
            "cwd": "/home/runner/work/vybestack-site/vybestack-site/evals/problems/pagination/.tmp-workspace-979086fa-d129-4e95-8321-ab3d17a357a5-JSeslW/workspace",
            "exitCode": 0,
            "stdout": "\n> pagination-eval@0.0.1 test:public\n> vitest run --config vitest.config.public.ts\n\n\n\u001b[7m\u001b[1m\u001b[36m RUN \u001b[39m\u001b[22m\u001b[27m \u001b[36mv1.6.1\u001b[39m \u001b[90m/home/runner/work/vybestack-site/vybestack-site/evals/problems/pagination/.tmp-workspace-979086fa-d129-4e95-8321-ab3d17a357a5-JSeslW/workspace\u001b[39m\n\n \u001b[32m✓\u001b[39m tests/public/smoke.spec.ts \u001b[2m (\u001b[22m\u001b[2m1 test\u001b[22m\u001b[2m)\u001b[22m\u001b[90m 63\u001b[2mms\u001b[22m\u001b[39m\n\n\u001b[2m Test Files \u001b[22m \u001b[1m\u001b[32m1 passed\u001b[39m\u001b[22m\u001b[90m (1)\u001b[39m\n\u001b[2m      Tests \u001b[22m \u001b[1m\u001b[32m1 passed\u001b[39m\u001b[22m\u001b[90m (1)\u001b[39m\n\u001b[2m   Start at \u001b[22m 21:46:06\n\u001b[2m   Duration \u001b[22m 500ms\u001b[2m (transform 50ms, setup 0ms, collect 156ms, tests 63ms, environment 0ms, prepare 82ms)\u001b[22m\n\n",
            "stderr": "",
            "duration": 1026,
            "label": "test:public"
          }
        ],
        "gradeResults": [
          {
            "command": "npm run lint",
            "cwd": "/home/runner/work/vybestack-site/vybestack-site/evals/grading/pagination",
            "exitCode": 1,
            "stdout": "\n> pagination-grading@0.0.1 lint\n> eslint workspace/src workspace/tests --ext .ts,.tsx\n\n\n/home/runner/work/vybestack-site/vybestack-site/evals/grading/pagination/workspace/src/client/useInventory.tsx\n  16:30  error  'page' is defined but never used   @typescript-eslint/no-unused-vars\n  16:44  error  'limit' is defined but never used  @typescript-eslint/no-unused-vars\n\n✖ 2 problems (2 errors, 0 warnings)\n\n",
            "stderr": "",
            "duration": 2634,
            "label": "lint"
          },
          {
            "command": "npm run typecheck",
            "cwd": "/home/runner/work/vybestack-site/vybestack-site/evals/grading/pagination",
            "exitCode": 0,
            "stdout": "\n> pagination-grading@0.0.1 typecheck\n> tsc -p tsconfig.json\n\n",
            "stderr": "",
            "duration": 1677,
            "label": "typecheck"
          },
          {
            "command": "npm run test:hidden",
            "cwd": "/home/runner/work/vybestack-site/vybestack-site/evals/grading/pagination",
            "exitCode": 1,
            "stdout": "\n> pagination-grading@0.0.1 test:hidden\n> vitest run --config vitest.config.hidden.ts\n\n\n\u001b[7m\u001b[1m\u001b[36m RUN \u001b[39m\u001b[22m\u001b[27m \u001b[36mv1.6.1\u001b[39m \u001b[90m/home/runner/work/vybestack-site/vybestack-site/evals/grading/pagination\u001b[39m\n\n \u001b[33m❯\u001b[39m tests/hidden/api.spec.ts \u001b[2m (\u001b[22m\u001b[2m3 tests\u001b[22m \u001b[2m|\u001b[22m \u001b[31m3 failed\u001b[39m\u001b[2m)\u001b[22m\u001b[90m 98\u001b[2mms\u001b[22m\u001b[39m\n\u001b[31m   \u001b[33m❯\u001b[31m tests/hidden/api.spec.ts\u001b[2m > \u001b[22mGET /inventory pagination\u001b[2m > \u001b[22mreturns the correct slice of data for a mid-page request\u001b[39m\n\u001b[31m     → expected [ 9, 10, 11, 12 ] to deeply equal [ 5, 6, 7, 8 ]\u001b[39m\n\u001b[31m   \u001b[33m❯\u001b[31m tests/hidden/api.spec.ts\u001b[2m > \u001b[22mGET /inventory pagination\u001b[2m > \u001b[22mindicates when the final page has been reached\u001b[39m\n\u001b[31m     → expected [] to have a length of 3 but got +0\u001b[39m\n\u001b[31m   \u001b[33m❯\u001b[31m tests/hidden/api.spec.ts\u001b[2m > \u001b[22mGET /inventory pagination\u001b[2m > \u001b[22mrejects invalid pagination parameters\u001b[39m\n\u001b[31m     → expected 200 to be 400 // Object.is equality\u001b[39m\n\n\n::error file=/home/runner/work/vybestack-site/vybestack-site/evals/grading/pagination/tests/hidden/api.spec.ts,title=tests/hidden/api.spec.ts > GET /inventory pagination > returns the correct slice of data for a mid-page request,line=43,column=17::AssertionError: expected [ 9, 10, 11, 12 ] to deeply equal [ 5, 6, 7, 8 ]%0A%0A- Expected%0A+ Received%0A%0A  Array [%0A-   5,%0A-   6,%0A-   7,%0A-   8,%0A+   9,%0A+   10,%0A+   11,%0A+   12,%0A  ]%0A%0A ❯ tests/hidden/api.spec.ts:43:17%0A%0A\n\n::error file=/home/runner/work/vybestack-site/vybestack-site/evals/grading/pagination/tests/hidden/api.spec.ts,title=tests/hidden/api.spec.ts > GET /inventory pagination > indicates when the final page has been reached,line=51,column=33::AssertionError: expected [] to have a length of 3 but got +0%0A%0A- Expected%0A+ Received%0A%0A- 3%0A+ 0%0A%0A ❯ tests/hidden/api.spec.ts:51:33%0A%0A\n\n::error file=/home/runner/work/vybestack-site/vybestack-site/evals/grading/pagination/tests/hidden/api.spec.ts,title=tests/hidden/api.spec.ts > GET /inventory pagination > rejects invalid pagination parameters,line=59,column=29::AssertionError: expected 200 to be 400 // Object.is equality%0A%0A- Expected%0A+ Received%0A%0A- 400%0A+ 200%0A%0A ❯ tests/hidden/api.spec.ts:59:29%0A%0A\n\u001b[2m Test Files \u001b[22m \u001b[1m\u001b[31m1 failed\u001b[39m\u001b[22m\u001b[90m (1)\u001b[39m\n\u001b[2m      Tests \u001b[22m \u001b[1m\u001b[31m3 failed\u001b[39m\u001b[22m\u001b[90m (3)\u001b[39m\n\u001b[2m   Start at \u001b[22m 21:46:11\n\u001b[2m   Duration \u001b[22m 995ms\u001b[2m (transform 62ms, setup 81ms, collect 134ms, tests 98ms, environment 394ms, prepare 84ms)\u001b[22m\n\n",
            "stderr": "\u001b[31m⎯⎯⎯⎯⎯⎯⎯\u001b[1m\u001b[7m Failed Tests 3 \u001b[27m\u001b[22m⎯⎯⎯⎯⎯⎯⎯\u001b[39m\n\n\u001b[31m\u001b[1m\u001b[7m FAIL \u001b[27m\u001b[22m\u001b[39m tests/hidden/api.spec.ts\u001b[2m > \u001b[22mGET /inventory pagination\u001b[2m > \u001b[22mreturns the correct slice of data for a mid-page request\n\u001b[31m\u001b[1mAssertionError\u001b[22m: expected [ 9, 10, 11, 12 ] to deeply equal [ 5, 6, 7, 8 ]\u001b[39m\n\n- Expected\n+ Received\n\n  Array [\n-   5,\n-   6,\n-   7,\n-   8,\n+   9,\n+   10,\n+   11,\n+   12,\n  ]\n\n\u001b[36m \u001b[2m❯\u001b[22m tests/hidden/api.spec.ts:\u001b[2m43:17\u001b[22m\u001b[39m\n    \u001b[90m 41| \u001b[39m\n    \u001b[90m 42| \u001b[39m    \u001b[35mconst\u001b[39m ids \u001b[33m=\u001b[39m response\u001b[33m.\u001b[39mbody\u001b[33m.\u001b[39mitems\u001b[33m.\u001b[39m\u001b[34mmap\u001b[39m((item\u001b[33m:\u001b[39m { id\u001b[33m:\u001b[39m number }) \u001b[33m=>\u001b[39m item…\n    \u001b[90m 43| \u001b[39m    \u001b[34mexpect\u001b[39m(ids)\u001b[33m.\u001b[39m\u001b[34mtoEqual\u001b[39m([\u001b[34m5\u001b[39m\u001b[33m,\u001b[39m \u001b[34m6\u001b[39m\u001b[33m,\u001b[39m \u001b[34m7\u001b[39m\u001b[33m,\u001b[39m \u001b[34m8\u001b[39m])\u001b[33m;\u001b[39m\n    \u001b[90m   | \u001b[39m                \u001b[31m^\u001b[39m\n    \u001b[90m 44| \u001b[39m    taskStatus\u001b[33m.\u001b[39m\u001b[35mset\u001b[39m(\u001b[32m'api-mid-page-request'\u001b[39m\u001b[33m,\u001b[39m \u001b[35mtrue\u001b[39m)\u001b[33m;\u001b[39m\n    \u001b[90m 45| \u001b[39m  })\u001b[33m;\u001b[39m\n\n\u001b[31m\u001b[2m⎯⎯⎯⎯⎯⎯⎯⎯⎯⎯⎯⎯⎯⎯⎯⎯⎯⎯⎯⎯⎯⎯⎯⎯[1/3]⎯\u001b[22m\u001b[39m\n\n\u001b[31m\u001b[1m\u001b[7m FAIL \u001b[27m\u001b[22m\u001b[39m tests/hidden/api.spec.ts\u001b[2m > \u001b[22mGET /inventory pagination\u001b[2m > \u001b[22mindicates when the final page has been reached\n\u001b[31m\u001b[1mAssertionError\u001b[22m: expected [] to have a length of 3 but got +0\u001b[39m\n\n- Expected\n+ Received\n\n- 3\n+ 0\n\n\u001b[36m \u001b[2m❯\u001b[22m tests/hidden/api.spec.ts:\u001b[2m51:33\u001b[22m\u001b[39m\n    \u001b[90m 49| \u001b[39m\n    \u001b[90m 50| \u001b[39m    \u001b[34mexpect\u001b[39m(response\u001b[33m.\u001b[39mstatus)\u001b[33m.\u001b[39m\u001b[34mtoBe\u001b[39m(\u001b[34m200\u001b[39m)\u001b[33m;\u001b[39m\n    \u001b[90m 51| \u001b[39m    \u001b[34mexpect\u001b[39m(response\u001b[33m.\u001b[39mbody\u001b[33m.\u001b[39mitems)\u001b[33m.\u001b[39m\u001b[34mtoHaveLength\u001b[39m(\u001b[34m3\u001b[39m)\u001b[33m;\u001b[39m\n    \u001b[90m   | \u001b[39m                                \u001b[31m^\u001b[39m\n    \u001b[90m 52| \u001b[39m    \u001b[34mexpect\u001b[39m(response\u001b[33m.\u001b[39mbody\u001b[33m.\u001b[39mhasNext)\u001b[33m.\u001b[39m\u001b[34mtoBe\u001b[39m(\u001b[35mfalse\u001b[39m)\u001b[33m;\u001b[39m\n    \u001b[90m 53| \u001b[39m    taskStatus\u001b[33m.\u001b[39m\u001b[35mset\u001b[39m(\u001b[32m'api-final-page-handling'\u001b[39m\u001b[33m,\u001b[39m \u001b[35mtrue\u001b[39m)\u001b[33m;\u001b[39m\n\n\u001b[31m\u001b[2m⎯⎯⎯⎯⎯⎯⎯⎯⎯⎯⎯⎯⎯⎯⎯⎯⎯⎯⎯⎯⎯⎯⎯⎯[2/3]⎯\u001b[22m\u001b[39m\n\n\u001b[31m\u001b[1m\u001b[7m FAIL \u001b[27m\u001b[22m\u001b[39m tests/hidden/api.spec.ts\u001b[2m > \u001b[22mGET /inventory pagination\u001b[2m > \u001b[22mrejects invalid pagination parameters\n\u001b[31m\u001b[1mAssertionError\u001b[22m: expected 200 to be 400 // Object.is equality\u001b[39m\n\n- Expected\n+ Received\n\n- 400\n+ 200\n\n\u001b[36m \u001b[2m❯\u001b[22m tests/hidden/api.spec.ts:\u001b[2m59:29\u001b[22m\u001b[39m\n    \u001b[90m 57| \u001b[39m    \u001b[35mconst\u001b[39m response \u001b[33m=\u001b[39m \u001b[35mawait\u001b[39m \u001b[34mrequest\u001b[39m(app)\u001b[33m.\u001b[39m\u001b[35mget\u001b[39m(\u001b[32m'/inventory'\u001b[39m)\u001b[33m.\u001b[39m\u001b[34mquery\u001b[39m({ page…\n    \u001b[90m 58| \u001b[39m\n    \u001b[90m 59| \u001b[39m    \u001b[34mexpect\u001b[39m(response\u001b[33m.\u001b[39mstatus)\u001b[33m.\u001b[39m\u001b[34mtoBe\u001b[39m(\u001b[34m400\u001b[39m)\u001b[33m;\u001b[39m\n    \u001b[90m   | \u001b[39m                            \u001b[31m^\u001b[39m\n    \u001b[90m 60| \u001b[39m    \u001b[34mexpect\u001b[39m((response\u001b[33m.\u001b[39mbody\u001b[33m.\u001b[39merror \u001b[33m??\u001b[39m \u001b[32m''\u001b[39m)\u001b[33m.\u001b[39m\u001b[34mtoLowerCase\u001b[39m())\u001b[33m.\u001b[39m\u001b[34mtoContain\u001b[39m(\u001b[32m'page'\u001b[39m…\n    \u001b[90m 61| \u001b[39m    taskStatus\u001b[33m.\u001b[39m\u001b[35mset\u001b[39m(\u001b[32m'api-invalid-parameter-handling'\u001b[39m\u001b[33m,\u001b[39m \u001b[35mtrue\u001b[39m)\u001b[33m;\u001b[39m\n\n\u001b[31m\u001b[2m⎯⎯⎯⎯⎯⎯⎯⎯⎯⎯⎯⎯⎯⎯⎯⎯⎯⎯⎯⎯⎯⎯⎯⎯[3/3]⎯\u001b[22m\u001b[39m\n\n",
            "duration": 1508,
            "label": "test:hidden"
          }
        ],
        "publicTestFailures": [],
        "hiddenTestFailures": [],
        "vybes": {
          "taskName": "pagination",
          "configId": "llxprt-synthetic-minimax",
          "complexityMultiplier": 5,
          "timeLimitMinutes": 10,
          "baseScore": 500,
          "successPercentage": 0,
          "baselineSuccessPercentage": 0,
          "adjustedSuccessPercentage": 0,
          "timePenaltyMultiplier": 1,
          "rawScore": 0,
          "finalScore": 0,
          "actualTimeMinutes": 0.705,
          "description": "Server and client pagination repair",
          "category": "full-stack",
          "breakdown": {
            "subtasksPassed": 0,
            "subtasksTotal": 5,
            "modulesCompleted": [],
            "modulesIncomplete": [
              "pagination"
            ],
            "modules": {
              "pagination": {
                "passed": 0,
                "total": 5,
                "passedTasks": [],
                "failedTasks": [
                  "api-mid-page-request",
                  "api-final-page-handling",
                  "api-invalid-parameter-handling",
                  "client-navigation",
                  "client-alert"
                ]
              }
            }
          },
          "error": "lint/typecheck failed",
          "status": "error",
          "passesAttempted": 3,
          "selectedPass": 2,
          "totalCliDurationMs": 42310
        }
      }
    ]
  },
  "vybes": {
    "taskName": "pagination",
    "configId": "llxprt-synthetic-minimax",
    "complexityMultiplier": 5,
    "timeLimitMinutes": 10,
    "baseScore": 500,
    "successPercentage": 0,
    "baselineSuccessPercentage": 0,
    "adjustedSuccessPercentage": 0,
    "timePenaltyMultiplier": 1,
    "rawScore": 0,
    "finalScore": 0,
    "actualTimeMinutes": 3.542,
    "description": "Server and client pagination repair",
    "category": "full-stack",
    "breakdown": {
      "subtasksPassed": 0,
      "subtasksTotal": 5,
      "modulesCompleted": [],
      "modulesIncomplete": [
        "pagination"
      ],
      "modules": {
        "pagination": {
          "passed": 0,
          "total": 5,
          "passedTasks": [],
          "failedTasks": [
            "api-mid-page-request",
            "api-final-page-handling",
            "api-invalid-parameter-handling",
            "client-navigation",
            "client-alert"
          ]
        }
      }
    },
    "error": "lint/typecheck failed",
    "status": "error",
    "passesAttempted": 3,
    "selectedPass": 0,
    "totalCliDurationMs": 212497,
    "repoVersion": "main@5b85172"
  }
}