{
  "evalName": "base64-fix",
  "configId": "llxprt-synthetic-minimax",
  "startedAt": "2025-10-30T08:37:27.340Z",
  "finishedAt": "2025-10-30T08:37:27.340Z",
  "status": "fail",
  "totalDuration": 268290,
  "totalCliDuration": 268237,
  "commands": [
    {
      "name": "llxprt-synthetic-minimax",
      "command": "llxprt --provider openai --baseurl https://api.synthetic.new/openai/v1 --key *** --model hf:MiniMaxAI/MiniMax-M2 --set context-limit=190000 --set shell-replacement=true --set modelparam.temperature=1 --yolo",
      "cwd": "/home/runner/work/vybestack-site/vybestack-site/evals/problems/base64-fix/.tmp-workspace-8a5c99d9-4413-449a-b252-72743f6d3954-i0NI5v/workspace",
      "exitCode": 0,
      "stdout": "<think>Let me understand what I need to do:\n\n1. Fix a Base64 CLI implementation in TypeScript\n2. The encode/decode functions should follow RFC 4648 Base64 specification\n3. Include \"+\" and \"/\" characters and required \"=\" padding\n4. The CLI should return correct exit codes (0 for success, 1 for failure)\n5. Don't modify config files (tsconfig.json, ESLint, package.json)\n6. Keep the project strictly typed\n7. Run and verify all commands work correctly\n\nFirst, I need to explore the current implementation to understand what's broken. Let me start by looking at the file structure and then examining the current code.\n\nLet me create a todo list to organize this work:\n1. Explore current implementation\n2. Fix Base64 encode function\n3. Fix Base64 decode function\n4. Fix CLI run function for correct exit codes\n5. Test all changes\n6. Run final validation commands\n\nLet me start by examining the files.\n</think>\n\nI'll help you repair the Base64 CLI implementation. Let me start by exploring the current codebase and creating a task plan to systematically fix the issues.\n<think>Let me start by understanding the current state of the project. I need to explore the implementation files to see what's currently broken.\n\nI'll read the main implementation files first:\n1. src/base64.ts - likely contains the encode/decode logic\n2. src/index.ts - likely contains the CLI run function\n3. tests/public/base64.spec.ts - to understand the expected behavior\n\nLet me read these files to understand the current implementation.\n</think>\n\nI'll start by exploring the current implementation to understand what's broken. Let me examine the main source files and tests.\n<think>Let me check what files actually exist in the workspace first, then read the relevant files.\n</think>\n\nLet me first explore the current directory structure to understand what files exist:\n<think>Let me check if the files exist with absolute paths. I need to construct the full path based on the workspace root.\n</think>\n\n\n<think>Now let me read the other files to understand the structure.\n</think>\n\n\n<think>Now I can see the issues with the current implementation:\n\n1. **encode function**: It uses `base64url` instead of standard base64, and strips padding. The RFC 4648 canonical Base64 uses `+` and `/` characters and includes `=` padding when required.\n\n2. **decode function**: It tries to decode using `base64url` which won't work for standard base64 inputs with `+` and `/` characters. The error handling is also basic.\n\n3. **CLI run function**: It looks properly implemented for the most part, but might need adjustment based on the decode function fixes.\n\nLet me look at the tests to understand the expected behavior better.\n</think>\n\n\n<think>Now I understand the issue. Looking at the code:\n\n1. **Current Problems:**\n   - `encode()` uses `base64url` instead of standard `base64`, and strips padding with `PADDING_REGEX`\n   - `decode()` uses `base64url` for decoding instead of standard `base64`\n   - The tests expect `'aGVsbG8='` for encoding \"hello\", which is standard Base64 with padding\n\n2. **What needs to be fixed:**\n   - Change `encode()` to use standard Base64 with proper padding\n   - Change `decode()` to use standard Base64 for decoding\n   - The `run()` function already looks correct - it returns 0 for success and 1 for errors, and writes errors to stderr\n\nLet me mark the first task as completed and move on to fixing the encode function.\n</think>\n\nNow I understand the issues. Let me examine the current implementation:\n\n**Current Problems:**\n1. `encode()` uses `base64url` (which uses `-` and `_`) instead of standard Base64 (which uses `+` and `/`)\n2. `encode()` strips padding characters (`=`) which are required by RFC 4648\n3. `decode()` also uses `base64url` for decoding, but it should use standard `base64`\n\nThe tests expect standard Base64 output like `'aGVsbG8='` for \"hello\", but the current implementation produces `'aGVsbG8'` (no padding) and uses URL-safe characters.\n<think>Now I understand the problem:\n\n1. **Current implementation issues:**\n   - `encode()` uses `base64url` instead of standard `base64`, which uses `-` and `_` instead of `+` and `/`\n   - `encode()` strips padding (`=`) which is required for standard Base64\n   - `decode()` uses `base64url` to decode, which won't work with standard Base64 containing `+` and `/`\n\n2. **What needs to be fixed:**\n   - Change `encode()` to use standard Base64 (`base64` not `base64url`) and keep padding\n   - Change `decode()` to use standard Base64 decoding\n   - Ensure error handling is proper for invalid Base64 input\n\nLet me fix the `encode()` function first:\n\n```typescript\nexport function encode(input: string): string {\n  return Buffer.from(input, 'utf8').toString('base64');\n}\n```\n\nAnd the `decode()` function:\n\n```typescript\nexport function decode(input: string): string {\n  try {\n    return Buffer.from(input, 'base64').toString('utf8');\n  } catch (error) {\n    throw new Error('Failed to decode Base64 input');\n  }\n}\n```\n\nLet me make these changes.\n</think>\n\nNow I understand the issues with the current implementation:\n\n**Problems identified:**\n1. **encode()** uses `base64url` (which uses `-` and `_`) instead of standard Base64 (which uses `+` and `/`)\n2. **encode()** strips required padding (`=`) characters\n3. **decode()** uses `base64url` for decoding, which won't handle standard Base64 with `+` and `/`\n\nLet me fix the Base64 encoding function first:\n<think>Good! I've fixed the encode function to use the standard base64 encoding instead of base64url, which means it will now include the \"+\" and \"/\" characters and the proper padding.\n\nNow let me fix the decode function to properly handle standard Base64 input with error handling.\n</think>\n\n\n<think>Now I need to fix the decode function. The current implementation uses `base64url` and tries to convert URL-safe Base64 back to standard Base64, but this is problematic because:\n\n1. It uses `Buffer.from(normalized, 'base64url')` which is incorrect - once we convert from base64url to standard Base64, we should use `base64` encoding\n2. It should handle standard Base64 directly without trying to normalize from base64url\n3. It needs better error handling for clearly invalid inputs\n\nLet me fix this to use standard Base64 decoding.\n</think>\n\n\n<think>Now I need to check the CLI run function in index.ts to ensure it's returning correct exit codes and surfacing errors properly. From what I can see, it already looks pretty good:\n\n```typescript\nexport function run(argv: string[]): number {\n  try {\n    const { command, value } = parseArgs(argv);\n    const result = command === 'encode' ? encode(value) : decode(value);\n    process.stdout.write(`${result}\\n`);\n    return 0;\n  } catch (error) {\n    const message =\n      error instanceof Error && error.message ? error.message : 'Unexpected error';\n    process.stderr.write(`${message}\\n`);\n    return 1;\n  }\n}\n```\n\nThis looks correct - it returns 0 on success, 1 on error, and writes errors to stderr. The parseArgs function also throws errors for invalid input, which will be caught and handled properly.\n\nActually, looking at it more closely, the CLI implementation seems fine. The main issue was in the base64.ts file where it was using base64url encoding/decoding instead of standard base64.\n\nLet me now run the tests to verify the changes work correctly.\n</think>\n\n\n<think>The user asked me to repair a Base64 CLI implementation. I've analyzed the code and made the following changes:\n\n1. Fixed the `encode` function to use standard Base64 encoding with proper padding\n2. Fixed the `decode` function to use standard Base64 decoding with validation\n3. The CLI `run` function already had proper error handling and exit codes\n\nNow I need to run the test commands to verify everything works correctly. Let me run the test suite and other validation commands.\n</think>\n\n\n<think>It looks like vitest is missing. Let me install it and then run the typecheck again.\n</think>\n\nThis task seems to involve multiple steps. A todo list might help track your progress.\n",
      "stderr": "",
      "duration": 58155,
      "success": true
    },
    {
      "name": "workspace-install",
      "command": "npm install",
      "cwd": "/home/runner/work/vybestack-site/vybestack-site/evals/problems/base64-fix/.tmp-workspace-8a5c99d9-4413-449a-b252-72743f6d3954-i0NI5v/workspace",
      "exitCode": 0,
      "stdout": "\nadded 224 packages, and audited 225 packages in 5s\n\n63 packages are looking for funding\n  run `npm fund` for details\n\n5 moderate severity vulnerabilities\n\nTo address all issues (including breaking changes), run:\n  npm audit fix --force\n\nRun `npm audit` for details.\n",
      "stderr": "npm warn deprecated inflight@1.0.6: This module is not supported, and leaks memory. Do not use it. Check out lru-cache if you want a good and tested way to coalesce async requests by a key value, which is much more comprehensive and powerful.\nnpm warn deprecated @humanwhocodes/config-array@0.13.0: Use @eslint/config-array instead\nnpm warn deprecated rimraf@3.0.2: Rimraf versions prior to v4 are no longer supported\nnpm warn deprecated glob@7.2.3: Glob versions prior to v9 are no longer supported\nnpm warn deprecated @humanwhocodes/object-schema@2.0.3: Use @eslint/object-schema instead\nnpm warn deprecated eslint@8.57.1: This version is no longer supported. Please see https://eslint.org/version-support for other options.\n",
      "duration": 4844,
      "success": true
    },
    {
      "name": "typecheck",
      "command": "npm run typecheck",
      "cwd": "/home/runner/work/vybestack-site/vybestack-site/evals/problems/base64-fix/.tmp-workspace-8a5c99d9-4413-449a-b252-72743f6d3954-i0NI5v/workspace",
      "exitCode": 0,
      "stdout": "\n> base64-fix@0.0.1 typecheck\n> tsc --noEmit\n\n",
      "stderr": "",
      "duration": 1218,
      "success": true
    },
    {
      "name": "lint",
      "command": "npm run lint",
      "cwd": "/home/runner/work/vybestack-site/vybestack-site/evals/problems/base64-fix/.tmp-workspace-8a5c99d9-4413-449a-b252-72743f6d3954-i0NI5v/workspace",
      "exitCode": 1,
      "stdout": "\n> base64-fix@0.0.1 lint\n> eslint . --ext .ts\n\n\n/home/runner/work/vybestack-site/vybestack-site/evals/problems/base64-fix/.tmp-workspace-8a5c99d9-4413-449a-b252-72743f6d3954-i0NI5v/workspace/src/base64.ts\n  1:7  error  'PADDING_REGEX' is assigned a value but never used  @typescript-eslint/no-unused-vars\n\n✖ 1 problem (1 error, 0 warnings)\n\n",
      "stderr": "",
      "duration": 2202,
      "success": false
    },
    {
      "name": "test:public",
      "command": "npm run test:public",
      "cwd": "/home/runner/work/vybestack-site/vybestack-site/evals/problems/base64-fix/.tmp-workspace-8a5c99d9-4413-449a-b252-72743f6d3954-i0NI5v/workspace",
      "exitCode": 0,
      "stdout": "\n> base64-fix@0.0.1 test:public\n> vitest run --config vitest.config.public.ts\n\n\n\u001b[7m\u001b[1m\u001b[36m RUN \u001b[39m\u001b[22m\u001b[27m \u001b[36mv1.6.1\u001b[39m \u001b[90m/home/runner/work/vybestack-site/vybestack-site/evals/problems/base64-fix/.tmp-workspace-8a5c99d9-4413-449a-b252-72743f6d3954-i0NI5v/workspace\u001b[39m\n\n \u001b[32m✓\u001b[39m tests/public/base64.spec.ts \u001b[2m (\u001b[22m\u001b[2m2 tests\u001b[22m\u001b[2m)\u001b[22m\u001b[90m 3\u001b[2mms\u001b[22m\u001b[39m\n\n\u001b[2m Test Files \u001b[22m \u001b[1m\u001b[32m1 passed\u001b[39m\u001b[22m\u001b[90m (1)\u001b[39m\n\u001b[2m      Tests \u001b[22m \u001b[1m\u001b[32m2 passed\u001b[39m\u001b[22m\u001b[90m (2)\u001b[39m\n\u001b[2m   Start at \u001b[22m 08:34:05\n\u001b[2m   Duration \u001b[22m 307ms\u001b[2m (transform 36ms, setup 0ms, collect 26ms, tests 3ms, environment 0ms, prepare 82ms)\u001b[22m\n\n",
      "stderr": "",
      "duration": 772,
      "success": true
    },
    {
      "name": "lint",
      "command": "npm run lint",
      "cwd": "/home/runner/work/vybestack-site/vybestack-site/evals/grading/base64-fix",
      "exitCode": 1,
      "stdout": "\n> base64-fix-grading@0.0.1 lint\n> eslint workspace/src workspace/tests --ext .ts\n\n\n/home/runner/work/vybestack-site/vybestack-site/evals/grading/base64-fix/workspace/src/base64.ts\n  1:7  error  'PADDING_REGEX' is assigned a value but never used  @typescript-eslint/no-unused-vars\n\n✖ 1 problem (1 error, 0 warnings)\n\n",
      "stderr": "",
      "duration": 2148,
      "success": false
    },
    {
      "name": "typecheck",
      "command": "npm run typecheck",
      "cwd": "/home/runner/work/vybestack-site/vybestack-site/evals/grading/base64-fix",
      "exitCode": 0,
      "stdout": "\n> base64-fix-grading@0.0.1 typecheck\n> tsc -p tsconfig.json\n\n",
      "stderr": "",
      "duration": 1325,
      "success": true
    },
    {
      "name": "test:hidden",
      "command": "npm run test:hidden",
      "cwd": "/home/runner/work/vybestack-site/vybestack-site/evals/grading/base64-fix",
      "exitCode": 0,
      "stdout": "\n> base64-fix-grading@0.0.1 test:hidden\n> vitest run --config vitest.config.hidden.ts\n\n\n\u001b[7m\u001b[1m\u001b[36m RUN \u001b[39m\u001b[22m\u001b[27m \u001b[36mv1.6.1\u001b[39m \u001b[90m/home/runner/work/vybestack-site/vybestack-site/evals/grading/base64-fix\u001b[39m\n\nZm9vL2Jhcg==\n \u001b[32m✓\u001b[39m tests/hidden/base64.spec.ts \u001b[2m (\u001b[22m\u001b[2m18 tests\u001b[22m\u001b[2m)\u001b[22m\u001b[90m 8\u001b[2mms\u001b[22m\u001b[39m\n\n\u001b[2m Test Files \u001b[22m \u001b[1m\u001b[32m1 passed\u001b[39m\u001b[22m\u001b[90m (1)\u001b[39m\n\u001b[2m      Tests \u001b[22m \u001b[1m\u001b[32m18 passed\u001b[39m\u001b[22m\u001b[90m (18)\u001b[39m\n\u001b[2m   Start at \u001b[22m 08:34:10\n\u001b[2m   Duration \u001b[22m 317ms\u001b[2m (transform 47ms, setup 0ms, collect 51ms, tests 8ms, environment 0ms, prepare 65ms)\u001b[22m\n\n",
      "stderr": "",
      "duration": 791,
      "success": true
    }
  ],
  "workspaceArchive": "/home/runner/work/vybestack-site/vybestack-site/evals/outputs/base64-fix-2025-10-30T08-32-59-050Z/llxprt-synthetic-minimax/workspace",
  "runSessionId": "024533f1-17b7-4bd7-b03f-9abce5d8d51f",
  "runSessionStartedAt": "2025-10-30T08:30:32.801Z",
  "repoVersion": "main@6a41eca",
  "multipass": {
    "enabled": true,
    "selectedPass": 0,
    "maxPasses": 3,
    "totalCliDuration": 268237,
    "passCount": 3,
    "feedback": [],
    "passes": [
      {
        "passNumber": 1,
        "startedAt": "2025-10-30T08:32:59.057Z",
        "finishedAt": "2025-10-30T08:34:10.522Z",
        "totalDuration": 71465,
        "promptHash": "cb263c1957574db12f7ebe053b5673278cf344dbaf21c9b4ab49cdf5f13e9029",
        "appliedFeedback": [],
        "success": false,
        "partialSuccess": false,
        "workspaceArchive": "/home/runner/work/vybestack-site/vybestack-site/evals/outputs/base64-fix-2025-10-30T08-32-59-050Z/llxprt-synthetic-minimax/passes/pass-1/workspace",
        "resultsArchive": "/home/runner/work/vybestack-site/vybestack-site/evals/outputs/base64-fix-2025-10-30T08-32-59-050Z/llxprt-synthetic-minimax/passes/pass-1/results",
        "cliResult": {
          "command": "llxprt --provider openai --baseurl https://api.synthetic.new/openai/v1 --key *** --model hf:MiniMaxAI/MiniMax-M2 --set context-limit=190000 --set shell-replacement=true --set modelparam.temperature=1 --yolo",
          "cwd": "/home/runner/work/vybestack-site/vybestack-site/evals/problems/base64-fix/.tmp-workspace-8a5c99d9-4413-449a-b252-72743f6d3954-i0NI5v/workspace",
          "exitCode": 0,
          "stdout": "<think>Let me understand what I need to do:\n\n1. Fix a Base64 CLI implementation in TypeScript\n2. The encode/decode functions should follow RFC 4648 Base64 specification\n3. Include \"+\" and \"/\" characters and required \"=\" padding\n4. The CLI should return correct exit codes (0 for success, 1 for failure)\n5. Don't modify config files (tsconfig.json, ESLint, package.json)\n6. Keep the project strictly typed\n7. Run and verify all commands work correctly\n\nFirst, I need to explore the current implementation to understand what's broken. Let me start by looking at the file structure and then examining the current code.\n\nLet me create a todo list to organize this work:\n1. Explore current implementation\n2. Fix Base64 encode function\n3. Fix Base64 decode function\n4. Fix CLI run function for correct exit codes\n5. Test all changes\n6. Run final validation commands\n\nLet me start by examining the files.\n</think>\n\nI'll help you repair the Base64 CLI implementation. Let me start by exploring the current codebase and creating a task plan to systematically fix the issues.\n<think>Let me start by understanding the current state of the project. I need to explore the implementation files to see what's currently broken.\n\nI'll read the main implementation files first:\n1. src/base64.ts - likely contains the encode/decode logic\n2. src/index.ts - likely contains the CLI run function\n3. tests/public/base64.spec.ts - to understand the expected behavior\n\nLet me read these files to understand the current implementation.\n</think>\n\nI'll start by exploring the current implementation to understand what's broken. Let me examine the main source files and tests.\n<think>Let me check what files actually exist in the workspace first, then read the relevant files.\n</think>\n\nLet me first explore the current directory structure to understand what files exist:\n<think>Let me check if the files exist with absolute paths. I need to construct the full path based on the workspace root.\n</think>\n\n\n<think>Now let me read the other files to understand the structure.\n</think>\n\n\n<think>Now I can see the issues with the current implementation:\n\n1. **encode function**: It uses `base64url` instead of standard base64, and strips padding. The RFC 4648 canonical Base64 uses `+` and `/` characters and includes `=` padding when required.\n\n2. **decode function**: It tries to decode using `base64url` which won't work for standard base64 inputs with `+` and `/` characters. The error handling is also basic.\n\n3. **CLI run function**: It looks properly implemented for the most part, but might need adjustment based on the decode function fixes.\n\nLet me look at the tests to understand the expected behavior better.\n</think>\n\n\n<think>Now I understand the issue. Looking at the code:\n\n1. **Current Problems:**\n   - `encode()` uses `base64url` instead of standard `base64`, and strips padding with `PADDING_REGEX`\n   - `decode()` uses `base64url` for decoding instead of standard `base64`\n   - The tests expect `'aGVsbG8='` for encoding \"hello\", which is standard Base64 with padding\n\n2. **What needs to be fixed:**\n   - Change `encode()` to use standard Base64 with proper padding\n   - Change `decode()` to use standard Base64 for decoding\n   - The `run()` function already looks correct - it returns 0 for success and 1 for errors, and writes errors to stderr\n\nLet me mark the first task as completed and move on to fixing the encode function.\n</think>\n\nNow I understand the issues. Let me examine the current implementation:\n\n**Current Problems:**\n1. `encode()` uses `base64url` (which uses `-` and `_`) instead of standard Base64 (which uses `+` and `/`)\n2. `encode()` strips padding characters (`=`) which are required by RFC 4648\n3. `decode()` also uses `base64url` for decoding, but it should use standard `base64`\n\nThe tests expect standard Base64 output like `'aGVsbG8='` for \"hello\", but the current implementation produces `'aGVsbG8'` (no padding) and uses URL-safe characters.\n<think>Now I understand the problem:\n\n1. **Current implementation issues:**\n   - `encode()` uses `base64url` instead of standard `base64`, which uses `-` and `_` instead of `+` and `/`\n   - `encode()` strips padding (`=`) which is required for standard Base64\n   - `decode()` uses `base64url` to decode, which won't work with standard Base64 containing `+` and `/`\n\n2. **What needs to be fixed:**\n   - Change `encode()` to use standard Base64 (`base64` not `base64url`) and keep padding\n   - Change `decode()` to use standard Base64 decoding\n   - Ensure error handling is proper for invalid Base64 input\n\nLet me fix the `encode()` function first:\n\n```typescript\nexport function encode(input: string): string {\n  return Buffer.from(input, 'utf8').toString('base64');\n}\n```\n\nAnd the `decode()` function:\n\n```typescript\nexport function decode(input: string): string {\n  try {\n    return Buffer.from(input, 'base64').toString('utf8');\n  } catch (error) {\n    throw new Error('Failed to decode Base64 input');\n  }\n}\n```\n\nLet me make these changes.\n</think>\n\nNow I understand the issues with the current implementation:\n\n**Problems identified:**\n1. **encode()** uses `base64url` (which uses `-` and `_`) instead of standard Base64 (which uses `+` and `/`)\n2. **encode()** strips required padding (`=`) characters\n3. **decode()** uses `base64url` for decoding, which won't handle standard Base64 with `+` and `/`\n\nLet me fix the Base64 encoding function first:\n<think>Good! I've fixed the encode function to use the standard base64 encoding instead of base64url, which means it will now include the \"+\" and \"/\" characters and the proper padding.\n\nNow let me fix the decode function to properly handle standard Base64 input with error handling.\n</think>\n\n\n<think>Now I need to fix the decode function. The current implementation uses `base64url` and tries to convert URL-safe Base64 back to standard Base64, but this is problematic because:\n\n1. It uses `Buffer.from(normalized, 'base64url')` which is incorrect - once we convert from base64url to standard Base64, we should use `base64` encoding\n2. It should handle standard Base64 directly without trying to normalize from base64url\n3. It needs better error handling for clearly invalid inputs\n\nLet me fix this to use standard Base64 decoding.\n</think>\n\n\n<think>Now I need to check the CLI run function in index.ts to ensure it's returning correct exit codes and surfacing errors properly. From what I can see, it already looks pretty good:\n\n```typescript\nexport function run(argv: string[]): number {\n  try {\n    const { command, value } = parseArgs(argv);\n    const result = command === 'encode' ? encode(value) : decode(value);\n    process.stdout.write(`${result}\\n`);\n    return 0;\n  } catch (error) {\n    const message =\n      error instanceof Error && error.message ? error.message : 'Unexpected error';\n    process.stderr.write(`${message}\\n`);\n    return 1;\n  }\n}\n```\n\nThis looks correct - it returns 0 on success, 1 on error, and writes errors to stderr. The parseArgs function also throws errors for invalid input, which will be caught and handled properly.\n\nActually, looking at it more closely, the CLI implementation seems fine. The main issue was in the base64.ts file where it was using base64url encoding/decoding instead of standard base64.\n\nLet me now run the tests to verify the changes work correctly.\n</think>\n\n\n<think>The user asked me to repair a Base64 CLI implementation. I've analyzed the code and made the following changes:\n\n1. Fixed the `encode` function to use standard Base64 encoding with proper padding\n2. Fixed the `decode` function to use standard Base64 decoding with validation\n3. The CLI `run` function already had proper error handling and exit codes\n\nNow I need to run the test commands to verify everything works correctly. Let me run the test suite and other validation commands.\n</think>\n\n\n<think>It looks like vitest is missing. Let me install it and then run the typecheck again.\n</think>\n\nThis task seems to involve multiple steps. A todo list might help track your progress.\n",
          "stderr": "",
          "duration": 58155,
          "label": "llxprt-synthetic-minimax"
        },
        "buildResults": [
          {
            "command": "npm install",
            "cwd": "/home/runner/work/vybestack-site/vybestack-site/evals/problems/base64-fix/.tmp-workspace-8a5c99d9-4413-449a-b252-72743f6d3954-i0NI5v/workspace",
            "exitCode": 0,
            "stdout": "\nadded 224 packages, and audited 225 packages in 5s\n\n63 packages are looking for funding\n  run `npm fund` for details\n\n5 moderate severity vulnerabilities\n\nTo address all issues (including breaking changes), run:\n  npm audit fix --force\n\nRun `npm audit` for details.\n",
            "stderr": "npm warn deprecated inflight@1.0.6: This module is not supported, and leaks memory. Do not use it. Check out lru-cache if you want a good and tested way to coalesce async requests by a key value, which is much more comprehensive and powerful.\nnpm warn deprecated @humanwhocodes/config-array@0.13.0: Use @eslint/config-array instead\nnpm warn deprecated rimraf@3.0.2: Rimraf versions prior to v4 are no longer supported\nnpm warn deprecated glob@7.2.3: Glob versions prior to v9 are no longer supported\nnpm warn deprecated @humanwhocodes/object-schema@2.0.3: Use @eslint/object-schema instead\nnpm warn deprecated eslint@8.57.1: This version is no longer supported. Please see https://eslint.org/version-support for other options.\n",
            "duration": 4844,
            "label": "workspace-install"
          },
          {
            "command": "npm run typecheck",
            "cwd": "/home/runner/work/vybestack-site/vybestack-site/evals/problems/base64-fix/.tmp-workspace-8a5c99d9-4413-449a-b252-72743f6d3954-i0NI5v/workspace",
            "exitCode": 0,
            "stdout": "\n> base64-fix@0.0.1 typecheck\n> tsc --noEmit\n\n",
            "stderr": "",
            "duration": 1218,
            "label": "typecheck"
          },
          {
            "command": "npm run lint",
            "cwd": "/home/runner/work/vybestack-site/vybestack-site/evals/problems/base64-fix/.tmp-workspace-8a5c99d9-4413-449a-b252-72743f6d3954-i0NI5v/workspace",
            "exitCode": 1,
            "stdout": "\n> base64-fix@0.0.1 lint\n> eslint . --ext .ts\n\n\n/home/runner/work/vybestack-site/vybestack-site/evals/problems/base64-fix/.tmp-workspace-8a5c99d9-4413-449a-b252-72743f6d3954-i0NI5v/workspace/src/base64.ts\n  1:7  error  'PADDING_REGEX' is assigned a value but never used  @typescript-eslint/no-unused-vars\n\n✖ 1 problem (1 error, 0 warnings)\n\n",
            "stderr": "",
            "duration": 2202,
            "label": "lint"
          },
          {
            "command": "npm run test:public",
            "cwd": "/home/runner/work/vybestack-site/vybestack-site/evals/problems/base64-fix/.tmp-workspace-8a5c99d9-4413-449a-b252-72743f6d3954-i0NI5v/workspace",
            "exitCode": 0,
            "stdout": "\n> base64-fix@0.0.1 test:public\n> vitest run --config vitest.config.public.ts\n\n\n\u001b[7m\u001b[1m\u001b[36m RUN \u001b[39m\u001b[22m\u001b[27m \u001b[36mv1.6.1\u001b[39m \u001b[90m/home/runner/work/vybestack-site/vybestack-site/evals/problems/base64-fix/.tmp-workspace-8a5c99d9-4413-449a-b252-72743f6d3954-i0NI5v/workspace\u001b[39m\n\n \u001b[32m✓\u001b[39m tests/public/base64.spec.ts \u001b[2m (\u001b[22m\u001b[2m2 tests\u001b[22m\u001b[2m)\u001b[22m\u001b[90m 3\u001b[2mms\u001b[22m\u001b[39m\n\n\u001b[2m Test Files \u001b[22m \u001b[1m\u001b[32m1 passed\u001b[39m\u001b[22m\u001b[90m (1)\u001b[39m\n\u001b[2m      Tests \u001b[22m \u001b[1m\u001b[32m2 passed\u001b[39m\u001b[22m\u001b[90m (2)\u001b[39m\n\u001b[2m   Start at \u001b[22m 08:34:05\n\u001b[2m   Duration \u001b[22m 307ms\u001b[2m (transform 36ms, setup 0ms, collect 26ms, tests 3ms, environment 0ms, prepare 82ms)\u001b[22m\n\n",
            "stderr": "",
            "duration": 772,
            "label": "test:public"
          }
        ],
        "gradeResults": [
          {
            "command": "npm run lint",
            "cwd": "/home/runner/work/vybestack-site/vybestack-site/evals/grading/base64-fix",
            "exitCode": 1,
            "stdout": "\n> base64-fix-grading@0.0.1 lint\n> eslint workspace/src workspace/tests --ext .ts\n\n\n/home/runner/work/vybestack-site/vybestack-site/evals/grading/base64-fix/workspace/src/base64.ts\n  1:7  error  'PADDING_REGEX' is assigned a value but never used  @typescript-eslint/no-unused-vars\n\n✖ 1 problem (1 error, 0 warnings)\n\n",
            "stderr": "",
            "duration": 2148,
            "label": "lint"
          },
          {
            "command": "npm run typecheck",
            "cwd": "/home/runner/work/vybestack-site/vybestack-site/evals/grading/base64-fix",
            "exitCode": 0,
            "stdout": "\n> base64-fix-grading@0.0.1 typecheck\n> tsc -p tsconfig.json\n\n",
            "stderr": "",
            "duration": 1325,
            "label": "typecheck"
          },
          {
            "command": "npm run test:hidden",
            "cwd": "/home/runner/work/vybestack-site/vybestack-site/evals/grading/base64-fix",
            "exitCode": 0,
            "stdout": "\n> base64-fix-grading@0.0.1 test:hidden\n> vitest run --config vitest.config.hidden.ts\n\n\n\u001b[7m\u001b[1m\u001b[36m RUN \u001b[39m\u001b[22m\u001b[27m \u001b[36mv1.6.1\u001b[39m \u001b[90m/home/runner/work/vybestack-site/vybestack-site/evals/grading/base64-fix\u001b[39m\n\nZm9vL2Jhcg==\n \u001b[32m✓\u001b[39m tests/hidden/base64.spec.ts \u001b[2m (\u001b[22m\u001b[2m18 tests\u001b[22m\u001b[2m)\u001b[22m\u001b[90m 8\u001b[2mms\u001b[22m\u001b[39m\n\n\u001b[2m Test Files \u001b[22m \u001b[1m\u001b[32m1 passed\u001b[39m\u001b[22m\u001b[90m (1)\u001b[39m\n\u001b[2m      Tests \u001b[22m \u001b[1m\u001b[32m18 passed\u001b[39m\u001b[22m\u001b[90m (18)\u001b[39m\n\u001b[2m   Start at \u001b[22m 08:34:10\n\u001b[2m   Duration \u001b[22m 317ms\u001b[2m (transform 47ms, setup 0ms, collect 51ms, tests 8ms, environment 0ms, prepare 65ms)\u001b[22m\n\n",
            "stderr": "",
            "duration": 791,
            "label": "test:hidden"
          }
        ],
        "feedbackForNextPass": {
          "bullets": [
            "It isn't working correctly.",
            "Lint failed. Fix the reported lint errors.",
            "Please resolve the issues and re-run lint, tests, and build before finishing."
          ],
          "failingSteps": [
            {
              "step": "lint",
              "exitCode": 1,
              "message": "Lint failed. Fix the reported lint errors."
            },
            {
              "step": "lint",
              "exitCode": 1,
              "message": "Lint failed. Fix the reported lint errors."
            }
          ],
          "hiddenAssertions": [],
          "publicTestFailures": []
        },
        "publicTestFailures": [],
        "vybes": {
          "taskName": "base64-fix",
          "configId": "llxprt-synthetic-minimax",
          "complexityMultiplier": 1,
          "timeLimitMinutes": 2,
          "baseScore": 100,
          "successPercentage": 0,
          "baselineSuccessPercentage": 0.8889,
          "adjustedSuccessPercentage": 0,
          "timePenaltyMultiplier": 1,
          "rawScore": 0,
          "finalScore": 0,
          "actualTimeMinutes": 0.969,
          "description": "Base64 encoder/decoder utilities",
          "category": "utilities",
          "breakdown": {
            "subtasksPassed": 18,
            "subtasksTotal": 18,
            "modulesCompleted": [
              "base64"
            ],
            "modulesIncomplete": [],
            "modules": {
              "base64": {
                "passed": 18,
                "total": 18,
                "passedTasks": [
                  "encode-0",
                  "encode-1",
                  "encode-2",
                  "encode-3",
                  "encode-4",
                  "encode-5",
                  "decode-0",
                  "decode-1",
                  "decode-2",
                  "decode-3",
                  "decode-4",
                  "decode-5",
                  "decode-without-padding",
                  "decode-rejects-invalid",
                  "cli-encode-success",
                  "cli-decode-success",
                  "cli-argument-error",
                  "cli-decode-error"
                ],
                "failedTasks": []
              }
            }
          },
          "error": "lint/typecheck failed",
          "status": "error",
          "passesAttempted": 1,
          "selectedPass": 0,
          "totalCliDurationMs": 58155
        }
      },
      {
        "passNumber": 2,
        "startedAt": "2025-10-30T08:34:10.533Z",
        "finishedAt": "2025-10-30T08:35:24.995Z",
        "totalDuration": 74462,
        "promptHash": "b55d85372a3e310785d0bc6cf2c681cc460e1771ec5cc6a52bcd21cae2cfe404",
        "appliedFeedback": [
          "It isn't working correctly.",
          "Lint failed. Fix the reported lint errors.",
          "Please resolve the issues and re-run lint, tests, and build before finishing."
        ],
        "success": false,
        "partialSuccess": false,
        "workspaceArchive": "/home/runner/work/vybestack-site/vybestack-site/evals/outputs/base64-fix-2025-10-30T08-32-59-050Z/llxprt-synthetic-minimax/passes/pass-2/workspace",
        "resultsArchive": "/home/runner/work/vybestack-site/vybestack-site/evals/outputs/base64-fix-2025-10-30T08-32-59-050Z/llxprt-synthetic-minimax/passes/pass-2/results",
        "cliResult": {
          "command": "llxprt --provider openai --baseurl https://api.synthetic.new/openai/v1 --key *** --model hf:MiniMaxAI/MiniMax-M2 --set context-limit=190000 --set shell-replacement=true --set modelparam.temperature=1 --yolo",
          "cwd": "/home/runner/work/vybestack-site/vybestack-site/evals/problems/base64-fix/.tmp-workspace-8a5c99d9-4413-449a-b252-72743f6d3954-i0NI5v/workspace",
          "exitCode": 0,
          "stdout": "<think>The user wants me to fix a Base64 CLI Repair TypeScript project. Let me break down the requirements:\n\n1. Fix the encode/decode implementations to match canonical RFC 4648 Base64\n2. Include \"+\" and \"/\" characters and required \"=\" padding  \n3. Ensure the CLI `run` helper returns correct exit codes and surfaces errors\n4. Don't fabricate test results\n5. The current implementation is incorrect\n\nKey requirements:\n- Encoded output must use canonical Base64 alphabet (A-Z, a-z, 0-9, +, /) with padding (=)\n- Decoding must accept valid Base64 input and recover original Unicode string\n- Must reject invalid payloads by throwing errors\n- CLI should return exit code 0 on success, 1 on failure\n- Error messages to stderr\n- Don't modify tsconfig.json, ESLint/Prettier configs, or package.json\n- Keep strictly typed\n\nLet me start by understanding the current state of the project. I need to:\n1. First explore the codebase structure\n2. Look at the current implementation \n3. Run the test suite to see what's failing\n4. Fix the issues\n5. Run all commands to ensure everything works\n\nLet me use the todo_write tool to organize this work.\n</think>\n\nI'll help you fix the Base64 CLI Repair project. Let me start by organizing this multi-step task and exploring the current implementation.\n<think>Now I need to explore the codebase to understand the current implementation. Let me start by reading the main files to see what the current code looks like.\n</think>\n\n\n<think>The files weren't found with that method. Let me try reading them individually with read_file, using absolute paths.\n</think>\n\n\n<think>Now let me run the test suite to see what's currently failing:\n\n1. First, I'll run the test suite\n2. Then run lint and typecheck\n3. Finally build\n\nLet me start by exploring the current implementation. Looking at the code:\n\n1. `src/base64.ts` - Contains the encode/decode functions\n   - `encode` uses `Buffer.from(input, 'utf8').toString('base64')` - this should be correct\n   - `decode` validates with a regex and uses `Buffer.from(input, 'base64').toString('utf8')`\n\n2. `src/index.ts` - Contains the CLI interface\n   - `parseArgs` function to parse command line arguments\n   - `run` function that executes the encode/decode and returns exit codes\n\nLet me run the tests first to see what's failing.\n</think>\n\n\n<think>Now let me run the test suite to see what issues exist:\n</think>\n\n\n<think>I need to run the test command correctly. Let me fix that.\n</think>\n\n\n<think>Interesting! The tests are actually passing. Let me run the other commands to see what the current issues are. I'll check typecheck, lint, and build to understand what needs to be fixed.\n</think>\n\n\n<think>Good! The tests are passing and type checking passes. Let me check if there's an issue with the actual implementation by testing it manually. Let me try running the CLI to see if there's an issue.\n</think>\n\n\n<think>Let me analyze the current state of the code:\n\n1. The current implementation appears to be using Node.js `Buffer` API which should handle Base64 encoding/decoding correctly according to RFC 4648.\n\n2. The tests are passing, which suggests the basic functionality works.\n\n3. Let me check if there are issues with specific cases that might not be covered by the current tests:\n   - Test with non-ASCII characters\n   - Test with the \"+\" and \"/\" characters specifically\n   - Test edge cases with padding\n\nLet me test these scenarios manually to see if there are actual problems.\n</think>\n\n\n<think>Let me analyze what I've found:\n\n1. The current implementation uses `Buffer.from(...).toString('base64')` and `Buffer.from(...).toString('utf8')`, which are Node.js built-in methods that should already handle RFC 4648 Base64 correctly.\n\n2. The tests are passing, and the CLI is working correctly for basic encoding/decoding.\n\n3. However, let me check the decode function more carefully. Looking at the regex validation:\n```typescript\nconst base64Regex = /^[A-Za-z0-9+/]*={0,2}$/;\n```\n\nThis regex has a problem - it doesn't check for the correct string length modulo 4, and it allows any number of `+` and `/` characters without considering valid Base64 structure.\n\nLet me test some edge cases to see if there are any issues:\n- Invalid padding (e.g., \"abc===\" - should only allow 0, 1, or 2 padding chars)\n- Missing padding when required\n- Invalid characters outside the Base64 alphabet\n\nAlso, let me check if there are issues with the CLI exit codes or error handling.\n\nActually, looking at the current implementation more carefully, I see that:\n\n1. The `encode` function uses `Buffer.from(input, 'utf8').toString('base64')` - this is correct and should produce RFC 4648 compliant Base64\n2. The `decode` function validates with a regex that's problematic\n3. The `run` function seems to handle errors correctly\n\nThe issue might be in the regex validation. Let me think about the problems:\n\n1. The regex `/^[A-Za-z0-9+/]*={0,2}$/` allows:\n   - Any number of Base64 characters (including 0)\n   - Up to 2 padding characters\n   - But it doesn't validate that the input length is correct (should be multiple of 4 when padded)\n   - It allows invalid strings like \"++++++\" or strings with only padding\n\n2. The regex doesn't handle the case where padding is required but missing (e.g., \"aGVsb\" should be \"aGVsbA==\" but \"aGVsb\" should be rejected or fixed)\n\nI'll modify the validation to be more robust. The new regex will ensure:\n- Proper Base64 character set\n- Correct padding rules\n- Reject strings with invalid character combinations\n\nThe key improvements will focus on strict validation that catches edge cases like incomplete or malformed Base64 strings.\n\nI'll test encoding and decoding with various input types to validate the approach, checking how the Buffer methods handle different scenarios like padding, character variations, and potential encoding errors.\n\nThe goal is to create a more precise validation mechanism that catches subtle Base64 encoding issues while maintaining a clean, straightforward implementation.\n</think>\n\nLet me test the current implementation more thoroughly to understand what might be failing:\n<think>The file uses TypeScript with ESM modules. I need to use tsx to run TypeScript files. Let me rewrite the test command:\n\nActually, I see the issue. The code seems to be working fine already. Let me analyze what I found:\n\n1. **Current Implementation Analysis:**\n   - `encode()` uses `Buffer.from(input, 'utf8').toString('base64')` - this should be correct for RFC 4648\n   - `decode()` validates input with a regex and uses `Buffer.from(input, 'base64').toString('utf8')` - this should also be correct\n   - The test suite is passing\n   - The CLI encoding test worked correctly (hello world -> aGVsbG8gd29ybGQ=)\n\n2. **Potential Issues:**\n   Looking at the problem statement again, it says \"The current implementation is incorrect\" and mentions needing to repair encode/decode implementations to match canonical RFC 4648. But from my testing, it seems to be working correctly already.\n\nLet me run more comprehensive tests to see if there are edge cases that are failing, particularly:\n- Test with \"+\" and \"/\" characters\n- Test with non-ASCII characters\n- Test decoding with and without padding\n- Test invalid input handling\n\nLet me create a proper test script using tsx since this is a TypeScript project.\n</think>\n\nLet me create a test script using tsx since this is a TypeScript project:\n<think>Now let me run this test script to see if there are any issues with the current implementation.\n</think>\n\n\n<think>Looking at the output, I can see:\n\n1. **Encoding is working correctly**: It's producing Base64 with + and / characters (e.g., `Pj4+Pz8/` for `>>>???`)\n2. **Decoding is working correctly**: It decodes the Base64 properly and rejects invalid characters (like `invalid!!!`)\n3. **Unicode support**: It handles Unicode correctly (e.g., `Hello 世界`)\n\nThe current implementation looks correct. Let me now test the CLI to see if it's returning the right exit codes and handling errors properly.\n\nLooking at the current implementation again:\n- The `encode` function uses `Buffer.from(input, 'utf8').toString('base64')` which is correct\n- The `decode` function validates input and uses `Buffer.from(input, 'base64').toString('utf8')` which is correct\n- The CLI `run` function already returns 0 on success and 1 on failure, writing errors to stderr\n\nLet me verify the CLI exit codes work properly, then check linting.\n</think>\n\nThis task seems to involve multiple steps. A todo list might help track your progress.\n",
          "stderr": "",
          "duration": 65003,
          "label": "llxprt-synthetic-minimax"
        },
        "buildResults": [
          {
            "command": "npm install",
            "cwd": "/home/runner/work/vybestack-site/vybestack-site/evals/problems/base64-fix/.tmp-workspace-8a5c99d9-4413-449a-b252-72743f6d3954-i0NI5v/workspace",
            "exitCode": 0,
            "stdout": "\nadded 1 package, and audited 226 packages in 787ms\n\n63 packages are looking for funding\n  run `npm fund` for details\n\n5 moderate severity vulnerabilities\n\nTo address all issues (including breaking changes), run:\n  npm audit fix --force\n\nRun `npm audit` for details.\n",
            "stderr": "",
            "duration": 883,
            "label": "workspace-install"
          },
          {
            "command": "npm run typecheck",
            "cwd": "/home/runner/work/vybestack-site/vybestack-site/evals/problems/base64-fix/.tmp-workspace-8a5c99d9-4413-449a-b252-72743f6d3954-i0NI5v/workspace",
            "exitCode": 0,
            "stdout": "\n> base64-fix@0.0.1 typecheck\n> tsc --noEmit\n\n",
            "stderr": "",
            "duration": 1248,
            "label": "typecheck"
          },
          {
            "command": "npm run lint",
            "cwd": "/home/runner/work/vybestack-site/vybestack-site/evals/problems/base64-fix/.tmp-workspace-8a5c99d9-4413-449a-b252-72743f6d3954-i0NI5v/workspace",
            "exitCode": 1,
            "stdout": "\n> base64-fix@0.0.1 lint\n> eslint . --ext .ts\n\n\n/home/runner/work/vybestack-site/vybestack-site/evals/problems/base64-fix/.tmp-workspace-8a5c99d9-4413-449a-b252-72743f6d3954-i0NI5v/workspace/src/base64.ts\n  1:7  error  'PADDING_REGEX' is assigned a value but never used  @typescript-eslint/no-unused-vars\n\n/home/runner/work/vybestack-site/vybestack-site/evals/problems/base64-fix/.tmp-workspace-8a5c99d9-4413-449a-b252-72743f6d3954-i0NI5v/workspace/test-manual.ts\n  0:0  error  Parsing error: ESLint was configured to run on `<tsconfigRootDir>/test-manual.ts` using `parserOptions.project`: <tsconfigRootDir>/tsconfig.eslint.json\nHowever, that TSConfig does not include this file. Either:\n- Change ESLint's list of included files to not include this file\n- Change that TSConfig to include this file\n- Create a new TSConfig that includes this file and include it in your parserOptions.project\nSee the typescript-eslint docs for more info: https://typescript-eslint.io/troubleshooting/typed-linting#i-get-errors-telling-me-eslint-was-configured-to-run--however-that-tsconfig-does-not--none-of-those-tsconfigs-include-this-file\n\n✖ 2 problems (2 errors, 0 warnings)\n\n",
            "stderr": "",
            "duration": 2224,
            "label": "lint"
          },
          {
            "command": "npm run test:public",
            "cwd": "/home/runner/work/vybestack-site/vybestack-site/evals/problems/base64-fix/.tmp-workspace-8a5c99d9-4413-449a-b252-72743f6d3954-i0NI5v/workspace",
            "exitCode": 0,
            "stdout": "\n> base64-fix@0.0.1 test:public\n> vitest run --config vitest.config.public.ts\n\n\n\u001b[7m\u001b[1m\u001b[36m RUN \u001b[39m\u001b[22m\u001b[27m \u001b[36mv1.6.1\u001b[39m \u001b[90m/home/runner/work/vybestack-site/vybestack-site/evals/problems/base64-fix/.tmp-workspace-8a5c99d9-4413-449a-b252-72743f6d3954-i0NI5v/workspace\u001b[39m\n\n \u001b[32m✓\u001b[39m tests/public/base64.spec.ts \u001b[2m (\u001b[22m\u001b[2m2 tests\u001b[22m\u001b[2m)\u001b[22m\u001b[90m 3\u001b[2mms\u001b[22m\u001b[39m\n\n\u001b[2m Test Files \u001b[22m \u001b[1m\u001b[32m1 passed\u001b[39m\u001b[22m\u001b[90m (1)\u001b[39m\n\u001b[2m      Tests \u001b[22m \u001b[1m\u001b[32m2 passed\u001b[39m\u001b[22m\u001b[90m (2)\u001b[39m\n\u001b[2m   Start at \u001b[22m 08:35:20\n\u001b[2m   Duration \u001b[22m 297ms\u001b[2m (transform 32ms, setup 0ms, collect 26ms, tests 3ms, environment 0ms, prepare 77ms)\u001b[22m\n\n",
            "stderr": "",
            "duration": 780,
            "label": "test:public"
          }
        ],
        "gradeResults": [
          {
            "command": "npm run lint",
            "cwd": "/home/runner/work/vybestack-site/vybestack-site/evals/grading/base64-fix",
            "exitCode": 1,
            "stdout": "\n> base64-fix-grading@0.0.1 lint\n> eslint workspace/src workspace/tests --ext .ts\n\n\n/home/runner/work/vybestack-site/vybestack-site/evals/grading/base64-fix/workspace/src/base64.ts\n  1:7  error  'PADDING_REGEX' is assigned a value but never used  @typescript-eslint/no-unused-vars\n\n✖ 1 problem (1 error, 0 warnings)\n\n",
            "stderr": "",
            "duration": 2155,
            "label": "lint"
          },
          {
            "command": "npm run typecheck",
            "cwd": "/home/runner/work/vybestack-site/vybestack-site/evals/grading/base64-fix",
            "exitCode": 0,
            "stdout": "\n> base64-fix-grading@0.0.1 typecheck\n> tsc -p tsconfig.json\n\n",
            "stderr": "",
            "duration": 1344,
            "label": "typecheck"
          },
          {
            "command": "npm run test:hidden",
            "cwd": "/home/runner/work/vybestack-site/vybestack-site/evals/grading/base64-fix",
            "exitCode": 0,
            "stdout": "\n> base64-fix-grading@0.0.1 test:hidden\n> vitest run --config vitest.config.hidden.ts\n\n\n\u001b[7m\u001b[1m\u001b[36m RUN \u001b[39m\u001b[22m\u001b[27m \u001b[36mv1.6.1\u001b[39m \u001b[90m/home/runner/work/vybestack-site/vybestack-site/evals/grading/base64-fix\u001b[39m\n\nZm9vL2Jhcg==\n \u001b[32m✓\u001b[39m tests/hidden/base64.spec.ts \u001b[2m (\u001b[22m\u001b[2m18 tests\u001b[22m\u001b[2m)\u001b[22m\u001b[90m 10\u001b[2mms\u001b[22m\u001b[39m\n\n\u001b[2m Test Files \u001b[22m \u001b[1m\u001b[32m1 passed\u001b[39m\u001b[22m\u001b[90m (1)\u001b[39m\n\u001b[2m      Tests \u001b[22m \u001b[1m\u001b[32m18 passed\u001b[39m\u001b[22m\u001b[90m (18)\u001b[39m\n\u001b[2m   Start at \u001b[22m 08:35:24\n\u001b[2m   Duration \u001b[22m 341ms\u001b[2m (transform 52ms, setup 0ms, collect 49ms, tests 10ms, environment 0ms, prepare 75ms)\u001b[22m\n\n",
            "stderr": "",
            "duration": 816,
            "label": "test:hidden"
          }
        ],
        "feedbackForNextPass": {
          "bullets": [
            "It isn't working correctly.",
            "Lint failed. Fix the reported lint errors.",
            "Please resolve the issues and re-run lint, tests, and build before finishing."
          ],
          "failingSteps": [
            {
              "step": "lint",
              "exitCode": 1,
              "message": "Lint failed. Fix the reported lint errors."
            },
            {
              "step": "lint",
              "exitCode": 1,
              "message": "Lint failed. Fix the reported lint errors."
            }
          ],
          "hiddenAssertions": [],
          "publicTestFailures": []
        },
        "publicTestFailures": [],
        "vybes": {
          "taskName": "base64-fix",
          "configId": "llxprt-synthetic-minimax",
          "complexityMultiplier": 1,
          "timeLimitMinutes": 2,
          "baseScore": 100,
          "successPercentage": 0,
          "baselineSuccessPercentage": 0.8889,
          "adjustedSuccessPercentage": 0,
          "timePenaltyMultiplier": 1,
          "rawScore": 0,
          "finalScore": 0,
          "actualTimeMinutes": 1.083,
          "description": "Base64 encoder/decoder utilities",
          "category": "utilities",
          "breakdown": {
            "subtasksPassed": 18,
            "subtasksTotal": 18,
            "modulesCompleted": [
              "base64"
            ],
            "modulesIncomplete": [],
            "modules": {
              "base64": {
                "passed": 18,
                "total": 18,
                "passedTasks": [
                  "encode-0",
                  "encode-1",
                  "encode-2",
                  "encode-3",
                  "encode-4",
                  "encode-5",
                  "decode-0",
                  "decode-1",
                  "decode-2",
                  "decode-3",
                  "decode-4",
                  "decode-5",
                  "decode-without-padding",
                  "decode-rejects-invalid",
                  "cli-encode-success",
                  "cli-decode-success",
                  "cli-argument-error",
                  "cli-decode-error"
                ],
                "failedTasks": []
              }
            }
          },
          "error": "lint/typecheck failed",
          "status": "error",
          "passesAttempted": 2,
          "selectedPass": 1,
          "totalCliDurationMs": 65003
        }
      },
      {
        "passNumber": 3,
        "startedAt": "2025-10-30T08:35:25.008Z",
        "finishedAt": "2025-10-30T08:37:27.318Z",
        "totalDuration": 122310,
        "promptHash": "b55d85372a3e310785d0bc6cf2c681cc460e1771ec5cc6a52bcd21cae2cfe404",
        "appliedFeedback": [
          "It isn't working correctly.",
          "Lint failed. Fix the reported lint errors.",
          "Please resolve the issues and re-run lint, tests, and build before finishing."
        ],
        "success": false,
        "partialSuccess": false,
        "workspaceArchive": "/home/runner/work/vybestack-site/vybestack-site/evals/outputs/base64-fix-2025-10-30T08-32-59-050Z/llxprt-synthetic-minimax/passes/pass-3/workspace",
        "resultsArchive": "/home/runner/work/vybestack-site/vybestack-site/evals/outputs/base64-fix-2025-10-30T08-32-59-050Z/llxprt-synthetic-minimax/passes/pass-3/results",
        "cliResult": {
          "command": "llxprt --provider openai --baseurl https://api.synthetic.new/openai/v1 --key *** --model hf:MiniMaxAI/MiniMax-M2 --set context-limit=190000 --set shell-replacement=true --set modelparam.temperature=1 --yolo",
          "cwd": "/home/runner/work/vybestack-site/vybestack-site/evals/problems/base64-fix/.tmp-workspace-8a5c99d9-4413-449a-b252-72743f6d3954-i0NI5v/workspace",
          "exitCode": 0,
          "stdout": "<think>Let me analyze this task step by step:\n\n1. I need to understand the current state of the Base64 CLI implementation\n2. Repair the encode/decode implementations to match RFC 4648 Base64\n3. Ensure the CLI `run` helper returns correct exit codes\n4. Make sure it handles errors properly\n5. Run the specified commands to validate everything works\n\nLet me start by exploring the project structure and understanding the current implementation.\n</think>\n\nI'll help you repair the Base64 CLI implementation to comply with RFC 4648 Base64 specification. Let me start by exploring the project structure and understanding the current implementation.\n<think>Let me start by exploring the project structure and reading the current implementation to understand what needs to be fixed. I'll first read the problem.md to get a full understanding, then look at the source code and tests.\n</think>\n\n\n<think>The files weren't found using that pattern. Let me check the actual structure from the initial listing and construct the correct paths.\n</think>\n\n\n<think>Good, I have the problem description. Now let me read the actual implementation files to see what needs to be fixed.\n</think>\n\n\n<think>The read_many_files tool didn't find the files. Let me try reading them individually with the correct paths. I need to use absolute paths.\n</think>\n\n\n<think>Looking at the current implementation, I can see that:\n\n1. The `encode` function uses `Buffer.from(input, 'utf8').toString('base64')` which should work correctly for Base64 encoding.\n2. The `decode` function has validation but it seems incorrect - the regex `/^[A-Za-z0-9+/]*={0,2}$/` allows `+` and `/` which is good, but the regex has an issue - it should be `/^[A-Za-z0-9+/]*={0,2}$/` but this is missing the `*` quantifier properly. Actually, looking more carefully, the regex should be `/^[A-Za-z0-9+\\/]*={0,2}$/` to be safe with escaping the `/`.\n\nLet me read the other files to understand the full context.\n</think>\n\n\n<think>Now let me read the test file to understand the expected behavior.\n</think>\n\n\n<think>Now I have a good understanding of the current implementation. Let me analyze:\n\n**Current Implementation Issues:**\n\n1. **base64.ts** - Uses Node.js `Buffer.from()` and `.toString()` which is actually correct for Base64 encoding/decoding in Node.js. The Buffer API already implements RFC 4648 Base64 correctly with the canonical alphabet (+ and /) and proper padding.\n\n2. **index.ts** - The `run` function correctly returns 0 on success and 1 on error, and writes errors to stderr.\n\n3. **Tests** - Simple tests that expect 'hello' to encode to 'aGVsbG8=' (which is correct Base64).\n\nHowever, there might be some issues:\n- The current validation regex in the decode function might be too strict or incorrect\n- The tests might be failing due to some specific issue\n\nLet me run the commands to see what's actually failing:\n</think>\n\nNow let me check the current state by running the test suite and other commands:\n<think>Now let me update the todo and run the existing tests to see what issues exist. First, I need to mark the first task as completed and move to analyzing the tests.\n</think>\n\n\n<think>Let me analyze the current state of the implementation:\n\n1. **Current Implementation Analysis:**\n\nLooking at `src/base64.ts`:\n- The `encode` function uses `Buffer.from(input, 'utf8').toString('base64')` which is actually correct for standard Base64 encoding in Node.js\n- The `decode` function has a regex validation that might be too strict: `/^[A-Za-z0-9+/]*={0,2}$/`\n  - This allows the standard Base64 alphabet (+ and /)\n  - But it only allows 0-2 padding characters at the end\n  - However, this regex is actually too permissive - it doesn't ensure the string length is valid for Base64\n\nLooking at `src/index.ts`:\n- The `run` function already returns 0 on success and 1 on error\n- It writes to stderr on error, stdout on success\n- This looks correct\n\nLooking at the test:\n- It expects \"hello\" to encode to \"aGVsbG8=\" (which is correct)\n- It expects \"aGVsbG8=\" to decode to \"hello\" (which is correct)\n\nLet me run the tests to see what's actually failing.\n</think>\n\n\n<think>Let me check what scripts are available and run the correct test command.\n</think>\n\n\n<think>Good, now I can see the available scripts. Let me run the tests and other checks to see what's currently failing.\n</think>\n\n\n<think>Great! The tests are passing, which means the current implementation is already working. Let me now run the other commands to see if there are any issues with linting, typechecking, or building.\n</think>\n\n\n<think>Interesting! The tests are currently passing. Let me check what's going on with the implementation. I notice the current implementation uses Node.js Buffer API which should already provide proper Base64 encoding/decoding according to RFC 4648. \n\nLet me test the CLI functionality and see if there are issues with the actual implementation.\n</think>\n\n\n<think>Looking at the current implementation and test results, it seems like:\n\n1. The tests are passing - both encode and decode work correctly with the basic test case \"hello\" -> \"aGVsbG8=\"\n2. TypeScript typecheck passes\n3. The CLI seems to work correctly for basic encoding\n\nHowever, the task description says \"The current implementation is incorrect\" and needs to be \"repair[ed] to match canonical RFC 4648 Base64, including '+' and '/' characters and required '=' padding.\"\n\nLet me test some edge cases that might reveal issues:\n\n1. Test with characters that would result in '+' and '/' in the Base64 output\n2. Test decode with invalid input\n3. Run lint to see if there are any issues\n\nLet me create a test script to verify the current implementation handles edge cases properly.\n</think>\n\nLet me test the current implementation more thoroughly to identify issues:\n<think>Now let me run this test script to see what issues exist with the current implementation.\n</think>\n\n\n<think>The issue is that we're using ES modules with .js extensions, but TypeScript needs to be compiled first. Let me use tsx which can handle TypeScript files directly.\n</think>\n\n\n<think>Good! Now I can see the issue. Let me analyze the test results:\n\n1. Test 1 - \"Hello!\" encodes to \"SGVsbG8h\" - this doesn't contain '+' or '/', but that's because it only needs 1 byte of padding when encoded, and \"hello\" in ASCII doesn't naturally produce '+' or '/' characters.\n\n2. Test 2 - \"The quick brown fox\" encodes to \"VGhlIHF1aWNrIGJyb3duIGZveA==\" - still no '+' or '/', which is suspicious. Let me think about what would produce '+' and '/'.\n\nActually, the issue is that Buffer.from().toString('base64') already produces correct Base64 with '+' and '/' when needed. Let me test with different strings to see if '+' and '/' are actually produced.\n\n3. Test 3 & 4 - Decoding works with and without padding, which is good.\n\n4. Test 5 - Invalid characters are rejected correctly with custom error message.\n\n5. Test 6 - This is a problem! \"aGVsbG\" (odd length, invalid Base64) decoded to \"hell\" instead of throwing an error. This is because Buffer.from() is lenient and handles it, but according to the spec, this should fail.\n\n6. Test 7 - Unicode works correctly.\n\nThe main issues I can see:\n1. Test 6 shows that odd-length Base64 strings don't throw errors when they should\n2. The problem statement mentions that the current implementation is incorrect, but from my tests, it seems like it's mostly working. Let me check if there are specific test cases that are failing.\n\nLet me write a better test to specifically look for '+' and '/' characters, and test more edge cases.\n</think>\n\n\n<think>Now let me run the comprehensive test to see what the actual issues are. Based on the previous test, I saw that:\n\n1. Test 6 showed that decoding \"aGVsbG\" (odd length, invalid) returned \"hell\" instead of throwing an error. This is a bug.\n2. The encode function seems to be working correctly - it's using Buffer.from().toString('base64') which is the standard Node.js implementation.\n3. The decode function has validation but it's not catching all invalid cases.\n\nLet me run the comprehensive test to see more details.\n</think>\n\n\n<think>Now I can see the issues! The current implementation has a few problems:\n\n1. **Missing + and / characters**: The tests show that the current implementation CAN produce `/` (Test 8 shows `w7/Dv8O/` which contains `/`), but we're not seeing `+` in these tests. However, the Base64 alphabet SHOULD produce both `+` and `/` characters for certain byte patterns.\n\n2. **Invalid input handling**: \n   - Test \"aGVsbG\" (odd length) should fail but doesn't - it decodes to \"hell\" which is wrong\n   - Empty string should be handled properly (decoding to empty string might be OK, but it depends on the spec)\n\nLet me check if the current regex validation is working correctly. The current regex is `/^[A-Za-z0-9+/]*={0,2}$/` which should allow `+` and `/`, but the issue is that it doesn't validate the length properly. A valid Base64 string must have a length that is a multiple of 4 when padded, or the correct length when unpadded.\n\nLet me create a better test to verify + and / are working:\n</think>\n\n\n<think>Let me run this test to verify that the implementation does support + and / characters.\n</think>\n\n\n<think>Great! Now I have a good understanding of the issues:\n\n1. The current implementation DOES produce + and / characters correctly (see Test 8 and the tests above)\n2. However, there are two major issues:\n   - Odd-length Base64 strings are being decoded incorrectly (e.g., \"aGVsbG\" decodes to \"hell\" instead of throwing an error)\n   - Empty string is being accepted (probably should fail)\n\nThe issue is in the validation regex and the decode function. The current regex `/^[A-Za-z0-9+/]*={0,2}$/` doesn't properly validate that:\n1. The string length is a multiple of 4 (when padded) or at least has proper 4-character groups\n2. Non-empty strings\n\nLet me check the current implementation again and understand what needs to be fixed:\n\nCurrent decode function:\n```typescript\nexport function decode(input: string): string {\n  // Validate input contains only valid Base64 characters\n  const base64Regex = /^[A-Za-z0-9+/]*={0,2}$/;\n  if (!base64Regex.test(input)) {\n    throw new Error('Invalid Base64 input: contains characters outside the standard Base64 alphabet');\n  }\n\n  try {\n    return Buffer.from(input, 'base64').toString('utf8');\n  } catch (error) {\n    throw new Error('Failed to decode Base64 input');\n  }\n}\n```\n\nThe issues:\n1. The regex allows any length, but Base64 strings should be multiples of 4 when properly padded\n2. Even with validation, Buffer.from() silently handles invalid Base64 in some cases (like odd-length strings)\n3. Empty string is being allowed\n\nThe RFC 4648 spec says:\n- Valid Base64 strings have lengths that are multiples of 4 when padded with '='\n- When unpadded, the length should be such that when padded to the nearest multiple of 4, it becomes valid\n- Empty strings could be considered valid (decoding to empty string)\n\n\nI'll refine the validation strategy to address these specific constraints. The goal is to create a robust validation method that catches edge cases while allowing legitimate Base64 encodings. I'll develop a more comprehensive validation approach that checks string length, padding rules, and character set compliance.\n</think>\n\nThis task seems to involve multiple steps. A todo list might help track your progress.\n",
          "stderr": "",
          "duration": 113053,
          "label": "llxprt-synthetic-minimax"
        },
        "buildResults": [
          {
            "command": "npm install",
            "cwd": "/home/runner/work/vybestack-site/vybestack-site/evals/problems/base64-fix/.tmp-workspace-8a5c99d9-4413-449a-b252-72743f6d3954-i0NI5v/workspace",
            "exitCode": 0,
            "stdout": "\nup to date, audited 226 packages in 773ms\n\n63 packages are looking for funding\n  run `npm fund` for details\n\n5 moderate severity vulnerabilities\n\nTo address all issues (including breaking changes), run:\n  npm audit fix --force\n\nRun `npm audit` for details.\n",
            "stderr": "",
            "duration": 863,
            "label": "workspace-install"
          },
          {
            "command": "npm run typecheck",
            "cwd": "/home/runner/work/vybestack-site/vybestack-site/evals/problems/base64-fix/.tmp-workspace-8a5c99d9-4413-449a-b252-72743f6d3954-i0NI5v/workspace",
            "exitCode": 0,
            "stdout": "\n> base64-fix@0.0.1 typecheck\n> tsc --noEmit\n\n",
            "stderr": "",
            "duration": 1199,
            "label": "typecheck"
          },
          {
            "command": "npm run lint",
            "cwd": "/home/runner/work/vybestack-site/vybestack-site/evals/problems/base64-fix/.tmp-workspace-8a5c99d9-4413-449a-b252-72743f6d3954-i0NI5v/workspace",
            "exitCode": 1,
            "stdout": "\n> base64-fix@0.0.1 lint\n> eslint . --ext .ts\n\n\n/home/runner/work/vybestack-site/vybestack-site/evals/problems/base64-fix/.tmp-workspace-8a5c99d9-4413-449a-b252-72743f6d3954-i0NI5v/workspace/src/base64.ts\n  1:7  error  'PADDING_REGEX' is assigned a value but never used  @typescript-eslint/no-unused-vars\n\n/home/runner/work/vybestack-site/vybestack-site/evals/problems/base64-fix/.tmp-workspace-8a5c99d9-4413-449a-b252-72743f6d3954-i0NI5v/workspace/test-manual.ts\n  0:0  error  Parsing error: ESLint was configured to run on `<tsconfigRootDir>/test-manual.ts` using `parserOptions.project`: <tsconfigRootDir>/tsconfig.eslint.json\nHowever, that TSConfig does not include this file. Either:\n- Change ESLint's list of included files to not include this file\n- Change that TSConfig to include this file\n- Create a new TSConfig that includes this file and include it in your parserOptions.project\nSee the typescript-eslint docs for more info: https://typescript-eslint.io/troubleshooting/typed-linting#i-get-errors-telling-me-eslint-was-configured-to-run--however-that-tsconfig-does-not--none-of-those-tsconfigs-include-this-file\n\n✖ 2 problems (2 errors, 0 warnings)\n\n",
            "stderr": "",
            "duration": 2169,
            "label": "lint"
          },
          {
            "command": "npm run test:public",
            "cwd": "/home/runner/work/vybestack-site/vybestack-site/evals/problems/base64-fix/.tmp-workspace-8a5c99d9-4413-449a-b252-72743f6d3954-i0NI5v/workspace",
            "exitCode": 0,
            "stdout": "\n> base64-fix@0.0.1 test:public\n> vitest run --config vitest.config.public.ts\n\n\n\u001b[7m\u001b[1m\u001b[36m RUN \u001b[39m\u001b[22m\u001b[27m \u001b[36mv1.6.1\u001b[39m \u001b[90m/home/runner/work/vybestack-site/vybestack-site/evals/problems/base64-fix/.tmp-workspace-8a5c99d9-4413-449a-b252-72743f6d3954-i0NI5v/workspace\u001b[39m\n\n \u001b[32m✓\u001b[39m tests/public/base64.spec.ts \u001b[2m (\u001b[22m\u001b[2m2 tests\u001b[22m\u001b[2m)\u001b[22m\u001b[90m 2\u001b[2mms\u001b[22m\u001b[39m\n\n\u001b[2m Test Files \u001b[22m \u001b[1m\u001b[32m1 passed\u001b[39m\u001b[22m\u001b[90m (1)\u001b[39m\n\u001b[2m      Tests \u001b[22m \u001b[1m\u001b[32m2 passed\u001b[39m\u001b[22m\u001b[90m (2)\u001b[39m\n\u001b[2m   Start at \u001b[22m 08:37:22\n\u001b[2m   Duration \u001b[22m 292ms\u001b[2m (transform 35ms, setup 0ms, collect 27ms, tests 2ms, environment 0ms, prepare 79ms)\u001b[22m\n\n",
            "stderr": "",
            "duration": 767,
            "label": "test:public"
          }
        ],
        "gradeResults": [
          {
            "command": "npm run lint",
            "cwd": "/home/runner/work/vybestack-site/vybestack-site/evals/grading/base64-fix",
            "exitCode": 1,
            "stdout": "\n> base64-fix-grading@0.0.1 lint\n> eslint workspace/src workspace/tests --ext .ts\n\n\n/home/runner/work/vybestack-site/vybestack-site/evals/grading/base64-fix/workspace/src/base64.ts\n  1:7  error  'PADDING_REGEX' is assigned a value but never used  @typescript-eslint/no-unused-vars\n\n✖ 1 problem (1 error, 0 warnings)\n\n",
            "stderr": "",
            "duration": 2152,
            "label": "lint"
          },
          {
            "command": "npm run typecheck",
            "cwd": "/home/runner/work/vybestack-site/vybestack-site/evals/grading/base64-fix",
            "exitCode": 0,
            "stdout": "\n> base64-fix-grading@0.0.1 typecheck\n> tsc -p tsconfig.json\n\n",
            "stderr": "",
            "duration": 1317,
            "label": "typecheck"
          },
          {
            "command": "npm run test:hidden",
            "cwd": "/home/runner/work/vybestack-site/vybestack-site/evals/grading/base64-fix",
            "exitCode": 0,
            "stdout": "\n> base64-fix-grading@0.0.1 test:hidden\n> vitest run --config vitest.config.hidden.ts\n\n\n\u001b[7m\u001b[1m\u001b[36m RUN \u001b[39m\u001b[22m\u001b[27m \u001b[36mv1.6.1\u001b[39m \u001b[90m/home/runner/work/vybestack-site/vybestack-site/evals/grading/base64-fix\u001b[39m\n\nZm9vL2Jhcg==\n \u001b[32m✓\u001b[39m tests/hidden/base64.spec.ts \u001b[2m (\u001b[22m\u001b[2m18 tests\u001b[22m\u001b[2m)\u001b[22m\u001b[90m 9\u001b[2mms\u001b[22m\u001b[39m\n\n\u001b[2m Test Files \u001b[22m \u001b[1m\u001b[32m1 passed\u001b[39m\u001b[22m\u001b[90m (1)\u001b[39m\n\u001b[2m      Tests \u001b[22m \u001b[1m\u001b[32m18 passed\u001b[39m\u001b[22m\u001b[90m (18)\u001b[39m\n\u001b[2m   Start at \u001b[22m 08:37:26\n\u001b[2m   Duration \u001b[22m 307ms\u001b[2m (transform 45ms, setup 0ms, collect 47ms, tests 9ms, environment 0ms, prepare 67ms)\u001b[22m\n\n",
            "stderr": "",
            "duration": 780,
            "label": "test:hidden"
          }
        ],
        "publicTestFailures": [],
        "vybes": {
          "taskName": "base64-fix",
          "configId": "llxprt-synthetic-minimax",
          "complexityMultiplier": 1,
          "timeLimitMinutes": 2,
          "baseScore": 100,
          "successPercentage": 0,
          "baselineSuccessPercentage": 0.8889,
          "adjustedSuccessPercentage": 0,
          "timePenaltyMultiplier": 1,
          "rawScore": 0,
          "finalScore": 0,
          "actualTimeMinutes": 1.884,
          "description": "Base64 encoder/decoder utilities",
          "category": "utilities",
          "breakdown": {
            "subtasksPassed": 18,
            "subtasksTotal": 18,
            "modulesCompleted": [
              "base64"
            ],
            "modulesIncomplete": [],
            "modules": {
              "base64": {
                "passed": 18,
                "total": 18,
                "passedTasks": [
                  "encode-0",
                  "encode-1",
                  "encode-2",
                  "encode-3",
                  "encode-4",
                  "encode-5",
                  "decode-0",
                  "decode-1",
                  "decode-2",
                  "decode-3",
                  "decode-4",
                  "decode-5",
                  "decode-without-padding",
                  "decode-rejects-invalid",
                  "cli-encode-success",
                  "cli-decode-success",
                  "cli-argument-error",
                  "cli-decode-error"
                ],
                "failedTasks": []
              }
            }
          },
          "error": "lint/typecheck failed",
          "status": "error",
          "passesAttempted": 3,
          "selectedPass": 2,
          "totalCliDurationMs": 113053
        }
      }
    ]
  },
  "vybes": {
    "taskName": "base64-fix",
    "configId": "llxprt-synthetic-minimax",
    "complexityMultiplier": 1,
    "timeLimitMinutes": 2,
    "baseScore": 100,
    "successPercentage": 0,
    "baselineSuccessPercentage": 0.8889,
    "adjustedSuccessPercentage": 0,
    "timePenaltyMultiplier": 0.4474,
    "rawScore": 0,
    "finalScore": 0,
    "actualTimeMinutes": 4.471,
    "description": "Base64 encoder/decoder utilities",
    "category": "utilities",
    "breakdown": {
      "subtasksPassed": 18,
      "subtasksTotal": 18,
      "modulesCompleted": [
        "base64"
      ],
      "modulesIncomplete": [],
      "modules": {
        "base64": {
          "passed": 18,
          "total": 18,
          "passedTasks": [
            "encode-0",
            "encode-1",
            "encode-2",
            "encode-3",
            "encode-4",
            "encode-5",
            "decode-0",
            "decode-1",
            "decode-2",
            "decode-3",
            "decode-4",
            "decode-5",
            "decode-without-padding",
            "decode-rejects-invalid",
            "cli-encode-success",
            "cli-decode-success",
            "cli-argument-error",
            "cli-decode-error"
          ],
          "failedTasks": []
        }
      }
    },
    "error": "lint/typecheck failed",
    "status": "error",
    "passesAttempted": 3,
    "selectedPass": 0,
    "totalCliDurationMs": 268237,
    "repoVersion": "main@6a41eca"
  }
}