{
  "evalName": "form-capture",
  "configId": "llxprt-synthetic-minimax",
  "startedAt": "2025-11-06T19:52:01.895Z",
  "finishedAt": "2025-11-06T19:52:01.895Z",
  "status": "fail",
  "totalDuration": 76609,
  "totalCliDuration": 76539,
  "commands": [
    {
      "name": "llxprt-synthetic-minimax",
      "command": "/home/runner/work/vybestack-site/vybestack-site/evals/llxprt --provider openai --baseurl https://api.synthetic.new/openai/v1 --key *** --model hf:MiniMaxAI/MiniMax-M2 --set context-limit=190000 --set shell-replacement=true --set modelparam.temperature=1 --yolo",
      "cwd": "/home/runner/work/vybestack-site/vybestack-site/evals/problems/form-capture/.tmp-workspace-a17e0402-e642-4b22-a310-0d554c2ece20-yujE3D/workspace",
      "exitCode": 1,
      "stdout": "",
      "stderr": "",
      "duration": 2,
      "success": false
    },
    {
      "name": "workspace-install",
      "command": "npm install",
      "cwd": "/home/runner/work/vybestack-site/vybestack-site/evals/problems/form-capture/.tmp-workspace-a17e0402-e642-4b22-a310-0d554c2ece20-yujE3D/workspace",
      "exitCode": 0,
      "stdout": "\nadded 343 packages, and audited 344 packages in 2s\n\n96 packages are looking for funding\n  run `npm fund` for details\n\n4 moderate severity vulnerabilities\n\nTo address all issues (including breaking changes), run:\n  npm audit fix --force\n\nRun `npm audit` for details.\n",
      "stderr": "npm warn deprecated inflight@1.0.6: This module is not supported, and leaks memory. Do not use it. Check out lru-cache if you want a good and tested way to coalesce async requests by a key value, which is much more comprehensive and powerful.\nnpm warn deprecated @humanwhocodes/config-array@0.13.0: Use @eslint/config-array instead\nnpm warn deprecated rimraf@3.0.2: Rimraf versions prior to v4 are no longer supported\nnpm warn deprecated glob@7.2.3: Glob versions prior to v9 are no longer supported\nnpm warn deprecated @humanwhocodes/object-schema@2.0.3: Use @eslint/object-schema instead\nnpm warn deprecated eslint@8.57.1: This version is no longer supported. Please see https://eslint.org/version-support for other options.\n",
      "duration": 2589,
      "success": true
    },
    {
      "name": "lint",
      "command": "npm run lint",
      "cwd": "/home/runner/work/vybestack-site/vybestack-site/evals/problems/form-capture/.tmp-workspace-a17e0402-e642-4b22-a310-0d554c2ece20-yujE3D/workspace",
      "exitCode": 1,
      "stdout": "\n> form-capture-eval@0.0.1 lint\n> eslint . --ext .ts\n\n\n/home/runner/work/vybestack-site/vybestack-site/evals/problems/form-capture/.tmp-workspace-a17e0402-e642-4b22-a310-0d554c2ece20-yujE3D/workspace/tests/public/form.spec.ts\n  2:8   error  'request' is defined but never used       @typescript-eslint/no-unused-vars\n  3:8   error  'cheerio' is defined but never used       @typescript-eslint/no-unused-vars\n  7:13  error  Unexpected any. Specify a different type  @typescript-eslint/no-explicit-any\n  8:5   error  'app' is defined but never used           @typescript-eslint/no-unused-vars\n  8:10  error  Unexpected any. Specify a different type  @typescript-eslint/no-explicit-any\n\n✖ 5 problems (5 errors, 0 warnings)\n\n",
      "stderr": "",
      "duration": 3422,
      "success": false
    },
    {
      "name": "test:public",
      "command": "npm run test:public",
      "cwd": "/home/runner/work/vybestack-site/vybestack-site/evals/problems/form-capture/.tmp-workspace-a17e0402-e642-4b22-a310-0d554c2ece20-yujE3D/workspace",
      "exitCode": 0,
      "stdout": "\n> form-capture-eval@0.0.1 test:public\n> vitest run --config vitest.config.public.ts\n\n\n\u001b[7m\u001b[1m\u001b[36m RUN \u001b[39m\u001b[22m\u001b[27m \u001b[36mv1.6.1\u001b[39m \u001b[90m/home/runner/work/vybestack-site/vybestack-site/evals/problems/form-capture/.tmp-workspace-a17e0402-e642-4b22-a310-0d554c2ece20-yujE3D/workspace\u001b[39m\n\n \u001b[32m✓\u001b[39m tests/public/form.spec.ts \u001b[2m (\u001b[22m\u001b[2m2 tests\u001b[22m\u001b[2m)\u001b[22m\u001b[90m 2\u001b[2mms\u001b[22m\u001b[39m\n\n\u001b[2m Test Files \u001b[22m \u001b[1m\u001b[32m1 passed\u001b[39m\u001b[22m\u001b[90m (1)\u001b[39m\n\u001b[2m      Tests \u001b[22m \u001b[1m\u001b[32m2 passed\u001b[39m\u001b[22m\u001b[90m (2)\u001b[39m\n\u001b[2m   Start at \u001b[22m 19:50:51\n\u001b[2m   Duration \u001b[22m 286ms\u001b[2m (transform 26ms, setup 1ms, collect 20ms, tests 2ms, environment 0ms, prepare 87ms)\u001b[22m\n\n",
      "stderr": "",
      "duration": 756,
      "success": true
    },
    {
      "name": "typecheck",
      "command": "npm run typecheck",
      "cwd": "/home/runner/work/vybestack-site/vybestack-site/evals/problems/form-capture/.tmp-workspace-a17e0402-e642-4b22-a310-0d554c2ece20-yujE3D/workspace",
      "exitCode": 0,
      "stdout": "\n> form-capture-eval@0.0.1 typecheck\n> tsc --noEmit\n\n",
      "stderr": "",
      "duration": 1074,
      "success": true
    },
    {
      "name": "build",
      "command": "npm run build",
      "cwd": "/home/runner/work/vybestack-site/vybestack-site/evals/problems/form-capture/.tmp-workspace-a17e0402-e642-4b22-a310-0d554c2ece20-yujE3D/workspace",
      "exitCode": 0,
      "stdout": "\n> form-capture-eval@0.0.1 build\n> tsc -p tsconfig.json\n\n",
      "stderr": "",
      "duration": 1098,
      "success": true
    },
    {
      "name": "workspace-install",
      "command": "npm install",
      "cwd": "/home/runner/work/vybestack-site/vybestack-site/evals/grading/form-capture",
      "exitCode": 0,
      "stdout": "\nup to date, audited 330 packages in 821ms\n\n96 packages are looking for funding\n  run `npm fund` for details\n\n2 moderate severity vulnerabilities\n\nTo address all issues, run:\n  npm audit fix\n\nRun `npm audit` for details.\n",
      "stderr": "",
      "duration": 914,
      "success": true
    },
    {
      "name": "workspace-install-subdir",
      "command": "npm --prefix workspace install",
      "cwd": "/home/runner/work/vybestack-site/vybestack-site/evals/grading/form-capture",
      "exitCode": 0,
      "stdout": "\nadded 343 packages, and audited 344 packages in 2s\n\n96 packages are looking for funding\n  run `npm fund` for details\n\n4 moderate severity vulnerabilities\n\nTo address all issues (including breaking changes), run:\n  npm audit fix --force\n\nRun `npm audit` for details.\n",
      "stderr": "npm warn deprecated inflight@1.0.6: This module is not supported, and leaks memory. Do not use it. Check out lru-cache if you want a good and tested way to coalesce async requests by a key value, which is much more comprehensive and powerful.\nnpm warn deprecated @humanwhocodes/config-array@0.13.0: Use @eslint/config-array instead\nnpm warn deprecated rimraf@3.0.2: Rimraf versions prior to v4 are no longer supported\nnpm warn deprecated glob@7.2.3: Glob versions prior to v9 are no longer supported\nnpm warn deprecated @humanwhocodes/object-schema@2.0.3: Use @eslint/object-schema instead\nnpm warn deprecated eslint@8.57.1: This version is no longer supported. Please see https://eslint.org/version-support for other options.\n",
      "duration": 2511,
      "success": true
    },
    {
      "name": "workspace-build-subdir",
      "command": "npm --prefix workspace run build",
      "cwd": "/home/runner/work/vybestack-site/vybestack-site/evals/grading/form-capture",
      "exitCode": 0,
      "stdout": "\n> form-capture-eval@0.0.1 build\n> tsc -p tsconfig.json\n\n",
      "stderr": "",
      "duration": 1084,
      "success": true
    },
    {
      "name": "typecheck",
      "command": "npm run typecheck",
      "cwd": "/home/runner/work/vybestack-site/vybestack-site/evals/grading/form-capture",
      "exitCode": 0,
      "stdout": "\n> form-capture-grading@0.0.1 typecheck\n> tsc -p tsconfig.json\n\n",
      "stderr": "",
      "duration": 1421,
      "success": true
    },
    {
      "name": "test:hidden",
      "command": "npm run test:hidden",
      "cwd": "/home/runner/work/vybestack-site/vybestack-site/evals/grading/form-capture",
      "exitCode": 1,
      "stdout": "\n> form-capture-grading@0.0.1 test:hidden\n> vitest run --config vitest.config.hidden.ts\n\n\n\u001b[7m\u001b[1m\u001b[36m RUN \u001b[39m\u001b[22m\u001b[27m \u001b[36mv1.6.1\u001b[39m \u001b[90m/home/runner/work/vybestack-site/vybestack-site/evals/grading/form-capture\u001b[39m\n\n \u001b[32m✓\u001b[39m tests/hidden/package.spec.ts \u001b[2m (\u001b[22m\u001b[2m1 test\u001b[22m\u001b[2m)\u001b[22m\u001b[90m 3\u001b[2mms\u001b[22m\u001b[39m\n \u001b[33m❯\u001b[39m tests/hidden/form.spec.ts \u001b[2m (\u001b[22m\u001b[2m4 tests\u001b[22m\u001b[2m)\u001b[22m\n \u001b[33m❯\u001b[39m tests/hidden/form.spec.ts \u001b[2m (\u001b[22m\u001b[2m4 tests\u001b[22m\u001b[2m)\u001b[22m\u001b[33m 10517\u001b[2mms\u001b[22m\u001b[39m\n\n\u001b[2m Test Files \u001b[22m \u001b[1m\u001b[31m1 failed\u001b[39m\u001b[22m\u001b[2m | \u001b[22m\u001b[1m\u001b[32m1 passed\u001b[39m\u001b[22m\u001b[90m (2)\u001b[39m\n\u001b[2m      Tests \u001b[22m \u001b[1m\u001b[32m1 passed\u001b[39m\u001b[22m\u001b[90m (5)\u001b[39m\n\u001b[2m   Start at \u001b[22m 19:51:00\n\u001b[2m   Duration \u001b[22m 10.99s\u001b[2m (transform 61ms, setup 0ms, collect 239ms, tests 10.52s, environment 1ms, prepare 211ms)\u001b[22m\n\n",
      "stderr": "Server not implemented yet.\n\u001b[31m⎯⎯⎯⎯⎯⎯\u001b[1m\u001b[7m Failed Suites 1 \u001b[27m\u001b[22m⎯⎯⎯⎯⎯⎯⎯\u001b[39m\n\n\u001b[31m\u001b[1m\u001b[7m FAIL \u001b[27m\u001b[22m\u001b[39m tests/hidden/form.spec.ts \u001b[2m[ tests/hidden/form.spec.ts ]\u001b[22m\n\u001b[31m\u001b[1mError\u001b[22m: Hook timed out in 10000ms.\nIf this is a long-running hook, pass a timeout value as the last argument or configure it globally with \"hookTimeout\".\u001b[39m\n\u001b[31m\u001b[2m⎯⎯⎯⎯⎯⎯⎯⎯⎯⎯⎯⎯⎯⎯⎯⎯⎯⎯⎯⎯⎯⎯⎯⎯[1/1]⎯\u001b[22m\u001b[39m\n\n",
      "duration": 11450,
      "success": false
    }
  ],
  "workspaceArchive": "/home/runner/work/vybestack-site/vybestack-site/evals/outputs/form-capture-2025-11-06T19-50-45-281Z/llxprt-synthetic-minimax/workspace",
  "runSessionId": "ea202e27-d61c-4ec7-bf77-07f89ba03042",
  "runSessionStartedAt": "2025-11-06T19:26:03.300Z",
  "repoVersion": "main@9c578b2",
  "multipass": {
    "enabled": true,
    "selectedPass": 0,
    "maxPasses": 3,
    "totalCliDuration": 76539,
    "passCount": 3,
    "feedback": [],
    "passes": [
      {
        "passNumber": 1,
        "startedAt": "2025-11-06T19:50:45.290Z",
        "finishedAt": "2025-11-06T19:51:11.894Z",
        "totalDuration": 26604,
        "promptHash": "6300c326839fd1818695a02737dd4a6181aaa06c59197bafd0d7416044b1fc7e",
        "appliedFeedback": [],
        "success": false,
        "partialSuccess": false,
        "workspaceArchive": "/home/runner/work/vybestack-site/vybestack-site/evals/outputs/form-capture-2025-11-06T19-50-45-281Z/llxprt-synthetic-minimax/passes/pass-1/workspace",
        "resultsArchive": "/home/runner/work/vybestack-site/vybestack-site/evals/outputs/form-capture-2025-11-06T19-50-45-281Z/llxprt-synthetic-minimax/passes/pass-1/results",
        "cliResult": {
          "command": "/home/runner/work/vybestack-site/vybestack-site/evals/llxprt --provider openai --baseurl https://api.synthetic.new/openai/v1 --key *** --model hf:MiniMaxAI/MiniMax-M2 --set context-limit=190000 --set shell-replacement=true --set modelparam.temperature=1 --yolo",
          "cwd": "/home/runner/work/vybestack-site/vybestack-site/evals/problems/form-capture/.tmp-workspace-a17e0402-e642-4b22-a310-0d554c2ece20-yujE3D/workspace",
          "exitCode": 1,
          "stdout": "",
          "stderr": "",
          "duration": 2,
          "label": "llxprt-synthetic-minimax"
        },
        "buildResults": [
          {
            "command": "npm install",
            "cwd": "/home/runner/work/vybestack-site/vybestack-site/evals/problems/form-capture/.tmp-workspace-a17e0402-e642-4b22-a310-0d554c2ece20-yujE3D/workspace",
            "exitCode": 0,
            "stdout": "\nadded 343 packages, and audited 344 packages in 2s\n\n96 packages are looking for funding\n  run `npm fund` for details\n\n4 moderate severity vulnerabilities\n\nTo address all issues (including breaking changes), run:\n  npm audit fix --force\n\nRun `npm audit` for details.\n",
            "stderr": "npm warn deprecated inflight@1.0.6: This module is not supported, and leaks memory. Do not use it. Check out lru-cache if you want a good and tested way to coalesce async requests by a key value, which is much more comprehensive and powerful.\nnpm warn deprecated @humanwhocodes/config-array@0.13.0: Use @eslint/config-array instead\nnpm warn deprecated rimraf@3.0.2: Rimraf versions prior to v4 are no longer supported\nnpm warn deprecated glob@7.2.3: Glob versions prior to v9 are no longer supported\nnpm warn deprecated @humanwhocodes/object-schema@2.0.3: Use @eslint/object-schema instead\nnpm warn deprecated eslint@8.57.1: This version is no longer supported. Please see https://eslint.org/version-support for other options.\n",
            "duration": 2589,
            "label": "workspace-install"
          },
          {
            "command": "npm run lint",
            "cwd": "/home/runner/work/vybestack-site/vybestack-site/evals/problems/form-capture/.tmp-workspace-a17e0402-e642-4b22-a310-0d554c2ece20-yujE3D/workspace",
            "exitCode": 1,
            "stdout": "\n> form-capture-eval@0.0.1 lint\n> eslint . --ext .ts\n\n\n/home/runner/work/vybestack-site/vybestack-site/evals/problems/form-capture/.tmp-workspace-a17e0402-e642-4b22-a310-0d554c2ece20-yujE3D/workspace/tests/public/form.spec.ts\n  2:8   error  'request' is defined but never used       @typescript-eslint/no-unused-vars\n  3:8   error  'cheerio' is defined but never used       @typescript-eslint/no-unused-vars\n  7:13  error  Unexpected any. Specify a different type  @typescript-eslint/no-explicit-any\n  8:5   error  'app' is defined but never used           @typescript-eslint/no-unused-vars\n  8:10  error  Unexpected any. Specify a different type  @typescript-eslint/no-explicit-any\n\n✖ 5 problems (5 errors, 0 warnings)\n\n",
            "stderr": "",
            "duration": 3422,
            "label": "lint"
          },
          {
            "command": "npm run test:public",
            "cwd": "/home/runner/work/vybestack-site/vybestack-site/evals/problems/form-capture/.tmp-workspace-a17e0402-e642-4b22-a310-0d554c2ece20-yujE3D/workspace",
            "exitCode": 0,
            "stdout": "\n> form-capture-eval@0.0.1 test:public\n> vitest run --config vitest.config.public.ts\n\n\n\u001b[7m\u001b[1m\u001b[36m RUN \u001b[39m\u001b[22m\u001b[27m \u001b[36mv1.6.1\u001b[39m \u001b[90m/home/runner/work/vybestack-site/vybestack-site/evals/problems/form-capture/.tmp-workspace-a17e0402-e642-4b22-a310-0d554c2ece20-yujE3D/workspace\u001b[39m\n\n \u001b[32m✓\u001b[39m tests/public/form.spec.ts \u001b[2m (\u001b[22m\u001b[2m2 tests\u001b[22m\u001b[2m)\u001b[22m\u001b[90m 2\u001b[2mms\u001b[22m\u001b[39m\n\n\u001b[2m Test Files \u001b[22m \u001b[1m\u001b[32m1 passed\u001b[39m\u001b[22m\u001b[90m (1)\u001b[39m\n\u001b[2m      Tests \u001b[22m \u001b[1m\u001b[32m2 passed\u001b[39m\u001b[22m\u001b[90m (2)\u001b[39m\n\u001b[2m   Start at \u001b[22m 19:50:51\n\u001b[2m   Duration \u001b[22m 286ms\u001b[2m (transform 26ms, setup 1ms, collect 20ms, tests 2ms, environment 0ms, prepare 87ms)\u001b[22m\n\n",
            "stderr": "",
            "duration": 756,
            "label": "test:public"
          },
          {
            "command": "npm run typecheck",
            "cwd": "/home/runner/work/vybestack-site/vybestack-site/evals/problems/form-capture/.tmp-workspace-a17e0402-e642-4b22-a310-0d554c2ece20-yujE3D/workspace",
            "exitCode": 0,
            "stdout": "\n> form-capture-eval@0.0.1 typecheck\n> tsc --noEmit\n\n",
            "stderr": "",
            "duration": 1074,
            "label": "typecheck"
          },
          {
            "command": "npm run build",
            "cwd": "/home/runner/work/vybestack-site/vybestack-site/evals/problems/form-capture/.tmp-workspace-a17e0402-e642-4b22-a310-0d554c2ece20-yujE3D/workspace",
            "exitCode": 0,
            "stdout": "\n> form-capture-eval@0.0.1 build\n> tsc -p tsconfig.json\n\n",
            "stderr": "",
            "duration": 1098,
            "label": "build"
          }
        ],
        "gradeResults": [
          {
            "command": "npm install",
            "cwd": "/home/runner/work/vybestack-site/vybestack-site/evals/grading/form-capture",
            "exitCode": 0,
            "stdout": "\nup to date, audited 330 packages in 821ms\n\n96 packages are looking for funding\n  run `npm fund` for details\n\n2 moderate severity vulnerabilities\n\nTo address all issues, run:\n  npm audit fix\n\nRun `npm audit` for details.\n",
            "stderr": "",
            "duration": 914,
            "label": "workspace-install"
          },
          {
            "command": "npm --prefix workspace install",
            "cwd": "/home/runner/work/vybestack-site/vybestack-site/evals/grading/form-capture",
            "exitCode": 0,
            "stdout": "\nadded 343 packages, and audited 344 packages in 2s\n\n96 packages are looking for funding\n  run `npm fund` for details\n\n4 moderate severity vulnerabilities\n\nTo address all issues (including breaking changes), run:\n  npm audit fix --force\n\nRun `npm audit` for details.\n",
            "stderr": "npm warn deprecated inflight@1.0.6: This module is not supported, and leaks memory. Do not use it. Check out lru-cache if you want a good and tested way to coalesce async requests by a key value, which is much more comprehensive and powerful.\nnpm warn deprecated @humanwhocodes/config-array@0.13.0: Use @eslint/config-array instead\nnpm warn deprecated rimraf@3.0.2: Rimraf versions prior to v4 are no longer supported\nnpm warn deprecated glob@7.2.3: Glob versions prior to v9 are no longer supported\nnpm warn deprecated @humanwhocodes/object-schema@2.0.3: Use @eslint/object-schema instead\nnpm warn deprecated eslint@8.57.1: This version is no longer supported. Please see https://eslint.org/version-support for other options.\n",
            "duration": 2511,
            "label": "workspace-install-subdir"
          },
          {
            "command": "npm --prefix workspace run build",
            "cwd": "/home/runner/work/vybestack-site/vybestack-site/evals/grading/form-capture",
            "exitCode": 0,
            "stdout": "\n> form-capture-eval@0.0.1 build\n> tsc -p tsconfig.json\n\n",
            "stderr": "",
            "duration": 1084,
            "label": "workspace-build-subdir"
          },
          {
            "command": "npm run typecheck",
            "cwd": "/home/runner/work/vybestack-site/vybestack-site/evals/grading/form-capture",
            "exitCode": 0,
            "stdout": "\n> form-capture-grading@0.0.1 typecheck\n> tsc -p tsconfig.json\n\n",
            "stderr": "",
            "duration": 1421,
            "label": "typecheck"
          },
          {
            "command": "npm run test:hidden",
            "cwd": "/home/runner/work/vybestack-site/vybestack-site/evals/grading/form-capture",
            "exitCode": 1,
            "stdout": "\n> form-capture-grading@0.0.1 test:hidden\n> vitest run --config vitest.config.hidden.ts\n\n\n\u001b[7m\u001b[1m\u001b[36m RUN \u001b[39m\u001b[22m\u001b[27m \u001b[36mv1.6.1\u001b[39m \u001b[90m/home/runner/work/vybestack-site/vybestack-site/evals/grading/form-capture\u001b[39m\n\n \u001b[32m✓\u001b[39m tests/hidden/package.spec.ts \u001b[2m (\u001b[22m\u001b[2m1 test\u001b[22m\u001b[2m)\u001b[22m\u001b[90m 3\u001b[2mms\u001b[22m\u001b[39m\n \u001b[33m❯\u001b[39m tests/hidden/form.spec.ts \u001b[2m (\u001b[22m\u001b[2m4 tests\u001b[22m\u001b[2m)\u001b[22m\n \u001b[33m❯\u001b[39m tests/hidden/form.spec.ts \u001b[2m (\u001b[22m\u001b[2m4 tests\u001b[22m\u001b[2m)\u001b[22m\u001b[33m 10517\u001b[2mms\u001b[22m\u001b[39m\n\n\u001b[2m Test Files \u001b[22m \u001b[1m\u001b[31m1 failed\u001b[39m\u001b[22m\u001b[2m | \u001b[22m\u001b[1m\u001b[32m1 passed\u001b[39m\u001b[22m\u001b[90m (2)\u001b[39m\n\u001b[2m      Tests \u001b[22m \u001b[1m\u001b[32m1 passed\u001b[39m\u001b[22m\u001b[90m (5)\u001b[39m\n\u001b[2m   Start at \u001b[22m 19:51:00\n\u001b[2m   Duration \u001b[22m 10.99s\u001b[2m (transform 61ms, setup 0ms, collect 239ms, tests 10.52s, environment 1ms, prepare 211ms)\u001b[22m\n\n",
            "stderr": "Server not implemented yet.\n\u001b[31m⎯⎯⎯⎯⎯⎯\u001b[1m\u001b[7m Failed Suites 1 \u001b[27m\u001b[22m⎯⎯⎯⎯⎯⎯⎯\u001b[39m\n\n\u001b[31m\u001b[1m\u001b[7m FAIL \u001b[27m\u001b[22m\u001b[39m tests/hidden/form.spec.ts \u001b[2m[ tests/hidden/form.spec.ts ]\u001b[22m\n\u001b[31m\u001b[1mError\u001b[22m: Hook timed out in 10000ms.\nIf this is a long-running hook, pass a timeout value as the last argument or configure it globally with \"hookTimeout\".\u001b[39m\n\u001b[31m\u001b[2m⎯⎯⎯⎯⎯⎯⎯⎯⎯⎯⎯⎯⎯⎯⎯⎯⎯⎯⎯⎯⎯⎯⎯⎯[1/1]⎯\u001b[22m\u001b[39m\n\n",
            "duration": 11450,
            "label": "test:hidden"
          }
        ],
        "feedbackForNextPass": {
          "bullets": [
            "It isn't working correctly.",
            "Your previous attempt exited with code 1. Review the CLI logs to diagnose the issue.",
            "Lint failed. Fix the reported lint errors.",
            "A verification check failed.",
            "Please resolve the issues and re-run lint, tests, and build before finishing."
          ],
          "failingSteps": [
            {
              "step": "llxprt-synthetic-minimax",
              "exitCode": 1,
              "message": "Your previous attempt exited with code 1. Review the CLI logs to diagnose the issue."
            },
            {
              "step": "lint",
              "exitCode": 1,
              "message": "Lint failed. Fix the reported lint errors."
            },
            {
              "step": "test:hidden",
              "exitCode": 1,
              "message": "A verification check failed."
            }
          ],
          "hiddenAssertions": [],
          "publicTestFailures": [],
          "hiddenTestFailures": []
        },
        "publicTestFailures": [],
        "hiddenTestFailures": [],
        "vybes": {
          "taskName": "form-capture",
          "configId": "llxprt-synthetic-minimax",
          "complexityMultiplier": 5,
          "timeLimitMinutes": 10,
          "baseScore": 500,
          "successPercentage": 0,
          "baselineSuccessPercentage": 0,
          "adjustedSuccessPercentage": 0,
          "timePenaltyMultiplier": 1,
          "rawScore": 0,
          "finalScore": 0,
          "actualTimeMinutes": 0,
          "description": "Full-stack contact form application",
          "category": "full-stack",
          "breakdown": {
            "subtasksPassed": 1,
            "subtasksTotal": 6,
            "modulesCompleted": [],
            "modulesIncomplete": [
              "form-capture"
            ],
            "modules": {
              "form-capture": {
                "passed": 1,
                "total": 6,
                "passedTasks": [
                  "package-integrity"
                ],
                "failedTasks": [
                  "form-fields-render",
                  "invalid-email-validation",
                  "submission-persists",
                  "thank-you-page",
                  "css-styling"
                ]
              }
            }
          },
          "error": "lint/typecheck failed",
          "status": "error",
          "passesAttempted": 1,
          "selectedPass": 0,
          "totalCliDurationMs": 2
        }
      },
      {
        "passNumber": 2,
        "startedAt": "2025-11-06T19:51:11.911Z",
        "finishedAt": "2025-11-06T19:51:36.912Z",
        "totalDuration": 25001,
        "promptHash": "46a8c4284989f5f84fefb1403f9b8a72ecbb9a33c1311dceefa8eaa5d4f44536",
        "appliedFeedback": [
          "It isn't working correctly.",
          "Your previous attempt exited with code 1. Review the CLI logs to diagnose the issue.",
          "Lint failed. Fix the reported lint errors.",
          "A verification check failed.",
          "Please resolve the issues and re-run lint, tests, and build before finishing."
        ],
        "success": false,
        "partialSuccess": false,
        "workspaceArchive": "/home/runner/work/vybestack-site/vybestack-site/evals/outputs/form-capture-2025-11-06T19-50-45-281Z/llxprt-synthetic-minimax/passes/pass-2/workspace",
        "resultsArchive": "/home/runner/work/vybestack-site/vybestack-site/evals/outputs/form-capture-2025-11-06T19-50-45-281Z/llxprt-synthetic-minimax/passes/pass-2/results",
        "cliResult": {
          "command": "/home/runner/work/vybestack-site/vybestack-site/evals/llxprt --provider openai --baseurl https://api.synthetic.new/openai/v1 --key *** --model hf:MiniMaxAI/MiniMax-M2 --set context-limit=190000 --set shell-replacement=true --set modelparam.temperature=1 --yolo",
          "cwd": "/home/runner/work/vybestack-site/vybestack-site/evals/problems/form-capture/.tmp-workspace-a17e0402-e642-4b22-a310-0d554c2ece20-yujE3D/workspace",
          "exitCode": 1,
          "stdout": "",
          "stderr": "",
          "duration": 1,
          "label": "llxprt-synthetic-minimax"
        },
        "buildResults": [
          {
            "command": "npm install",
            "cwd": "/home/runner/work/vybestack-site/vybestack-site/evals/problems/form-capture/.tmp-workspace-a17e0402-e642-4b22-a310-0d554c2ece20-yujE3D/workspace",
            "exitCode": 0,
            "stdout": "\nup to date, audited 344 packages in 920ms\n\n96 packages are looking for funding\n  run `npm fund` for details\n\n4 moderate severity vulnerabilities\n\nTo address all issues (including breaking changes), run:\n  npm audit fix --force\n\nRun `npm audit` for details.\n",
            "stderr": "",
            "duration": 1014,
            "label": "workspace-install"
          },
          {
            "command": "npm run lint",
            "cwd": "/home/runner/work/vybestack-site/vybestack-site/evals/problems/form-capture/.tmp-workspace-a17e0402-e642-4b22-a310-0d554c2ece20-yujE3D/workspace",
            "exitCode": 1,
            "stdout": "\n> form-capture-eval@0.0.1 lint\n> eslint . --ext .ts\n\n\n/home/runner/work/vybestack-site/vybestack-site/evals/problems/form-capture/.tmp-workspace-a17e0402-e642-4b22-a310-0d554c2ece20-yujE3D/workspace/tests/public/form.spec.ts\n  2:8   error  'request' is defined but never used       @typescript-eslint/no-unused-vars\n  3:8   error  'cheerio' is defined but never used       @typescript-eslint/no-unused-vars\n  7:13  error  Unexpected any. Specify a different type  @typescript-eslint/no-explicit-any\n  8:5   error  'app' is defined but never used           @typescript-eslint/no-unused-vars\n  8:10  error  Unexpected any. Specify a different type  @typescript-eslint/no-explicit-any\n\n✖ 5 problems (5 errors, 0 warnings)\n\n",
            "stderr": "",
            "duration": 3229,
            "label": "lint"
          },
          {
            "command": "npm run test:public",
            "cwd": "/home/runner/work/vybestack-site/vybestack-site/evals/problems/form-capture/.tmp-workspace-a17e0402-e642-4b22-a310-0d554c2ece20-yujE3D/workspace",
            "exitCode": 0,
            "stdout": "\n> form-capture-eval@0.0.1 test:public\n> vitest run --config vitest.config.public.ts\n\n\n\u001b[7m\u001b[1m\u001b[36m RUN \u001b[39m\u001b[22m\u001b[27m \u001b[36mv1.6.1\u001b[39m \u001b[90m/home/runner/work/vybestack-site/vybestack-site/evals/problems/form-capture/.tmp-workspace-a17e0402-e642-4b22-a310-0d554c2ece20-yujE3D/workspace\u001b[39m\n\n \u001b[32m✓\u001b[39m tests/public/form.spec.ts \u001b[2m (\u001b[22m\u001b[2m2 tests\u001b[22m\u001b[2m)\u001b[22m\u001b[90m 3\u001b[2mms\u001b[22m\u001b[39m\n\n\u001b[2m Test Files \u001b[22m \u001b[1m\u001b[32m1 passed\u001b[39m\u001b[22m\u001b[90m (1)\u001b[39m\n\u001b[2m      Tests \u001b[22m \u001b[1m\u001b[32m2 passed\u001b[39m\u001b[22m\u001b[90m (2)\u001b[39m\n\u001b[2m   Start at \u001b[22m 19:51:16\n\u001b[2m   Duration \u001b[22m 294ms\u001b[2m (transform 30ms, setup 0ms, collect 19ms, tests 3ms, environment 0ms, prepare 85ms)\u001b[22m\n\n",
            "stderr": "",
            "duration": 748,
            "label": "test:public"
          },
          {
            "command": "npm run typecheck",
            "cwd": "/home/runner/work/vybestack-site/vybestack-site/evals/problems/form-capture/.tmp-workspace-a17e0402-e642-4b22-a310-0d554c2ece20-yujE3D/workspace",
            "exitCode": 0,
            "stdout": "\n> form-capture-eval@0.0.1 typecheck\n> tsc --noEmit\n\n",
            "stderr": "",
            "duration": 1115,
            "label": "typecheck"
          },
          {
            "command": "npm run build",
            "cwd": "/home/runner/work/vybestack-site/vybestack-site/evals/problems/form-capture/.tmp-workspace-a17e0402-e642-4b22-a310-0d554c2ece20-yujE3D/workspace",
            "exitCode": 0,
            "stdout": "\n> form-capture-eval@0.0.1 build\n> tsc -p tsconfig.json\n\n",
            "stderr": "",
            "duration": 1101,
            "label": "build"
          }
        ],
        "gradeResults": [
          {
            "command": "npm install",
            "cwd": "/home/runner/work/vybestack-site/vybestack-site/evals/grading/form-capture",
            "exitCode": 0,
            "stdout": "\nup to date, audited 330 packages in 806ms\n\n96 packages are looking for funding\n  run `npm fund` for details\n\n2 moderate severity vulnerabilities\n\nTo address all issues, run:\n  npm audit fix\n\nRun `npm audit` for details.\n",
            "stderr": "",
            "duration": 893,
            "label": "workspace-install"
          },
          {
            "command": "npm --prefix workspace install",
            "cwd": "/home/runner/work/vybestack-site/vybestack-site/evals/grading/form-capture",
            "exitCode": 0,
            "stdout": "\nadded 343 packages, and audited 344 packages in 2s\n\n96 packages are looking for funding\n  run `npm fund` for details\n\n4 moderate severity vulnerabilities\n\nTo address all issues (including breaking changes), run:\n  npm audit fix --force\n\nRun `npm audit` for details.\n",
            "stderr": "npm warn deprecated inflight@1.0.6: This module is not supported, and leaks memory. Do not use it. Check out lru-cache if you want a good and tested way to coalesce async requests by a key value, which is much more comprehensive and powerful.\nnpm warn deprecated @humanwhocodes/config-array@0.13.0: Use @eslint/config-array instead\nnpm warn deprecated rimraf@3.0.2: Rimraf versions prior to v4 are no longer supported\nnpm warn deprecated glob@7.2.3: Glob versions prior to v9 are no longer supported\nnpm warn deprecated @humanwhocodes/object-schema@2.0.3: Use @eslint/object-schema instead\nnpm warn deprecated eslint@8.57.1: This version is no longer supported. Please see https://eslint.org/version-support for other options.\n",
            "duration": 2585,
            "label": "workspace-install-subdir"
          },
          {
            "command": "npm --prefix workspace run build",
            "cwd": "/home/runner/work/vybestack-site/vybestack-site/evals/grading/form-capture",
            "exitCode": 0,
            "stdout": "\n> form-capture-eval@0.0.1 build\n> tsc -p tsconfig.json\n\n",
            "stderr": "",
            "duration": 1104,
            "label": "workspace-build-subdir"
          },
          {
            "command": "npm run typecheck",
            "cwd": "/home/runner/work/vybestack-site/vybestack-site/evals/grading/form-capture",
            "exitCode": 0,
            "stdout": "\n> form-capture-grading@0.0.1 typecheck\n> tsc -p tsconfig.json\n\n",
            "stderr": "",
            "duration": 1448,
            "label": "typecheck"
          },
          {
            "command": "npm run test:hidden",
            "cwd": "/home/runner/work/vybestack-site/vybestack-site/evals/grading/form-capture",
            "exitCode": 1,
            "stdout": "\n> form-capture-grading@0.0.1 test:hidden\n> vitest run --config vitest.config.hidden.ts\n\n\n\u001b[7m\u001b[1m\u001b[36m RUN \u001b[39m\u001b[22m\u001b[27m \u001b[36mv1.6.1\u001b[39m \u001b[90m/home/runner/work/vybestack-site/vybestack-site/evals/grading/form-capture\u001b[39m\n\n \u001b[32m✓\u001b[39m tests/hidden/package.spec.ts \u001b[2m (\u001b[22m\u001b[2m1 test\u001b[22m\u001b[2m)\u001b[22m\u001b[90m 4\u001b[2mms\u001b[22m\u001b[39m\n \u001b[33m❯\u001b[39m tests/hidden/form.spec.ts \u001b[2m (\u001b[22m\u001b[2m4 tests\u001b[22m\u001b[2m)\u001b[22m\n \u001b[33m❯\u001b[39m tests/hidden/form.spec.ts \u001b[2m (\u001b[22m\u001b[2m4 tests\u001b[22m\u001b[2m)\u001b[22m\u001b[33m 10520\u001b[2mms\u001b[22m\u001b[39m\n\n\u001b[2m Test Files \u001b[22m \u001b[1m\u001b[31m1 failed\u001b[39m\u001b[22m\u001b[2m | \u001b[22m\u001b[1m\u001b[32m1 passed\u001b[39m\u001b[22m\u001b[90m (2)\u001b[39m\n\u001b[2m      Tests \u001b[22m \u001b[1m\u001b[32m1 passed\u001b[39m\u001b[22m\u001b[90m (5)\u001b[39m\n\u001b[2m   Start at \u001b[22m 19:51:25\n\u001b[2m   Duration \u001b[22m 11.01s\u001b[2m (transform 84ms, setup 0ms, collect 265ms, tests 10.52s, environment 0ms, prepare 202ms)\u001b[22m\n\n",
            "stderr": "Server not implemented yet.\n\u001b[31m⎯⎯⎯⎯⎯⎯\u001b[1m\u001b[7m Failed Suites 1 \u001b[27m\u001b[22m⎯⎯⎯⎯⎯⎯⎯\u001b[39m\n\n\u001b[31m\u001b[1m\u001b[7m FAIL \u001b[27m\u001b[22m\u001b[39m tests/hidden/form.spec.ts \u001b[2m[ tests/hidden/form.spec.ts ]\u001b[22m\n\u001b[31m\u001b[1mError\u001b[22m: Hook timed out in 10000ms.\nIf this is a long-running hook, pass a timeout value as the last argument or configure it globally with \"hookTimeout\".\u001b[39m\n\u001b[31m\u001b[2m⎯⎯⎯⎯⎯⎯⎯⎯⎯⎯⎯⎯⎯⎯⎯⎯⎯⎯⎯⎯⎯⎯⎯⎯[1/1]⎯\u001b[22m\u001b[39m\n\n",
            "duration": 11483,
            "label": "test:hidden"
          }
        ],
        "feedbackForNextPass": {
          "bullets": [
            "It isn't working correctly.",
            "Your previous attempt exited with code 1. Review the CLI logs to diagnose the issue.",
            "Lint failed. Fix the reported lint errors.",
            "A verification check failed.",
            "Please resolve the issues and re-run lint, tests, and build before finishing."
          ],
          "failingSteps": [
            {
              "step": "llxprt-synthetic-minimax",
              "exitCode": 1,
              "message": "Your previous attempt exited with code 1. Review the CLI logs to diagnose the issue."
            },
            {
              "step": "lint",
              "exitCode": 1,
              "message": "Lint failed. Fix the reported lint errors."
            },
            {
              "step": "test:hidden",
              "exitCode": 1,
              "message": "A verification check failed."
            }
          ],
          "hiddenAssertions": [],
          "publicTestFailures": [],
          "hiddenTestFailures": []
        },
        "publicTestFailures": [],
        "hiddenTestFailures": [],
        "vybes": {
          "taskName": "form-capture",
          "configId": "llxprt-synthetic-minimax",
          "complexityMultiplier": 5,
          "timeLimitMinutes": 10,
          "baseScore": 500,
          "successPercentage": 0,
          "baselineSuccessPercentage": 0,
          "adjustedSuccessPercentage": 0,
          "timePenaltyMultiplier": 1,
          "rawScore": 0,
          "finalScore": 0,
          "actualTimeMinutes": 0,
          "description": "Full-stack contact form application",
          "category": "full-stack",
          "breakdown": {
            "subtasksPassed": 1,
            "subtasksTotal": 6,
            "modulesCompleted": [],
            "modulesIncomplete": [
              "form-capture"
            ],
            "modules": {
              "form-capture": {
                "passed": 1,
                "total": 6,
                "passedTasks": [
                  "package-integrity"
                ],
                "failedTasks": [
                  "form-fields-render",
                  "invalid-email-validation",
                  "submission-persists",
                  "thank-you-page",
                  "css-styling"
                ]
              }
            }
          },
          "error": "lint/typecheck failed",
          "status": "error",
          "passesAttempted": 2,
          "selectedPass": 1,
          "totalCliDurationMs": 1
        }
      },
      {
        "passNumber": 3,
        "startedAt": "2025-11-06T19:51:36.929Z",
        "finishedAt": "2025-11-06T19:52:01.863Z",
        "totalDuration": 24934,
        "promptHash": "46a8c4284989f5f84fefb1403f9b8a72ecbb9a33c1311dceefa8eaa5d4f44536",
        "appliedFeedback": [
          "It isn't working correctly.",
          "Your previous attempt exited with code 1. Review the CLI logs to diagnose the issue.",
          "Lint failed. Fix the reported lint errors.",
          "A verification check failed.",
          "Please resolve the issues and re-run lint, tests, and build before finishing."
        ],
        "success": false,
        "partialSuccess": false,
        "workspaceArchive": "/home/runner/work/vybestack-site/vybestack-site/evals/outputs/form-capture-2025-11-06T19-50-45-281Z/llxprt-synthetic-minimax/passes/pass-3/workspace",
        "resultsArchive": "/home/runner/work/vybestack-site/vybestack-site/evals/outputs/form-capture-2025-11-06T19-50-45-281Z/llxprt-synthetic-minimax/passes/pass-3/results",
        "cliResult": {
          "command": "/home/runner/work/vybestack-site/vybestack-site/evals/llxprt --provider openai --baseurl https://api.synthetic.new/openai/v1 --key *** --model hf:MiniMaxAI/MiniMax-M2 --set context-limit=190000 --set shell-replacement=true --set modelparam.temperature=1 --yolo",
          "cwd": "/home/runner/work/vybestack-site/vybestack-site/evals/problems/form-capture/.tmp-workspace-a17e0402-e642-4b22-a310-0d554c2ece20-yujE3D/workspace",
          "exitCode": 1,
          "stdout": "",
          "stderr": "",
          "duration": 1,
          "label": "llxprt-synthetic-minimax"
        },
        "buildResults": [
          {
            "command": "npm install",
            "cwd": "/home/runner/work/vybestack-site/vybestack-site/evals/problems/form-capture/.tmp-workspace-a17e0402-e642-4b22-a310-0d554c2ece20-yujE3D/workspace",
            "exitCode": 0,
            "stdout": "\nup to date, audited 344 packages in 950ms\n\n96 packages are looking for funding\n  run `npm fund` for details\n\n4 moderate severity vulnerabilities\n\nTo address all issues (including breaking changes), run:\n  npm audit fix --force\n\nRun `npm audit` for details.\n",
            "stderr": "",
            "duration": 1044,
            "label": "workspace-install"
          },
          {
            "command": "npm run lint",
            "cwd": "/home/runner/work/vybestack-site/vybestack-site/evals/problems/form-capture/.tmp-workspace-a17e0402-e642-4b22-a310-0d554c2ece20-yujE3D/workspace",
            "exitCode": 1,
            "stdout": "\n> form-capture-eval@0.0.1 lint\n> eslint . --ext .ts\n\n\n/home/runner/work/vybestack-site/vybestack-site/evals/problems/form-capture/.tmp-workspace-a17e0402-e642-4b22-a310-0d554c2ece20-yujE3D/workspace/tests/public/form.spec.ts\n  2:8   error  'request' is defined but never used       @typescript-eslint/no-unused-vars\n  3:8   error  'cheerio' is defined but never used       @typescript-eslint/no-unused-vars\n  7:13  error  Unexpected any. Specify a different type  @typescript-eslint/no-explicit-any\n  8:5   error  'app' is defined but never used           @typescript-eslint/no-unused-vars\n  8:10  error  Unexpected any. Specify a different type  @typescript-eslint/no-explicit-any\n\n✖ 5 problems (5 errors, 0 warnings)\n\n",
            "stderr": "",
            "duration": 3135,
            "label": "lint"
          },
          {
            "command": "npm run test:public",
            "cwd": "/home/runner/work/vybestack-site/vybestack-site/evals/problems/form-capture/.tmp-workspace-a17e0402-e642-4b22-a310-0d554c2ece20-yujE3D/workspace",
            "exitCode": 0,
            "stdout": "\n> form-capture-eval@0.0.1 test:public\n> vitest run --config vitest.config.public.ts\n\n\n\u001b[7m\u001b[1m\u001b[36m RUN \u001b[39m\u001b[22m\u001b[27m \u001b[36mv1.6.1\u001b[39m \u001b[90m/home/runner/work/vybestack-site/vybestack-site/evals/problems/form-capture/.tmp-workspace-a17e0402-e642-4b22-a310-0d554c2ece20-yujE3D/workspace\u001b[39m\n\n \u001b[32m✓\u001b[39m tests/public/form.spec.ts \u001b[2m (\u001b[22m\u001b[2m2 tests\u001b[22m\u001b[2m)\u001b[22m\u001b[90m 3\u001b[2mms\u001b[22m\u001b[39m\n\n\u001b[2m Test Files \u001b[22m \u001b[1m\u001b[32m1 passed\u001b[39m\u001b[22m\u001b[90m (1)\u001b[39m\n\u001b[2m      Tests \u001b[22m \u001b[1m\u001b[32m2 passed\u001b[39m\u001b[22m\u001b[90m (2)\u001b[39m\n\u001b[2m   Start at \u001b[22m 19:51:41\n\u001b[2m   Duration \u001b[22m 281ms\u001b[2m (transform 28ms, setup 0ms, collect 21ms, tests 3ms, environment 0ms, prepare 78ms)\u001b[22m\n\n",
            "stderr": "",
            "duration": 740,
            "label": "test:public"
          },
          {
            "command": "npm run typecheck",
            "cwd": "/home/runner/work/vybestack-site/vybestack-site/evals/problems/form-capture/.tmp-workspace-a17e0402-e642-4b22-a310-0d554c2ece20-yujE3D/workspace",
            "exitCode": 0,
            "stdout": "\n> form-capture-eval@0.0.1 typecheck\n> tsc --noEmit\n\n",
            "stderr": "",
            "duration": 1094,
            "label": "typecheck"
          },
          {
            "command": "npm run build",
            "cwd": "/home/runner/work/vybestack-site/vybestack-site/evals/problems/form-capture/.tmp-workspace-a17e0402-e642-4b22-a310-0d554c2ece20-yujE3D/workspace",
            "exitCode": 0,
            "stdout": "\n> form-capture-eval@0.0.1 build\n> tsc -p tsconfig.json\n\n",
            "stderr": "",
            "duration": 1103,
            "label": "build"
          }
        ],
        "gradeResults": [
          {
            "command": "npm install",
            "cwd": "/home/runner/work/vybestack-site/vybestack-site/evals/grading/form-capture",
            "exitCode": 0,
            "stdout": "\nup to date, audited 330 packages in 830ms\n\n96 packages are looking for funding\n  run `npm fund` for details\n\n2 moderate severity vulnerabilities\n\nTo address all issues, run:\n  npm audit fix\n\nRun `npm audit` for details.\n",
            "stderr": "",
            "duration": 924,
            "label": "workspace-install"
          },
          {
            "command": "npm --prefix workspace install",
            "cwd": "/home/runner/work/vybestack-site/vybestack-site/evals/grading/form-capture",
            "exitCode": 0,
            "stdout": "\nadded 343 packages, and audited 344 packages in 2s\n\n96 packages are looking for funding\n  run `npm fund` for details\n\n4 moderate severity vulnerabilities\n\nTo address all issues (including breaking changes), run:\n  npm audit fix --force\n\nRun `npm audit` for details.\n",
            "stderr": "npm warn deprecated inflight@1.0.6: This module is not supported, and leaks memory. Do not use it. Check out lru-cache if you want a good and tested way to coalesce async requests by a key value, which is much more comprehensive and powerful.\nnpm warn deprecated @humanwhocodes/config-array@0.13.0: Use @eslint/config-array instead\nnpm warn deprecated rimraf@3.0.2: Rimraf versions prior to v4 are no longer supported\nnpm warn deprecated glob@7.2.3: Glob versions prior to v9 are no longer supported\nnpm warn deprecated @humanwhocodes/object-schema@2.0.3: Use @eslint/object-schema instead\nnpm warn deprecated eslint@8.57.1: This version is no longer supported. Please see https://eslint.org/version-support for other options.\n",
            "duration": 2535,
            "label": "workspace-install-subdir"
          },
          {
            "command": "npm --prefix workspace run build",
            "cwd": "/home/runner/work/vybestack-site/vybestack-site/evals/grading/form-capture",
            "exitCode": 0,
            "stdout": "\n> form-capture-eval@0.0.1 build\n> tsc -p tsconfig.json\n\n",
            "stderr": "",
            "duration": 1169,
            "label": "workspace-build-subdir"
          },
          {
            "command": "npm run typecheck",
            "cwd": "/home/runner/work/vybestack-site/vybestack-site/evals/grading/form-capture",
            "exitCode": 0,
            "stdout": "\n> form-capture-grading@0.0.1 typecheck\n> tsc -p tsconfig.json\n\n",
            "stderr": "",
            "duration": 1424,
            "label": "typecheck"
          },
          {
            "command": "npm run test:hidden",
            "cwd": "/home/runner/work/vybestack-site/vybestack-site/evals/grading/form-capture",
            "exitCode": 1,
            "stdout": "\n> form-capture-grading@0.0.1 test:hidden\n> vitest run --config vitest.config.hidden.ts\n\n\n\u001b[7m\u001b[1m\u001b[36m RUN \u001b[39m\u001b[22m\u001b[27m \u001b[36mv1.6.1\u001b[39m \u001b[90m/home/runner/work/vybestack-site/vybestack-site/evals/grading/form-capture\u001b[39m\n\n \u001b[32m✓\u001b[39m tests/hidden/package.spec.ts \u001b[2m (\u001b[22m\u001b[2m1 test\u001b[22m\u001b[2m)\u001b[22m\u001b[90m 4\u001b[2mms\u001b[22m\u001b[39m\n \u001b[33m❯\u001b[39m tests/hidden/form.spec.ts \u001b[2m (\u001b[22m\u001b[2m4 tests\u001b[22m\u001b[2m)\u001b[22m\n \u001b[33m❯\u001b[39m tests/hidden/form.spec.ts \u001b[2m (\u001b[22m\u001b[2m4 tests\u001b[22m\u001b[2m)\u001b[22m\u001b[33m 10519\u001b[2mms\u001b[22m\u001b[39m\n\n\u001b[2m Test Files \u001b[22m \u001b[1m\u001b[31m1 failed\u001b[39m\u001b[22m\u001b[2m | \u001b[22m\u001b[1m\u001b[32m1 passed\u001b[39m\u001b[22m\u001b[90m (2)\u001b[39m\n\u001b[2m      Tests \u001b[22m \u001b[1m\u001b[32m1 passed\u001b[39m\u001b[22m\u001b[90m (5)\u001b[39m\n\u001b[2m   Start at \u001b[22m 19:51:50\n\u001b[2m   Duration \u001b[22m 11.00s\u001b[2m (transform 60ms, setup 1ms, collect 241ms, tests 10.52s, environment 2ms, prepare 211ms)\u001b[22m\n\n",
            "stderr": "Server not implemented yet.\n\u001b[31m⎯⎯⎯⎯⎯⎯\u001b[1m\u001b[7m Failed Suites 1 \u001b[27m\u001b[22m⎯⎯⎯⎯⎯⎯⎯\u001b[39m\n\n\u001b[31m\u001b[1m\u001b[7m FAIL \u001b[27m\u001b[22m\u001b[39m tests/hidden/form.spec.ts \u001b[2m[ tests/hidden/form.spec.ts ]\u001b[22m\n\u001b[31m\u001b[1mError\u001b[22m: Hook timed out in 10000ms.\nIf this is a long-running hook, pass a timeout value as the last argument or configure it globally with \"hookTimeout\".\u001b[39m\n\u001b[31m\u001b[2m⎯⎯⎯⎯⎯⎯⎯⎯⎯⎯⎯⎯⎯⎯⎯⎯⎯⎯⎯⎯⎯⎯⎯⎯[1/1]⎯\u001b[22m\u001b[39m\n\n",
            "duration": 11484,
            "label": "test:hidden"
          }
        ],
        "publicTestFailures": [],
        "hiddenTestFailures": [],
        "vybes": {
          "taskName": "form-capture",
          "configId": "llxprt-synthetic-minimax",
          "complexityMultiplier": 5,
          "timeLimitMinutes": 10,
          "baseScore": 500,
          "successPercentage": 0,
          "baselineSuccessPercentage": 0,
          "adjustedSuccessPercentage": 0,
          "timePenaltyMultiplier": 1,
          "rawScore": 0,
          "finalScore": 0,
          "actualTimeMinutes": 0,
          "description": "Full-stack contact form application",
          "category": "full-stack",
          "breakdown": {
            "subtasksPassed": 1,
            "subtasksTotal": 6,
            "modulesCompleted": [],
            "modulesIncomplete": [
              "form-capture"
            ],
            "modules": {
              "form-capture": {
                "passed": 1,
                "total": 6,
                "passedTasks": [
                  "package-integrity"
                ],
                "failedTasks": [
                  "form-fields-render",
                  "invalid-email-validation",
                  "submission-persists",
                  "thank-you-page",
                  "css-styling"
                ]
              }
            }
          },
          "error": "lint/typecheck failed",
          "status": "error",
          "passesAttempted": 3,
          "selectedPass": 2,
          "totalCliDurationMs": 1
        }
      }
    ]
  },
  "vybes": {
    "taskName": "form-capture",
    "configId": "llxprt-synthetic-minimax",
    "complexityMultiplier": 5,
    "timeLimitMinutes": 10,
    "baseScore": 500,
    "successPercentage": 0,
    "baselineSuccessPercentage": 0,
    "adjustedSuccessPercentage": 0,
    "timePenaltyMultiplier": 1,
    "rawScore": 0,
    "finalScore": 0,
    "actualTimeMinutes": 1.276,
    "description": "Full-stack contact form application",
    "category": "full-stack",
    "breakdown": {
      "subtasksPassed": 1,
      "subtasksTotal": 6,
      "modulesCompleted": [],
      "modulesIncomplete": [
        "form-capture"
      ],
      "modules": {
        "form-capture": {
          "passed": 1,
          "total": 6,
          "passedTasks": [
            "package-integrity"
          ],
          "failedTasks": [
            "form-fields-render",
            "invalid-email-validation",
            "submission-persists",
            "thank-you-page",
            "css-styling"
          ]
        }
      }
    },
    "error": "lint/typecheck failed",
    "status": "error",
    "passesAttempted": 3,
    "selectedPass": 0,
    "totalCliDurationMs": 76539,
    "repoVersion": "main@9c578b2"
  }
}